Molecule Name,DTXSID,CASRN,SMILES,id,nconf
,,,CCOc1ccc([C@@H](C)Nc2nc(N3CCN(C(C)=O)CC3)nc3c2CN(C(C)C)C3=O)cc1,963ef1e4c77871a7,5
ibodutant,DTXSID20966639,522664-63-7,Cc1ccc2cc(C(=O)NC3(C(=O)N[C@H](Cc4ccccc4)C(=O)NCC4CCN(CC5CCOCC5)CC4)CCCC3)sc2c1,a7fb977474573de5,2
"3-[(2r)-2-amino-2-phenylethyl]-1-(2,6-difluorobenzyl)-5-(2-fluoro-3-methoxyphenyl)-6-methyl-2,4(1h,3h)-pyrimidinedione",DTXSID001352286,352290-60-9,COc1cccc(-c2c(C)n(Cc3c(F)cccc3F)c(=O)n(C[C@H](N)c3ccccc3)c2=O)c1F,8b962045c3ab24ba,17
,,,Cc1ncc(CNC2CCN(CCn3c(=O)ccc4ncc(F)cc43)CC2)cc1C#N,8aa753016f38fa9a,5
,,,O=C1CCCN1Cc1ccc(-n2nc(C(F)(F)F)c3c2CCOC3)cc1,9f32d0f1f1a6933d,13
n-(4-{[4-(cyclopentylcarbonyl)-1-piperazinyl]sulfonyl}phenyl)acrylamide,DTXSID801352028,1306720-78-4,C=CC(=O)Nc1ccc(S(=O)(=O)N2CCN(C(=O)C3CCCC3)CC2)cc1,7a52f06fa49d9c2c,7
4-pyridinemethanol,DTXSID90870638,586-95-8,OCc1ccncc1,a7e2295b4330595f,1
,,,O=C(NCc1ccc(Cl)s1)c1ccc2[nH]c(-c3ccc(C(=O)c4ccccc4C(F)(F)F)cc3)nc2c1,458f297ac58b9ec3,18
"n-(4-ethynylphenyl)-5,7-dimethylpyrazolo[1,5-a]pyrimidine-3-carboxamide",DTXSID201352056,1380716-06-2,C#Cc1ccc(NC(=O)c2cnn3c(C)cc(C)nc23)cc1,2e490454289c1b02,1
,,,C[C@@H]1CN(c2cc(=O)c3cc(C(=O)N(C)C)cc(CN4CCOc5c(F)cc(F)cc54)c3o2)CCO1,09b3d51f69d108a2,9
,,,Cc1nsc(-c2nnc3n2CCN(C(=O)c2ccc(F)cc2)[C@@H]3CCO)n1,f8ad937fd93b969c,3
,,,CCOC(=O)c1cc(C#N)c(N2CCC(NC(=O)NS(=O)(=O)c3ccc(Cl)s3)CC2)nc1C,e4f568af31edb201,5
bms-433771,DTXSID20202746,543700-68-1,O=c1n(Cc2nc3ccccc3n2CCCCO)c2cnccc2n1C1CC1,775f9b6719b6ae41,5
,,,CC(Nc1cc(F)cc(F)c1)c1cc(C(=O)N2CCC(O)CC2)cc2c(=O)cc(N3CCOCC3)oc12,cd3acd13308cf007,2
"4-ethyl-11-methoxy-3a,7,9,11,13,15-hexamethyl-2,6,8,14-tetraoxo-1-{4-[4-(pyridin-3-yl)-1h-imidazol-1-yl]butyl}tetradecahydro-2h-oxacyclotetradecino[4,3-d][1,3]oxazol-10-yl 3,4,6-trideoxy-3-(dimethylamino)hexopyranoside",DTXSID90861480,NOCAS_861480,CCC1OC(=O)C(C)C(=O)C(C)C(OC2OC(C)CC(N(C)C)C2O)C(C)(OC)CC(C)C(=O)C(C)C2N(CCCCn3cnc(-c4cccnc4)c3)C(=O)OC12C,a293ecb069bd4334,1
,,,CNc1ccc(-c2nc(=O)n(CCC3CCC(C)O3)c3c2oc2ncc(-c4cnn(C)c4)cc23)cn1,702153afea39e031,13
"4-(3,3-dimethylbutanamido)-3,5-difluoro-n-(1,3-thiazol-2-yl)benzamide",DTXSID001352436,851202-49-8,CC(C)(C)CC(=O)Nc1c(F)cc(C(=O)Nc2nccs2)cc1F,be94dfb3a6686d6a,7
,,,Cn1cc(C#N)c2ccc(NC(=O)NOCc3ccccc3)cc21,0f1806ab16cdfade,7
,,,Cc1cc(CN(C)C)ccc1OC1CN(C(=O)c2nnc(-c3ccccc3)o2)C1,ac1707907b8fa0a6,2
"methanesulfonamide, n-[2-(4-methoxyphenoxy)-4-nitrophenyl]-",DTXSID40432386,51765-76-5,COc1ccc(Oc2cc([N+](=O)[O-])ccc2NS(C)(=O)=O)cc1,f2c4eaeca31b8cd5,11
"6,7-difluoro-3,3-bis(4-hydroxyphenyl)-1,3-dihydro-2h-indol-2-one",DTXSID401352452,867154-86-7,O=C1Nc2c(ccc(F)c2F)C1(c1ccc(O)cc1)c1ccc(O)cc1,ba0501cda073c8c1,3
,,,COc1cnc2ccc(=O)n(CCN3CCC(NCc4cnc(OC)c(C#N)c4)CC3)c2c1,08f29a6178d5ed6e,4
"2-(5-amino-6-{1-methyl-7-[(3s)-3-methyl-1-piperazinyl]-1h-benzimidazol-2-yl}-2-pyrazinyl)-n,n-dimethylisonicotinamide",DTXSID101352196,1889336-59-7,C[C@H]1CN(c2cccc3nc(-c4nc(-c5cc(C(=O)N(C)C)ccn5)cnc4N)n(C)c23)CCN1,df67c7475fbaa1dd,8
,,,O=C1c2ncc3c(c(COCCc4ccccn4)cn3Cc3ccc(F)cc3)c2CCN1O,ca5ea8f6472943c6,6
"3-{4-[(5-methyl-2-phenyl-1,3-oxazol-4-yl)methoxy]phenyl}propanoic acid",DTXSID401352183,1798751-25-3,Cc1oc(-c2ccccc2)nc1COc1ccc(CCC(=O)O)cc1,cf4bb300166c8abf,14
,,,NC(=O)[C@H](Cc1ccccc1)N1CCNC(=O)CCN[C@@H](Cc2ccccc2)C(=O)NCC(=O)NCC(=O)NCC(=O)NCC1=O,9985326416965ef6,2
,,,CC[C@]1(O)C[C@H]2CN(CCc3c([nH]c4ccccc34)[C@@](C(=O)OC)(c3cc4c(cc3OC)N(C=O)[C@H]3[C@@](O)(C(=O)OC)[C@H](OC(C)=O)[C@]5(CC)C=CCN6CC[C@]43[C@@H]65)C2)C1,062bed1568e16a5d,1
,,,CC(Nc1cc(F)cc(F)c1)c1cc(C(=O)N(C)CCO)cc2c(=O)cc(N3CCOCC3)oc12,e6cd541d418ba6c6,1
1-methyl-2-(methylsulfanyl)-1h-benzimidazole,DTXSID201352301,4344-61-0,CSc1nc2ccccc2n1C,411996bb6aba0e09,1
4-[3-(carboxymethyl)-4-{(e)-2-[4-(4-phenoxybutoxy)phenyl]vinyl}-1h-indol-1-yl]butanoic acid,DTXSID701352582,908131-71-5,O=C(O)CCCn1cc(CC(=O)O)c2c(/C=C/c3ccc(OCCCCOc4ccccc4)cc3)cccc21,feae6427ff0d0838,2
,,,CN(CCO)Cc1cn(Cc2ccc(F)cc2)c2cnc3c(c12)CCN(O)C3=O,11b708211019c08c,13
"2-(1h-imidazol-1-yl)-3-[(3,4,5-trimethoxyphenyl)sulfanyl]-1h-indole",DTXSID401352064,1416576-23-2,COc1cc(Sc2c(-n3ccnc3)[nH]c3ccccc23)cc(OC)c1OC,1a9d16a7ca8da2fa,9
,,,Nc1ncnc2c1C(=O)N(c1ccc(-c3ccccc3)cc1)CCO2,6df6cf7921b1574f,8
,,,CC(C)c1nc(-c2nnc3n2CCN(C(=O)c2ccc(-c4cccs4)cc2)[C@@H]3C)co1,9940d876ce7977a0,6
acebutolol,DTXSID2048539,37517-30-9,CCCC(=O)Nc1ccc(OCC(O)CNC(C)C)c(C(C)=O)c1,93d1d2b8662236dc,7
"2-(2-chlorophenyl)-4-methyl-5-[(pyridin-2-yl)methyl]-1h-pyrazolo[4,3-c]pyridine-3,6(2h,5h)-dione",DTXSID50588686,955272-06-7,Cc1c2c(=O)n(-c3ccccc3Cl)[nH]c2cc(=O)n1Cc1ccccn1,c9cf9e0819409a79,6
"9-(4-hydroxy-3,5-dimethoxyphenyl)-8-oxo-5,5a,6,8,8a,9-hexahydro-2h-furo[3',4':6,7]naphtho[2,3-d][1,3]dioxol-5-yl 4,6-o-ethylidenehexopyranoside",DTXSID60860485,NOCAS_860485,COc1cc(C2c3cc4c(cc3C(OC3OC5COC(C)OC5C(O)C3O)C3COC(=O)C23)OCO4)cc(OC)c1O,6e743fd1c7fd9e0b,2
,,,COc1c(S(=O)(=O)Nc2ccc(C(F)(F)F)cc2)ccc2c1C(=O)NC(C)(C)C(=O)N2,22718a0c57a18556,7
"n-[4-hydroxy-1,6-diphenyl-5-({[(1,3-thiazol-5-yl)methoxy]carbonyl}amino)hexan-2-yl]-n~2~-(methyl{[2-(propan-2-yl)-1,3-thiazol-4-yl]methyl}carbamoyl)valinamide",DTXSID60861417,NOCAS_861417,CC(C)c1nc(CN(C)C(=O)NC(C(=O)NC(Cc2ccccc2)CC(O)C(Cc2ccccc2)NC(=O)OCc2cncs2)C(C)C)cs1,2cd4d7a509841d2a,4
,,,N#CCc1ccccc1C#Cc1ccc(CCC(=O)O)cc1,20200acd9b97e860,15
"1-(3-amino-1,2-benzoxazol-5-yl)-6-(4-{2-[(dimethylamino)methyl]-3-pyridinyl}-2-fluorophenyl)-7-fluoro-1h-indazole-3-carboxamide",DTXSID301352530,885591-80-0,CN(C)Cc1ncccc1-c1ccc(-c2ccc3c(C(N)=O)nn(-c4ccc5onc(N)c5c4)c3c2F)c(F)c1,b8c940e4ed835101,10
,,,CC1(O)CCN(Cc2ccc(OC3CN(C(=O)c4nnc(-c5ccccc5)o4)C3)cc2)C1,f8ef740551e385cd,5
"ajmalan-17,21-diol",DTXSID10859864,860214-04-6,CCC1C2CC3C4N(C)c5ccccc5C45CC(C2C5O)N3C1O,ef0489bee98d8ea7,3
"3-(1-methyl-3,4-dihydronaphthalen-2-yl)pyridine",DTXSID90424897,3614-50-4,CC1=C(c2cccnc2)CCc2ccccc21,6a996a5aa0bdb17d,4
"1-cyclopropyl-1,3-dihydro-3-[[1-(5-hydroxypentyl)-1h-benzimidazol-2-yl]methyl]-2h-imidazo[4,5-c]pyridin-2-one",DTXSID401108938,380603-16-7,O=c1n(Cc2nc3ccccc3n2CCCCCO)c2cnccc2n1C1CC1,a1fa4f7249788848,7
,,,Cc1nsc(-c2nnc3n2CCN(C(=O)c2ccc(F)cc2)C3)n1,cb1344a3e871ed31,6
"13-cyclohexyl-6,7-dihydro-5h-indolo[1,2-d][1,4]benzodiazepine-10-carboxylic acid",DTXSID401134260,863630-58-4,O=C(O)c1ccc2c(C3CCCCC3)c3n(c2c1)CCNc1ccccc1-3,949619f9fdb21d1b,2
,,,O=C1c2ncc3c(c(CN4CCC(F)(F)C4)cn3Cc3ccc(F)cc3)c2CCN1O,f3b911eb750c7bb3,13
,,,CCCC(=O)c1cc(C#N)c(N2CCC(C(=O)NS(=O)(=O)Cc3ccccc3)CC2)nc1SC,4263c36254ac462e,4
,,,COCCN(C)S(=O)(=O)c1cn(Cc2ccc(F)cc2)c2cnc3c(c12)CCN(O)C3=O,a272f23d8782532e,3
,,,COc1ccc(-c2nnc(C(=O)N3CC(Oc4ccc(CN5CCOCC5)c(OC)c4)C3)o2)cc1,261078d46e233e31,2
"(2-amino-3-pyridinyl)[6-(1,4-diazepan-1-yl)-2-pyridinyl]methanone",DTXSID201351872,1042981-38-3,Nc1ncccc1C(=O)c1cccc(N2CCCNCC2)n1,fdd006bfebb0377f,6
tamarixetin,DTXSID00209056,603-61-2,COc1ccc(-c2oc3cc(O)cc(O)c3c(=O)c2O)cc1O,742984420fd51af7,3
,,,CN(C)C(=O)Cn1c(-c2ccoc2)c(C2CCCCC2)c2ccc(C(=O)O)cc21,96df2b44d18ebc58,3
"1-[4-fluoro-3-(trifluoromethyl)phenyl]-3-[5-(4-pyridinyl)-1,3,4-thiadiazol-2-yl]urea",DTXSID301352085,1430213-30-1,O=C(Nc1ccc(F)c(C(F)(F)F)c1)Nc1nnc(-c2ccncc2)s1,fa577efc2267b013,3
n-[5-(3-fluoro-4-pyridinyl)-6-(4-pyridinyl)-2-pyrazinyl]cyclopropanecarboxamide,DTXSID801135422,925676-49-9,O=C(Nc1cnc(-c2ccncc2F)c(-c2ccncc2)n1)C1CC1,fd64154bf557f2f4,3
,,,N#CNC(=O)c1ccc(-c2ccc(O[C@H]3O[C@H](CO)[C@@H](O)[C@H](O)[C@@H]3O)cc2)cc1,189a9b541e0e057a,5
duloxetine,DTXSID6048385,116539-59-4,CNCC[C@H](Oc1cccc2ccccc12)c1cccs1,44ab613761851a0f,17
,,,COc1cc(OC)c(/C=C/S(=O)(=O)Cc2ccc(OC)c(NS(C)(=O)=O)n2)c(OC)c1,8cdd37909d101ad7,8
losartan,DTXSID7023227,114798-26-4,CCCCc1nc(Cl)c(CO)n1Cc1ccc(-c2ccccc2-c2nnn[nH]2)cc1,942126010b9ffa87,7
"cyclopropanecarboxylic acid, 2-[2-(2-propenyloxy",DTXSID30875182,144106-15-0,C=CCOc1ccccc1OCC(CNC(C)C)OC(=O)C1CC1,67f71fea29ef8612,5
alfuzosin,DTXSID6048549,81403-80-7,COc1cc2nc(N(C)CCCNC(=O)C3CCCO3)nc(N)c2cc1OC,72a5d106a12893a5,5
,,,Cc1c(Cc2ccccc2S(=O)(=O)c2ccc(F)cc2)c(-c2ccccc2)nn1CC(=O)O,a516f0465f025bd8,5
jnj-39220675,DTXSID90242053,959740-39-7,O=C(c1ccc(Oc2ccc(F)cc2)nc1)N1CCCN(C2CCC2)CC1,369edc897ed47aa4,8
,,,O=C1c2ncc3c(ccn3Cc3ncc(F)cc3F)c2CCN1O,1ef5823b6f113257,8
"3-(3,4-dihydroxyphenyl)-2-hydroxypropanoic acid",DTXSID10865081,23028-17-3,O=C(O)C(O)Cc1ccc(O)c(O)c1,c0eb183907bcbc40,9
,,,CC(Nc1cc(F)cc(F)c1)c1cc(C(=O)N2CCOCC2)cc2c(=O)cc(N3CCOCC3)oc12,ac85925cb8c5fd6d,8
,,,Cc1ccc(-c2cccc(-c3nn[nH]n3)c2)cc1,963cd0ac133d6342,7
cabazitaxel,DTXSID40171389,183133-96-2,CO[C@H]1C(=O)[C@]2(C)[C@@H](OC)C[C@H]3OC[C@@]3(OC(C)=O)[C@H]2[C@H](OC(=O)c2ccccc2)[C@]2(O)C[C@H](OC(=O)[C@H](O)[C@@H](NC(=O)OC(C)(C)C)c3ccccc3)C(C)=C1C2(C)C,7ecba6ed209bcae3,1
,,,Cc1cc(OC(F)(F)F)ccc1-c1c(Oc2ccc(/C=C/C(=O)O)cc2)c2ccccc2oc1=O,200078c0f912299d,15
"n-cyclohexyl-1-ethyl-2-oxo-1,2-dihydrobenzo[cd]indole-6-sulfonamide",DTXSID901352302,438488-95-0,CCN1C(=O)c2cccc3c(S(=O)(=O)NC4CCCCC4)ccc1c23,c278ec5277de63eb,6
1-[3-(aminomethyl)phenyl]-n-[3-fluoro-2'-(methylsulfonyl)[biphenyl]-4-yl]-3-(trifluoromethyl)-1h-pyrazole-5-carboxamide,DTXSID301352211,209957-47-1,CS(=O)(=O)c1ccccc1-c1ccc(NC(=O)c2cc(C(F)(F)F)nn2-c2cccc(CN)c2)c(F)c1,7d25aec13da20f0e,1
grepafloxacin,DTXSID2048321,119914-60-2,Cc1c(F)c(N2CCNC(C)C2)cc2c1c(=O)c(C(=O)O)cn2C1CC1,e6af1a60e5192a16,3
,,,CCOC(=O)c1ccc2c(c1)C(=O)c1nc3ccccc3c(=O)n1-2,2c706d6cabbad7e7,5
3-[(2-ethoxyphenoxy)methyl]morpholine,DTXSID50796300,63027-89-4,CCOc1ccccc1OCC1COCCN1,bcd278dca274eaf0,6
olodaterol,DTXSID601024792,868049-49-4,COc1ccc(CC(C)(C)NC[C@H](O)c2cc(O)cc3c2OCC(=O)N3)cc1,de7c3ca455d4a663,3
"n-benzyl-2-(4-hydroxy-2-oxo-1(2h)-pyridinyl)-4-methyl-1,3-thiazole-5-carboxamide",DTXSID001351945,1105690-38-7,Cc1nc(-n2ccc(O)cc2=O)sc1C(=O)NCc1ccccc1,c659195362adccfd,2
"5,7-dihydroxy-2-(3,4,5-trimethoxyphenyl)-4-benzopyrone",DTXSID70171059,18103-42-9,COc1cc(-c2cc(=O)c3c(O)cc(O)cc3o2)cc(OC)c1OC,4877a9a7674731ab,8
,,,CCCCOc1ncc(S(=O)(=O)N2CCN(CC)CC2)cc1-c1nc2c(CC)n(C3CN(C)C3)nc2c(=O)[nH]1,192f91ca4b7526be,5
"9-methyl-3-oxa-9-azatricyclo[3.3.1.02,4]nonan-7-yl tropate",DTXSID60858963,475199-31-6,CN1C2CC(OC(=O)C(CO)c3ccccc3)CC1C1OC12,b3441ea3aeba6242,8
,,,Cc1ccc(C(=O)N(CC(=O)Nc2ncc(-c3ccc(N)cc3)s2)Cc2ccccc2)cn1,30123bb312735211,4
n-methyl-3-(2-methylphenoxy)-3-phenyl-1-propanamine,DTXSID10861048,63940-51-2,CNCCC(Oc1ccccc1C)c1ccccc1,5303a090410ba20f,9
telmisartan,DTXSID8023636,144701-48-4,CCCc1nc2c(C)cc(-c3nc4ccccc4n3C)cc2n1Cc1ccc(-c2ccccc2C(=O)O)cc1,0c3c22ea60602b18,3
"8,13-dihydro-indolo(2',3':3,4)pyrido(2,1-b)quinazolin-5(7h)-one",DTXSID00232884,84-26-4,O=c1c2ccccc2nc2n1CCc1c-2[nH]c2ccccc12,23a5f283a025c720,2
(±)-duloxetine,DTXSID40861238,116817-13-1,CNCCC(Oc1cccc2ccccc12)c1cccs1,fe1144761ad6d8cf,12
metoclopramide,DTXSID6045169,364-62-5,CCN(CC)CCNC(=O)c1cc(Cl)c(N)cc1OC,2c60464e7d315f10,9
way 100635,DTXSID20167467,162760-96-5,COc1ccccc1N1CCN(CCN(C(=O)C2CCCCC2)c2ccccn2)CC1,ba0d40ae04706741,1
fleroxacin,DTXSID1046714,79660-72-3,CN1CCN(c2c(F)cc3c(=O)c(C(=O)O)cn(CCF)c3c2F)CC1,7c86f4f7bd2d8ed8,8
,,,O=C1c2ncc3c(ccn3Cc3ccc(F)cn3)c2CCN1O,9f977f6e6a9ac313,7
,,,CCCCOc1ncc(C(C)=O)cc1-c1nc(O)c2nn(C3CCN(CC)CC3)c(CC)c2n1,0db32d94aa740eb0,2
3-methoxy-17-methylmorphinan,DTXSID60859238,NOCAS_859238,COc1ccc2c(c1)C13CCCCC1C(C2)N(C)CC3,53d26edea5fabca0,2
tolmetin,DTXSID2043951,26171-23-3,Cc1ccc(C(=O)c2ccc(CC(=O)O)n2C)cc1,37cfc3cc9f8d06be,7
,,,CC(Nc1ccccc1)c1cc(C(=O)N2CCOCC2)cn2c(=O)cc(N3CCOCC3)nc12,2edf050f9a1cb18f,2
4-(2-pyrimidinylmethyl)benzoic acid,DTXSID701352344,562803-70-7,O=C(O)c1ccc(Cc2ncccn2)cc1,bfebfe531c301e10,2
mephobarbital,DTXSID4023258,115-38-8,CCC1(c2ccccc2)C(=O)NC(=O)N(C)C1=O,99e39013bc64975a,6
,,,CCCCOc1ncc(C(C)=O)cc1-c1nc(O)c2nn(Cc3nccn3C)c(CC)c2n1,d01b76c1d037fd66,14
luseogliflozin,DTXSID10237921,898537-18-3,CCOc1ccc(Cc2cc([C@@H]3S[C@H](CO)[C@@H](O)[C@H](O)[C@H]3O)c(OC)cc2C)cc1,66296a856895896e,6
,,,Cc1ncc(CN[C@@H]2CCN(CCn3c(=O)ccc4ccc(C#N)cc43)C[C@@H]2F)cc1C#N,fecc319a80ace889,9
,,,CCCC(=O)c1cc(C#N)c(N2CCC(C(=O)NS(=O)(=O)Cc3ccccc3)CC2)nc1CF,45fcb13182140ff2,2
,,,C[C@@H]1CN(c2cc(=O)c3cc(C(=O)N4CCOCC4)cc(CN4CCOc5c(F)cc(F)cc54)c3o2)CCO1,58ae6e0b3eb388b8,3
,,,Cc1nsc(-c2nnc3n2CCN(C(=O)c2ccc(-c4cccs4)cc2)[C@@H]3C)n1,33daadab101a9440,5
mls003373964,DTXSID10274412,141434-39-1,Nc1ccn(C2CSC(CO)O2)c(=O)n1,e82f4c09a7e31994,14
"2-[2-(3-quinolinyl)-4-pyridinyl]-1,5,6,7-tetrahydro-4h-pyrrolo[3,2-c]pyridin-4-one",DTXSID801352385,724711-21-1,O=C1NCCc2[nH]c(-c3ccnc(-c4cnc5ccccc5c4)c3)cc21,4ffc53ee77a78b92,15
,,,Cc1nsc(-c2nnc3n2CCN(C(=O)c2ccccc2)[C@@H]3C)n1,17309706fecdd8aa,2
wogonin,DTXSID70212557,632-85-9,COc1c(O)cc(O)c2c(=O)cc(-c3ccccc3)oc12,67abd3171fd8960f,4
biperiden,DTXSID6022680,514-65-8,OC(CCN1CCCCC1)(c1ccccc1)C1CC2C=CC1C2,6a9bc3d06f72fb39,6
,,,CC(C)(c1cc(N2CCOCC2)nc(-c2cccc3[nH]ccc23)n1)S(C)(=O)=O,44e72286ed9c36fc,5
,,,Cc1cc([C@@H](C)Nc2ccccc2C(=O)NS(C)(=O)=O)c2nc(N3CCOCC3)cc(=O)n2c1,dab984cb1a3a11b3,2
,,,CCn1cc(-c2nc(=O)n(CCC3CCCO3)c3c2oc2ncc(-c4cnn(C)c4)cc23)cn1,f90065b614bbe1af,8
"5-methyl-4-phenyl-2-(1,3-thiazol-2-yl)-1,2-dihydro-3h-pyrazol-3-one",DTXSID601351898,1068515-45-6,Cc1[nH]n(-c2nccs2)c(=O)c1-c1ccccc1,992877b3c522c041,2
2-[4-(methylsulfanyl)anilino]-1-{[2-(trifluoromethyl)phenyl]methyl}-1h-benzimidazole-5-carboxamide,DTXSID30669861,1092829-83-8,CSc1ccc(Nc2nc3cc(C(N)=O)ccc3n2Cc2ccccc2C(F)(F)F)cc1,e4d7ee6e6466c068,12
,,,CN(C)C(=O)c1cccc(-c2cnc(N)c(-c3nc4cccc(N5CCNCC5)c4n3C)n2)c1,179ed22052d2844c,4
"4-(4-methyl-3-pyridinyl)-1-(2,2,2-trifluoroethyl)-1h-benzimidazole",DTXSID701352049,1370001-71-0,Cc1ccncc1-c1cccc2c1ncn2CC(F)(F)F,d78c3db843e8e625,8
,,,COc1ncnc(Cn2cc(C(=O)NCC3CC3)c3ncccc32)c1C,99fb08d93f1ec2b6,11
n-(n-(n-(n-l-tyrosylglycyl)glycyl)-l-phenylalanyl)-l-leucine,DTXSID00905127,58822-25-6,CC(C)C[C@H](NC(=O)[C@H](Cc1ccccc1)NC(=O)CNC(=O)CNC(=O)[C@@H](N)Cc1ccc(O)cc1)C(=O)O,d72ed2e7320d68fb,4
"3-(4-ethylphenyl)-1,6-dimethylpyrimido[5,4-e][1,2,4]triazine-5,7(1h,6h)-dione",DTXSID901352526,878726-42-2,CCc1ccc(-c2nc3c(=O)n(C)c(=O)nc-3n(C)n2)cc1,3035de2fe00597ec,2
,,,O=C([C@H]1C[C@@H]1c1ccccc1)N1CCC(N2CCCCC2)CC1,d8ae6d5378354f69,2
"5,7,4'-trimethylapigenin",DTXSID10204855,5631-70-9,COc1ccc(-c2cc(=O)c3c(OC)cc(OC)cc3o2)cc1,99f0be9009db862f,2
"1h-indole-3-carboxamide, 1-(2-methoxyethyl)-n-1-naphthalenyl-",DTXSID901179952,1338925-13-5,COCCn1cc(C(=O)Nc2cccc3ccccc23)c2ccccc21,0c6715fcbfad2868,15
,,,CCC1(C)NC(=O)c2cc(S(=O)(=O)Nc3ccc(OC(F)F)cc3)ccc2NC1=O,022c949b2054fdde,8
,,,CC1(C)NC(=O)c2cc(S(=O)(=O)Nc3ccc(C(F)(F)F)cc3)cnc2NC1=O,490d153ec55a754d,6
"4-[(4-pyridinylmethyl)amino]-n-[3-(trifluoromethyl)phenyl]-1,2-thiazole-3-carboxamide",DTXSID001352612,924714-13-6,O=C(Nc1cccc(C(F)(F)F)c1)c1nscc1NCc1ccncc1,842789959774284a,4
4-fluoro-1-[3-(5-pyrimidinyl)phenyl]-1-[2-(trifluoromethyl)-4-pyridinyl]-1h-isoindol-3-amine,DTXSID001351995,1227163-56-5,NC1=NC(c2cccc(-c3cncnc3)c2)(c2ccnc(C(F)(F)F)c2)c2cccc(F)c21,6b8308aa44b344ab,17
"n,n-dimethyl-2-[3-[(1r)-1-pyridin-2-ylethyl]-1-benzothiophen-2-yl]ethanamine",DTXSID10468930,873693-47-1,C[C@@H](c1ccccn1)c1c(CCN(C)C)sc2ccccc12,a79adb4ff8fb116c,8
,,,CN1CCC(n2cc(-c3cnc4[nH]cc(C(=O)c5ccc(CO)cc5Cl)c4c3)cn2)CC1,68a562c32e560245,3
viloxazine,DTXSID6057900,46817-91-8,CCOc1ccccc1OCC1CNCCO1,e3b41b983d363e12,3
5'-o-[(2-hydroxybenzoyl)sulfamoyl]adenosine,DTXSID301345783,863238-55-5,Nc1ncnc2c1ncn2[C@@H]1O[C@H](COS(=O)(=O)NC(=O)c2ccccc2O)[C@@H](O)[C@H]1O,d1a04096752232c0,4
,,,Cn1cc(-c2cnc3oc4c(-c5cscn5)nc(=O)n(CCC5CCCO5)c4c3c2)cn1,b3eb466ebd34c6d1,8
"2-amino-1-[2-(4-fluorophenyl)-3-[(4-fluorophenyl)amino]-5,6-dihydro-8,8-dimethylimidazo[1,2-a]pyrazin-7(8h)-yl]ethanone",DTXSID701105307,1261113-96-5,CC1(C)c2nc(-c3ccc(F)cc3)c(Nc3ccc(F)cc3)n2CCN1C(=O)CN,3e3638dc388ed658,8
,,,Cn1cc(-c2cnc3oc4c(-c5cnn(C)c5)nc(=O)n(CCC5CCCO5)c4c3c2)cn1,210c11ac31c08ad2,10
"benzeneacetic acid, 4-(1h-pyrazol-1-ylmethyl)-",DTXSID50437529,160388-51-2,O=C(O)Cc1ccc(Cn2cccn2)cc1,0cdf66e9286ab94e,7
prazosin,DTXSID4049082,19216-56-9,COc1cc2nc(N3CCN(C(=O)c4ccco4)CC3)nc(N)c2cc1OC,cbb6d3002a9b47c7,7
,,,COC(=O)c1ccc(-c2ccc(O[C@H]3O[C@H](CO)[C@@H](O)[C@H](O)[C@@H]3O)cc2)cc1,d7fc3e98b3b1e5eb,4
xaliproden,DTXSID9048306,135354-02-8,FC(F)(F)c1cccc(C2=CCN(CCc3ccc4ccccc4c3)CC2)c1,db1e8de138875428,4
"3-(4-methoxyphenyl)-9-(2-propyn-1-ylamino)pyrido[3',2':4,5]thieno[3,2-d]pyrimidin-4(3h)-one",DTXSID701352570,902747-98-2,C#CCNc1ccnc2sc3c(=O)n(-c4ccc(OC)cc4)cnc3c12,a3ae7d0cbc4620c8,9
2-hydroxy-n-{2-[3-methyl-2-oxo-7-{[3-(trifluoromethyl)benzyl]amino}-1(2h)-quinoxalinyl]ethyl}acetamide,DTXSID301351863,1018675-35-8,Cc1nc2ccc(NCc3cccc(C(F)(F)F)c3)cc2n(CCNC(=O)CO)c1=O,f659f9ef6f583917,6
"3-acetyl-3,5,12-trihydroxy-10-methoxy-6,11-dioxo-1,2,3,4,6,11-hexahydrotetracen-1-yl 3-amino-2,3,6-trideoxyhexopyranoside",DTXSID70860259,NOCAS_860259,COc1cccc2c1C(=O)c1c(O)c3c(c(O)c1C2=O)CC(O)(C(C)=O)CC3OC1CC(N)C(O)C(C)O1,a1708709d33d552f,2
idx 320,DTXSID60154659,1251165-81-7,COc1ccc2c(O[C@H]3CCN4C(=O)N(C)CCCC/C=C/[C@@H]5C[C@@]5(C(=O)NS(=O)(=O)C5(C)CC5)NC(=O)[C@@H]4C3)cc(-c3nc(C(F)(F)F)cs3)nc2c1C,3d3bcc03e20be29a,2
pretomanid,DTXSID8041163,187235-37-6,O=[N+]([O-])c1cn2c(n1)OC[C@@H](OCc1ccc(OC(F)(F)F)cc1)C2,449ed36071e958d3,2
,,,O=C1c2ncc3c(c(S(=O)(=O)N4CCCC4)cn3Cc3ccc(F)cc3)c2CCN1O,e2cb34f066d59a87,16
,,,O=C(c1nnc(-c2ccccc2)o1)N1CC(Oc2ccc(CN3CC4(COC4)C3)cc2)C1,0b08c454a15551d7,4
,,,COc1cnc2ccc(=O)n(CCN3CC[C@@H](NCc4cnc(C)c(C#N)c4)[C@@H](F)C3)c2c1,54ec0aa2478bff21,8
,,,COCC[C@H](CC1(C(=O)N[C@@H]2C[C@H]2c2ccc(OC)cc2)CCCC1)C(=O)O,8d3622a1ff721bb1,5
"1,6-dimethyl-3-[4-(trifluoromethoxy)phenyl]pyrimido[5,4-e][1,2,4]triazine-5,7(1h,6h)-dione",DTXSID401352088,1448806-43-6,Cn1nc(-c2ccc(OC(F)(F)F)cc2)nc2c(=O)n(C)c(=O)nc1-2,5cb426176976add8,2
"n-hydroxy-3-[2-oxo-1-(3-phenylpropyl)-1,2,5,6-tetrahydro-3-pyridinyl]propanamide",DTXSID201352420,798543-50-7,O=C(CCC1=CCCN(CCCc2ccccc2)C1=O)NO,9144f571aafae7b6,8
diltiazem,DTXSID50881104,34933-06-7,COc1ccc(C2Sc3ccccc3N(CCN(C)C)C(=O)C2OC(C)=O)cc1,a6f2e23287d6d6bb,10
"4-(4-bromophenyl)-1,2,5-oxadiazole-3-carbonitrile 2-oxide",DTXSID801351963,1147335-50-9,N#Cc1c(-c2ccc(Br)cc2)no[n+]1[O-],da756596186a67ff,1
"rivaroxaban, xarelto, bay 59-7939",DTXSID90424135,482306-32-1,O=C(NCC1CN(c2ccc(N3CCOCC3=O)cc2)C(=O)O1)c1ccc(Cl)s1,de6e94501380e19e,7
n-[2-(diethylamino)ethyl]-2-{2-[(4-fluorobenzyl)sulfanyl]-5-[(1-methyl-1h-pyrazol-4-yl)methyl]-4-oxo-1(4h)-pyrimidinyl}-n-{[4'-(trifluoromethyl)[biphenyl]-4-yl]methyl}acetamide,DTXSID701352251,304694-39-1,CCN(CC)CCN(Cc1ccc(-c2ccc(C(F)(F)F)cc2)cc1)C(=O)Cn1cc(Cc2cnn(C)c2)c(=O)nc1SCc1ccc(F)cc1,8a84a277073c4151,3
"2-(4-{3-[(4-oxo-3,4-dihydro-1-phthalazinyl)methyl]benzoyl}-1-piperazinyl)nicotinonitrile",DTXSID801352185,1825345-33-2,N#Cc1cccnc1N1CCN(C(=O)c2cccc(Cc3n[nH]c(=O)c4ccccc34)c2)CC1,2ed56d740672856f,9
,,,CC(Nc1cc(F)cc(F)c1)c1cc(C(=O)N2CCCC2)cc2c(=O)cc(N3CCOCC3)oc12,a718bf4c89b85357,7
nevirapine,DTXSID7031797,129618-40-2,Cc1ccnc2c1NC(=O)c1cccnc1N2C1CC1,1c2281a3b7b3d1f5,2
"4-dodecyl-n-(1,3,4-thiadiazol-2-yl)benzene-1-sulfonamide",DTXSID90658014,1191951-57-1,CCCCCCCCCCCCc1ccc(S(=O)(=O)Nc2nncs2)cc1,1f992b088273aa83,10
isonicotinamide,DTXSID3020756,1453-82-3,NC(=O)c1ccncc1,36713da3a65c410f,2
"1-(5-acetyl-4-methyl-1,3-thiazol-2-yl)-3-(2-{[3-(4-fluorobenzyl)-1-piperidinyl]methyl}cyclohexyl)urea",DTXSID801352242,275812-32-3,CC(=O)c1sc(NC(=O)NC2CCCCC2CN2CCCC(Cc3ccc(F)cc3)C2)nc1C,ce6175c42dbdc1c4,3
,,,CN(C)C(=O)c1cc(CN2CCOc3c(F)cc(F)cc32)c2oc(N3CCOCC3)cc(=O)c2c1,2cfdc50564c37b12,6
,,,CN(C(=O)Nc1ccc2c(-c3ccncc3)c[nH]c2c1)c1ccccc1,50812d8f50164e93,9
"7-(5-hydroxy-2-methylphenyl)-8-(2-methoxyphenyl)-1-methyl-1h-imidazo[2,1-f]purine-2,4(3h,8h)-dione",DTXSID701351972,1192216-03-7,COc1ccccc1-n1c(-c2cc(O)ccc2C)cn2c3c(=O)[nH]c(=O)n(C)c3nc12,b4321fbdcb755ebb,7
3-[2-(4-benzoyl-1-piperazinyl)-2-oxoacetyl]-4-methoxy-n-methyl-1h-indole-7-carboxamide,DTXSID801126136,389630-02-8,CNC(=O)c1ccc(OC)c2c(C(=O)C(=O)N3CCN(C(=O)c4ccccc4)CC3)c[nH]c12,737ad12f8d6ff8de,4
"methyl 18‐hydroxy‐3,13‐ diazapentacyclo[11.8.0.02,10.04,9.015,20]henicosa‐ 2(10),4,6,8‐tetraene‐19‐carboxylate",DTXSID60859258,NOCAS_859258,COC(=O)C1C(O)CCC2CN3CCc4c([nH]c5ccccc45)C3CC21,ab17186373c021c2,6
,,,CCC1(OC)CC(n2c(=O)nc(-c3ccc(NC)nc3)c3oc4ncc(-c5cnn(C)c5)cc4c32)C1,2b9005e40673470e,18
benserazide,DTXSID9022651,322-35-0,NC(CO)C(=O)NNCc1ccc(O)c(O)c1O,39439c71f964901b,5
tacrolimus,DTXSID5046354,104987-11-3,C=CC[C@@H]1/C=C(\C)C[C@H](C)C[C@H](OC)[C@H]2O[C@@](O)(C(=O)C(=O)N3CCCC[C@H]3C(=O)O[C@H](/C(C)=C/[C@@H]3CC[C@@H](O)[C@H](OC)C3)[C@H](C)[C@@H](O)CC1=O)[C@H](C)C[C@@H]2OC,ed1b8b9347638e82,1
"3-(3-tert-butyl-6,8-difluoro[1,2,4]triazolo[4,3-a]pyridin-7-yl)-n-cyclopropyl-5-fluoro-4-methylbenzamide",DTXSID601351886,1057394-06-5,Cc1c(F)cc(C(=O)NC2CC2)cc1-c1c(F)cn2c(C(C)(C)C)nnc2c1F,32a7f6cd4854c586,8
"4-methyl-2-{5-oxo-1-[4-(trifluoromethyl)benzyl]-1,5-dihydro-4h-1,2,4-triazol-4-yl}-n-(3-pyridinylmethyl)-1,3-thiazole-5-carboxamide",DTXSID601351905,1072804-24-0,Cc1nc(-n2cnn(Cc3ccc(C(F)(F)F)cc3)c2=O)sc1C(=O)NCc1cccnc1,4fbdd8f4651b5e9e,8
davidigenin,DTXSID60331802,23130-26-9,O=C(CCc1ccc(O)cc1)c1ccc(O)cc1O,33fd3a8eb8c488dc,9
dl-dopa,DTXSID8020549,63-84-3,NC(Cc1ccc(O)c(O)c1)C(=O)O,1a6b5b260e739171,10
desipramine,DTXSID6022896,50-47-5,CNCCCN1c2ccccc2CCc2ccccc21,56316c373ff341b3,17
"n-[5-(3,5-difluorobenzyl)-1h-indazol-3-yl]-4-(1-piperidinylmethyl)-2-(tetrahydro-2h-pyran-4-ylamino)benzamide",DTXSID801351949,1108743-99-2,O=C(Nc1n[nH]c2ccc(Cc3cc(F)cc(F)c3)cc12)c1ccc(CN2CCCCC2)cc1NC1CCOCC1,01c8d24489b2e50b,1
,,,O=C(c1nnc(-c2ccc(F)cc2)o1)N1CCC(Oc2ccc(CN3CCCC3)cc2)CC1,f15ff10959edd512,5
"9-(4-hydroxy-3,5-dimethoxyphenyl)-8-oxo-5,5a,6,8,8a,9-hexahydro-2h-furo[3',4':6,7]naphtho[2,3-d][1,3]dioxol-5-yl 4,6-o-[(thiophen-2-yl)methylidene]hexopyranoside",DTXSID60860440,125851-00-5,COc1cc(C2c3cc4c(cc3C(OC3OC5COC(c6cccs6)OC5C(O)C3O)C3COC(=O)C23)OCO4)cc(OC)c1O,9a925334eb302f81,1
,,,COCC[C@H](CC1(C(=O)NCCCc2ccc(F)cc2)CCCC1)C(=O)O,36a7bc11594ac14b,1
"7-(6-amino-3-azabicyclo[3.1.0]hex-3-yl)-1-(2,4-difluorophenyl)-6-fluoro-1,4-dihydro-4-oxo-1,8-naphthyridine-3-carboxylic acid",DTXSID10861386,308353-09-5,NC1C2CN(c3nc4c(cc3F)c(=O)c(C(=O)O)cn4-c3ccc(F)cc3F)CC12,878664965bdcced6,10
,,,CCCC(CC1(C(=O)NC2(CO)Cc3ccccc3C2)CCCC1)C(=O)O,7af8d107314d938d,4
"4-morpholinyl{4-[3-(trifluoromethyl)-4,5,6,7-tetrahydro-1h-indazol-1-yl]phenyl}methanone",DTXSID301352354,609334-73-8,O=C(c1ccc(-n2nc(C(F)(F)F)c3c2CCCC3)cc1)N1CCOCC1,33a3989aa41443fe,7
"n1-[5-(3,5-difluorobenzyl)-1h-indazol-3-yl]-n4-[2-(dimethylamino)ethyl]-n4-methyl-2-(tetrahydro-2h-pyran-4-ylamino)terephthalamide",DTXSID801351951,1108744-07-5,CN(C)CCN(C)C(=O)c1ccc(C(=O)Nc2n[nH]c3ccc(Cc4cc(F)cc(F)c4)cc23)c(NC2CCOCC2)c1,f4e0bdc97048b72d,1
,,,c1ccc([C@H]([C@@H](c2ccccc2)N2CCCC2)N2CCCC2)cc1,395c33ddf07f430e,9
(1s)-1-[2-(difluoromethyl)-4-pyridinyl]-4-fluoro-1-[3-(5-pyrimidinyl)phenyl]-1h-isoindol-3-amine,DTXSID701351996,1227163-84-9,NC1=N[C@@](c2cccc(-c3cncnc3)c2)(c2ccnc(C(F)F)c2)c2cccc(F)c21,44947cb32413f0d1,13
"6-[(2-amino-2-phenylacetyl)amino]-3,3-dimethyl-7-oxo-4-thia-1-azabicyclo[3.2.0]heptane-2-carboxylic acid",DTXSID20859077,856649-99-5,CC1(C)SC2C(NC(=O)C(N)c3ccccc3)C(=O)N2C1C(=O)O,5a776b7bb3caa0f2,13
"2-[(4s)-7-(3-chlorophenyl)-1-oxo-1,2,3,4-tetrahydropyrrolo[1,2-a]pyrazin-4-yl]-n-[(1s)-1-cyclohexyl-2-(4-methyl-1-piperazinyl)ethyl]acetamide",DTXSID301352104,1482518-95-5,CN1CCN(C[C@@H](NC(=O)C[C@H]2CNC(=O)c3cc(-c4cccc(Cl)c4)cn32)C2CCCCC2)CC1,1cb853d281b8b552,4
,,,COCCn1cc(C(=O)c2cccc3ccccc23)c2cccnc21,7de4fd5b126c5cdf,15
,,,Cc1cc(F)ccc1-c1c(Oc2ccc(/C=C/C(=O)O)cc2)c2ccc(O)cc2oc1=O,f8e28f646840c436,16
,,,CCCC(=O)c1cc(C#N)c(N2CCC(C(=O)NS(=O)(=O)C3(c4ccccc4)CC3)CC2)nc1C,9059f47b6e780a32,10
,,,CCOc1ccccc1C[C@H](c1ccccc1)N1CCNCC1,7323e89d476744b6,6
sulfasalazine,DTXSID0021256,599-79-1,O=C(O)c1cc(N=Nc2ccc(S(=O)(=O)Nc3ccccn3)cc2)ccc1O,328b537624921ad0,2
,,,C[C@@H]1CN(c2nnc(C(F)(F)F)o2)CCN1c1ncc(OCc2ccncc2C#N)cn1,dab44995e9d23dd5,4
,,,Cc1nc(NC(=O)C(C)(C)CC(F)(F)F)sc1-c1ccc(N)nc1,310ba716f93b5aff,11
3-(4-pyridyl)indole,DTXSID90349379,7272-84-6,c1ccc2c(-c3ccncc3)c[nH]c2c1,6fec5a1a3a7d643e,2
"1'-pentylspiro[furo[2,3-f][1,3]benzodioxole-7,3'-indol]-2'(1'h)-one",DTXSID201352587,912656-34-9,CCCCCN1C(=O)C2(COc3cc4c(cc32)OCO4)c2ccccc21,bb3034036db0c45f,19
3-[(1h-imidazol-1-yl)methyl]benzonitrile,DTXSID00640763,143426-59-9,N#Cc1cccc(Cn2ccnc2)c1,4cd271036bc0cd42,4
7-[2-amino(phenyl)acetamido]-3-chloro-8-oxo-1-azabicyclo[4.2.0]oct-2-ene-2-carboxylic acid,DTXSID70860991,760915-44-4,NC(C(=O)NC1C(=O)N2C(C(=O)O)=C(Cl)CCC12)c1ccccc1,5cd3f4e6dc42ead2,10
methyl 1-methyl-2-(trifluoromethyl)-1h-benzimidazole-5-carboxylate,DTXSID801352054,1375485-64-5,COC(=O)c1ccc2c(c1)nc(C(F)(F)F)n2C,5090a74828383b64,2
,,,O=C1c2ncc3c(c(COCc4ccccn4)cn3Cc3ccc(F)cc3)c2CCN1O,c7235a557cc6a2ea,6
acacetin,DTXSID00197383,480-44-4,COc1ccc(-c2cc(=O)c3c(O)cc(O)cc3o2)cc1,2a527bd5ddd91a62,7
,,,Nc1ncnc2c1C(=O)N(c1ccc(-c3ccccc3F)cc1)CCO2,96916ae4110d414c,11
olsalazine,DTXSID8023391,15722-48-2,O=C(O)c1cc(N=Nc2ccc(O)c(C(=O)O)c2)ccc1O,41e35e6b028aec8f,3
"benzimidazole,1-(m-methylsulfonylamino)benzyl",DTXSID10877760,NOCAS_877760,CS(=O)(=O)Nc1cccc(Cn2cnc3ccccc32)c1,138a6df6aa75689a,12
,,,C[C@@H]1c2nnc(-c3nc(C(F)(F)F)ns3)n2CCN1C(=O)c1ccc(F)cc1,0151010176169130,3
"5-methyl-4-phenyl-2-(2-pyridinyl)-1,2-dihydro-3h-pyrazol-3-one",DTXSID601351862,101800-02-6,Cc1[nH]n(-c2ccccn2)c(=O)c1-c1ccccc1,efdb2fdcc84df7c2,2
,,,O=C1c2ncc3c(c(COCCCc4ccccn4)cn3Cc3ccc(F)cc3)c2CCN1O,eea1c15961ffe2f1,3
"2,3-dimethoxy-7-oxo-6,7,7a,8,8a,11,12a,12b,12c,13-decahydro-5h,14h-7,9-methano-12-oxa-7lambda~5~,14a-diazacyclohepta[1,2,3-cd]cyclopenta[g]fluoranthen-14-one",DTXSID20938270,17301-81-4,COc1cc2c(cc1OC)C13CC[N+]4([O-])CC5=CCOC6CC(=O)N2C1C6C5CC34,dc089f81f8451db6,7
,,,Cc1nc(NC(=O)CN(Cc2ccccc2)C(=O)c2ccncc2)sc1-c1ccc(N)nc1,d27f556da78bae9c,4
"5-amino-2-phenyl-1,3-oxazole-4-carboxamide",DTXSID801352628,99185-68-9,NC(=O)c1nc(-c2ccccc2)oc1N,232b14de624ae9d3,1
(2e)-1-(2-methoxyphenyl)-3-[2-(trifluoromethyl)phenyl]-2-propen-1-one,DTXSID501352029,1309371-03-6,COc1ccccc1C(=O)/C=C/c1ccccc1C(F)(F)F,e0924d72cd56b13b,5
,,,CC(Nc1ccccc1F)c1cc(C(=O)NCCN(C)C)cn2c(=O)cc(N3CCOCC3)nc12,8966e4275b1802be,5
,,,Cc1cnc2c(C(=O)NCCO)cn(Cc3ncnc(OC(F)F)c3C)c2c1,b337865b64d6d048,7
"10-[(dimethylamino)methyl]-4-ethyl-4,9-dihydroxy-1h-pyrano[3',4':6,7]indolizino[1,2-b]quinoline-3,14(4h,12h)-dione",DTXSID60861255,NOCAS_861255,CCC1(O)C(=O)OCc2c1cc1n(c2=O)Cc2cc3c(CN(C)C)c(O)ccc3nc2-1,6982f6655815505d,4
,,,CCOC(=O)c1cc(C#N)c(N2CCN(C(=O)NS(=O)(=O)c3ccc(F)cc3)CC2)nc1C(F)(F)F,e84a527af5e934fb,9
lomefloxacin,DTXSID4040680,98079-51-7,CCn1cc(C(=O)O)c(=O)c2cc(F)c(N3CCNC(C)C3)c(F)c21,57bad8c13606f9f9,3
,,,COc1ccc(-c2nnc(C(=O)N3CC(Oc4ccc(CN(C)C)c(C)c4)C3)o2)cc1,e2e08f04451278d2,3
,,,COc1cc2c(cc1S(=O)(=O)Nc1ccc(C(F)(F)F)cc1)C(=O)NC(C)(C)C(=O)N2,aebb5d733265ccf3,6
1-methyl-2-(trifluoromethyl)-1h-benzimidazole-5-carboxylic acid,DTXSID501351914,1094264-29-5,Cn1c(C(F)(F)F)nc2cc(C(=O)O)ccc21,968c239493725dbf,2
"4h-thieno[3,2-b]pyrrole-5-carboxylic acid",DTXSID60406887,39793-31-2,O=C(O)c1cc2sccc2[nH]1,19915ab15dd57ba9,2
,,,CCCCOc1ncc(C(C)=O)cc1-c1nc(O)c2nn(C3CN(CC)C3)c(CC)c2n1,ad22720ce4da4d78,13
n-[3-({5-cyclopropyl-2-[(1-methyl-1h-pyrazol-4-yl)amino]-4-pyrimidinyl}amino)propyl]cyclobutanecarboxamide,DTXSID301351970,1190379-24-8,Cn1cc(Nc2ncc(C3CC3)c(NCCCNC(=O)C3CCC3)n2)cn1,5e7f1aafe22df0e9,6
3-(2-pyrimidinylmethyl)benzoic acid,DTXSID701293685,562803-69-4,O=C(O)c1cccc(Cc2ncccn2)c1,8096501772dc57bc,4
,,,C[C@@H](Nc1cc(F)cc(F)c1)c1cc(C(=O)N2CCN(C)CC2)cn2c(=O)cc(N3CCOCC3)nc12,236e2a6db8533706,3
3-[4-(1-azetidinylcarbonyl)phenoxy]-5-{[(2s)-1-hydroxy-2-propanyl]oxy}-n-(1-methyl-1h-pyrazol-3-yl)benzamide,DTXSID201352470,871656-65-4,C[C@@H](CO)Oc1cc(Oc2ccc(C(=O)N3CCC3)cc2)cc(C(=O)Nc2ccn(C)n2)c1,d337f9fa13389656,9
,,,C[C@@H]1NC(=O)[C@H](C)NC(=O)[C@H](Cc2ccccc2)NCCC(=O)NCCN([C@@H](Cc2ccccc2)C(N)=O)C(=O)[C@H](C)NC(=O)[C@H](C)NC1=O,ddcbdf0a2c3c9f30,4
bromazepam,DTXSID40171081,1812-30-2,O=C1CN=C(c2ccccn2)c2cc(Br)ccc2N1,6119ab1c81d3f992,2
"n-[5-(3,5-difluorobenzyl)-1h-indazol-3-yl]-4-[(1-methyl-4-piperidinyl)oxy]-2-(tetrahydro-2h-pyran-4-ylamino)benzamide",DTXSID901351954,1108744-14-4,CN1CCC(Oc2ccc(C(=O)Nc3n[nH]c4ccc(Cc5cc(F)cc(F)c5)cc34)c(NC3CCOCC3)c2)CC1,3d92181a77fe75c9,1
,,,CC1(C)NC(=O)c2cc(S(=O)(=O)Nc3ccc(F)cc3F)ccc2NC1=O,f3ebf25b2737190f,9
"timolol,cyclopropane carboxylic ester",DTXSID20874987,NOCAS_874987,CC(C)(C)NCC(COc1nsnc1N1CCOCC1)OC(=O)C1CC1,dde3ecd3c8df5a72,1
,,,CCOC(=O)c1cc(C#N)c(N2CCC(C(=O)NS(=O)(=O)Cc3ccccc3)CC2)nc1C,1dd5ebc20eab26b0,3
oxprenolol,DTXSID1043835,6452-71-7,C=CCOc1ccccc1OCC(O)CNC(C)C,b9510c6a54e3b297,12
levomilnacipran,DTXSID701025167,96847-54-0,CCN(CC)C(=O)[C@@]1(c2ccccc2)C[C@H]1CN,9c6454a96bae2e82,13
2-cyclohexyl-2-phenyl-n-{1-[3-(pyridin-3-yl)propanoyl]piperidin-4-yl}acetamide,DTXSID90659061,944997-60-8,O=C(NC1CCN(C(=O)CCc2cccnc2)CC1)C(c1ccccc1)C1CCCCC1,5789e9b6e3dab54c,2
"3-(3,4-dimethoxyphenyl)-2,5-dimethyl-n-[2-(4-morpholinyl)ethyl]pyrazolo[1,5-a]pyrimidin-7-amine",DTXSID501352562,900874-91-1,COc1ccc(-c2c(C)nn3c(NCCN4CCOCC4)cc(C)nc23)cc1OC,5b111fa8af561185,2
"3,4-dihydroxy-xanthone",DTXSID20192815,39731-48-1,O=c1c2ccccc2oc2c(O)c(O)ccc12,eedc526c575ab7e8,1
,,,COc1ccc(-c2nnc(C(=O)N3CCC(Oc4ccc(CN5CCCC5)cc4)CC3)o2)cc1,32439028f2b7e14b,7
,,,CCCCOc1ncc(C(C)=O)cc1-c1nc(O)c2nn(CCN3CCOCC3)c(CC)c2n1,9d5364e7c03db7d0,4
"2-(aminomethyl)-n,n-diethyl-1-phenylcyclopropane-1-carboxamide",DTXSID90861127,136090-84-1,CCN(CC)C(=O)C1(c2ccccc2)CC1CN,865c0880c05341a9,9
,,,CC(Oc1ccccc1)c1cc(C(=O)N(C)CCO)cn2c(=O)cc(N3CCOCC3)nc12,da538c6b9a382ee0,6
,,,COc1ccc(-c2nnc(C(=O)N3CC(Oc4ccc(CN5CCCOCC5)cc4)C3)o2)cc1,68eab9c06d0b8c52,4
1-methyl-4-nitro-1h-pyrazole-5-carboxylic acid,DTXSID50343838,92534-69-5,Cn1ncc([N+](=O)[O-])c1C(=O)O,90f903c0c2c9d504,2
,,,COc1ccc(-c2nnc(C(=O)N3CC(Oc4ccc(CN5CC6(CCCO6)C5)cc4)C3)o2)cc1,20794fe3d1caaa60,3
,,,Cc1cc(F)ccc1-c1c(Oc2ccc(/C=C/C(=O)O)cc2)c2ccccc2oc1=O,5df4204e49ce5f16,15
,,,O=C1c2ncc3c(c(CCC(F)(F)F)cn3Cc3ccc(F)cc3)c2CCN1O,71980051a60bdc70,19
,,,COc1ccc(-c2nnc(C(=O)N3CCC(Oc4ccc(CN5CCCC5)cn4)CC3)o2)cc1,5e51075f083fd1fb,5
,,,CC(C)C[C@@H]1NC(=O)[C@H](Cc2ccc(O)cc2)N(C)C(=O)[C@H]2CCCN2C(=O)[C@H](CC(C)C)NC(=O)[C@H](CC(=O)O)N(C)C(=O)[C@@H](CC(C)C)N(C)C1=O,c81f63846c62e852,1
"5,6-dichloro-1,2-dimethylbenzimidazole",DTXSID10357037,2818-64-6,Cc1nc2cc(Cl)c(Cl)cc2n1C,5e4d018afba2bc1d,1
"1‐({3‐ethyl‐9,10‐dimethoxy‐1h,2h,3h,4h,6h,7h,11bh‐ pyrido[2,1‐a]isoquinolin‐2‐yl}methyl)‐6,7‐ dimethoxy‐1,2,3,4‐tetrahydroisoquinoline",DTXSID80859331,NOCAS_859331,CCC1CN2CCc3cc(OC)c(OC)cc3C2CC1CC1NCCc2cc(OC)c(OC)cc21,c624c1e4d53aeaf1,2
"9,10-dimethoxy-3-(2-methylpropyl)-1,3,4,6,7,11b-hexahydro-2h-pyrido[2,1-a]isoquinolin-2-ol",DTXSID90956148,3466-75-9,COc1cc2c(cc1OC)C1CC(O)C(CC(C)C)CN1CC2,af774503d2eec84c,2
luteolin,DTXSID4074988,491-70-3,O=c1cc(-c2ccc(O)c(O)c2)oc2cc(O)cc(O)c12,0560ec1f9683bfcb,10
"1-cyclohexyl-4-[3-(5-methoxy-1,2,3,4-tetrahydro-1-naphthalenyl)propyl]piperazine",DTXSID00676880,172906-90-0,COc1cccc2c1CCCC2CCCN1CCN(C2CCCCC2)CC1,e16687c83eb8f924,3
,,,CN(C)c1cnc(-c2nc(=O)n(CCC3CCCO3)c3c2oc2ncc(-c4cnn(C)c4)cc23)cn1,34158517f7cdd6f5,10
org-12962,DTXSID70430870,132834-56-1,FC(F)(F)c1ccc(N2CCNCC2)nc1Cl,af456cfa532ce4ed,3
,,,COc1ccnc(Oc2ccc3c(c2)c(=O)ncn3Cc2ccc(F)cc2F)c1C(F)(F)F,551797d014218223,5
3-(4-{[2-(cyanomethyl)phenyl]ethynyl}-2-fluorophenyl)propanoic acid,DTXSID90735197,1402601-82-4,N#CCc1ccccc1C#Cc1ccc(CCC(=O)O)c(F)c1,779c5f991eb1e20e,20
morin,DTXSID1022398,480-16-0,O=c1c(O)c(-c2ccc(O)cc2O)oc2cc(O)cc(O)c12,50420ac73443490f,4
,,,Cc1nc(C)c(-c2ccc([C@H]3CC[C@H](CC(=O)NC(C)(C)C(=O)O)CC3)cc2)nc1C(N)=O,b2c7b59c9566e784,3
n-[2-hydroxy-5-[1-hydroxy-2-[[2-(4-methoxyphenyl)-1-methylethyl]amino]ethyl]phenyl]formamide,DTXSID20860603,128954-45-0,COc1ccc(CC(C)NCC(O)c2ccc(O)c(NC=O)c2)cc1,cb04428d591b77a3,3
apratastat,DTXSID10870312,287405-51-0,CC1(C)SCCN(S(=O)(=O)c2ccc(OCC#CCO)cc2)[C@H]1C(=O)NO,5f7f267f6d70fbf6,2
"n-[[4-(4,5-dihydro-[1]benzothiepino[5,4-d][1,3]thiazol-2-ylamino)cyclohexyl]methyl]methanesulfonamide",DTXSID801028445,304008-29-5,CS(=O)(=O)NCC1CCC(Nc2nc3c(s2)CCSc2ccccc2-3)CC1,d2600ab698ef4d8a,1
"1,2-dimethylbenzimidazole",DTXSID60310238,2876-08-6,Cc1nc2ccccc2n1C,445d7da82606981f,1
"pyrimidine,2-(m-cyano)benzyl",DTXSID40877076,NOCAS_877076,N#Cc1cccc(Cc2ncccn2)c1,71c33bbe0a2305ee,2
,,,Cc1nc(C)c(-c2ccc([C@H]3CC[C@H](CC(=O)NS(C)(=O)=O)CC3)cc2)nc1C(N)=O,83cbcf2715a60254,3
,,,O=C(OCC1CCN(Cc2ccc(-c3ccccc3-c3nnn[nH]3)cc2)CC1)c1c2n(c3ccccc13)CCCO2,6421d26f98b14599,4
enzalutamide,DTXSID10912307,915087-33-1,CNC(=O)c1ccc(N2C(=S)N(c3ccc(C#N)c(C(F)(F)F)c3)C(=O)C2(C)C)cc1F,5443e23e359fe0c2,12
,,,CC(C)C[C@@H]1NC(=O)[C@H](CC(C)C)NC(=O)[C@@H](CC(C)C)NC(=O)[C@H](Cc2ccc(O)cc2)NC(=O)[C@@H]2CCCN2C(=O)[C@H](CC(C)C)NC1=O,e4f51bd37d970b69,2
,,,O=C(c1ccc(-n2nc(C(F)(F)F)c3c2CCOC3)cc1)N1CCCC1,819ece4e4e9e3df5,11
"3-(5-cyclopropyl-1,2,4-oxadiazol-3-yl)-5-(propan-2-yl)imidazo[1,5-a]quinoxalin-4(5h)-one",DTXSID40869698,124423-84-3,CC(C)n1c(=O)c2c(-c3noc(C4CC4)n3)ncn2c2ccccc21,ed54ad82e05fde8b,6
pranoprofen,DTXSID1023497,52549-17-4,CC(C(=O)O)c1ccc2c(c1)Cc1cccnc1O2,94a67e41fc349aeb,8
,,,COc1ccc(-c2nnc(C(=O)N3CCC(Oc4ccc(CN5CCOCC5)cc4)CC3)o2)cc1,e99f5ab26029552a,8
"(4-{[6-cyclopropyl-3-(1h-pyrazol-4-yl)imidazo[1,2-a]pyrazin-8-yl]amino}-3-fluorophenyl)(4-morpholinyl)methanone",DTXSID401352040,1338249-87-8,O=C(c1ccc(Nc2nc(C3CC3)cn3c(-c4cn[nH]c4)cnc23)c(F)c1)N1CCOCC1,dfb58ee4d5ae51e7,13
gepirone,DTXSID90232813,83928-76-1,CC1(C)CC(=O)N(CCCCN2CCN(c3ncccn3)CC2)C(=O)C1,225efad53ecf69a8,6
vipadenant,DTXSID90196103,442908-10-3,Cc1cc(Cn2nnc3c(-c4ccco4)nc(N)nc32)ccc1N,996f3053a2ec7b94,8
,,,NC(=O)C[C@H]1CC[C@H](c2ccc(-c3cncc(C(N)=O)n3)cc2)CC1,4ac28a996b7cd8ac,3
,,,CCCC(=O)c1cc(C#N)c(N2CCC(C(=O)NS(=O)(=O)Cc3ccccc3Cl)CC2)nc1C,c5503ec4c5d96c56,7
labetalol,DTXSID2023191,36894-69-6,CC(CCc1ccccc1)NCC(O)c1ccc(O)c(C(N)=O)c1,bc2227699506e1a5,4
"1,2,3,9-tetrahydro-3-(1h-imidazol-1-ylmethyl)-9-methyl-4h-carbazol-4-one",DTXSID901150689,99614-03-6,Cn1c2c(c3ccccc31)C(=O)C(Cn1ccnc1)CC2,5315059d75bae726,10
"[biphenyl]-4-yl(6,7-dimethoxy-3,4-dihydro-2(1h)-isoquinolinyl)methanone",DTXSID001352529,883952-53-2,COc1cc2c(cc1OC)CN(C(=O)c1ccc(-c3ccccc3)cc1)CC2,fbca1cea2d9d7e43,12
harman,DTXSID80197568,486-84-0,Cc1nccc2c1[nH]c1ccccc12,e0c9e69469d96a3b,1
,,,CCCCCn1cc(C(=O)c2cccc3ccccc23)c2cnccc21,b9d565f2db0451d6,21
,,,COCCN(Cc1cc(C(=O)N(C)C)cc2c(=O)cc(N3CCO[C@H](C)C3)oc12)c1cc(F)cc(F)c1,04281393adda3397,8
tegaserod,DTXSID6045955,145158-71-0,CCCCCNC(=N)NN=Cc1c[nH]c2ccc(OC)cc12,49063a247d345842,1
,,,O=C(O)/C=C/c1ccc(Cc2c(-c3ccccc3)c(=O)oc3cc(O)ccc23)cc1,0da6f94405309c2e,19
entospletinib,DTXSID001317670,1229208-44-9,c1cn2cc(-c3ccc4cn[nH]c4c3)nc(Nc3ccc(N4CCOCC4)cc3)c2n1,d877644312f73f0e,7
"5,6-dihydroxy-4-oxo-2-phenyl-4h-1-benzopyran-7-yl hexopyranosiduronic acid",DTXSID90865024,NOCAS_865024,O=C(O)C1OC(Oc2cc3oc(-c4ccccc4)cc(=O)c3c(O)c2O)C(O)C(O)C1O,c2c88303f9646a20,7
2-[4-bromo-2-(1-phenylpyrazole-4-carbonyl)phenoxy]acetic acid,DTXSID10469987,870809-73-7,O=C(O)COc1ccc(Br)cc1C(=O)c1cnn(-c2ccccc2)c1,21ccbf3654c0c5db,5
"n-(1-oxopentyl)-n-[[2′-(2h-tetrazol-5-yl)[1,1′-biphenyl]-4-yl]methyl]valine",DTXSID30861343,943333-68-4,CCCCC(=O)N(Cc1ccc(-c2ccccc2-c2nn[nH]n2)cc1)C(C(=O)O)C(C)C,bce71c75275423f1,3
7-[2-amino(phenyl)acetamido]-3-chloro-8-oxo-5-thia-1-azabicyclo[4.2.0]oct-2-ene-2-carboxylic acid,DTXSID80860664,NOCAS_860664,NC(C(=O)NC1C(=O)N2C(C(=O)O)=C(Cl)CSC12)c1ccccc1,c592702faa8b8584,19
"isopropyl 1-cyclopropyl-6-fluoro-4-oxo-7-(1-piperazinyl)-1,4-dihydro-3-quinolinecarboxylate",DTXSID401352076,1427036-10-9,CC(C)OC(=O)c1cn(C2CC2)c2cc(N3CCNCC3)c(F)cc2c1=O,47f1d82ba9bc7d4e,4
"4'-[(6,7-dimethoxy-3,4-dihydro-2(1h)-isoquinolinyl)methyl][biphenyl]-4-ol",DTXSID801351868,1031367-64-2,COc1cc2c(cc1OC)CN(Cc1ccc(-c3ccc(O)cc3)cc1)CC2,7019f1f71371716e,10
,,,C[C@@H](Nc1cc(F)cc(F)c1)c1cc(C(=O)N(C)C)cn2c(=O)cc(N3CCOCC3)nc12,ab70f5f69760ef18,5
,,,CCOC(=O)c1cc(C#N)c(N2CCN(C(=O)NS(=O)(=O)c3ccc(Cl)s3)CC2)nc1C,e4597d836ec59b15,5
"n-(2-fluoroethyl)-1-[(6-methoxy-5-methyl-4-pyrimidinyl)methyl]-1h-pyrrolo[3,2-b]pyridine-3-carboxamide",DTXSID401352107,1494675-82-9,COc1ncnc(Cn2cc(C(=O)NCCF)c3ncccc32)c1C,5b042be80c94e808,7
,,,COc1ccc(-c2nnc(C(=O)N3CCC(Oc4ccc(CN5CCN(C)CC5)cc4)CC3)o2)cc1,906f339d8a9db03b,7
amg-458,DTXSID80238521,913376-83-7,COc1ccc2c(Oc3ccc(NC(=O)c4c(C)n(CC(C)(C)O)n(-c5ccccc5)c4=O)nc3)ccnc2c1,b240d19cc60d1079,4
,,,CN1CCN(Cc2ccc(OC3CN(C(=O)c4nnc(-c5ccccc5)o4)C3)cc2F)CC1,d155583b6e321eac,3
,,,Cc1ncc(CN[C@@H]2CCN(CCn3c(=O)ccc4ncc(F)cc43)C[C@@H]2F)cc1C#N,14208841840ba529,7
,,,CC(Nc1ccccc1)c1cc(C(=O)NCCN2CCNCC2)cn2c(=O)cc(N3CCOCC3)nc12,3df2631901b22536,3
,,,CC(Nc1ccccc1)c1cc(C(=O)O)cn2c(=O)cc(N3CCOCC3)nc12,225d935a0909150b,3
,,,O=C1c2ncc3c(ccn3Cc3ccc(F)cc3)c2CCN1O,fea42af5915ba409,8
"2-{[4-amino-5-(5-iodo-2-isopropyl-4-methoxyphenoxy)-2-pyrimidinyl]amino}-1,3-propanediol",DTXSID801351882,1050670-85-3,COc1cc(C(C)C)c(Oc2cnc(NC(CO)CO)nc2N)cc1I,89a570fcf9f7b690,9
,,,O=C1CCCN1Cc1ccc(-n2nc(C(F)(F)F)c3c2COCC3)cc1,237819eec719a95f,14
"(2s)-[4-(2,3-dihydropyrano[4,3,2-de]quinolin-7-yl)-2-methyl-3-quinolinyl][(2-methyl-2-propanyl)oxy]acetic acid",DTXSID601029847,1155419-89-8,Cc1nc2ccccc2c(-c2ccc3c4c(ccnc24)CCO3)c1[C@H](OC(C)(C)C)C(=O)O,df9dc0fe71005533,14
,,,O=C1c2ncc3c(c(CCCN4CCOCC4)cn3Cc3ccc(F)cc3)c2CCN1O,51cb5715d45e0cc5,3
3-amino-5-(4-fluorophenyl)-2-thiophenecarboxamide,DTXSID401352288,354813-00-6,NC(=O)c1sc(-c2ccc(F)cc2)cc1N,e9c15d8ad46ff849,2
,,,CN(C)C(=O)c1cccc(-c2cnc(N)c(-c3nc4cccc(N5CCNCC5)c4[nH]3)n2)c1,4dafd3aaf32c3c2d,7
,,,CNc1ccc(-c2nc(=O)n(C(C)CC3CCCO3)c3c2oc2ncc(-c4cnn(C)c4)cc23)cn1,a16ac72372964983,9
"4-(4-fluorophenoxy)-1h-pyrrolo[2,3-d]pyrimidine",DTXSID601352141,1613478-80-0,Fc1ccc(Oc2ncnc3[nH]ccc23)cc1,3d7f4ce870ac2879,3
,,,COc1cnc2ccc(=O)n(CCN3CCC(NCc4cnc(C)c(C#N)c4)CC3)c2c1,a71633f84c1783c6,7
isradipine,DTXSID4023179,75695-93-1,COC(=O)C1=C(C)NC(C)=C(C(=O)OC(C)C)C1c1cccc2nonc12,2f04857aa448dc06,7
dantrolene,DTXSID7022881,7261-97-4,O=C1CN(N=Cc2ccc(-c3ccc([N+](=O)[O-])cc3)o2)C(=O)N1,edc54c2dc7c8f80b,3
apixaban,DTXSID80436500,503612-47-3,COc1ccc(-n2nc(C(N)=O)c3c2C(=O)N(c2ccc(N4CCCCC4=O)cc2)CC3)cc1,ddabc64d62bfa896,20
(1s)-4-fluoro-1-[4-fluoro-3-(5-pyrimidinyl)phenyl]-1-[2-(trifluoromethyl)-4-pyridinyl]-1h-isoindol-3-amine,DTXSID301351994,1227163-49-6,NC1=N[C@](c2ccnc(C(F)(F)F)c2)(c2ccc(F)c(-c3cncnc3)c2)c2cccc(F)c21,015eab5141b83893,10
,,,COc1ccc(-c2nnc(C(=O)N3CC(Oc4ccc(CN5CC6(CCOC6)C5)cc4)C3)o2)cc1,cc37f135d6e90104,6
methotrexate,DTXSID4020822,59-05-2,CN(Cc1cnc2nc(N)nc(N)c2n1)c1ccc(C(=O)N[C@@H](CCC(=O)O)C(=O)O)cc1,c9164a935e8e0432,2
win 55212,DTXSID901358336,131513-18-3,Cc1c(C(=O)c2cccc3ccccc23)c2cccc3c2n1C(CN1CCOCC1)CO3,cc152141e8e98139,4
,,,CC(Nc1ccc(F)cc1)c1cc(C(=O)NCCN(C)C)cn2c(=O)cc(N3CCOCC3)nc12,f65cd08329c0bf7c,4
(+/-)-naproxen,DTXSID70860274,23981-80-8,COc1ccc2cc(C(C)C(=O)O)ccc2c1,04dd7895ceabb557,12
,,,CCc1c2nc(-c3cc(S(=O)(=O)N4CCN(CC)CC4)cnc3OCCOC)[nH]c(=O)c2nn1CCN1CCOCC1,421831238f0b35f9,5
,,,Cc1cc2c(cc1S(=O)(=O)Nc1ccc(C(F)(F)F)cc1)C(=O)NC(C)(C)C(=O)N2,a8254d496791de38,8
5-o-(e)-feruloylquinic acid,DTXSID201310632,62929-69-5,COc1cc(/C=C/C(=O)O[C@@H]2C[C@](O)(C(=O)O)C[C@@H](O)[C@H]2O)ccc1O,ac1dcfb3df6a7763,5
,,,CC(C)n1c(/C=C/C(O)CC(O)CC(=O)O)c(-c2ccc(F)cc2)c2ccccc21,be51fd6275a29365,2
,,,CCOC(=O)N(Cc1ccccc1-c1ccccc1)[C@H]1CCNC1,ce0b513531f46c54,13
,,,CC(C)C[C@@H]1NC(=O)[C@H](Cc2ccc(O)cc2)N(C)C(=O)[C@H]2CCCN2C(=O)[C@H](CC(C)C)NC(=O)[C@H](CO)N(C)C(=O)[C@@H](CC(C)C)N(C)C1=O,3d1c7ac66c7885dc,4
,,,COc1cc(-c2nc(=O)n(CCC3CCCO3)c3c2oc2ncc(-c4cnn(C)c4)cc23)ccn1,10d81f5e4237533c,8
3-[(2r)-4-propylmorpholin-2-yl]phenol,DTXSID90430791,547770-05-8,CCCN1CCO[C@H](c2cccc(O)c2)C1,34adb135131801eb,7
n-(quinolin-8-yl)-6-(2-sulfanylacetamido)hexanamide,DTXSID10587453,828920-13-4,O=C(CS)NCCCCCC(=O)Nc1cccc2cccnc12,7950b8118dcaee26,1
4-methoxy-n-(2-methyl-2-phenylpropyl)-1h-indazol-3-amine,DTXSID801352616,929022-54-8,COc1cccc2[nH]nc(NCC(C)(C)c3ccccc3)c12,33e383f9aee57a81,6
,,,O=c1ncn(Cc2c(F)cc(F)cc2F)c2ccc(Oc3ncccc3C(F)(F)F)cc12,1e1c804fec51ff43,4
"4-(4-fluorophenyl)-5-methyl-2-(2-pyridinyl)-1,2-dihydro-3h-pyrazol-3-one",DTXSID101351893,1068515-21-8,Cc1[nH]n(-c2ccccn2)c(=O)c1-c1ccc(F)cc1,2eca1ba808a217d5,2
3-amino-6-[2-fluoro-4-[(4-methyl-1-piperazinyl)sulfonyl]phenyl]-n-3-pyridinyl-2-pyrazinecarboxamide,DTXSID201114062,486424-43-5,CN1CCN(S(=O)(=O)c2ccc(-c3cnc(N)c(C(=O)Nc4cccnc4)n3)c(F)c2)CC1,2bdf4bd8357e5c4c,6
"benzo[b]thiophene-2-ethanamine, n,n-dimethyl-3-[1-(2-pyridinyl)ethyl]-",DTXSID00468929,873693-14-2,CC(c1ccccn1)c1c(CCN(C)C)sc2ccccc12,41ceb8afc5320ba5,16
flupenthixol,DTXSID3058749,2709-56-0,OCCN1CCN(CCC=C2c3ccccc3Sc3ccc(C(F)(F)F)cc32)CC1,1a34f98cd955ff8c,2
,,,CCN1CCN(S(=O)(=O)c2cnc(OCCOC)c(-c3nc4c5n(nc4c(=O)[nH]3)CCCC5C)c2)CC1,ea6b8184fc40a43b,7
n-{4-(4-methoxyphenyl)-3-[2-(4-methoxyphenyl)ethyl]-2-oxo-1-imidazolidinyl}methanesulfonamide,DTXSID601351848,1000306-34-2,COc1ccc(CCN2C(=O)N(NS(C)(=O)=O)CC2c2ccc(OC)cc2)cc1,efae5022c3419d03,8
,,,O=C(c1nnc(-c2ccccc2)o1)N1CCC(Oc2ccc(CN3CCCC3)cc2)CC1,7a93825b3d49b6cb,5
tmc-647055,DTXSID90152860,1204416-97-6,COc1ccc2c(c1)C=C1Cn3c-2c(C2CCCCC2)c2ccc(cc23)C(=O)NS(=O)(=O)N(C)CCOCCN(C)C1=O,bd2fae6ef7174c3b,2
zolpidem,DTXSID7045946,82626-48-0,Cc1ccc(-c2nc3ccc(C)cn3c2CC(=O)N(C)C)cc1,5a150523322bcadd,4
,,,CCC1(C)NC(=O)c2cc(S(=O)(=O)Nc3ccccc3)ccc2NC1=O,7593a296a741fbf5,16
e-52862,DTXSID901022521,878141-96-9,Cc1cc(OCCN2CCOCC2)nn1-c1ccc2ccccc2c1,88768bab9abb8f27,5
methadone,DTXSID7023273,76-99-3,CCC(=O)C(CC(C)N(C)C)(c1ccccc1)c1ccccc1,6faa74c754d6caf3,12
,,,O=C(c1nnc(-c2ccccc2Cl)o1)N1CCC(Oc2ccc(CN3CCCC3)cc2)CC1,400c7b70c21abbc8,7
"3-aminothieno[2,3-b]pyridine-2-carboxamide",DTXSID30326861,55557-48-7,NC(=O)c1sc2ncccc2c1N,d0c8fb16949c52e3,1
"(5s)-5-methyl-5-[({4-[4-(1,1,2,2-tetrafluoroethoxy)phenoxy]-1-piperidinyl}sulfonyl)methyl]-2,4-imidazolidinedione",DTXSID201352549,893556-15-5,C[C@]1(CS(=O)(=O)N2CCC(Oc3ccc(OC(F)(F)C(F)F)cc3)CC2)NC(=O)NC1=O,26a50409f03b4a03,4
indobufen,DTXSID7057789,63610-08-2,CCC(C(=O)O)c1ccc(N2Cc3ccccc3C2=O)cc1,859004578fd45f78,14
(+/-)-alminoprofen,DTXSID90865968,39718-89-3,C=C(C)CNc1ccc(C(C)C(=O)O)cc1,885b8a9c81161731,22
talinolol,DTXSID6046426,57460-41-0,CC(C)(C)NCC(O)COc1ccc(NC(=O)NC2CCCCC2)cc1,a62c6fa9b83d7366,7
"methyl 11,17-dimethoxy-18-[(3,4,5-trimethoxybenzoyl)oxy]yohimban-16-carboxylate",DTXSID30925499,1263-58-7,COC(=O)C1C2CC3c4[nH]c5cc(OC)ccc5c4CCN3CC2CC(OC(=O)c2cc(OC)c(OC)c(OC)c2)C1OC,6f5f92de7d93a56e,1
"{2-methyl-1-[4-(methylsulfonyl)benzyl]-1h-pyrrolo[2,3-b]pyridin-3-yl}acetic acid",DTXSID601352472,872365-16-7,Cc1c(CC(=O)O)c2cccnc2n1Cc1ccc(S(C)(=O)=O)cc1,01c8c2a7b436fedf,12
"3-(3,4-dihydro-2-naphthalenyl)pyridine",DTXSID401352290,3614-71-9,C1=C(c2cccnc2)CCc2ccccc21,9a280c6f141d8a58,8
"methyl 1-cyclopropyl-6-fluoro-4-oxo-7-(1-piperazinyl)-1,4-dihydro-3-quinolinecarboxylate",DTXSID301351906,107884-23-1,COC(=O)c1cn(C2CC2)c2cc(N3CCNCC3)c(F)cc2c1=O,88cc339c2c440a4e,3
bifendate,DTXSID40223736,73536-69-3,COC(=O)c1cc(OC)c2c(c1-c1c(C(=O)OC)cc(OC)c3c1OCO3)OCO2,ae0255afd437ec05,12
,,,CN1CCc2c(C(F)(F)F)nn(-c3ccc(CN4CCCC4=O)cc3)c2C1,8ca26f63db52aba8,17
,,,CCC1(C)NC(=O)c2cc(S(=O)(=O)Nc3ccc(F)cc3F)cc(OC)c2NC1=O,ff857fb8509529ab,15
2-[(1-methyl-1h-benzimidazol-2-yl)methyl]-6-(4-morpholinyl)-4(1h)-pyrimidinone,DTXSID701352013,1260544-15-7,Cn1c(Cc2nc(N3CCOCC3)cc(=O)[nH]2)nc2ccccc21,ccb7860b606b5b11,4
,,,CCc1c2nc(-c3cc(S(=O)(=O)N4CCN(CC)CC4)cnc3OCCOC)[nH]c(=O)c2nn1CCOC,0b52417ac5207480,13
bosentan,DTXSID7046627,147536-97-8,COc1ccccc1Oc1c(NS(=O)(=O)c2ccc(C(C)(C)C)cc2)nc(-c2ncccn2)nc1OCCO,430017b343bb5e10,4
"(1e)-n-[2-[[[5-[(dimethylamino)methyl]-2-furanyl]methyl]thio]ethyl]-n′-methyl-2-nitro-1,1-ethenediamine",DTXSID101112063,82530-72-1,CN/C(=C\[N+](=O)[O-])NCCSCc1ccc(CN(C)C)o1,87e8dfdc3b14d590,9
,,,Cc1ccccc1-c1ccc(N2CCOc3ncnc(N)c3C2=O)cc1,1d9b7394a3334fc8,6
,,,Cc1cc(S(=O)(=O)Nc2ccc(F)cc2F)cc2c1NC(=O)C(C)(C)NC2=O,692f24ae61dff7b1,9
kls-13019,DTXSID301336530,1801243-39-9,C=C(C)[C@@H]1CCC(C)=C[C@H]1c1c(O)cc(CC2CN(C(C)=O)C2)cc1O,8d5d9c4584bbd8dc,3
,,,CN(C)Cc1ccc2c(c1)CCN(C(=O)c1cc3cc(Br)ncc3n1C)C2,4aa8b07b77cab1c2,23
"n-[[(2r,3s,4r,5r)-5-(6-aminopurin-9-yl)-3,4-dihydroxyoxolan-2-yl]methylsulfamoyl]-2-hydroxybenzamide",DTXSID90469208,873556-29-7,Nc1ncnc2c1ncn2[C@@H]1O[C@H](CNS(=O)(=O)NC(=O)c2ccccc2O)[C@@H](O)[C@H]1O,6950273855dfc1b3,1
"4h-1-benzopyran-4-one, 5,7-dihydroxy-2-(3-hydroxy-4,5-dimethoxyphenyl)-",DTXSID10227701,76900-87-3,COc1cc(-c2cc(=O)c3c(O)cc(O)cc3o2)cc(O)c1OC,4a1b6a2a6d10c5b8,5
"ethyl 1-cyclopropyl-6-fluoro-4-oxo-7-(piperazin-1-yl)-1,4-dihydroquinoline-3-carboxylate",DTXSID40634520,105404-65-7,CCOC(=O)c1cn(C2CC2)c2cc(N3CCNCC3)c(F)cc2c1=O,f46da5ce545a04aa,4
2-(4-methoxyanilino)-1-{[2-(trifluoromethyl)phenyl]methyl}-1h-benzimidazole-5-carboxamide,DTXSID50648931,1092829-79-2,COc1ccc(Nc2nc3cc(C(N)=O)ccc3n2Cc2ccccc2C(F)(F)F)cc1,e2ddd168fd17ce44,9
secoisolariciresinol,DTXSID50183615,29388-59-8,COc1cc(C[C@@H](CO)[C@H](CO)Cc2ccc(O)c(OC)c2)ccc1O,dd3c0dd1dabc8056,4
,,,CC(Nc1ccc(F)c(F)c1)c1cc(C(=O)N(C)C)cn2c(=O)cc(N3CCOCC3)nc12,045c069718add220,9
meloxicam,DTXSID1020803,71125-38-7,Cc1cnc(NC(=O)C2=C(O)c3ccccc3S(=O)(=O)N2C)s1,4c676e471a82eb9c,2
,,,CCOC(=O)c1cc(C#N)c(N2CC(NC(=O)NS(=O)(=O)c3ccc(Cl)s3)C2)nc1C,6c5cf86060bae25d,14
imipramine,DTXSID1043881,50-49-7,CN(C)CCCN1c2ccccc2CCc2ccccc21,9ca9cad6597d8ab5,14
methyl 4-{[4-({[(2-isopropyl-1h-benzimidazol-4-yl)carbonyl]amino}methyl)-1-piperidinyl]methyl}-1-piperidinecarboxylate,DTXSID201352599,916075-84-8,COC(=O)N1CCC(CN2CCC(CNC(=O)c3cccc4[nH]c(C(C)C)nc34)CC2)CC1,29e8314fb60eb0c0,2
,,,CC(Nc1cccc(F)c1)c1cc(C(=O)NCCN(C)C)cn2c(=O)cc(N3CCOCC3)nc12,13d1c8a97c2b29f1,8
8-methyl-8-azabicyclo[3.2.1]oct-3-yl alpha-(hydroxymethyl)benzeneacetate,DTXSID00858967,83454-31-3,CN1C2CCC1CC(OC(=O)C(CO)c1ccccc1)C2,e487a8e9ae43089a,9
"7-chloro-2′,4,6-trimethoxy-6′-methylspiro[benzofuran-2(3h),1′-[2]cyclohexene]-3,4′-dione",DTXSID20859239,6915-11-3,COC1=CC(=O)CC(C)C12Oc1c(Cl)c(OC)cc(OC)c1C2=O,d282822419cc9ab7,12
,,,Cc1nc(NC(=O)C(C)CC(F)(F)F)sc1-c1ccc(N)nc1,2d4b1ae2716b1878,9
4-(1h-pyrazol-1-ylmethyl)benzoic acid,DTXSID00424444,160388-53-4,O=C(O)c1ccc(Cn2cccn2)cc1,97fd93f44f0c8804,4
,,,COc1ccc(-c2nnc(C(=O)N3CC(Oc4ccc(CN5CCN(C)CC5)c(F)c4)C3)o2)cc1,2dbfd98b2cd4497e,1
"[5-(4,6-dimethyl-2-pyrimidinyl)hexahydropyrrolo[3,4-c]pyrrol-2(1h)-yl][2-fluoro-6-(2h-1,2,3-triazol-2-yl)phenyl]methanone",DTXSID701352099,1293281-49-8,Cc1cc(C)nc(N2CC3CN(C(=O)c4c(F)cccc4-n4nccn4)CC3C2)n1,833454707e661d18,4
,,,Cc1cc(OC(F)(F)F)ccc1-c1c(Oc2ccc(/C=C/C(=O)O)cc2)c2ccc(O)cc2oc1=O,dc4a01be1334ead6,16
,,,COc1cccc(-c2cc(NC(C)=O)nc(-n3nc(C)cc3C)n2)c1F,466de78d1ddc98e5,7
,,,CN(C)Cc1cn(Cc2ccc(F)cc2)c2cnc3c(c12)CCN(O)C3=O,0a88aa5a11c21ca0,8
,,,Cc1nc(CNC2CCN(CCn3c(=O)ccc4ccc(C#N)cc43)CC2)ccc1C#N,05a4b43490f66799,4
,,,O=C(c1ccc(CN2CCOCC2)cc1)N1CCN(C2CCC2)CC1,770de6f429dc9e8f,2
ethionamide,DTXSID0020577,536-33-4,CCc1cc(C(N)=S)ccn1,dd6a6a15c53b6495,7
ranitidine,DTXSID8045191,66357-35-5,CNC(=C[N+](=O)[O-])NCCSCc1ccc(CN(C)C)o1,5a1ceaab1a402c66,2
"4-(2-thienyl)-1,2,5-oxadiazole-3-carbonitrile 2-oxide",DTXSID501351964,1147335-85-0,N#Cc1c(-c2cccs2)no[n+]1[O-],9b9609bdcf8953b8,2
trimethobenzamide,DTXSID8023711,138-56-7,COc1cc(C(=O)NCc2ccc(OCCN(C)C)cc2)cc(OC)c1OC,7e7d3ec1991d963f,12
,,,Nc1nc(OC2CCCC2)nc2c1ncn2[C@@H]1O[C@H](CF)[C@@H](O)[C@H]1O,49b0670b3f1e7fd6,9
,,,CCCOc1ncc(C(C)=O)cc1-c1nc(O)c2nn(C3CN(C(C)C)C3)c(CC)c2n1,c99214a7f643cfa0,6
"3-{5-[4-(2-hydroxy-2-methylpropanoyl)piperazin-1-yl]-2-(trifluoromethyl)phenyl}-4-(1h-indol-3-yl)-1h-pyrrole-2,5-dione",DTXSID40678984,1260181-14-3,CC(C)(O)C(=O)N1CCN(c2ccc(C(F)(F)F)c(C3=C(c4c[nH]c5ccccc45)C(=O)NC3=O)c2)CC1,8d95c0e6e4802deb,8
,,,COc1cnc2c(C(=O)NCCO)cn(Cc3ncnc(N(C)C)c3C)c2c1,08729e5d3c917cdf,3
,,,Cc1cc(C(C)Nc2cccc(C(=O)O)c2)c2nc(N3CCOCC3)cc(=O)n2c1,72b8d0958c472e89,7
,,,CCOC(=O)c1cnc(N2CC(NC(=O)NS(=O)(=O)c3ccccc3)C2)c(Cl)c1,0f0b993c2b2baf77,19
fluorescein,DTXSID0038887,2321-07-5,O=C1OC2(c3ccc(O)cc3Oc3cc(O)ccc32)c2ccccc21,827160047ab54b48,4
promethazine,DTXSID7023518,60-87-7,CC(CN1c2ccccc2Sc2ccccc21)N(C)C,ae7fe39971a21769,9
,,,Cc1c(CC(=O)O)c(-c2ccccc2)nn1Cc1ccccc1S(=O)(=O)c1ccccc1,4095ef08b8202e35,8
,,,O=C(c1nnc(-c2ccc(Cl)cc2)o1)N1CCC(Oc2ccc(CN3CCCC3)cc2)CC1,f982f21cb97617cf,5
pirenzepine,DTXSID7023487,28797-61-7,CN1CCN(CC(=O)N2c3ccccc3C(=O)Nc3cccnc32)CC1,5596225223ae932b,2
dronedarone,DTXSID3048653,141626-36-0,CCCCc1oc2ccc(NS(C)(=O)=O)cc2c1C(=O)c1ccc(OCCCN(CCCC)CCCC)cc1,b3e3de9b98231792,5
sulindac,DTXSID4023624,38194-50-2,CC1=C(CC(=O)O)c2cc(F)ccc2/C1=C\c1ccc(S(C)=O)cc1,ff347c33fcc25ef8,12
n-(benzyloxycarbonyl)-dl-tryptophan,DTXSID901294784,13058-16-7,O=C(NC(Cc1c[nH]c2ccccc12)C(=O)O)OCc1ccccc1,df375c05347b5e25,7
,,,CCOC(=O)c1cc(C#N)c(N2CCN(C(=O)NS(=O)(=O)Cc3ccccc3)CC2)nc1C,1b58d5ad1b63fa71,7
fexofenadine,DTXSID00861411,83799-24-0,CC(C)(C(=O)O)c1ccc(C(O)CCCN2CCC(C(O)(c3ccccc3)c3ccccc3)CC2)cc1,68b9106e742074a4,3
atomoxetine,DTXSID9044297,83015-26-3,CNCC[C@@H](Oc1ccccc1C)c1ccccc1,d2eff46bde743015,10
fezolinetant,DTXSID601103615,1629229-37-3,Cc1nsc(-c2nnc3n2CCN(C(=O)c2ccc(F)cc2)[C@@H]3C)n1,3f66204cd5dc8b4c,4
,,,O=C(c1nnc(-c2ccccc2)o1)N1CCC(Oc2ccc(CN3CCC(O)C3)cc2)CC1,e54b67e39a09b701,5
lbp-1,DTXSID50648411,1050478-18-6,NC(=O)CN1CCN(Cc2nc(-c3cn(CC4CCOCC4)c4c(Cl)cccc34)no2)CC1,81b0268da4b6798e,2
,,,CCC1(C)NC(=O)c2cc(S(=O)(=O)Nc3ccc(F)cc3F)cc(C)c2NC1=O,b577a754452f4aec,14
6-methoxy-3-{4-[(methylsulfinyl)methyl]-1-naphthamido}-n-(tetrahydro-2h-pyran-4-ylmethyl)-2-pyridinecarboxamide,DTXSID801352066,1416989-59-7,COc1ccc(NC(=O)c2ccc(CS(C)=O)c3ccccc23)c(C(=O)NCC2CCOCC2)n1,4ff1b5d82288a890,4
,,,CCCC(=O)c1cc(C#N)c(N2CCC(C(=O)NS(=O)(=O)Cc3ccccc3)CC2)nc1CCC,e978a50d633a021c,4
"2-(3,4-dihydroxyphenyl)-3,5,7-trihydroxy-2,3-dihydro-4h-1-benzopyran-4-one",DTXSID60859394,NOCAS_859394,O=C1c2c(O)cc(O)cc2OC(c2ccc(O)c(O)c2)C1O,f920bcb6f86af615,4
,,,CCCCOc1ncc(S(=O)(=O)N2CCN(CC)CC2)cc1-c1nc2c(CC)n(CCN(C)C)nc2c(=O)[nH]1,0628f5bfb0deb1a4,2
"α-[1-[2,6-dimethoxy-4-(2-propen-1-yl)phenoxy]ethyl]-3,4,5-trimethoxybenzenemethanol",DTXSID701129656,41551-58-0,C=CCc1cc(OC)c(OC(C)C(O)c2cc(OC)c(OC)c(OC)c2)c(OC)c1,f7428a709e784323,2
ly 334370,DTXSID40415518,182563-08-2,CN1CCC(c2c[nH]c3ccc(NC(=O)c4ccc(F)cc4)cc23)CC1,4eec06efc1051f41,9
"8-[1-(3,5-difluoroanilino)ethyl]-n,n-dimethyl-2-(4-morpholinyl)-4-oxo-4h-chromene-6-carboxamide",DTXSID701352156,1296270-45-5,CC(Nc1cc(F)cc(F)c1)c1cc(C(=O)N(C)C)cc2c(=O)cc(N3CCOCC3)oc12,2f133873b5795b4e,8
,,,COc1ccc2onc(N3CCN(CCCCNC(=O)c4ccc(N5CCOCC5)cc4)CC3)c2c1,bd48f7fed74f9019,2
"4-[(benzyloxy)methyl]-2-(2-chlorophenyl)-5-(2-pyrazinylmethyl)-1h-pyrazolo[4,3-c]pyridine-3,6(2h,5h)-dione",DTXSID501351988,1218814-52-8,O=c1c2c(COCc3ccccc3)n(Cc3cnccn3)c(=O)cc2[nH]n1-c1ccccc1Cl,f4d24fec6ec82130,6
"10-methylpyrimido[4,5-b]quinoline-2,4(3h,10h)-dione",DTXSID90296016,27132-53-2,Cn1c2nc(=O)[nH]c(=O)c-2cc2ccccc21,841e0341f07596db,1
amfenac,DTXSID90199533,51579-82-9,Nc1c(CC(=O)O)cccc1C(=O)c1ccccc1,365a279bc379034c,5
scutellarein,DTXSID40200946,529-53-3,O=c1cc(-c2ccc(O)cc2)oc2cc(O)c(O)c(O)c12,f385ec21a4c7abe7,4
"4-(4-methoxyphenyl)-5-methyl-2-(2-pyridinyl)-1,2-dihydro-3h-pyrazol-3-one",DTXSID701351891,1068515-17-2,COc1ccc(-c2c(C)[nH]n(-c3ccccn3)c2=O)cc1,019dfd60c2695bd4,4
adx-71149,DTXSID601032323,1127498-03-6,CCCCn1ccc(N2CCC(c3ccccc3)CC2)c(Cl)c1=O,49b67408e61f9054,3
"n,n'-bis(2-hydroxybenzyl)ethylenediamine-n,n'-diacetic acid",DTXSID50189556,35998-29-9,O=C(O)CN(CCN(CC(=O)O)Cc1ccccc1O)Cc1ccccc1O,e81faa83e19f3c65,2
,,,O=C1COc2ccc(CN[C@H]3CCN(CCn4c(=O)ccc5ncc(F)cc54)C[C@H]3F)nc2N1,a65e93f159fac01e,6
,,,OC[C@H]1O[C@H](Oc2ccc(-c3cc(F)c(O)c(F)c3)cc2)[C@@H](O)[C@@H](O)[C@@H]1O,a2d772aed9aed451,3
,,,COc1ccccc1CC(c1ccccc1)N1CCNCC1,1089f55cc69c0db3,9
daidzein,DTXSID9022310,486-66-8,O=c1c(-c2ccc(O)cc2)coc2cc(O)ccc12,bb42ba8e99a23f00,7
,,,Cc1nc(C)c(-c2ccnc(Nc3ccc(N(C)C)cc3)n2)s1,69ad985bd77c60ea,8
"6-{[6-(1-methyl-1h-pyrazol-4-yl)-1h-[1,2,3]triazolo[4,5-b]pyrazin-1-yl]methyl}quinoline",DTXSID101352627,956907-60-1,Cn1cc(-c2cnc3nnn(Cc4ccc5ncccc5c4)c3n2)cn1,e1f8131428b95393,8
"7-methyl-2-(4-morpholinyl)-9-[1-(phenylamino)ethyl]-4h-pyrido[1,2-a]pyrimidin-4-one",DTXSID101025688,663619-89-4,Cc1cc(C(C)Nc2ccccc2)c2nc(N3CCOCC3)cc(=O)n2c1,197967d224727a34,6
n-{4-[(3-cyano-1-isobutyl-1h-indol-5-yl)oxy]phenyl}-l-prolinamide,DTXSID801352173,1704740-52-2,CC(C)Cn1cc(C#N)c2cc(Oc3ccc(NC(=O)[C@@H]4CCCN4)cc3)ccc21,cf9a26f2b95c925e,11
genistein,DTXSID5022308,446-72-0,O=c1c(-c2ccc(O)cc2)coc2cc(O)cc(O)c12,735332f438d61710,8
"2-({(1r)-1-[7-methyl-2-(morpholin-4-yl)-4-oxo-4h-pyrido[1,2-a]pyrimidin-9-yl]ethyl}amino)benzoic acid",DTXSID00657619,1173900-33-8,Cc1cc([C@@H](C)Nc2ccccc2C(=O)O)c2nc(N3CCOCC3)cc(=O)n2c1,b75dc7d9b354a6ef,2
,,,COc1ccc(-c2nnc(C(=O)N3CCC(Oc4ccc(CN5CC(O)C(C)(C)C5)cc4)CC3)o2)cc1,ed98ae944169f200,4
"methyl 19-methyl-16,17-didehydro-18-oxayohimban-16-carboxylate",DTXSID10863385,NOCAS_863385,COC(=O)C1=COC(C)C2CN3CCc4c([nH]c5ccccc45)C3CC12,c0437265ef0ab094,7
,,,C[C@@H]1CN(c2cc(=O)c3cc(C(=O)N4CCOCC4)cc(CN4CCOc5ccc(F)cc54)c3o2)CCO1,e9ca228ba953eb4a,4
metolazone,DTXSID6045167,17560-51-9,Cc1ccccc1N1C(=O)c2cc(S(N)(=O)=O)c(Cl)cc2NC1C,166e8ea81487e3fe,9
,,,O=c1ncn(Cc2c(F)cc(F)cc2F)c2ccc(Oc3ccc(-c4ccc5[nH]ccc5c4)cc3)cc12,c6207e9fb226d4c2,14
"[5-(ethylsulfonyl)-2-(tetrahydro-2h-pyran-4-yl)-2,3,4,5-tetrahydro-1h-pyrido[4,3-b]indol-8-yl](4-methyl-1-piperidinyl)methanone",DTXSID101352584,910798-82-2,CCS(=O)(=O)n1c2c(c3cc(C(=O)N4CCC(C)CC4)ccc31)CN(C1CCOCC1)CC2,129187bba2b475ac,2
"6-[(6-methyl-1h-[1,2,3]triazolo[4,5-b]pyrazin-1-yl)methyl]quinoline",DTXSID401352626,956905-12-7,Cc1cnc2nnn(Cc3ccc4ncccc4c3)c2n1,db097a235dce34b3,4
"4-(1,3-benzothiazol-2-yl)-2-thiophenesulfonamide",DTXSID301352528,882054-96-8,NS(=O)(=O)c1cc(-c2nc3ccccc3s2)cs1,7d6b2be28413e76b,6
,,,O=C1COc2ccc(CN[C@@H]3CCN(CCn4c(=O)ccc5ncc(F)cc54)C[C@@H]3F)nc2N1,652d52cb745e5350,1
"4,11-diethyl-4-hydroxy-3,14-dioxo-3,4,12,14-tetrahydro-1h-pyrano[3',4':6,7]indolizino[1,2-b]quinolin-9-yl [1,4'-bipiperidine]-1'-carboxylate",DTXSID80861151,NOCAS_861151,CCc1c2c(nc3ccc(OC(=O)N4CCC(N5CCCCC5)CC4)cc13)-c1cc3c(c(=O)n1C2)COC(=O)C3(O)CC,15d995bc5306db5c,3
n-[5-(3-fluoro-4-pyridinyl)-6-(3-pyridinyl)-2-pyrazinyl]cyclopropanecarboxamide,DTXSID401352614,925676-48-8,O=C(Nc1cnc(-c2ccncc2F)c(-c2cccnc2)n1)C1CC1,b54e985e958d992a,6
ketanserin,DTXSID3023188,74050-98-9,O=C(c1ccc(F)cc1)C1CCN(CCn2c(=O)[nH]c3ccccc3c2=O)CC1,7b1764978240bf08,10
1-methyl-4-(4-{4-[3-(4-piperidinylmethoxy)-4-pyridinyl]-1h-pyrazol-1-yl}phenyl)piperazine,DTXSID601352208,1922153-17-0,CN1CCN(c2ccc(-n3cc(-c4ccncc4OCC4CCNCC4)cn3)cc2)CC1,1e43d8672373e7e9,1
"4-methyl-2-phenyl-5-(3-pyridinylmethyl)-1h-pyrazolo[4,3-c]pyridine-3,6(2h,5h)-dione",DTXSID901352433,847572-55-8,Cc1c2c(=O)n(-c3ccccc3)[nH]c2cc(=O)n1Cc1cccnc1,dc9a3d12cbbec8f0,7
kaempferide,DTXSID9034155,491-54-3,COc1ccc(-c2oc3cc(O)cc(O)c3c(=O)c2O)cc1,c05f12d8fc1119f5,7
,,,COC(=O)c1ccc(NC(=O)c2cccc(-c3cc(C(=O)Nc4ccncc4F)ccc3CN)c2)cc1,bd56b7f6b9f0a30c,9
"2-(2-isopropylphenyl)-5-methyl-n-[4-(1h-1,2,3-triazol-1-yl)benzyl]-4-pyrimidinamine",DTXSID501352124,1572414-83-5,Cc1cnc(-c2ccccc2C(C)C)nc1NCc1ccc(-n2ccnn2)cc1,b4ad77701b75996a,13
,,,CNC(=O)c1ccc(-c2ccc(O[C@H]3O[C@H](CO)[C@@H](O)[C@H](O)[C@@H]3O)cc2)cc1,880e920f6ed17290,3
,,,Cc1c(Cc2ccccc2S(=O)(=O)c2ccccc2)c(-c2ccccc2)nn1CC(=O)O,6e5966f6be596ab9,7
harmol,DTXSID10876697,487-03-6,Cc1nccc2c1[nH]c1cc(O)ccc12,2f3435c24701c63b,2
,,,CC(Nc1cccc(F)c1F)c1cc(C(=O)N(C)C)cc2c(=O)cc(N3CCOCC3)oc12,47e5fb8b501641ae,9
,,,COc1cnc2ccc(=O)n(CCN3CCN(c4nc5cc(C#N)c(C)cc5[nH]4)CC3)c2c1,7a315f8622f18cc3,4
mebendazole,DTXSID4040682,31431-39-7,COC(=O)Nc1nc2cc(C(=O)c3ccccc3)ccc2[nH]1,86d333a54b9a3af3,2
,,,O=c1ncn(Cc2c(F)cc(F)cc2F)c2ccc(Oc3cccc(-c4ccc5[nH]cnc5c4)c3C(F)(F)F)cc12,810e724c187d30d4,1
,,,COCCN(C)Cc1cn(Cc2ccc(F)cc2)c2cnc3c(c12)CCN(O)C3=O,6c28a8ecd3ceefed,7
ortataxel,DTXSID10870170,186348-23-2,CC(=O)O[C@H]1C(=O)[C@@]2(C)[C@H]([C@H](OC(=O)c3ccccc3)[C@]34OC(=O)O[C@H]3[C@H](OC(=O)[C@H](O)[C@H](CC(C)C)NC(=O)OC(C)(C)C)C(C)=C1C4(C)C)[C@]1(OC(C)=O)CO[C@@H]1C[C@@H]2O,46be5ad79b787680,5
ex-2,DTXSID80234280,851365-34-9,O=C(CCCCCNC(=O)NC(=O)c1ccccc1)NO,d80feb42848468d9,1
,,,N#Cc1cccc(-c2ccc(N3CCOc4ncnc(N)c4C3=O)cc2)c1Cl,adabcb469ab79487,8
"1-(4-benzoyl-1-piperazinyl)-2-[4-fluoro-7-(3-methyl-1h-1,2,4-triazol-1-yl)-1h-pyrrolo[2,3-c]pyridin-3-yl]-1,2-ethanedione",DTXSID501104846,701213-27-6,Cc1ncn(-c2ncc(F)c3c(C(=O)C(=O)N4CCN(C(=O)c5ccccc5)CC4)c[nH]c23)n1,67ee9cf274ac141c,4
"benzimidazole,1-m-aminobenzyl",DTXSID20877458,NOCAS_877458,Nc1cccc(Cn2cnc3ccccc32)c1,5d122a8ec15aa090,7
ibuproxam,DTXSID30866353,53648-05-8,CC(C)Cc1ccc(C(C)C(=O)NO)cc1,21ecaf3b325e85af,15
,,,C[C@@H]1N[S@](=O)(c2cccc(-c3cccc(C#N)c3)c2)=NC1=O,97c7fe0d4cb46c7b,11
"[5-(4-methoxyphenyl)-1,3,4-oxadiazol-2-yl][3-[4-(2-oxa-6-azaspiro[3.3]hept-6-ylmethyl)phenoxy]-1-azetidinyl]methanone",DTXSID001106011,1254035-84-1,COc1ccc(-c2nnc(C(=O)N3CC(Oc4ccc(CN5CC6(COC6)C5)cc4)C3)o2)cc1,e7534e2f7645fbb0,7
,,,Cc1ccc(C2=CCC(C)(C)c3ccc(C(=O)Nc4ccc(C(=O)O)cc4)cc32)cc1,22e84b20282b851d,15
"1-(3-acetylphenyl)-3-[(1r,2s)-2-{[(3s)-3-(4-fluorobenzyl)-1-piperidinyl]methyl}cyclohexyl]urea",DTXSID101352239,275810-55-4,CC(=O)c1cccc(NC(=O)N[C@@H]2CCCC[C@H]2CN2CCC[C@@H](Cc3ccc(F)cc3)C2)c1,49955ac4f266f770,2
"(3-{[1-(2,4-difluorobenzyl)-6-oxo-1,6-dihydro-3-pyridazinyl]methyl}-5-fluoro-2-methyl-1h-indol-1-yl)acetic acid",DTXSID301352023,1297276-84-6,Cc1c(Cc2ccc(=O)n(Cc3ccc(F)cc3F)n2)c2cc(F)ccc2n1CC(=O)O,2ee404fd92166669,6
,,,COCCNC(=O)c1cc(C(C)Nc2cc(F)cc(F)c2)c2oc(N3CCOCC3)cc(=O)c2c1,407908f7e145f541,4
brompheniramine,DTXSID5022691,86-22-6,CN(C)CCC(c1ccc(Br)cc1)c1ccccn1,52ef6532b5393398,11
dibenzyl diselenide,DTXSID70163934,1482-82-2,c1ccc(C[Se][Se]Cc2ccccc2)cc1,e8bf38fd9249f3ea,14
"1-(4-benzoyl-1-piperazinyl)-2-(4-fluoro-1h-indol-3-yl)-1,2-ethanedione",DTXSID301352261,313334-66-6,O=C(C(=O)N1CCN(C(=O)c2ccccc2)CC1)c1c[nH]c2cccc(F)c12,c2839f357949d47f,4
"8-(2-methoxyphenyl)-1-methyl-7-phenyl-1h-imidazo[2,1-f]purine-2,4(3h,8h)-dione",DTXSID601352527,879460-30-7,COc1ccccc1-n1c(-c2ccccc2)cn2c3c(=O)[nH]c(=O)n(C)c3nc12,600e266e143c648a,4
,,,CCCC(=O)c1cc(C#N)c(N2CCC(C(=O)NS(=O)(=O)C(C)c3ccccc3)CC2)nc1C,7156a7ba17f42b0a,2
metoprolol,DTXSID2023309,51384-51-1,COCCc1ccc(OCC(O)CNC(C)C)cc1,d15f2980711f397d,21
,,,CCOC(=O)c1cc(C#N)c(N2CCC(NC(=O)NS(=O)(=O)Cc3ccccc3)CC2)nc1C,38c6a5b1b142e225,4
apigenin,DTXSID6022391,520-36-5,O=c1cc(-c2ccc(O)cc2)oc2cc(O)cc(O)c12,6c52be31cd13c3f5,6
6-(3-chloro-4-methoxyphenyl)-4-pyrimidinecarboxylic acid,DTXSID401351985,1207724-97-7,COc1ccc(-c2cc(C(=O)O)ncn2)cc1Cl,47957e2bf9b588dd,7
,,,CCCN(c1cccnc1)P(=O)(c1ccccc1)c1ccccc1,7dcdd51c9ac1548c,17
,,,O=C(O)[C@H]1[C@@H]2CN(c3ccc(C(=O)N4CCC(c5cccnc5)C4)c(SC4CCCC4)n3)C[C@@H]21,e574d2f36e690f91,8
"6-(1,3-benzodioxol-5-yl)-n-[(2-methyl-1,3-thiazol-4-yl)methyl]-4-quinazolinamine",DTXSID601351993,1222891-88-4,Cc1nc(CNc2ncnc3ccc(-c4ccc5c(c4)OCO5)cc23)cs1,244b904f6a5a8ac9,16
4-({1-[(5-chloro-1-methyl-1h-pyrazol-4-yl)carbonyl]-4-piperidinyl}amino)-6-fluoro-2(1h)-quinolinone,DTXSID201352125,1613288-82-6,Cn1ncc(C(=O)N2CCC(Nc3cc(=O)[nH]c4ccc(F)cc34)CC2)c1Cl,aa820ff909becb6b,3
sulfamethizole,DTXSID5023615,144-82-1,Cc1nnc(NS(=O)(=O)c2ccc(N)cc2)s1,cf172f7cfe1d4372,6
,,,COc1cc(OC)cc(-c2cc(NC(C)=O)nc(-n3nc(C)cc3C)n2)c1,6f194d88d195fa12,9
"benzenesulfonamide, 4-(2,5-dihydro-5-oxo-4-phenyl-3-furanyl)-",DTXSID30432259,639785-67-4,NS(=O)(=O)c1ccc(C2=C(c3ccccc3)C(=O)OC2)cc1,12b5df6112518158,4
,,,O=C1CCCN1Cc1c(F)cc(-n2nc(C(F)(F)F)c3c2CCOC3)cc1F,b80b9cc85c7823a6,13
"3,4-dihydroxycinnamic acid",DTXSID5020231,331-39-5,O=C(O)C=Cc1ccc(O)c(O)c1,09701ccbb35e4bb8,6
3-(1h-pyrazol-1-ylmethyl)benzoic acid,DTXSID00361421,562803-68-3,O=C(O)c1cccc(Cn2cccn2)c1,aa4b09691955e48e,8
guanoxan,DTXSID3046166,2165-19-7,N=C(N)NCC1COc2ccccc2O1,2d42a49958f624c8,11
safotibant,DTXSID20212769,633698-99-4,COc1cc(C)c(S(=O)(=O)N(C)CCOCC(=O)N(C)Cc2ccc(C3=NCCN3)cc2)c(C)c1,16467619bc8947b3,1
,,,CC[C@]1(C)NC(=O)c2cc(S(=O)(=O)Nc3ccc(C(F)(F)F)cc3F)ccc2NC1=O,614876912812d734,15
n2-acetyl-n-(2-phenylethyl)glycinamide,DTXSID001352343,52201-07-7,CC(=O)NCC(=O)NCCc1ccccc1,2eefce1f614a0b77,11
,,,COc1ncnc(Cn2cc(C(=O)NCCF)c3ncc(C)cc32)c1C,cba881236a9125b0,12
"4-(6,6-dimethyl-4-oxo-3-trifluoromethyl-4,5,6,7-tetrahydro-indazol-1-yl)-2-(trans-4-hydroxy-cyclohexylamino)-benzamide",DTXSID601025695,908112-43-6,CC1(C)CC(=O)c2c(C(F)(F)F)nn(-c3ccc(C(N)=O)c(N[C@H]4CC[C@H](O)CC4)c3)c2C1,fcc9cc28e30a699c,2
"1-(4-benzoyl-1-piperazinyl)-2-[4-fluoro-7-(1h-1,2,3-triazol-1-yl)-1h-pyrrolo[2,3-c]pyridin-3-yl]-1,2-ethanedione",DTXSID701352356,619331-12-3,O=C(C(=O)N1CCN(C(=O)c2ccccc2)CC1)c1c[nH]c2c(-n3ccnn3)ncc(F)c12,554b3bb50ff95b14,2
,,,COCC[C@H](CC1(C(=O)NC2(CO)Cc3ccccc3C2)CCCC1)C(=O)O,20bfe0fbad0f3a79,4
,,,Cc1cc(-c2cccc(Oc3ccc4c(c3)c(=O)ncn4Cc3c(F)cc(F)cc3F)c2C(F)(F)F)cnc1N,5d774b88150d6f69,12
,,,COC(=O)c1ccc(-c2cccc(O[C@H]3O[C@H](CO)[C@@H](O)[C@H](O)[C@@H]3O)c2)cc1,0122d2305e901df1,3
hydralazine,DTXSID4023129,86-54-4,NNc1nncc2ccccc12,9874c2e31ebcc802,2
1-{3-[(1h-pyrazol-1-yl)methyl]phenyl}methanamine,DTXSID50586309,562803-76-3,NCc1cccc(Cn2cccn2)c1,8f06175e8c6d9cd2,17
bms 433771,DTXSID20191469,380603-10-1,O=c1n(Cc2nc3ccccc3n2CCCO)c2cnccc2n1C1CC1,6bbfec7ca3c8d18f,4
4-fluoropyridine,DTXSID50219524,694-52-0,Fc1ccncc1,e270016983f8c4bc,1
3-[(carbamoyloxy)methyl]-7-[2-(2-furanyl)(methoxyimino)acetamido]-8-oxo-5-thia-1-azabicyclo[4.2.0]oct-2-ene-2-carboxylic acid,DTXSID00860681,1089673-09-5,CON=C(C(=O)NC1C(=O)N2C(C(=O)O)=C(COC(N)=O)CSC12)c1ccco1,a69caf8d5e5243bd,9
isoevodiamine,DTXSID401347170,5956-87-6,CN1c2ccccc2C(=O)N2CCc3c([nH]c4ccccc34)C21,4dc7aa9419a3416c,4
dirlotapide,DTXSID00897432,481658-94-0,CN(Cc1ccccc1)C(=O)[C@@H](NC(=O)c1cc2cc(NC(=O)c3ccccc3-c3ccc(C(F)(F)F)cc3)ccc2n1C)c1ccccc1,3a3ea0ab9c156888,3
,,,CCCC(=O)c1cc(C#N)c(N2CCC(C(=O)NS(=O)(=O)Cc3ccc(F)cc3F)CC2)nc1C,09004d5f4aeac7c5,2
"n-(3,4-dimethylphenyl)-2-oxo-1,2,3,4-tetrahydro-6-quinolinesulfonamide",DTXSID801352559,899717-26-1,Cc1ccc(NS(=O)(=O)c2ccc3c(c2)CCC(=O)N3)cc1C,6cf376dcef388855,18
,,,COc1ccc(-c2nc(=O)n(CCC3CCCO3)c3c2oc2ncc(-c4cnn(C)c4)cc23)cn1,841425b0d4a418e4,12
,,,CNc1ccc(-c2nc(=O)n(CCC3CCCO3)c3c2oc2ncc(-c4cnn(C)c4)cc23)cn1,b07927d81789aa26,7
,,,CCOC(=O)c1cc(C#N)c(N2CC(NC(=O)NS(=O)(=O)c3ccccc3)C2)nc1C,ae9852c6140137b3,13
sapitinib,DTXSID50233942,848942-61-0,CNC(=O)CN1CCC(Oc2cc3c(Nc4cccc(Cl)c4F)ncnc3cc2OC)CC1,2ef80f74a383d314,1
"(e)-3,4-dimethoxycinnamic acid",DTXSID501016475,14737-89-4,COc1ccc(/C=C/C(=O)O)cc1OC,6de314fe341faa60,8
,,,COc1cc2c(CNS(=O)(=O)C(F)(F)F)cnc(C(=O)c3cccc(OC(C)C)c3)c2cc1OC,174200f5dc578b0f,3
"n8-(cyclopropylmethyl)-n4-[2-(methylsulfanyl)phenyl]-2-(1-piperazinyl)pyrimido[5,4-d]pyrimidine-4,8-diamine",DTXSID101352027,1303469-70-6,CSc1ccccc1Nc1nc(N2CCNCC2)nc2c(NCC3CC3)ncnc12,2381eea3cba7ac02,4
(+/-)-folinic acid,DTXSID30859023,22350-60-3,Nc1nc(=O)c2c([nH]1)NCC(CNc1ccc(C(=O)NC(CCC(=O)O)C(=O)O)cc1)N2C=O,00b65316910dd301,1
,,,CC1CCN(S(=O)(=O)c2cn(Cc3ccc(F)cc3)c3cnc4c(c23)CCN(O)C4=O)CC1,27dfca8c1e6f4d6e,7
n-(2-cyclopropylethyl)-6-{4-[5-fluoro-2-(trifluoromethyl)benzoyl]-1-piperazinyl}-3-pyridazinecarboxamide,DTXSID201352432,840489-44-3,O=C(NCCC1CC1)c1ccc(N2CCN(C(=O)c3cc(F)ccc3C(F)(F)F)CC2)nn1,2d6b305275e5390e,5
"4-[4-(2-methoxyphenyl)-1-piperazinyl]-1-phenyl-1h-pyrazolo[3,4-d]pyrimidine",DTXSID301352297,393845-92-6,COc1ccccc1N1CCN(c2ncnc3c2cnn3-c2ccccc2)CC1,c7310bf4353c55f6,13
"n-(4-{[(2,4-diaminopteridin-6-yl)methyl](methyl)amino}benzoyl)glutamic acid",DTXSID40859034,60388-53-6,CN(Cc1cnc2nc(N)nc(N)c2n1)c1ccc(C(=O)NC(CCC(=O)O)C(=O)O)cc1,625006f02854d7ba,4
n-allyl-2-(allylamino)nicotinamide,DTXSID101352146,1620584-25-9,C=CCNC(=O)c1cccnc1NCC=C,ce2255b6415f671c,4
"2,3-dimethoxy-5,6,7a,8,8a,11,12a,12b,12c,13-decahydro-14h-7,9-methano-12-oxa-7,14a-diazacyclohepta[1,2,3-cd]cyclopenta[g]fluoranthen-14-one",DTXSID10859344,1358802-83-1,COc1cc2c(cc1OC)C13CCN4CC5=CCOC6CC(=O)N2C1C6C5CC43,89a3fb6fe3c25c54,4
2-acetamido-3-phenylpropanamide,DTXSID80322474,7469-24-1,CC(=O)NC(Cc1ccccc1)C(N)=O,95f6bdd34a7b9c88,10
bms-582949,DTXSID90211380,623152-17-0,CCCNC(=O)c1cn2ncnc(Nc3cc(C(=O)NC4CC4)ccc3C)c2c1C,671d175e413abf6f,3
,,,Nc1ccc(-c2cnc(NC(=O)CN(Cc3ccccc3)C(=O)c3ccncc3)s2)cn1,2bac0980acb10c23,6
,,,Nc1cnc2nnn(Cc3ccc4ncccc4c3)c2n1,c486a6c034fecf6f,6
,,,COc1ccc(-c2nnc(C(=O)N3CCC(Oc4ccc(CN5CCCC5)nc4)CC3)o2)cc1,06db9d62e0ee8d14,8
galangin,DTXSID70203288,548-83-4,O=c1c(O)c(-c2ccccc2)oc2cc(O)cc(O)c12,86bc4fe1bf8e34f9,4
α-[2-[bis(1-methylethyl)amino]ethyl]-α-phenyl-3-pyridineacetamide,DTXSID001168651,5005-51-6,CC(C)N(CCC(C(N)=O)(c1ccccc1)c1cccnc1)C(C)C,24c44c3458d37fcc,12
,,,NC(=O)c1cncc(-c2ccc([C@H]3CC[C@H](CCO)CC3)cc2)n1,db3ac672f89aea3f,4
,,,O=C(c1ccc(-n2nc(C(F)(F)F)c3c2COCC3)cc1)N1CCCC1,c4290e335cf4bc8d,9
,,,CC1(C)NC(=O)c2cc(S(=O)(=O)Nc3ccc(C(F)(F)F)cc3)c(F)cc2NC1=O,a53b8ab4939baf07,8
promazine,DTXSID2023517,58-40-2,CN(C)CCCN1c2ccccc2Sc2ccccc21,31675acf6558939a,10
,,,O=C(NOCc1ccccc1)Nc1ccc2c(-c3ccncc3)c[nH]c2c1,a6cf6c985aac9bde,1
,,,Nc1ncnc2c1C(=O)N(c1ccc(-c3ccc(CC(=O)N4CC[C@@H](O)C4)cc3Cl)cc1)CCO2,8f305560dcb3ef02,18
,,,COc1cc(C)c(S(=O)(=O)NC(=O)c2cccc3cccnc23)cc1-c1ccc(C#CCO)s1,dbec52ae450d5e59,10
,,,C[C@@H]1CN(c2cc(=O)c3cc(C(=O)N(C)C)cc(CN4CCOc5c(F)cccc54)c3o2)CCO1,737e1715fa13850d,7
,,,COc1ccnc(Oc2ccc3c(c2)c(=O)ncn3Cc2c(F)cc(F)cc2F)c1C(F)(F)F,10b62d6f249b2976,4
"n-{2-[6-(4-ethyl-1-piperazinyl)-3-pyridinyl]-2-propanyl}-2-fluoro-9-oxo-9,10-dihydro-3-acridinecarboxamide",DTXSID401352345,566161-24-8,CCN1CCN(c2ccc(C(C)(C)NC(=O)c3cc4[nH]c5ccccc5c(=O)c4cc3F)cn2)CC1,0524e26726963840,5
phenylmethyl n-[(1s)-2-amino-2-oxo-1-(phenylmethyl)ethyl]carbamate,DTXSID301164989,4801-80-3,NC(=O)[C@H](Cc1ccccc1)NC(=O)OCc1ccccc1,8533adc9593df474,7
"2-{3-[(4-methylphenyl)carbamoyl]-4-(1-piperidinyl)phenyl}-1,3-dioxo-5-isoindolinecarboxylic acid",DTXSID001352379,690689-90-8,Cc1ccc(NC(=O)c2cc(N3C(=O)c4ccc(C(=O)O)cc4C3=O)ccc2N2CCCCC2)cc1,8fb2bdcba12ae8e1,4
,,,CCCC(=O)c1cc(C#N)c(N2CCC(C(=O)NS(=O)(=O)Cc3ccc(C)c(F)c3)CC2)nc1C,139f7acce2bab325,4
"7,4'-dimethoxyflavone",DTXSID40332791,20979-50-4,COc1ccc(-c2cc(=O)c3ccc(OC)cc3o2)cc1,b131fba472dc9252,6
"ethyl n-(2,6-difluorobenzoyl)-4-(1,3,6-trimethyl-2,4-dioxo-1,2,3,4-tetrahydro-5-pyrimidinyl)-l-phenylalaninate",DTXSID101352277,343851-28-5,CCOC(=O)[C@H](Cc1ccc(-c2c(C)n(C)c(=O)n(C)c2=O)cc1)NC(=O)c1c(F)cccc1F,adf84a1727988bc0,11
hispidulin,DTXSID30162786,1447-88-7,COc1c(O)cc2oc(-c3ccc(O)cc3)cc(=O)c2c1O,634c09d196726f31,3
phencyclidine,DTXSID6023446,77-10-1,c1ccc(C2(N3CCCCC3)CCCCC2)cc1,92edc8c593cec371,1
,,,CCCC(=O)c1cc(C#N)c(N2CCC(C(=O)NS(=O)(=O)Cc3ccccc3)CC2)nc1C(F)F,e36932cb5d780616,3
practolol,DTXSID0021179,6673-35-4,CC(=O)Nc1ccc(OCC(O)CNC(C)C)cc1,7c6562fd7c3b07bf,15
,,,COc1cc(S(=O)(=O)Nc2ccc(C(F)(F)F)cc2)cc2c1NC(=O)C(C)(C)NC2=O,0b65e762137d2791,12
1-[[4-cyano-4-(4-methyl-2-pyridinyl)-1-piperidinyl]methyl]-4-oxo-4h-quinolizine-3-carboxylic acid,DTXSID101115431,1144504-36-8,Cc1ccnc(C2(C#N)CCN(Cc3cc(C(=O)O)c(=O)n4ccccc34)CC2)c1,120dc9ba9137a971,4
,,,CC(Nc1ccccc1)c1cc(C(=O)NCCN(C)C)cn2c(=O)cc(N3CCOCC3)nc12,f3f9052e2beee700,8
3-(4-((2-methylphenyl)ethynyl)phenyl)propanoic acid,DTXSID00648885,1082058-99-8,Cc1ccccc1C#Cc1ccc(CCC(=O)O)cc1,6da0d904ae0cc118,8
formononetin,DTXSID4022311,485-72-3,COc1ccc(-c2coc3cc(O)ccc3c2=O)cc1,f6af9f585ebf71e5,8
,,,CCc1c2nc(-c3cc(S(=O)(=O)N4CCN(CC)CC4)cnc3OCCOC)[nH]c(=O)c2nn1CC(C)C,6ee1306c93206029,11
4-[3-(4-fluorophenoxy)-5-({[4-(4-fluorophenyl)-4-hydroxy-1-piperidinyl]carbonyl}amino)phenoxy]benzoic acid,DTXSID501352081,1428899-75-5,O=C(O)c1ccc(Oc2cc(NC(=O)N3CCC(O)(c4ccc(F)cc4)CC3)cc(Oc3ccc(F)cc3)c2)cc1,9d982782a3973220,17
,,,O=S(=O)(Nc1ccc2c(-c3ccncc3)c[nH]c2c1)c1ccccc1,f359da93e9b1679c,13
,,,COc1cccc(S(=O)(=O)NC(=O)c2cc(-c3ccc(C#CCO)s3)c(OC)cc2OC)c1,3cb5d8a73f038e5b,8
,,,Cc1nc(NC(=O)C2(C)CCCCC2)sc1-c1ccc(N)nc1,5c372a9f95627e03,2
,,,C[C@@H]1CN(c2cc(=O)c3cc(C(=O)N4CCOCC4)cc(CN4CCOc5c(F)cccc54)c3o2)CCO1,52872017ef1a28ba,3
(±)-laudanosine,DTXSID00871873,1699-51-0,COc1ccc(CC2c3cc(OC)c(OC)cc3CCN2C)cc1OC,49ae7b31da2654b2,9
,,,Cc1ncc(CNC2CCN(CCn3c(=O)ccc4ccc(C#N)cc43)CC2)cc1C#N,a82e136c4d758123,4
benzyl 1-acetyl-2-[4-(methylsulfonyl)benzyl]prolinate,DTXSID801351999,1228439-36-8,CC(=O)N1CCCC1(Cc1ccc(S(C)(=O)=O)cc1)C(=O)OCc1ccccc1,eaae09aa94365c95,6
,,,CC(=O)N(C)CCCc1cn(Cc2ccc(F)cc2)c2cnc3c(c12)CCN(O)C3=O,71ed3fa5c6522b75,2
pexacerfont,DTXSID60196675,459856-18-9,CC[C@@H](C)Nc1nc(C)nc2c(-c3ccc(OC)nc3C)c(C)nn12,c97e8431715760bb,10
,,,COc1cnc2ccc(=O)n(CCN3CC[C@@H](NCc4cnc(C)c(C#N)c4)[C@@H](OC)C3)c2c1,17c7ea9d4ed726b2,2
,,,CC1(C)NC(=O)c2cc(S(=O)(=O)Nc3ccc(C(F)(F)F)cc3)ccc2NC1=O,dbe34cd0bc443afe,11
,,,N#Cc1ccc2ccc(=O)n(CCN3CCC(NCc4cc5c(cn4)OCCO5)CC3)c2c1,1e2bf53c233f271a,3
,,,COc1cnc2ccc(=O)n(CCN3CC[C@@H](NCc4ccc5c(n4)NC(=O)CO5)[C@@H](F)C3)c2c1,bcd3a716d3658eab,7
4-(1h-benzimidazol-1-ylmethyl)benzoic acid,DTXSID10370726,139742-50-0,O=C(O)c1ccc(Cn2cnc3ccccc32)cc1,b94fdea80bc53477,7
,,,CCC1(C)NC(=O)c2cc(S(=O)(=O)Nc3ccc(C(F)(F)F)cc3OC)cc(Cl)c2NC1=O,d604440929033534,13
3-{6-[1-(4-methylphenyl)-3-(pyrrolidin-1-yl)prop-1-en-1-yl]pyridin-2-yl}prop-2-enoic acid,DTXSID30861101,NOCAS_861101,Cc1ccc(C(=CCN2CCCC2)c2cccc(C=CC(=O)O)n2)cc1,065a6eca310c44b5,12
"1,3-thiazol-5-ylmethyl {(2s,3r)-4-[({2-[ethyl(methyl)amino]-1,3-benzoxazol-6-yl}carbonyl)(isobutyl)amino]-3-hydroxy-1-phenyl-2-butanyl}carbamate",DTXSID201351965,1160489-55-3,CCN(C)c1nc2ccc(C(=O)N(CC(C)C)C[C@@H](O)[C@H](Cc3ccccc3)NC(=O)OCc3cncs3)cc2o1,c39c341f8f017932,6
"(3r,4s)-tetrahydro-n-hydroxy-4-[[4-[[2-(trifluoromethyl)-1h-benzimidazol-1-yl]methyl]benzoyl]amino]-3-furancarboxamide",DTXSID401105722,503166-62-9,O=C(N[C@@H]1COC[C@@H]1C(=O)NO)c1ccc(Cn2c(C(F)(F)F)nc3ccccc32)cc1,54010258f5a60069,14
,,,CCc1c2nc(-c3cc(S(=O)(=O)N4CCN(C)CC4)cnc3OCCOC)[nH]c(=O)c2nn1CC(C)C,a847b6973ff353f8,9
"2-(3,4-dihydroxyphenyl)-5-hydroxy-3,6,7-trimethoxy-4h-1-benzopyran-4-one",DTXSID70933694,14965-20-9,COc1cc2oc(-c3ccc(O)c(O)c3)c(OC)c(=O)c2c(O)c1OC,b455c9af9e0a7b58,11
"2,3-bis[(3-hydroxyphenyl)methyl]butane-1,4-diol",DTXSID10861023,76543-16-3,OCC(Cc1cccc(O)c1)C(CO)Cc1cccc(O)c1,73ed15e1d9a46752,9
nvp-aew541,DTXSID60467110,475489-16-8,Nc1ncnc2c1c(-c1cccc(OCc3ccccc3)c1)cn2C1CC(CN2CCC2)C1,45ee31e1fd49d753,15
deferiprone,DTXSID6040666,30652-11-0,Cc1c(O)c(=O)ccn1C,8afeb57234718630,1
1-methyl-n-[3-methyl-4-(trifluoromethyl)phenyl]-4-[(4-pyridinylmethyl)amino]-1h-pyrazole-5-carboxamide,DTXSID401112567,929910-37-2,Cc1cc(NC(=O)c2c(NCc3ccncc3)cnn2C)ccc1C(F)(F)F,8b5506798f174351,14
4-(dimethylamino)-n-[5-[(2-sulfanylacetyl)amino]pentyl]benzamide,DTXSID20460682,827036-76-0,CN(C)c1ccc(C(=O)NCCCCCNC(=O)CS)cc1,09c00ef9d99ae9ff,6
"n-{3-[3-tert-butyl-2-methoxy-5-(2-oxo-1,2-dihydro-3-pyridinyl)phenyl]-1-oxo-1h-isochromen-7-yl}methanesulfonamide",DTXSID601352010,1256488-36-4,COc1c(-c2cc3ccc(NS(C)(=O)=O)cc3c(=O)o2)cc(-c2ccc[nH]c2=O)cc1C(C)(C)C,7bd98fc5431763d0,17
dl-phenylalanine,DTXSID9023463,150-30-1,NC(Cc1ccccc1)C(=O)O,0eaa21de3129e04f,13
,,,CNc1ccc(-c2nc(=O)n(CCC3CCCCO3)c3c2oc2ncc(-c4cnn(C)c4)cc23)cn1,c897695e32282dba,3
cilostazol,DTXSID9045132,73963-72-1,O=C1CCc2cc(OCCCCc3nnnn3C3CCCCC3)ccc2N1,a58214eba0a6453f,5
n~2~-(4-fluorobenzene-1-sulfonyl)-n-(4-methyl-1-oxopentan-2-yl)valinamide,DTXSID80622709,190274-53-4,CC(C)CC(C=O)NC(=O)C(NS(=O)(=O)c1ccc(F)cc1)C(C)C,d0e092e6eead9278,9
1-benzyl-1h-benzimidazole,DTXSID60340297,4981-92-4,c1ccc(Cn2cnc3ccccc32)cc1,1aa3d3ca5bd071a5,4
,,,CC1(C)NC(=O)c2c(ccc(S(=O)(=O)Nc3ccc(C(F)(F)F)cc3)c2F)NC1=O,c44045654c1953b2,4
"aniline, p,p'-diselenodi-",DTXSID10189012,35507-35-8,Nc1ccc([Se][Se]c2ccc(N)cc2)cc1,93c3c0ed1b5845cc,16
,,,CC(C)OCCOCc1cn(Cc2ccc(F)cc2)c2cnc3c(c12)CCN(O)C3=O,fc7e9dea1789017c,6
mivotilate,DTXSID90156348,130112-42-4,Cc1csc(NC(=O)C(C(=O)OC(C)C)=C2SCS2)n1,64f5ea8c00200c4f,3
dichotomin a,DTXSID901352176,172430-43-2,CC(C)C[C@@H]1NC(=O)[C@H](Cc2ccccc2)NC(=O)[C@H]([C@@H](C)O)NC(=O)CNC(=O)[C@H](C(C)C)NC(=O)[C@H](Cc2ccc(O)cc2)NC1=O,f047dc23930957aa,1
pefloxacin,DTXSID3048493,70458-92-3,CCn1cc(C(=O)O)c(=O)c2cc(F)c(N3CCN(C)CC3)cc21,869d20914a379281,5
,,,CCOC(=O)c1cc(C#N)c(N2CC(NC(=O)NS(=O)(=O)Cc3ccccc3)C2)nc1C,6811a76209920955,20
,,,O=c1ncn(Cc2c(F)cc(F)cc2F)c2ccc(Oc3cccc(-c4ccc5[nH]ccc5c4)c3C(F)(F)F)cc12,61498c24654f1b2a,14
risperidone,DTXSID8045193,106266-06-2,Cc1nc2n(c(=O)c1CCN1CCC(c3noc4cc(F)ccc34)CC1)CCCC2,3d1d62f513cc1775,8
h-244/45,DTXSID60874749,NOCAS_874749,CCC(=O)Nc1ccc(OCC(O)CNC(C)C)cc1,337b152040040a1b,12
"1-[4-(4-bromophenyl)-1,3-thiazol-2-yl]piperidine-4-carboxylic acid",DTXSID00391122,296899-02-0,O=C(O)C1CCN(c2nc(-c3ccc(Br)cc3)cs2)CC1,3fdda939bf9cf3cb,7
"8-bromoindolo[2,1-b]quinazoline-6,12-dione",DTXSID801352361,65618-05-5,O=C1c2cc(Br)ccc2-n2c1nc1ccccc1c2=O,c9f49e76dc3333dc,1
alfentanil,DTXSID9022570,71195-58-9,CCC(=O)N(c1ccccc1)C1(COC)CCN(CCn2nnn(CC)c2=O)CC1,f336de09c5f249ff,5
,,,O=C(c1nnc(-c2ccc(OC(F)F)cc2)o1)N1CCC(Oc2ccc(CN3CCCC3)cc2)CC1,0e36c703f38b6328,2
"n-[5-(3,5-difluorobenzyl)-1h-indazol-3-yl]-4-(1-piperazinyl)-2-(tetrahydro-2h-pyran-4-ylamino)benzamide",DTXSID101351948,1108743-80-1,O=C(Nc1n[nH]c2ccc(Cc3cc(F)cc(F)c3)cc12)c1ccc(N2CCNCC2)cc1NC1CCOCC1,e7f5e620acbdba56,1
,,,COc1ccc(-c2nnc(C(=O)N3CC(Oc4ccc(CN5CCCC5)cc4)C3)o2)cc1,1db225b16425d470,5
,,,COc1cc(N)c(Cl)cc1C(=O)NC1CCN(CCCOc2ccc(F)cc2)CC1OC,de0911430b43e239,1
heptylenebis-tacrine,DTXSID10429546,181865-13-4,c1ccc2c(NCCCCCCCNc3c4c(nc5ccccc35)CCCC4)c3c(nc2c1)CCCC3,d321a6122e99bf6c,5
,,,COc1cnc2ccc(=O)n(CCN3CCC(NC(=O)c4cnc(C)c(C#N)c4)CC3)c2c1,13f44e07ec8934a8,2
,,,CC(Nc1cc(F)ccc1F)c1cc(C(=O)N(C)C)cc2c(=O)cc(N3CCOCC3)oc12,a10acd1000220c51,7
,,,COc1cc(C#N)c2ccc(=O)n(CCN3CCC(NCc4cnc(C)c(C#N)c4)CC3)c2c1,cf7e3a48c4e021e7,4
,,,Cn1cc(-c2cnc3oc4c(-c5ccncc5)nc(=O)n(CCC5CCCO5)c4c3c2)cn1,971aaa526729cd81,8
,,,CN(C)C(=O)c1cc(CN(C)c2cc(F)cc(F)c2)c2oc(N3CCOCC3)cc(=O)c2c1,fe18808d835755c7,12
,,,COc1cncc(-c2nc(=O)n(CCC3CCCO3)c3c2oc2ncc(-c4cnn(C)c4)cc23)c1,bfa74c2e4cc81a01,15
entrectinib,DTXSID101026450,1108743-60-7,CN1CCN(c2ccc(C(=O)Nc3n[nH]c4ccc(Cc5cc(F)cc(F)c5)cc34)c(NC3CCOCC3)c2)CC1,34ad9d3c77caf806,1
"8-fluoroindolo[2,1-b]quinazoline-6,12-dione",DTXSID101352172,169037-58-5,O=C1c2cc(F)ccc2-n2c1nc1ccccc1c2=O,85f1c8afe9e83f9f,1
cromolyn,DTXSID4022860,16110-51-3,O=C(O)c1cc(=O)c2c(OCC(O)COc3cccc4oc(C(=O)O)cc(=O)c34)cccc2o1,a8f824ac1c3c687c,3
"7-[2-(2-amino-1,3-thiazol-4-yl)(methoxyimino)acetamido]-3-{[(6-hydroxy-2-methyl-5-oxo-2,5-dihydro-1,2,4-triazin-3-yl)sulfanyl]methyl}-8-oxo-5-thia-1-azabicyclo[4.2.0]oct-2-ene-2-carboxylic acid",DTXSID60860960,NOCAS_860960,CON=C(C(=O)NC1C(=O)N2C(C(=O)O)=C(CSc3nc(=O)c(O)nn3C)CSC12)c1csc(N)n1,c0888a5b9f3f2eb4,1
"3-[[(5-methyl-1,3,4-thiadiazol-2-yl)thio]methyl]-8-oxo-7-[[2-(1h-tetrazol-1-yl)acetyl]amino]-5-thia-1-azabicyclo[4.2.0]oct-2-ene-2-carboxylic acid",DTXSID10860354,438540-91-1,Cc1nnc(SCC2=C(C(=O)O)N3C(=O)C(NC(=O)Cn4cnnn4)C3SC2)s1,f32672b0fc0fc453,1
"1,3-dimethoxy-5-(prop-2-en-1-yl)-2-{[1-(3,4,5-trimethoxyphenyl)propan-2-yl]oxy}benzene",DTXSID50925557,126456-04-0,C=CCc1cc(OC)c(OC(C)Cc2cc(OC)c(OC)c(OC)c2)c(OC)c1,1d6f19c29780ceeb,2
(4-cyclopropylpiperazin-1-yl)(4-(morpholin-4-ylmethyl)phenyl)methanone,DTXSID001026045,929622-08-2,O=C(c1ccc(CN2CCOCC2)cc1)N1CCN(C2CC2)CC1,36a9c9563a7ef240,2
4-{[3-(2-fluoro-6-methoxyphenoxy)-1-azetidinyl]methyl}-5-methyl-1-phenyl-1h-pyrazole,DTXSID201352006,1245469-44-6,COc1cccc(F)c1OC1CN(Cc2cnn(-c3ccccc3)c2C)C1,f76b05d868b535a4,1
"benzimidazole,1-m-cyanobenzyl",DTXSID30877686,NOCAS_877686,N#Cc1cccc(Cn2cnc3ccccc32)c1,70ce7cd87179fbbc,6
kaempferol,DTXSID7020768,520-18-3,O=c1c(O)c(-c2ccc(O)cc2)oc2cc(O)cc(O)c12,683c016efdeebd13,8
4-cyclopentyl-6-(1-piperazinyl)-2-pyrimidinamine,DTXSID901351861,1013105-41-3,Nc1nc(C2CCCC2)cc(N2CCNCC2)n1,c3c9f24977d847fb,10
methyl 6-[(5-cyano-2-pyrazinyl)amino]-4-[(4-piperidinylmethyl)amino]nicotinate,DTXSID401351961,1137475-91-2,COC(=O)c1cnc(Nc2cnc(C#N)cn2)cc1NCC1CCNCC1,726629139ffd8ece,2
,,,CCC1(C)NC(=O)c2cc(S(=O)(=O)Nc3ccc(C(F)(F)F)cc3)ccc2NC1=O,6d8b02398ec65c77,17
,,,CCOC(=O)c1cc(C#N)c(N2CCN(C(=O)NS(=O)(=O)c3ccc(Cl)s3)CC2)nc1C(F)(F)F,9ba1ef50bbf4ad24,5
zaltoprofen,DTXSID0049076,74711-43-6,CC(C(=O)O)c1ccc2c(c1)CC(=O)c1ccccc1S2,28db346007a2ee3f,13
"n-(2-hydroxyethyl)-1-[(6-methoxy-5-methyl-4-pyrimidinyl)methyl]-6-methyl-1h-pyrrolo[3,2-b]pyridine-3-carboxamide",DTXSID101352108,1494675-86-3,COc1ncnc(Cn2cc(C(=O)NCCO)c3ncc(C)cc32)c1C,94460c1e543a1713,6
,,,NC(=O)c1cncc(-c2ccc([C@H]3CC[C@H](CC(=O)O)CC3)cc2)n1,a075f5b5f259eea1,2
,,,O=C(NCc1ccc(F)cc1)C1C(=O)N(O)C(=O)c2ccccc21,ae2a4d14b7433fee,8
,,,COCC(C)Oc1cc(Oc2ccc(S(C)(=O)=O)cc2)cc(C(=O)Nc2nccs2)c1,3020b443ee6bd7fb,6
,,,CNCc1cnc(C)cc1Oc1ccccc1Oc1ccccc1,dfdf2d50f2b81e9b,12
cillin,DTXSID20274362,7005-30-3,CC1(C)SC2C(NC(=O)Cc3ccccc3)C(=O)N2C1C(=O)O,21d4ce2e7f34eab8,13
"3,4-dimethoxycinnamic acid",DTXSID10871869,2316-26-9,COc1ccc(C=CC(=O)O)cc1OC,1a5f5729e85483ef,6
1-{[4-(4-cyanophenyl)-1-piperazinyl]methyl}-4-oxo-4h-quinolizine-3-carboxylic acid,DTXSID901351966,1174207-12-5,N#Cc1ccc(N2CCN(Cc3cc(C(=O)O)c(=O)n4ccccc34)CC2)cc1,d92a19492c1b0fee,8
alprenolol,DTXSID0045127,13655-52-2,C=CCc1ccccc1OCC(O)CNC(C)C,add6ce1b365d287b,16
3'-desoxy-2-fluoradenosin,DTXSID30432315,15386-69-3,Nc1nc(F)nc2c1ncn2[C@@H]1O[C@H](CO)C[C@H]1O,52985b462cec2d58,8
"3,3'-(tetrabromophthalidylidene)bis[6-hydroxybenzenesulfonic acid]",DTXSID4075378,297-83-6,O=C1OC(c2ccc(O)c(S(=O)(=O)O)c2)(c2ccc(O)c(S(=O)(=O)O)c2)c2c(Br)c(Br)c(Br)c(Br)c21,ee6e318c0027caa6,1
rac-linezolid,DTXSID40861435,224323-50-6,CC(=O)NCC1CN(c2ccc(N3CCOCC3)c(F)c2)C(=O)O1,a012eb6a0afb47df,6
,,,CCOC(=O)c1cc(C#N)c(N2CCN(C(=O)NS(=O)(=O)c3ccc(C)cc3)CC2)nc1C(F)(F)F,4632e87bddc0ee8b,5
,,,CN(C)S(=O)(=O)c1cn(Cc2ccc(F)cc2)c2cnc3c(c12)CCN(O)C3=O,1e1306dcc4185713,16
,,,COCCN(Cc1cc(C(=O)N(C)C)cc2c(=O)cc(N3CCOCC3)oc12)c1cc(F)cc(F)c1,0cade87d480a8148,7
"5-amino-1-cyclopropyl-7-(3,5-dimethylpiperazin-1-yl)-6,8-difluoro-4-oxo-1,4-dihydroquinoline-3-carboxylic acid",DTXSID9058652,111542-93-9,CC1CN(c2c(F)c(N)c3c(=O)c(C(=O)O)cn(C4CC4)c3c2F)CC(C)N1,6b50127d58d795d9,3
1-[3-[4-(1-piperidinylmethyl)phenoxy]propyl]piperidine,DTXSID70377579,398473-34-2,c1cc(OCCCN2CCCCC2)ccc1CN1CCCCC1,fe48169041a6ce5d,1
(r)-(+)-win 55212-2,DTXSID40894849,131543-22-1,Cc1c(C(=O)c2cccc3ccccc23)c2cccc3c2n1[C@H](CN1CCOCC1)CO3,fd6cf5b1b246d74f,2
,,,CC(Nc1ccccc1)c1cc(C(=O)N(C)CCO)cn2c(=O)cc(N3CCOCC3)nc12,99805f0f8c6c800e,4
,,,Cn1cc(-c2cnc3oc4c(-c5ccn(C)n5)nc(=O)n(CCC5CCCO5)c4c3c2)cn1,5bb5432ae9b17338,8
"3,3-dimethyl-6-[(5-methyl-3-phenyl-1,2-oxazole-4-carbonyl)amino]-7-oxo-4-thia-1-azabicyclo[3.2.0]heptane-2-carboxylic acid",DTXSID70859062,NOCAS_859062,Cc1onc(-c2ccccc2)c1C(=O)NC1C(=O)N2C1SC(C)(C)C2C(=O)O,5f78cdba330cfd92,8
,,,COc1ccc(-c2nnc(C(=O)N3CC(Oc4ccc(CN(C)C)c(F)c4)C3)o2)cc1,79ff52a22a767328,7
sumatriptan,DTXSID4023628,103628-46-2,CNS(=O)(=O)Cc1ccc2[nH]cc(CCN(C)C)c2c1,df0e376b47cb6970,20
,,,CCCCCn1cc(C(=O)c2cccc3ccccc23)c2ccncc21,4aea71a4c80d11dc,19
"n-[2-[[(2,3-difluorophenyl)methyl]thio]-6-[[(1r)-2-hydroxy-1-methylethyl]amino]-4-pyrimidinyl]-4-morpholinesulfonamide",DTXSID501105656,654074-09-6,C[C@H](CO)Nc1cc(NS(=O)(=O)N2CCOCC2)nc(SCc2cccc(F)c2F)n1,cb90d8bdbe0a6dc2,5
"(3r,4r)-n-hydroxy-4-(4-{[2-(trifluoromethyl)-1h-benzimidazol-1-yl]methyl}benzamido)tetrahydro-2h-pyran-3-carboxamide",DTXSID501352336,503166-51-6,O=C(N[C@@H]1CCOC[C@@H]1C(=O)NO)c1ccc(Cn2c(C(F)(F)F)nc3ccccc32)cc1,ea8b75e08569ccad,1
2-pyridin-2-yl-3h-benzimidazole-5-carboximidamide,DTXSID40434567,200112-19-2,N=C(N)c1ccc2nc(-c3ccccn3)[nH]c2c1,aa46f7df1b40b891,8
"2-(3,4-dihydroxyphenyl)-3,4-dihydro-2h-1-benzopyran-3,5,7-triol",DTXSID10859304,17334-50-8,Oc1cc(O)c2c(c1)OC(c1ccc(O)c(O)c1)C(O)C2,59ab4349f58c6373,9
tofacitinib,DTXSID90197271,477600-75-2,C[C@@H]1CCN(C(=O)CC#N)C[C@@H]1N(C)c1ncnc2[nH]ccc12,29fb113d7c223746,5
,,,Cc1ccc(Cn2cnc(=O)c3cc(Oc4ncccc4C(F)(F)F)ccc32)c(F)c1,93f14c0685745149,4
,,,COc1cc(C)c(C(=O)NS(=O)(=O)c2ccccc2)cc1-c1ccc(C#CCO)s1,6a5bb994f2b71375,8
(+/-)-bremazocine,DTXSID50868536,83829-76-9,CCC12CCN(CC3(O)CC3)C(Cc3ccc(O)cc31)C2(C)C,f360b87474f62d12,7
,,,CC1(C)NC(=O)c2cc(S(=O)(=O)Nc3ccc(F)cc3F)cc(C(F)(F)F)c2NC1=O,784115c9b133e92e,15
n2-(3-{2-cyano-6-[3-(trifluoromethyl)phenyl]-4-pyrimidinyl}propyl)-2-methylalaninamide,DTXSID901352471,871795-33-4,CC(C)(NCCCc1cc(-c2cccc(C(F)(F)F)c2)nc(C#N)n1)C(N)=O,fc54823bf9b8ca3b,11
n-{1-(cyclohexylmethyl)-2-[(5-ethoxy-2-pyridinyl)methyl]-1h-benzimidazol-5-yl}-n-methyl-2-thiophenesulfonamide,DTXSID801029798,1309682-69-6,CCOc1ccc(Cc2nc3cc(N(C)S(=O)(=O)c4cccs4)ccc3n2CC2CCCCC2)nc1,b7bb14c1ac6fffc1,5
"4-([1,2,4]triazolo[4,3-a]pyridin-3-ylsulfanyl)thieno[2,3-d]pyrimidine",DTXSID401352557,897295-28-2,c1ccn2c(Sc3ncnc4sccc34)nnc2c1,4ac52d9d8e68a5d9,2
,,,CCC1(C)NC(=O)c2cc(S(=O)(=O)Nc3ccc(OC)cc3)ccc2NC1=O,0458a2270a48afbd,16
,,,Cc1cc(S(=O)(=O)Nc2ccc(C(F)(F)F)cc2)cc2c1NC(=O)C(C)(C)NC2=O,433a11e1f34044a2,10
"2-amino-1-methyl-6-phenylimidazo [4,5-b]pyridine",DTXSID3037628,105650-23-5,Cn1c(N)nc2ncc(-c3ccccc3)cc21,2eb23590424eb507,2
1-{[4-cyano-4-(2-pyridinyl)-1-piperidinyl]methyl}-4-oxo-4h-quinolizine-3-carboxylic acid,DTXSID101351962,1144504-35-7,N#CC1(c2ccccn2)CCN(Cc2cc(C(=O)O)c(=O)n3ccccc23)CC1,487e5b97fc1841f3,9
quercetagetin,DTXSID80237978,90-18-6,O=c1c(O)c(-c2ccc(O)c(O)c2)oc2cc(O)c(O)c(O)c12,f668844e9d16c27c,5
"3-[[5-[(4-cyclobutylhexahydro-1h-1,4-diazepin-1-yl)carbonyl]-2-pyridinyl]oxy]benzonitrile",DTXSID901122470,959740-40-0,N#Cc1cccc(Oc2ccc(C(=O)N3CCCN(C4CCC4)CC3)cn2)c1,ccc63ebadeb0c1fa,13
"3-{[(2s)-1-methoxy-2-propanyl]oxy}-5-[4-(methylsulfonyl)phenoxy]-n-(3-methyl-1,2,4-thiadiazol-5-yl)benzamide",DTXSID001352448,863504-35-2,COC[C@H](C)Oc1cc(Oc2ccc(S(C)(=O)=O)cc2)cc(C(=O)Nc2nc(C)ns2)c1,9ce1103ced353cb2,5
,,,COc1ccc2ccc(=O)n(CCN3CCC(NCc4ccc5c(n4)NC(=O)CO5)CC3)c2n1,a127407d81021f6e,5
,,,Nc1ccc(-c2cnc(NC(=O)CN(Cc3ccccc3)C(=O)c3ccncc3)s2)cc1,e92106541af4dc63,2
(+/-)-camptothecin,DTXSID30274373,31456-25-4,CCC1(O)C(=O)OCc2c1cc1n(c2=O)Cc2cc3ccccc3nc2-1,15a01627c5049639,6
loxoprofen,DTXSID1045164,68767-14-6,CC(C(=O)O)c1ccc(CC2CCCC2=O)cc1,61e40a1d4717298a,21
"5-(methylamino)-2-(naphthalen-1-yl)-1,3-oxazole-4-carbonitrile",DTXSID801357161,847163-28-4,CNc1oc(-c2cccc3ccccc23)nc1C#N,164c6ebb8780d4d6,6
daunorubicin,DTXSID7022883,20830-81-3,COc1cccc2c1C(=O)c1c(O)c3c(c(O)c1C2=O)C[C@@](O)(C(C)=O)C[C@@H]3O[C@H]1C[C@H](N)[C@H](O)[C@H](C)O1,a6fc4a812bf64975,1
,,,COc1ccc(-c2nnc(C(=O)N3CCC(Oc4ccc(CN5CCC(O)C5)cc4)CC3)o2)cc1,b6bda5044fb45552,3
osthol,DTXSID20197507,484-12-8,COc1ccc2ccc(=O)oc2c1CC=C(C)C,99a224e20df4cf38,6
4-{3-[2-(3-cyano-4-isopropoxyphenyl)-5-pyrimidinyl]-2-ethylphenyl}butanoic acid,DTXSID701352037,1334606-48-2,CCc1c(CCCC(=O)O)cccc1-c1cnc(-c2ccc(OC(C)C)c(C#N)c2)nc1,221e62c0148b32a9,12
elagolix,DTXSID40232348,834153-87-6,COc1cccc(-c2c(C)n(Cc3c(F)cccc3C(F)(F)F)c(=O)n(C[C@H](NCCCC(=O)O)c3ccccc3)c2=O)c1F,644e4d38ad506e20,3
,,,Cc1nc(NC(=O)Cc2nc(-c3ccccc3)c(C)o2)sc1-c1ccc(N)nc1,61e75f7e01b75044,7
"1-(3-amino-1,2-benzoxazol-5-yl)-n-(4-{2-[(dimethylamino)methyl]-1h-imidazol-1-yl}-2-fluorophenyl)-3-(trifluoromethyl)-1h-pyrazole-5-carboxamide",DTXSID40870249,218298-21-6,CN(C)Cc1nccn1-c1ccc(NC(=O)c2cc(C(F)(F)F)nn2-c2ccc3onc(N)c3c2)c(F)c1,c428640e04edf8b0,2
ketotifen,DTXSID7023190,34580-13-7,CN1CCC(=C2c3ccccc3CC(=O)c3sccc32)CC1,c7e424cd44658769,1
cerivastatin,DTXSID9022786,145599-86-6,COCc1c(C(C)C)nc(C(C)C)c(/C=C/[C@@H](O)C[C@@H](O)CC(=O)O)c1-c1ccc(F)cc1,653e047a3a4e7fd7,4
orphenadrine,DTXSID3023396,83-98-7,Cc1ccccc1C(OCCN(C)C)c1ccccc1,07c969331a1a796e,15
1-(4-(4-(4-(trifluoromethyl)-2-pyridinyl)-1-piperazinyl)butyl)-2-pyrrolidinone,DTXSID001037020,142494-12-0,O=C1CCCN1CCCCN1CCN(c2cc(C(F)(F)F)ccn2)CC1,8afe281be9bb983e,8
diosmetin,DTXSID80199966,520-34-3,COc1ccc(-c2cc(=O)c3c(O)cc(O)cc3o2)cc1O,b813ca1a48990a37,5
n-cyclopropyl-4-methyl-3-[6-(4-methyl-1-piperazinyl)-4-oxo-3(4h)-quinazolinyl]benzamide,DTXSID201352444,851845-37-9,Cc1ccc(C(=O)NC2CC2)cc1-n1cnc2ccc(N3CCN(C)CC3)cc2c1=O,7e86b0710b8457f0,4
,,,O=C1c2ncc3c(c(CCCOC4CCOCC4)cn3Cc3ccc(F)cc3)c2CCN1O,8ad4319e2fff868d,4
"alpha-[[3-(3,4-dihydroxyphenyl)-1-oxo-2-propen-1-yl]oxy]-3,4-dihydroxybenzenepropanoic acid",DTXSID70896992,537-15-5,O=C(C=Cc1ccc(O)c(O)c1)OC(Cc1ccc(O)c(O)c1)C(=O)O,19fe2e2a4e9519fa,2
endomorphin 1,DTXSID10415505,189388-22-5,NC(=O)[C@H](Cc1ccccc1)NC(=O)[C@H](Cc1c[nH]c2ccccc12)NC(=O)[C@@H]1CCCN1C(=O)[C@@H](N)Cc1ccc(O)cc1,9286ab48d4e29964,2
cimetidine,DTXSID4020329,51481-61-9,CNC(=NCCSCc1nc[nH]c1C)NC#N,2bac84310063005c,3
,,,COc1ccc2onc(N3CCN(CCCCNC(=O)c4cc(-c5ccco5)[nH]n4)CC3)c2c1,f1ac4cc5f5644a51,2
1-[2-(2-tert-butylphenoxy)-3-pyridinyl]-3-[4-(trifluoromethoxy)phenyl]urea,DTXSID301352461,870544-59-5,CC(C)(C)c1ccccc1Oc1ncccc1NC(=O)Nc1ccc(OC(F)(F)F)cc1,b1df924244a8daf1,7
,,,Cc1nn(-c2cccc(NC(=O)[C@H]3C[C@@H]3c3ccccc3)c2)c(C)c1CC(=O)O,6ecf47a0cc8b0142,11
,,,Nc1ncnc2c1C(=O)N(c1ccc(-c3c(F)cccc3F)cc1)CCO2,763bc576fd2e5d95,7
betaxolol,DTXSID2022674,63659-18-7,CC(C)NCC(O)COc1ccc(CCOCC2CC2)cc1,a77c8c4ab7f91b5f,5
"(6s)-7-[2-chloro-3-(trifluoromethyl)benzyl]-6-methyl-3-(2-pyrazinyl)-6,7-dihydro[1,2,4]triazolo[4,3-a]pyrazin-8(5h)-one",DTXSID401352157,1627748-32-6,C[C@H]1Cn2c(nnc2-c2cnccn2)C(=O)N1Cc1cccc(C(F)(F)F)c1Cl,6ed0b5d2f9ddbe8f,4
"5,7-dimethoxyflavone",DTXSID50175656,21392-57-4,COc1cc(OC)c2c(=O)cc(-c3ccccc3)oc2c1,2539be602e85a31c,2
"n-hydroxy-2-[(1-methyl-1h-pyrrol-2-yl)carbonyl]-1,2,3,4-tetrahydro-6-isoquinolinecarboxamide",DTXSID001352012,1259296-46-2,Cn1cccc1C(=O)N1CCc2cc(C(=O)NO)ccc2C1,6ef8366ad63c0fe7,19
,,,C[C@H]1CN(c2cccc3nc(-c4nc(-c5cccc(C(=O)N(C)C)c5)cnc4N)n(C)c23)CCN1,7e4dd33d0797de17,5
,,,O=c1ncn(Cc2c(F)cc(F)cc2F)c2ccc(Oc3cccnc3C(F)(F)F)cc12,39998196e76199bd,10
"(2,4-dimethyl-1-oxido-3-pyridinyl){4'-methyl-4-[phenyl(3-pyridinyl)amino][1,4'-bipiperidin]-1'-yl}methanone",DTXSID901352326,470689-87-3,Cc1cc[n+]([O-])c(C)c1C(=O)N1CCC(C)(N2CCC(N(c3ccccc3)c3cccnc3)CC2)CC1,0274688fc825cb2d,2
,,,CCOC(=O)c1cc(C#N)c(N2CC3CN(C(=O)NS(=O)(=O)c4ccccc4)CC3C2)nc1C,1f85b3db4286fcbc,3
,,,COc1ccc(-c2nnc(C(=O)N3CC(Oc4ccc(CN5CCC(C)(O)C5)cc4)C3)o2)cc1,e50de4725affc7d2,4
,,,C[C@]1(CS(=O)(=O)N2CCN(c3ncc(OCc4ccc(C(F)(F)F)o4)cn3)CC2)NC(=O)NC1=O,6e4ca9d193b43568,4
"4-{4-[(dimethylamino)methyl]-3,5-dimethoxyphenyl}-2-methyl-2,7-naphthyridin-1(2h)-one",DTXSID401352195,1883429-21-7,COc1cc(-c2cn(C)c(=O)c3cnccc23)cc(OC)c1CN(C)C,b8038d82afe8531c,6
5-oxoprolylhistidylprolinamide,DTXSID30860316,NOCAS_860316,NC(=O)C1CCCN1C(=O)C(Cc1cnc[nH]1)NC(=O)C1CCC(=O)N1,d60d810b0f6bee7c,2
,,,CCC1(C)NC(=O)c2cc(S(=O)(=O)Nc3ccc(F)cc3F)ccc2NC1=O,eeea8f87fd5ad7ba,13
,,,CCOc1ncc(S(=O)(=O)N2CCN(CC)CC2)cc1-c1nc2c(CC)n(CCN3CCOCC3)nc2c(=O)[nH]1,c7739a1326335f78,4
,,,CC(C)[C@@H](c1nc2ccccc2o1)n1cc(/C=C/C(=O)NO)nn1,7fc603dacc7d795a,17
tiaprofenic acid,DTXSID5023665,33005-95-7,CC(C(=O)O)c1ccc(C(=O)c2ccccc2)s1,adb814cbfd37f57d,15
"1-cyclopropyl-6-fluoro-7-(3-methylpiperazin-1-yl)-4-oxo-1,4-dihydroquinoline-3-carboxylic acid",DTXSID60918692,93107-32-5,CC1CN(c2cc3c(cc2F)c(=O)c(C(=O)O)cn3C2CC2)CCN1,8717f5b2a3f8b503,5
bms 740808,DTXSID40182293,280118-23-2,Nc1noc2ccc(-n3nc(C(F)(F)F)c4c3C(=O)N(c3ccc(-c5ccccc5CN5CC[C@@H](O)C5)cc3)CC4)cc12,92931dc8176a2739,2
"8-[(8-fluoro-2,3-dihydro-4h-1,4-benzoxazin-4-yl)methyl]-n,n-dimethyl-2-(4-morpholinyl)-4-oxo-4h-chromene-6-carboxamide",DTXSID801352197,1895876-81-9,CN(C)C(=O)c1cc(CN2CCOc3c(F)cccc32)c2oc(N3CCOCC3)cc(=O)c2c1,38073f53dfd13ca5,7
,,,Nc1ncnc2c1C(=O)N(c1ccc(-c3c(F)cccc3F)c(F)c1)CCO2,4cf8f2da34755cb9,9
"1-(tert-butylamino)-3-{[4-(morpholin-4-yl)-1,2,5-thiadiazol-3-yl]oxy}propan-2-ol",DTXSID20860380,NOCAS_860380,CC(C)(C)NCC(O)COc1nsnc1N1CCOCC1,de203dd7d735144f,5
,,,Cc1cc(CN2CC(C(=O)O)C2)ccc1NC(=O)c1cc(N(CC2CC2)C2CCCCC2)ncn1,15d7db88381f39d6,4
terazosin,DTXSID3023639,63590-64-7,COc1cc2nc(N3CCN(C(=O)C4CCCO4)CC3)nc(N)c2cc1OC,3ddaec0bc70b7283,5
alazocine,DTXSID301018249,825594-24-9,C=CCN1CCC2(C)c3cc(O)ccc3CC1C2C,4e38f793d3169d33,8
,,,CCCC(=O)c1cc(C#N)c(N2CCC(C(=O)NS(=O)(=O)Cc3ccc(C)cc3)CC2)nc1C,94f144cbe48327cc,3
"5,6-dimethylxanthenone-4-acetic acid",DTXSID2040949,117570-53-3,Cc1ccc2c(=O)c3cccc(CC(=O)O)c3oc2c1C,4a66865e012ec754,4
n-(cyanomethyl)-4-(2-((4-(4-morpholinyl)phenyl)amino)-4-pyrimidinyl)benzamide,DTXSID801026049,1056634-68-4,N#CCNC(=O)c1ccc(-c2ccnc(Nc3ccc(N4CCOCC4)cc3)n2)cc1,cffbba4817db23a3,10
,,,CC(C)(O)CCc1cn(Cc2ccc(F)cc2)c2cnc3c(c12)CCN(O)C3=O,7b90511f864ac8ad,17
"1-{[6-(dimethylamino)-5-methyl-4-pyrimidinyl]methyl}-n-(2-hydroxyethyl)-6-methyl-1h-pyrrolo[3,2-b]pyridine-3-carboxamide",DTXSID301352142,1615713-87-5,Cc1cnc2c(C(=O)NCCO)cn(Cc3ncnc(N(C)C)c3C)c2c1,d83aee051494c510,4
,,,N#Cc1cc(F)ccc1Cn1ccc2c3c(ncc21)C(=O)N(O)CC3,4576017b9b4d23c8,10
topotecan,DTXSID3042685,123948-87-8,CC[C@@]1(O)C(=O)OCc2c1cc1n(c2=O)Cc2cc3c(CN(C)C)c(O)ccc3nc2-1,641e3ba6c65b80e5,5
,,,COc1cc(C)c(C(=O)NS(C)(=O)=O)cc1-c1ccc(C#CCO)s1,f6f78c07fee5d33c,16
bicyclol,DTXSID30152026,118159-48-1,COC(=O)c1cc(OC)c2c(c1-c1c(CO)cc(OC)c3c1OCO3)OCO2,c4c3c13af9065d02,11
,,,CNc1ccc(-c2nc(=O)n(CCC3CC(C)(C)CO3)c3c2oc2ncc(-c4cnn(C)c4)cc23)cn1,dcd666d8f21042c8,9
,,,C[C@@H]1CN(c2nc(C(F)(F)F)no2)CCN1c1ncc(OCc2ccc(CS(C)(=O)=O)cc2F)cn1,eb4ad3a2e1880eb3,4
"5,5-diphenylbarbituric acid",DTXSID90176329,21914-07-8,O=C1NC(=O)C(c2ccccc2)(c2ccccc2)C(=O)N1,c069d505531409e9,2
,,,COc1ccc2onc(N3CCN(CCCCNC(=O)c4ccc(-n5ccnc5)cc4)CC3)c2c1,76dc476d600d7863,5
"3-(4-{[3-(4-methylphenyl)-1,2,4-oxadiazol-5-yl]methoxy}phenyl)propanoic acid",DTXSID001352179,1788783-11-8,Cc1ccc(-c2noc(COc3ccc(CCC(=O)O)cc3)n2)cc1,2dea21d465a5c0e4,6
"pyrazole,1-m-cyanobenzyl",DTXSID40876680,NOCAS_876680,N#Cc1cccc(Cn2cccn2)c1,3c488b3be3d7b306,4
"1-(4-benzoylpiperazin-1-yl)-2-(1h-indol-3-yl)ethane-1,2-dione",DTXSID80333449,313334-48-4,O=C(C(=O)N1CCN(C(=O)c2ccccc2)CC1)c1c[nH]c2ccccc12,274da70cb01780e2,8
preladenant,DTXSID90191219,377727-87-2,COCCOc1ccc(N2CCN(CCn3ncc4c3nc(N)n3nc(-c5ccco5)nc43)CC2)cc1,6432ab9968dabd5a,5
,,,COc1cc(OC)c(-c2ccc(C#CCO)s2)cc1C(=O)NS(=O)(=O)c1ccccc1,5721057ba2c7b6bc,3
,,,O=C(O)CCc1cn(Cc2ccc(F)cc2)c2cnc3c(c12)CCN(O)C3=O,2b0f259ee10c092a,21
,,,Nc1ncnc2c1C(=O)N(c1ccc(-c3ccccc3Cl)cc1)CCO2,ad93d5a8d04cd4ff,8
,,,CNc1ccc(-c2nc(=O)n(CCC3CCOCC3)c3c2oc2ncc(-c4cnn(C)c4)cc23)cn1,c4e07ca2e5dd2628,7
,,,CCOc1ncc(S(=O)(=O)N2CCN(CC)CC2)cc1-c1nc2c(CC)n(CCOC)nc2c(=O)[nH]1,f2f5381252c955b0,4
[4-(1h-imidazol-1-ylmethyl)phenyl]acetic acid,DTXSID901352340,562803-55-8,O=C(O)Cc1ccc(Cn2ccnc2)cc1,52c3747066aee723,9
"3,4-bis[(3-hydroxyphenyl)methyl]oxolan-2-one",DTXSID10861008,76543-15-2,O=C1OCC(Cc2cccc(O)c2)C1Cc1cccc(O)c1,9999e141d1d1438b,7
"1-(4-benzoylpiperazin-1-yl)-2-(4,7-dimethoxy-1h-pyrrolo[2,3-c]pyridin-3-yl)ethane-1,2-dione",DTXSID501006367,857500-24-4,COc1ncc(OC)c2c(C(=O)C(=O)N3CCN(C(=O)c4ccccc4)CC3)c[nH]c12,bf182f3b891d03ec,6
,,,CC(Nc1ccc(F)cc1)c1cc(C(=O)N(C)C)cn2c(=O)cc(N3CCOCC3)nc12,5023e773fdb43f97,6
,,,CCCC(=O)c1cc(C#N)c(N2CCC(C(=O)NS(=O)(=O)Cc3ccccc3)CC2)nc1C,bb5bbc5ff0765c3f,5
,,,COc1cnc2c(C(=O)NCCO)cn(Cc3ncnc(OC)c3C)c2c1,071e145b496c1ce0,5
furamidine,DTXSID00224264,73819-26-8,N=C(N)c1ccc(-c2ccc(-c3ccc(C(=N)N)cc3)o2)cc1,70c55fa7134e1a3a,19
"1,3-bis(2-phenylethyl)-2,4,6(1h,3h,5h)-pyrimidinetrione",DTXSID101352334,496839-76-0,O=C1CC(=O)N(CCc2ccccc2)C(=O)N1CCc1ccccc1,d18bc7c18ffe85a4,9
,,,CC1(C)NC(=O)c2cc(S(=O)(=O)Nc3ccc(C(F)(F)F)cc3)ncc2NC1=O,fe086907a181687f,6
atazanavir,DTXSID9048691,198904-31-3,COC(=O)N[C@H](C(=O)N[C@@H](Cc1ccccc1)[C@@H](O)CN(Cc1ccc(-c2ccccn2)cc1)NC(=O)[C@@H](NC(=O)OC)C(C)(C)C)C(C)(C)C,d73c6c0a0f59df87,1
"4-methyl-n-{4-[(4-methyl-1-piperazinyl)methyl]-3-(trifluoromethyl)phenyl}-3-(1h-pyrazolo[3,4-b]pyridin-5-ylethynyl)benzamide",DTXSID301352011,1257628-77-5,Cc1ccc(C(=O)Nc2ccc(CN3CCN(C)CC3)c(C(F)(F)F)c2)cc1C#Cc1cnc2[nH]ncc2c1,f1853aa826fb8afb,3
"6-[4-(trifluoromethoxy)phenyl]-3-(trifluoromethyl)[1,2,4]triazolo[4,3-a]pyridine",DTXSID101352015,1262618-39-2,FC(F)(F)Oc1ccc(-c2ccc3nnc(C(F)(F)F)n3c2)cc1,84b4666925955a03,4
"1-(2,4-dihydroxyphenyl)-3-(4-hydroxyphenyl)prop-2-en-1-one",DTXSID80859558,NOCAS_859558,O=C(C=Cc1ccc(O)cc1)c1ccc(O)cc1O,fa19c0228640022b,12
2-(6-hydroxy-3-oxo-3h-xanthen-9-yl)benzoic acid,DTXSID601031482,518-45-6,O=C(O)c1ccccc1-c1c2ccc(=O)cc-2oc2cc(O)ccc12,46587bf13af6ef29,9
"benzimidazole,1-(p-sulfonamido)benzyl",DTXSID30877464,NOCAS_877464,NS(=O)(=O)c1ccc(Cn2cnc3ccccc32)cc1,1d91356288c1427f,8
,,,COc1cnc2ccc(=O)n(CCN3CC[C@H](NCc4ccc5c(n4)NC(=O)CO5)[C@H](F)C3)c2c1,b498a17cf49c97b5,4
3-[2-[(dimethylamino)methyl]-1-hydroxycyclohexyl]phenol,DTXSID40894102,73986-53-5,CN(C)CC1CCCCC1(O)c1cccc(O)c1,e7bdf8036aae892f,5
,,,O=C1c2ncc3c(c(CN4CCCCC4)cn3Cc3ccc(F)cc3)c2CCN1O,0663f7cc439122c0,4
,,,Cc1ncc(C(N)=O)nc1-c1ccc([C@H]2CC[C@H](CC(=O)O)CC2)cc1,ffc5b9844d3f92f7,3
1-methyl-1h-indole-3-carbonitrile,DTXSID30367996,24662-37-1,Cn1cc(C#N)c2ccccc21,bb11a0312ca9216a,1
,,,CC[C@]1(C)NC(=O)c2cc(S(=O)(=O)Nc3ccc(F)cc3F)ccc2NC1=O,6e8dcfd909a3c45d,16
"n-[5-(3,5-difluorobenzyl)-1h-indazol-3-yl]-2-[(2-fluoroethyl)amino]-4-(4-methyl-1-piperazinyl)benzamide",DTXSID401351947,1108743-71-0,CN1CCN(c2ccc(C(=O)Nc3n[nH]c4ccc(Cc5cc(F)cc(F)c5)cc34)c(NCCF)c2)CC1,8b9238cb72a38f70,1
"4-(2-amino-4-methyl-1,3-thiazol-5-yl)-n-[4-(4-morpholinyl)phenyl]-2-pyrimidinamine",DTXSID301352380,693228-63-6,Cc1nc(N)sc1-c1ccnc(Nc2ccc(N3CCOCC3)cc2)n1,12aa0c6bdf0e54d9,4
,,,CC(Nc1ccccc1)c1cc(C(=O)N(C)CC(=O)O)cn2c(=O)cc(N3CCOCC3)nc12,68993f88cad0ca48,10
dl-tryptophan,DTXSID0021418,54-12-6,NC(Cc1c[nH]c2ccccc12)C(=O)O,bf5fe7122404cff6,16
tryptanthrine,DTXSID90157431,13220-57-0,O=C1c2ccccc2-n2c1nc1ccccc1c2=O,32a92bdc928d6dd2,1
,,,O=c1ncn(Cc2c(F)cc(F)cc2F)c2ccc(Oc3ccccc3C(F)(F)F)cc12,e38d6f978a863bf8,9
"n-(2'-anilino[4,4'-bipyridin]-2-yl)tetrahydro-3-furancarboxamide",DTXSID701352382,712268-58-1,O=C(Nc1cc(-c2ccnc(Nc3ccccc3)c2)ccn1)C1CCOC1,c0cd940e80fe111a,8
"1-(4-{5-[3-phenyl-4-(trifluoromethyl)-1,2-oxazol-5-yl]-1,2,4-oxadiazol-3-yl}benzyl)-3-azetidinecarboxylic acid",DTXSID001352000,1236188-38-7,O=C(O)C1CN(Cc2ccc(-c3noc(-c4onc(-c5ccccc5)c4C(F)(F)F)n3)cc2)C1,40c7be23ae13f9ac,16
,,,CC1(C)NC(=O)c2cc(S(=O)(=O)Nc3ccc(C(F)(F)F)cc3)cc(F)c2NC1=O,c785079e8c9ada32,13
oxaprozin,DTXSID1045118,21256-18-8,O=C(O)CCc1nc(-c2ccccc2)c(-c2ccccc2)o1,0a467bcd305df1fa,15
"5-methyl-4-(4-nitrophenyl)-2-(2-pyridinyl)-1,2-dihydro-3h-pyrazol-3-one",DTXSID501351895,1068515-28-5,Cc1[nH]n(-c2ccccn2)c(=O)c1-c1ccc([N+](=O)[O-])cc1,8c19ece06b7b12bb,2
,,,N#Cc1ccc2ccc(=O)n(CCN3CCC(NCc4ccc5c(n4)NC(=O)CO5)CC3)c2c1,7ff16f9044789d34,6
pyridin-4-carboxaldehyde,DTXSID1061237,872-85-5,O=Cc1ccncc1,8525fb92a63eee4c,1
"6-(3,4-difluorophenyl)-4-pyrimidinecarboxylic acid",DTXSID701351984,1207724-85-3,O=C(O)c1cc(-c2ccc(F)c(F)c2)ncn1,042240850d8f3d5b,8
,,,CCOC(=O)c1cc(C#N)c(N2CCN(C(=O)NS(=O)(=O)c3ccc(Cl)s3)CC2C)nc1C,985c23f4321f71ba,3
3-amino-6-(4-{[1-(dimethylamino)-2-propanyl]sulfonyl}phenyl)-n-phenyl-2-pyrazinecarboxamide,DTXSID901352021,1286238-55-8,CC(CN(C)C)S(=O)(=O)c1ccc(-c2cnc(N)c(C(=O)Nc3ccccc3)n2)cc1,ba99496f49b2781b,12
,,,Nc1ccc(-c2cccc(Oc3ccc4c(c3)c(=O)ncn4Cc3c(F)cc(F)cc3F)c2C(F)(F)F)cn1,abdc447063924930,12
"{4-[4-(7-aminopyrazolo[1,5-a]pyrimidin-6-yl)phenyl]cyclohexyl}acetic acid",DTXSID40718899,1031336-60-3,Nc1c(-c2ccc(C3CCC(CC(=O)O)CC3)cc2)cnc2ccnn12,b747158a1aec8b47,4
baicalein,DTXSID2022389,491-67-8,O=c1cc(-c2ccccc2)oc2cc(O)c(O)c(O)c12,d55a87db492b962d,2
,,,CN(C)C(=O)c1cccc(-c2cnc(N)c(-c3nc4cccc(N5CCNCC5)c4[nH]3)c2)c1,e99e6538933caf44,5
,,,CCc1cc(S(=O)(=O)Nc2ccc(F)cc2F)cc2c1NC(=O)C(C)(CC)NC2=O,2fc480c5a298f84f,15
4-methoxy-3-[(2-methyl-2-phenylpropyl)amino]-1h-isoindol-1-one,DTXSID90581575,929022-79-7,COc1cccc2c1C(NCC(C)(C)c1ccccc1)=NC2=O,1983edf28d3d3883,3
7-methoxyflavone,DTXSID80332790,22395-22-8,COc1ccc2c(=O)cc(-c3ccccc3)oc2c1,6d873aa9010d5c1a,4
"6-(4-chlorophenyl)-n-ethyl-8-methoxy-1-methyl-4h-[1,2,4]triazolo[4,3-a][1,4]benzodiazepine-4-acetamide",DTXSID501112689,1260530-43-5,CCNC(=O)CC1N=C(c2ccc(Cl)cc2)c2cc(OC)ccc2-n2c(C)nnc21,260b90063fd8039d,11
t-2000,DTXSID70243285,97846-21-4,COCN1C(=O)N(COC)C(=O)C(c2ccccc2)(c2ccccc2)C1=O,9d94bcbc1deb4166,7
"3-oxooctahydro-2h-2,6-methanoquinolizin-8-yl 1h-indole-3-carboxylate",DTXSID20861231,139014-62-3,O=C(OC1CC2CC3CC(C1)N2CC3=O)c1c[nH]c2ccccc12,863b39275079d99f,5
,,,COc1ccc(-c2nc(=O)n(CCC3CCCO3)c3c2oc2ncc(-c4cnn(C)c4)cc23)cc1,148044212e95235c,12
,,,COc1cnc2ccc(=O)n(CCN3CCC(c4nc5cc(C#N)c(C)cc5[nH]4)CC3)c2c1,57653a66526077be,5
,,,COc1ccc(-c2nnc(C(=O)N3CC(Oc4ccc(CN(C)C)cc4)C3)o2)cc1,80b0fd6931723871,3
nelfinavir,DTXSID5035080,159989-64-7,Cc1c(O)cccc1C(=O)N[C@@H](CSc1ccccc1)[C@H](O)CN1C[C@H]2CCCC[C@H]2C[C@H]1C(=O)NC(C)(C)C,c8da9526b3fda622,3
(-)-enterodiol,DTXSID0047876,80226-00-2,OC[C@H](Cc1cccc(O)c1)[C@H](CO)Cc1cccc(O)c1,06f237fed841419f,10
,,,O=C1c2ncc3c(c(COCC4CCOCC4)cn3Cc3ccc(F)cc3)c2CCN1O,bc83610fb876cdd8,1
,,,CN(Cc1cn(Cc2ccc(F)cc2)c2cnc3c(c12)CCN(O)C3=O)CC1CC1,75c301b5eddf7dbd,12
"4-[4-[(dimethylamino)methyl]-2,5-dimethoxyphenyl]-2-methyl-2,7-naphthyridin-1(2h)-one",DTXSID501128157,1883429-22-8,COc1cc(-c2cn(C)c(=O)c3cnccc23)c(OC)cc1CN(C)C,5c6d1e12ec2046a9,9
omeprazole,DTXSID6021080,73590-58-6,COc1ccc2[nH]c(S(=O)Cc3ncc(C)c(OC)c3C)nc2c1,e1c7e52ab9a39dc2,6
,,,COc1ncnc(Cn2cc(C(=O)NCC(F)F)c3ncc(C)cc32)c1C,97b37b8689961f9a,6
"1,3-dihydro-1-phenyl-3,3-bis(4-pyridinylmethyl)-2h-indol-2-one",DTXSID6045163,105431-72-9,O=C1N(c2ccccc2)c2ccccc2C1(Cc1ccncc1)Cc1ccncc1,153a9d74a596e972,3
,,,O=C(/C=C/c1ccc2c(c1)nc(CCc1ccccc1)n2CCN1CCCC1)NO,02b3c07064f4ebc1,6
"2-(1,3-benzothiazol-2-yl)-5-methyl-4-phenyl-1,2-dihydro-3h-pyrazol-3-one",DTXSID201351896,1068515-43-4,Cc1[nH]n(-c2nc3ccccc3s2)c(=O)c1-c1ccccc1,dc0f0c75a1513384,2
,,,CC[C@]1(O)C[C@@H]2CN(CCc3c([nH]c4ccccc34)[C@@](C(=O)OC)(c3cc4c(cc3OC)N(C)[C@H]3[C@@](O)(C(=O)OC)[C@H](OC(C)=O)[C@]5(CC)C=CCN6CC[C@]43[C@@H]65)C2)C1,52c40835aabf7c0c,2
"α-[1-[2,6-dimethoxy-4-(2-propen-1-yl)phenoxy]ethyl]-3,4-dimethoxybenzenemethanol",DTXSID501133639,41535-92-6,C=CCc1cc(OC)c(OC(C)C(O)c2ccc(OC)c(OC)c2)c(OC)c1,a368325f3534e74b,2
"2-(2,3-dihydro-1,4-benzodioxin-6-ylsulfanyl)-1-[2-methyl-1-(methylsulfonyl)-2,3-dihydro-1h-indol-5-yl]ethanone",DTXSID501352493,873210-30-1,CC1Cc2cc(C(=O)CSc3ccc4c(c3)OCCO4)ccc2N1S(C)(=O)=O,39511d9307a8a297,8
,,,CC(=O)N1CCC(n2cc(-c3cnc4[nH]cc(C(=O)c5ccc(CO)cc5Cl)c4c3)cn2)CC1,afdb54e19b520ff2,1
2-{[(pyridin-4-yl)methyl]amino}-n-(quinolin-3-yl)benzamide,DTXSID40635310,267891-20-3,O=C(Nc1cnc2ccccc2c1)c1ccccc1NCc1ccncc1,57f0dce3289b1b14,9
"methyl 2-{[3-(2-thienyl)[1,2,4]triazolo[4,3-b]pyridazin-6-yl]sulfanyl}propanoate",DTXSID601352458,868967-06-0,COC(=O)C(C)Sc1ccc2nnc(-c3cccs3)n2n1,cb30fe9c1859336c,11
,,,CCc1c2nc(-c3cc(S(=O)(=O)N4CCN(CC)CC4)cnc3OCC(C)C)[nH]c(=O)c2nn1CCOC,f3178933af3f8bed,1
"n-[5-(3,5-difluorobenzyl)-1h-indazol-3-yl]-4-(4-methyl-1-piperazinyl)-2-[(1-methyl-4-piperidinyl)amino]benzamide",DTXSID601351955,1108744-24-6,CN1CCC(Nc2cc(N3CCN(C)CC3)ccc2C(=O)Nc2n[nH]c3ccc(Cc4cc(F)cc(F)c4)cc23)CC1,edea83d5b0372ec1,5
"3'-(trifluoromethyl)-n-{4-[(trifluoromethyl)sulfonyl]phenyl}-3,6-dihydro-2h-[1,2'-bipyridine]-4-carboxamide",DTXSID501352429,824982-41-4,O=C(Nc1ccc(S(=O)(=O)C(F)(F)F)cc1)C1=CCN(c2ncccc2C(F)(F)F)CC1,579e65804bab0262,13
2-(2-{4-[(dimethylamino)methyl]-2-methylphenyl}-2-oxoethyl)-5-[(5-methoxy-2-pyridinyl)methoxy]-3(2h)-pyridazinone,DTXSID501352100,1453500-36-1,COc1ccc(COc2cnn(CC(=O)c3ccc(CN(C)C)cc3C)c(=O)c2)nc1,e58ea23353fd39cb,9
"3-[3-(cyclopentylsulfanyl)-5-({[2-methyl-4'-(methylsulfonyl)[biphenyl]-4-yl]oxy}methyl)-4h-1,2,4-triazol-4-yl]pyridine",DTXSID901352071,1418013-75-8,Cc1cc(OCc2nnc(SC3CCCC3)n2-c2cccnc2)ccc1-c1ccc(S(C)(=O)=O)cc1,621468481f4430c0,7
,,,Cn1cc(-c2cnc3oc4c(-c5cccnc5)nc(=O)n(CCC5CCCO5)c4c3c2)cn1,b58434f367c82ce1,15
,,,O=C(c1ccc(-c2ccc(O[C@H]3O[C@H](CO)[C@@H](O)[C@H](O)[C@@H]3O)cc2)cc1)N1CCOCC1,fb97a5d0f59182c2,3
,,,CCCOc1cc(OCCCN2CCCC2)ccc1C(=O)Nc1cccc(O)c1,84c443697a88391a,16
,,,CCN1CCN(Cc2cnc(-c3ccc(C(=O)Nc4ccccc4N)cc3)c(C#N)c2)CC1,80fc061662c96d3e,3
carbetapentane,DTXSID9022734,77-23-6,CCN(CC)CCOCCOC(=O)C1(c2ccccc2)CCCC1,53cbf1c3128f9c47,15
venlafaxine,DTXSID6023737,93413-69-5,COc1ccc(C(CN(C)C)C2(O)CCCCC2)cc1,201f013c4f5248d8,3
n-tert-butyl-3-({5-methyl-2-[4-(4-methylpiperazin-1-yl)anilino]pyrimidin-4-yl}amino)benzene-1-sulfonamide,DTXSID80587364,936091-14-4,Cc1cnc(Nc2ccc(N3CCN(C)CC3)cc2)nc1Nc1cccc(S(=O)(=O)NC(C)(C)C)c1,8eb84509fc01d4de,3
ikk-2 inhibitor vi,DTXSID40423557,354811-10-2,NC(=O)Nc1sc(-c2ccccc2)cc1C(N)=O,af4c4946ecc4f44a,2
,,,CCC(Oc1ccc(C(F)(F)F)cc1-c1ccc(S(=O)(=O)CC)cc1C)C(=O)O,628db30d6353ab1b,6
"7-(3,5-dimethyl-1,2-oxazol-4-yl)-8-methoxy-1-[(1r)-1-(pyridin-2-yl)ethyl]-1,3-dihydro-2h-imidazo[4,5-c]quinolin-2-one",DTXSID10680599,1300031-49-5,COc1cc2c(cc1-c1c(C)noc1C)ncc1[nH]c(=O)n([C@H](C)c3ccccn3)c12,3b6767274a4bdaaa,8
prulifloxacin,DTXSID0046480,123447-62-1,Cc1oc(=O)oc1CN1CCN(c2cc3c(cc2F)c(=O)c(C(=O)O)c2n3C(C)S2)CC1,aa99598322347956,6
gsk-2126458,DTXSID10148604,1086062-66-9,COc1ncc(-c2ccc3nccc(-c4ccnnc4)c3c2)cc1NS(=O)(=O)c1ccc(F)cc1F,293f04da79bd81b7,4
,,,COc1ccc2ncc(F)c(CCN3CCC(NCc4cc5c(cn4)OCCO5)CC3)c2n1,bbab57034001aaf4,2
methiotriazamine,DTXSID60237976,90-07-3,CSc1ccc(N2C(N)=NC(N)=NC2(C)C)cc1,a43bf4aaf526c5af,2
tolperisone,DTXSID8023686,728-88-1,Cc1ccc(C(=O)C(C)CN2CCCCC2)cc1,f267d979a5f87469,4
"3-pyridinecarboxamide, 5-chloro-n-(1-methylethyl)-6-[4-(2-oxo-2h-3,1-benzoxazin-1(4h)-yl)-1-piperidinyl]-",DTXSID101110524,345582-93-6,CC(C)NC(=O)c1cnc(N2CCC(N3C(=O)OCc4ccccc43)CC2)c(Cl)c1,fb4c8ea3a71f1182,18
"(5s,8s,10ar)-n-(diphenylmethyl)-5-[(n-methyl-l-alanyl)amino]-3-(3-methylbutanoyl)-6-oxodecahydropyrrolo[1,2-a][1,5]diazocine-8-carboxamide",DTXSID50648496,1071992-99-8,CN[C@@H](C)C(=O)N[C@H]1CN(C(=O)CC(C)C)CC[C@H]2CC[C@@H](C(=O)NC(c3ccccc3)c3ccccc3)N2C1=O,80d0eb67fe5b8b01,2
2-(4-hydroxyphenyl)-5-benzoxazolol,DTXSID00465458,142629-43-4,Oc1ccc(-c2nc3cc(O)ccc3o2)cc1,a18dae05352d5c5a,4
,,,Cc1cccc(Oc2cc(CN3CCC[C@H](n4cc(C)c(=O)[nH]c4=O)C3)ccc2C(=O)O)c1,41d7b56eb1407f3d,3
"5-bromo-n-[[(2s)-1-ethylpyrrolidin-2-yl]methyl]-2,3-dimethoxybenzamide",DTXSID40432689,107188-74-9,CCN1CCC[C@H]1CNC(=O)c1cc(Br)cc(OC)c1OC,84e1cd6c0aa67431,6
phenelzine,DTXSID2041094,51-71-8,NNCCc1ccccc1,785731d217867cfb,13
"3-((3,5-bis(trifluoromethyl)phenyl)methyloxy)-2-phenylpiperidine",DTXSID80933463,148700-85-0,FC(F)(F)c1cc(CO[C@H]2CCCN[C@H]2c2ccccc2)cc(C(F)(F)F)c1,ada014260ea4a274,2
2-isopropyl-5-(methylphenethylamino)-2-phenylvaleronitrile,DTXSID90868474,78370-13-5,CC(C)C(C#N)(CCCN(C)CCc1ccccc1)c1ccccc1,e5ab913b08d635cf,12
,,,Cc1cc(Nc2nc(N[C@@H](C)c3ncc(F)cn3)ncc2Br)n[nH]1,39fabe1d37101f86,5
,,,CCc1csc(N2CCN(C(=O)[C@@H]3CCCC[C@H]3C(=O)NC3(C#N)CC3)CC2)n1,be2fd709a7f229a1,6
,,,N#Cc1cccc(COc2cc(OCCCN3CCCC3)ccc2C(=O)Nc2cccc(O)c2)c1,95b1595c3c68bd8a,7
bretazenil,DTXSID6046266,84379-13-5,CC(C)(C)OC(=O)c1ncn2c1[C@@H]1CCCN1C(=O)c1c(Br)cccc1-2,b5c6c954845832be,3
2-[3-[[7-[3-[ethyl(2-hydroxyethyl)amino]propoxy]-6-methoxyquinazolin-4-yl]amino]-1h-pyrazol-5-yl]-n-(3-fluorophenyl)acetamide,DTXSID501026357,NOCAS_1026357,CCN(CCO)CCCOc1cc2ncnc(Nc3cc(CC(=O)Nc4cccc(F)c4)[nH]n3)c2cc1OC,42970d8b6f39f803,2
3-(7-hydroxy-4-methyl-2-oxo-2h-chromen-3-yl)-propionic acid,DTXSID10415489,5852-06-2,Cc1c(CCC(=O)O)c(=O)oc2cc(O)ccc12,0c3b224b35fd9f2e,11
,,,Cc1ccc2c(c1)c(-c1ccnc3c(S(C)(=O)=O)cccc13)c(C)n2CC(=O)O,4c823f14541cc06c,12
remoxipride,DTXSID6045668,80125-14-0,CCN1CCC[C@H]1CNC(=O)c1c(OC)ccc(Br)c1OC,9dd2b6a253ed9246,5
"6,7-dimethoxy-n-(3-methoxyphenyl)quinazolin-4-amine",DTXSID80384592,202475-38-5,COc1cccc(Nc2ncnc3cc(OC)c(OC)cc23)c1,bd89ba5f342b87dc,3
,,,COc1cc(OC)c(S(=O)(=O)N2c3ccccc3CCC2C)cc1NC(=O)CCc1nn[nH]n1,33d42db918a28048,5
phensuximide,DTXSID4023460,86-34-0,CN1C(=O)CC(c2ccccc2)C1=O,1de9470d253fbbc2,2
4-amino-5-fluoro-3-[6-(4-methylpiperazin-1-yl)-1h-benzimidazol-2-yl]-1h-quinolin-2-one,DTXSID901025925,405169-16-6,CN1CCN(c2ccc3nc(-c4c(N)c5c(F)cccc5[nH]c4=O)[nH]c3c2)CC1,1cd5d1a679e5aa62,7
,,,O=C1COc2ccccc2N1CCN1CCC(NCc2cc3c(cn2)OCCO3)CC1,2efaa275fcd3f12c,2
,,,Cc1ccc(-c2cn(C)cn2)cc1NC(=O)c1ccc(OCc2ccccn2)cc1,a2870673380136a6,6
,,,COc1cc(OC)c(S(=O)(=O)N2c3ccccc3Oc3ccccc32)cc1NC(=O)CCC(=O)O,98ebcfa210947ff0,4
"n-[(3ar,6s,6as)-1-(n-methyl-l-alanyl-3-methyl-l-valyl)octahydrocyclopenta[b]pyrrol-6-yl]-1-naphthamide",DTXSID701352451,866467-28-9,CN[C@@H](C)C(=O)N[C@H](C(=O)N1CC[C@H]2CC[C@H](NC(=O)c3cccc4ccccc34)[C@H]21)C(C)(C)C,04cb38ca92f8a3a9,3
7-deazaadenine,DTXSID30164447,1500-85-2,Nc1ncnc2[nH]ccc12,83109b53bdbe5990,1
jnj-7706621,DTXSID40416207,443797-96-4,Nc1nc(Nc2ccc(S(N)(=O)=O)cc2)nn1C(=O)c1c(F)cccc1F,e314886926502d4d,5
,,,O=C1COc2ccc(CNC3CCN(CCN4C(=O)COc5ccc(F)cc54)CC3)nc2N1,093fe5883bd74803,2
"n,n'-pyridine-2,6-diyldibenzamide",DTXSID20365042,74305-33-2,O=C(Nc1cccc(NC(=O)c2ccccc2)n1)c1ccccc1,dc426c1cedb24aad,4
,,,COc1cc(OC)c(S(=O)(=O)N2c3ccccc3CCC2C)cc1NC(=O)COC(C)=O,a26d62a16a883e89,5
,,,COc1cc(OC)c(S(=O)(=O)N2c3ccccc3CCC2C)cc1NC(=O)NCC(=O)O,779460c98d22070f,1
ulimorelin,DTXSID00233139,842131-33-3,C[C@@H]1CN[C@@H](C2CC2)C(=O)N(C)[C@H](C)C(=O)N[C@H](Cc2ccc(F)cc2)C(=O)NCCCc2ccccc2O1,479d37d2cb3e167f,3
,,,CCOc1ccccc1CNCc1cccc(CCNC[C@H](O)c2ccc(O)c3[nH]c(=O)sc23)c1,dec87e3c3335a498,1
"benzamide, p-bromo-",DTXSID90220098,698-67-9,NC(=O)c1ccc(Br)cc1,316dfc6e9b25b5b5,2
n-(3-chloro-4-fluorophenyl)-7-methoxy-6-[2-(1-pyrrolidinyl)ethoxy]-4-quinazolinamine,DTXSID001129043,184475-36-3,COc1cc2ncnc(Nc3ccc(F)c(Cl)c3)c2cc1OCCN1CCCC1,f4c1586fa296acbc,8
"{4-[3-fluoro-5-(trifluoromethyl)pyridin-2-yl]piperazin-1-yl}[5-(methanesulfonyl)-2-{[(2r)-1,1,1-trifluoropropan-2-yl]oxy}phenyl]methanone",DTXSID50676592,845614-12-2,C[C@@H](Oc1ccc(S(C)(=O)=O)cc1C(=O)N1CCN(c2ncc(C(F)(F)F)cc2F)CC1)C(F)(F)F,88e59be430a4fcf5,7
"1-[1'-(2-methylbenzyl)[1,4'-bipiperidin]-4-yl]-1,3-dihydro-2h-benzimidazol-2-one",DTXSID101352360,634616-95-8,Cc1ccccc1CN1CCC(N2CCC(n3c(=O)[nH]c4ccccc43)CC2)CC1,95677a0113cc43ce,3
5-styryl-1h-tetrazole,DTXSID20420988,220429-71-0,C(=C/c1nn[nH]n1)\c1ccccc1,36134b9a6c181e25,2
"(2s,3s)-3-(2-methoxybenzylamino)-2-phenylpiperidine",DTXSID10929612,136982-36-0,COc1ccccc1CN[C@H]1CCCN[C@H]1c1ccccc1,550ac95e846244f2,4
,,,O=C(O)c1ccc(N2CCC(CN3CCC(Oc4ccc(Cl)c(Cl)c4)CC3)CC2)cc1,d91502bfd9dea0b5,2
,,,N#CC1(NC(=O)[C@@H]2CCCC[C@H]2C(=O)N2CCN(c3nccs3)CC2)CC1,267a1e5b352e6c5c,3
,,,Cn1cc(CN2CCc3cc4nc(N)sc4cc3CC2)cn1,524376072bab3442,7
anamorelin,DTXSID20179702,249921-19-5,CN(C)N(C)C(=O)[C@@]1(Cc2ccccc2)CCCN(C(=O)[C@@H](Cc2c[nH]c3ccccc23)NC(=O)C(C)(C)N)C1,da3929d70c8d0d33,2
,,,C[C@@H](C#N)NC(=O)[C@@H]1CCCC[C@H]1C(=O)N1CCc2[nH]c3ccc(F)cc3c2C1,68514aae190e19f3,1
,,,O=c1[nH]c2c(O)ccc([C@@H](O)CNCCc3ccc(CNCCc4ccccc4)cc3)c2s1,080225b6cf866287,6
"6-methyl-1'-[2-(5-methyl-2-phenyl-1,3-oxazol-4-yl)ethyl]spiro[3,1-benzoxazine-4,4'-piperidin]-2(1h)-one",DTXSID20433290,300816-15-3,Cc1ccc2c(c1)C1(CCN(CCc3nc(-c4ccccc4)oc3C)CC1)OC(=O)N2,e87b24d0e36d51d2,9
thioridazine,DTXSID6023656,50-52-2,CSc1ccc2c(c1)N(CCC1CCCCN1C)c1ccccc1S2,552e22b40f38a387,6
,,,Cc1cn([C@H]2CCCN(Cc3ccc(C(=O)O)c(Oc4cccc(Br)c4)c3)C2)c(=O)[nH]c1=O,441126f5e1555ddc,4
,,,COc1ccc2ccc(=O)n(CCN3CCC(NCc4cc5c(cn4)OCCO5)CC3)c2n1,3d6007ca58f27ee2,4
,,,Cc1nn(C)c2cc(N3CCN(C(=O)[C@@H]4CCCC[C@H]4C(=O)NC4(C#N)CC4)[C@H](C)C3)ccc12,a4762aee21744651,5
sulfalene,DTXSID2046179,152-47-6,COc1nccnc1NS(=O)(=O)c1ccc(N)cc1,25ae80c030590c1d,6
,,,COc1cc(Nc2cc(N3CCOCC3)nc(N[C@@H](C)c3ncc(F)cn3)n2)n[nH]1,ab98831516a11922,4
"1-benzyl-1,2,3,4-tetrahydroisoquinoline",DTXSID70864898,19716-56-4,c1ccc(CC2NCCc3ccccc32)cc1,630ba2bbdcb536c0,13
,,,Cc1cccc(C[C@@H](C(=O)O)N2CCC(CN3CCC(Oc4ccc(Cl)c(Cl)c4)CC3)CC2)c1,bb89f6dcd25e4e36,3
,,,Cc1c(Cl)ccc(OC2CCN(CC3CCN([C@@H](Cc4ccc(F)cc4)C(=O)O)CC3)CC2)c1Cl,2ab00e13cff03e24,1
,,,CC(C)(C)OC(=O)N1CCN(c2ccc(OCc3ccc(S(C)(=O)=O)cc3)nc2)CC1,c44e3f3a479834e4,1
,,,COc1ccc2ncc(=O)n(CCN3CC[C@@H](NCc4ccc5c(n4)NC(=O)CO5)[C@@H](OC)C3)c2c1,95d0725ca0d175a9,12
,,,Cc1ccc2c(c1)c(-c1ccnc3ccc(C(F)(F)F)cc13)c(C)n2CC(=O)O,ae738adc45b15ecf,6
naratriptan,DTXSID7023354,121679-13-8,CNS(=O)(=O)CCc1ccc2[nH]cc(C3CCN(C)CC3)c2c1,64eba3a785900fc4,2
,,,Cc1ccc(CCCOCCS(=O)(=O)CCCNCCc2ccc(O)c3nc(O)sc23)s1,2c8b91c2f3b7e4b1,2
"1,3,4-thiadiazole, 2,5-diphenyl-",DTXSID30163112,1456-21-9,c1ccc(-c2nnc(-c3ccccc3)s2)cc1,6ef5764bfb915bbf,1
n-2-(4-(4-cyanophenyl)phenyl)propyl 2-propanesulfonamide,DTXSID00432983,211311-95-4,CC(CNS(=O)(=O)C(C)C)c1ccc(-c2ccc(C#N)cc2)cc1,0a00b05474fc5aa0,15
1-[[(4-methylpyridin-2-yl)amino]methyl]naphthalen-2-ol,DTXSID501333394,692280-27-6,Cc1ccnc(NCc2c(O)ccc3ccccc23)c1,8cd08fe977c4b6fb,2
,,,CCC[C@@H](c1ccc(C(=O)O)c(Oc2cccc(Cl)c2)c1)N1CCC[C@H](n2cc(C)c(=O)[nH]c2=O)C1,90d46f0eca1d01fc,1
n-(cyclohexylmethyl)-2-methylsulfanylpyridine-3-carboxamide,DTXSID901326537,794537-28-3,CSc1ncccc1C(=O)NCC1CCCCC1,bf9989caaeaeffe6,5
,,,Cc1ccccc1CCOCCCS(=O)(=O)CCNCCc1ccc(O)c2nc(O)sc12,c9d26e28b6b4c1e1,4
,,,O=c1[nH]c2c(O)ccc([C@@H](O)CNCCc3cccc(CNCc4ccccc4F)c3)c2s1,bc4541a4bde77054,7
citalopram,DTXSID8022826,59729-33-8,CN(C)CCCC1(c2ccc(F)cc2)OCc2cc(C#N)ccc21,e30d540e9cd2ebff,20
,,,COc1cc(OC)c(S(=O)(=O)N2c3ccccc3CC2C)cc1NC(C)=O,fe206d806da0ae76,3
,,,Cc1cc(CN2CCN(C(C)C)CC2)cnc1-c1ccc(C(=O)Nc2ccccc2N)cc1,e032fc689597b18d,9
,,,COCCNCc1cccc(CCNC[C@H](O)c2ccc(O)c3[nH]c(=O)sc23)c1,e324a395b3fb36f8,1
n-(4-cyano-2-phenylpyrazol-3-yl)-2-morpholin-4-ylacetamide,DTXSID001328817,724703-21-3,N#Cc1cnn(-c2ccccc2)c1NC(=O)CN1CCOCC1,bace08b667b9f727,3
mirtazapine,DTXSID0023325,85650-52-8,CN1CCN2c3ncccc3Cc3ccccc3C2C1,ee56421b406dae96,6
n-pyridin-2-ylbenzamide,DTXSID80277374,4589-12-2,O=C(Nc1ccccn1)c1ccccc1,786fb4b42c08ff78,2
,,,COc1cc(OC)c(S(=O)(=O)N2c3ccccc3CCC2C)cc1NC(=S)NCC(=O)O,4dd3cd84aa7927ef,1
"o-(4-hydroxy-3-iodophenyl)-3,5-diiodotyrosine",DTXSID30858995,3130-96-9,NC(Cc1cc(I)c(Oc2ccc(O)c(I)c2)c(I)c1)C(=O)O,473b46233bc2785e,9
4-(pyrrolidin-1-ylsulfonyl)aniline,DTXSID70336722,88327-91-7,Nc1ccc(S(=O)(=O)N2CCCC2)cc1,33d0c4c28ab21900,5
,,,Cc1cn([C@H]2CCCN([C@H](C)c3ccc(C(=O)O)c(Oc4cccc(Cl)c4)c3)C2)c(=O)[nH]c1=O,ffaa5c813a2d8641,8
4-(4-methoxyphenyl)pyrimidin-2-amine,DTXSID40370693,99844-02-7,COc1ccc(-c2ccnc(N)n2)cc1,79810daf4fb056b5,4
"1-(2-fluorophenyl)-3-(2-oxo-5-phenyl-2,3-dihydro-1h-1,4-benzodiazepin-3-yl)urea",DTXSID201352375,676128-62-4,O=C(Nc1ccccc1F)NC1N=C(c2ccccc2)c2ccccc2NC1=O,bbf578e80fd6f1f9,7
(4-ethylpiperazin-1-yl)-(5-fluoro-1h-indol-2-yl)methanone,DTXSID801323578,902305-11-7,CCN1CCN(C(=O)c2cc3cc(F)ccc3[nH]2)CC1,26d1e19919140afe,2
,,,CC(C)(C)OC(=O)N1CCN(c2ncc(OCc3ccc(S(C)(=O)=O)cc3)nn2)CC1,145138384e09be6a,8
sb203580,DTXSID2040577,152121-47-6,CS(=O)c1ccc(-c2nc(-c3ccc(F)cc3)c(-c3ccncc3)[nH]2)cc1,748a35e73bf561e3,7
afn-1252,DTXSID10211069,620175-39-5,Cc1c(CN(C)C(=O)/C=C/c2cnc3c(c2)CCC(=O)N3)oc2ccccc12,a90c619dbf88b53c,5
"2-morpholin-4-ylpyrido[1,2-a]pyrimidin-4-one",DTXSID80296606,17326-31-7,O=c1cc(N2CCOCC2)nc2ccccn12,dba60ab45fd3c7f7,2
,,,COc1ccc2c(c1)N(CCN1CCC(NCc3ccc4c(n3)NC(=O)CO4)CC1)C(=O)OC2,42bd7811476a9a88,2
,,,Cc1cn([C@H]2CCCN(Cc3ccc(C(=O)O)c(Oc4cccc(C(F)(F)F)c4)c3)C2)c(=O)[nH]c1=O,45e337ccfa7eddcd,4
etizolam,DTXSID0023030,40054-69-1,CCc1cc2c(s1)-n1c(C)nnc1CN=C2c1ccccc1Cl,926d0f77f78e8338,8
"n-((1r)-1-(3-(4-ethoxyphenyl)-3,4-dihydro-4-oxopyrido(2,3-d)pyrimidin-2-yl)ethyl)-n-(3-pyridinylmethyl)-4-(trifluoromethoxy)-benzeneacetamide",DTXSID501025828,473719-41-4,CCOc1ccc(-n2c([C@@H](C)N(Cc3cccnc3)C(=O)Cc3ccc(OC(F)(F)F)cc3)nc3ncccc3c2=O)cc1,a7578228d78083e4,1
"3-amino-4-(dimethylamino)thieno[2,3-b]pyridine-2-carboxamide",DTXSID701184614,147992-87-8,CN(C)c1ccnc2sc(C(N)=O)c(N)c12,5177dea4b2cb14de,2
,,,COc1ccc2c(c1)N(CCN1CCC(NCc3cc4c(cn3)OCCO4)CC1)C(=O)CS2,e15cb768306e99c0,4
flumazenil,DTXSID2023064,78755-81-4,CCOC(=O)c1ncn2c1CN(C)C(=O)c1cc(F)ccc1-2,2b4a6f4d8036749b,3
"4-{5-[(e)-2-{4-(2-chlorophenyl)-5-[5-(methylsulfonyl)-2-pyridinyl]-4h-1,2,4-triazol-3-yl}vinyl]-1,3,4-oxadiazol-2-yl}benzonitrile",DTXSID501352055,1380672-07-0,CS(=O)(=O)c1ccc(-c2nnc(/C=C/c3nnc(-c4ccc(C#N)cc4)o3)n2-c2ccccc2Cl)nc1,08861d63c568ae6c,13
,,,N#CC1(NC(=O)[C@@H]2CCCC[C@H]2C(=O)N2CCN(c3nc4ccncc4s3)CC2)CC1,dbce05a18b373684,3
,,,N#Cc1ccc2ccc(=O)n(CCN3CC[C@H](NCc4cc5c(cn4)OCCO5)[C@H](O)C3)c2c1,b6829c8b81e78e59,5
rotenone,DTXSID6021248,83-79-4,C=C(C)[C@H]1Cc2c(ccc3c2O[C@@H]2COc4cc(OC)c(OC)cc4[C@@H]2C3=O)O1,3d918ae34914deac,11
,,,CC(C)(C#N)c1cnc(N2CCN(C(=O)[C@@H]3CCCC[C@H]3C(=O)NC3(C#N)CC3)CC2)s1,da179239f2e7e336,3
balicatib,DTXSID10188989,354813-19-7,CCCN1CCN(c2ccc(C(=O)NC3(C(=O)NCC#N)CCCCC3)cc2)CC1,cae6965be66dce5e,5
idronoxil,DTXSID50231029,81267-65-4,Oc1ccc(C2=Cc3ccc(O)cc3OC2)cc1,3f5563ead6e69c43,7
aniracetam,DTXSID5045128,72432-10-1,COc1ccc(C(=O)N2CCCC2=O)cc1,cae0ced682e986de,4
"piperazine, 1-((5-methoxyindol-2-yl)carbonyl)-4-methyl-",DTXSID40183028,28837-78-7,COc1ccc2[nH]c(C(=O)N3CCN(C)CC3)cc2c1,bf39ea9bc29d1f84,6
eslicarbazepine,DTXSID901316900,104746-04-5,NC(=O)N1c2ccccc2C[C@H](O)c2ccccc21,4ff223131fcd9c4c,8
,,,CO[C@H]1CN(CCn2c(=O)ccc3ccc(C#N)cc32)CC[C@H]1NCc1ccc2c(n1)NC(=O)CO2,50eab35bc8a5b03c,3
,,,CC(C)N1CCC[C@@H](CN2CCN(C(=O)Nc3ccc(Cl)c(Cl)c3)CC2)C1,60ab5c1412571e21,4
tripelennamine,DTXSID8023717,91-81-6,CN(C)CCN(Cc1ccccc1)c1ccccn1,6db1814ffb5702a7,17
,,,CCC(CC)C[C@H](c1ccc(C(=O)O)c(Oc2cccc(Cl)c2)c1)N1CCC[C@H](n2cc(C)c(=O)[nH]c2=O)C1,4a318992cbfe588d,7
"(βr)-5-fluoro-β-[[3-[5-(1-methylethoxy)-1h-pyrazol-3-yl]-3h-imidazo[4,5-b]pyridin-5-yl]amino]-2-pyridineethanol",DTXSID601108184,1079274-96-6,CC(C)Oc1cc(-n2cnc3ccc(N[C@@H](CO)c4ccc(F)cn4)nc32)n[nH]1,3da5c90f310805ae,5
8-hydroxyquinoline-2-carbonitrile,DTXSID00370093,6759-78-0,N#Cc1ccc2cccc(O)c2n1,f6dbe66288803dc0,1
,,,CC(=O)Nc1nc(C)c(-c2cnc(F)c(NS(=O)(=O)c3sc(C)nc3C)c2)s1,ed6dab2ffbfae3c4,4
"6,7-dimethoxy-4-(p-fluoroanilino)-quinazoline",DTXSID50877961,NOCAS_877961,COc1cc2ncnc(Nc3ccc(F)cc3)c2cc1OC,7e2348ebea1f58df,2
"benzyl 2,4-dihydroxyphenyl ketone",DTXSID80190135,3669-41-8,O=C(Cc1ccccc1)c1ccc(O)cc1O,06a69492456dff94,6
cinchophen,DTXSID0040705,132-60-5,O=C(O)c1cc(-c2ccccc2)nc2ccccc12,dd6716ac1de791a2,6
,,,Cc1c(OC2CCN(CC3CCN([C@@H](Cc4ccc(F)cc4)C(=O)O)CC3)CC2)ccc(C#N)c1Cl,c4e1beb64e409df4,3
,,,O=S(=O)(CCCNCCc1ccc(O)c2nc(O)sc12)NCCOCCc1ccc(F)cc1,9c1cd9bdf82d0e5d,2
"4-bromophenyl 1,4-diazabicyclo(3.2.2)nonane-4-carboxylate",DTXSID2047359,298198-52-4,O=C(Oc1ccc(Br)cc1)N1CCN2CCC1CC2,63a57ed5d1da953d,4
,,,N#Cc1ccc(F)c(-c2cc(C(F)(F)F)ccc2OCC(=O)O)c1,3e813126c76b4f6b,17
"n,n-diethyl-n'-[5-(4-morpholinyl)-1,2,3,4-tetrahydropyrimido[4',5':4,5]thieno[2,3-c]isoquinolin-8-yl]-1,2-ethanediamine",DTXSID501352293,373611-92-8,CCN(CC)CCNc1ncnc2c1sc1nc(N3CCOCC3)c3c(c12)CCCC3,90d891c44649823d,2
,,,Cc1cn([C@H]2CCCN([C@H](CC(C)C)c3ccc(C(=O)O)c(Oc4cccc(Cl)c4)c3)C2)c(=O)[nH]c1=O,a5e6495f5de969b5,6
"quinoline, 2-(phenylthio)-",DTXSID3066768,22190-12-1,c1ccc(Sc2ccc3ccccc3n2)cc1,a831f4725bb84792,4
,,,CCCNc1nc(N2CCC[C@@H](CC(=O)O)C2)ccc1C(=O)NC1CCCCC1,e1b43394b895e111,2
5-methoxy-n-(1-methylethyl)-2-(2-pyridinyl)-4-pyrimidinamine,DTXSID301185703,338771-57-6,COc1cnc(-c2ccccn2)nc1NC(C)C,76696ad36a504fcb,5
"2-[(2-{[1-(n,n-dimethylglycyl)-5-methoxy-2,3-dihydro-1h-indol-6-yl]amino}-7h-pyrrolo[2,3-d]pyrimidin-4-yl)amino]-6-fluoro-n-methylbenzamide",DTXSID50648971,1116235-97-2,CNC(=O)c1c(F)cccc1Nc1nc(Nc2cc3c(cc2OC)CCN3C(=O)CN(C)C)nc2[nH]ccc12,e55f2be73c435917,5
2-(1-hydroxypentyl)-6-methyl-3-(2-phenylethyl)-1h-indole-5-carboxylic acid,DTXSID50468136,873841-43-1,CCCCC(O)c1[nH]c2cc(C)c(C(=O)O)cc2c1CCc1ccccc1,fde33967f3734173,14
"n'-benzyl-n-[1-(3,3-diphenylpropyl)piperidin-4-yl]-n-ethylurea",DTXSID10658692,821008-07-5,CCN(C(=O)NCc1ccccc1)C1CCN(CCC(c2ccccc2)c2ccccc2)CC1,d5e3161621a203c5,6
5-nitroindazole,DTXSID5049316,5401-94-5,O=[N+]([O-])c1ccc2[nH]ncc2c1,e342f1e63ecd5f1a,1
ropinirole,DTXSID8045195,91374-21-9,CCCN(CCC)CCc1cccc2c1CC(=O)N2,00e2285a20d9e5f6,12
"3-(4-ethoxyphenyl)-6,7,8,9-tetrahydro-5h-imidazo[1,2-a]azepine",DTXSID601323641,321981-09-3,CCOc1ccc(-c2cnc3n2CCCCC3)cc1,993de99d7c970501,6
"2,3-dihydro-5h-oxazolo[2,3-b]quinazolin-5-one",DTXSID00352455,52727-44-3,O=c1c2ccccc2nc2n1CCO2,45c7297ae1ca327d,1
nalidixic acid,DTXSID3020912,389-08-2,CCn1cc(C(=O)O)c(=O)c2ccc(C)nc21,cb0376c2682cf345,5
(+/-)-deprenyl,DTXSID60860142,2323-36-6,C#CCN(C)C(C)Cc1ccccc1,096d464a3c35bb0f,9
"2-propylthiazolo[4,5-c]quinolin-4-amine",DTXSID80436686,256922-53-9,CCCc1nc2c(N)nc3ccccc3c2s1,84a741dc873f054d,5
"6-methoxy-4-[2-[4-[([1,3]oxathiolo[5,4-c]pyridin-6-ylmethyl)amino]-1-piperidinyl]ethyl]-3-quinolinecarbonitrile",DTXSID50159279,1352149-24-6,COc1ccc2ncc(C#N)c(CCN3CCC(NCc4cc5c(cn4)OCS5)CC3)c2c1,9c555dd1cecc0c2f,4
,,,O=S(=O)(CCOCc1cccc2ccccc12)NCCCNCCc1ccc(O)c2nc(O)sc12,679a0de26c1c5fca,3
2-difluoromethyl-1h-benzoimidazole,DTXSID30344540,705-09-9,FC(F)c1nc2ccccc2[nH]1,f83aa6dd1462ecfd,1
8-methyl-8-azabicyclo[3.2.1]octan-3-yl hydroxy(phenyl)acetate,DTXSID60858968,114173-36-3,CN1C2CCC1CC(OC(=O)C(O)c1ccccc1)C2,c317b35f5ef933dc,13
rezatomidine,DTXSID00233811,847829-38-3,Cc1cccc([C@H](C)c2c[nH]c(=S)[nH]2)c1C,83fb5300f62783b7,6
,,,Cc1cn([C@H]2CCCN(Cc3ccc(C(=O)O)c(Oc4cccc(F)c4)c3)C2)c(=O)[nH]c1=O,d234442fc49543bc,8
guaifenesin,DTXSID5023114,93-14-1,COc1ccccc1OCC(O)CO,28443e44fb62c935,10
,,,O=S(=O)(CCCNCCc1ccc(O)c2nc(O)sc12)NCCSCCc1ccccc1,cf81f647739aef90,1
2-(benzimidazol-1-yl)-1-(4-bromophenyl)ethanone,DTXSID701320214,163729-32-6,O=C(Cn1cnc2ccccc21)c1ccc(Br)cc1,bd0172b3c13ea971,5
metyrapone,DTXSID1023314,54-36-4,CC(C)(C(=O)c1cccnc1)c1cccnc1,864ad7c829daeb3f,7
"3-pyridinecarboxamide, n-(4-phenyl-2-thiazolyl)-",DTXSID30162584,14397-15-0,O=C(Nc1nc(-c2ccccc2)cs1)c1cccnc1,0a9886660061bfc6,6
,,,COc1ccc(N(C(=O)c2ccco2)C(C(=O)NC2CCCC2)c2ccccc2F)c(OC)c1,c0a7f8a530d409f1,10
"3′,4′-methylenedioxyorobol",DTXSID701311673,40624-03-1,O=c1c(-c2ccc3c(c2)OCO3)coc2cc(O)cc(O)c12,1ed9d9cf91c30380,8
rislenemdaz,DTXSID801031864,808732-98-1,Cc1ccc(COC(=O)N2CC[C@H](CNc3ncccn3)[C@H](F)C2)cc1,cf6680fcdf7fe4ad,7
,,,CCSc1ccc(-c2cc(C(F)(F)F)ccc2OCC(=O)O)cc1,55edcbf3eaeb3383,16
,,,O=C(O)[C@@H](Cc1ccccc1)N1CCC(CN2CCC(Oc3ccc(Cl)c(Cl)c3)CC2)CC1,ff357d174ed76b51,2
cefadroxil,DTXSID8022749,50370-12-2,CC1=C(C(=O)O)N2C(=O)[C@@H](NC(=O)[C@H](N)c3ccc(O)cc3)[C@H]2SC1,e5176ffbd5bb7c2e,8
2-[(6-methoxy-2-methyl-4-quinolinyl)oxy]-n-(2-methoxyphenyl)acetamide,DTXSID801156034,1443138-54-2,COc1ccc2nc(C)cc(OCC(=O)Nc3ccccc3OC)c2c1,90187b99ff67c439,6
,,,COc1cc(OC)c(S(=O)(=O)N2c3ccccc3Oc3ccccc32)cc1NC(=O)/C=C/C(=O)O,517c32f817d11a47,6
,,,CS(=O)(=O)Nc1ccc(CCOCCCS(=O)(=O)CCNCCc2ccc(O)c3nc(O)sc23)cc1,632251c6190ddc69,2
"2-[(4r)-6-(4-chlorophenyl)-8-methoxy-1-methyl-4h-[1,2,4]triazolo[4,3-a][1,4]benzodiazepin-4-yl]-n-ethylacetamide",DTXSID50680634,1260530-25-3,CCNC(=O)C[C@H]1N=C(c2ccc(Cl)cc2)c2cc(OC)ccc2-n2c(C)nnc21,2bda81c7b669b71c,7
"2-pyridinamine, 4-methyl-n-(phenylmethyl)-",DTXSID3065324,13021-71-1,Cc1ccnc(NCc2ccccc2)c1,c02171189fa336a1,6
"9,10-phenanthrenedione, 4-nitro-",DTXSID50157856,13292-03-0,O=C1C(=O)c2cccc([N+](=O)[O-])c2-c2ccccc21,803e3af7027679c8,2
finerenone,DTXSID10146928,1050477-31-0,CCOc1ncc(C)c2c1[C@H](c1ccc(C#N)cc1OC)C(C(N)=O)=C(C)N2,b63c84c7975b0344,4
"2,2'-(propane-1,3-diyl)bis(1h-benzimidazole)",DTXSID80287675,7147-66-2,c1ccc2[nH]c(CCCc3nc4ccccc4[nH]3)nc2c1,4f53d3a552200d09,4
,,,COc1ccc2nnc(=O)n(CCN3CCC(NCc4ccc5c(n4)NC(=O)CO5)CC3)c2c1,1a437fec4e0d5192,3
,,,COc1cccc(CNCc2cccc(CCNC[C@H](O)c3ccc(O)c4[nH]c(=O)sc34)c2)c1,0367a0591c82e82a,3
,,,CC(C)(C)OC(=O)N1CCN(c2ccc(OCc3ccc(S(C)(=O)=O)cc3)cc2)CC1,95dcef7a1d967281,2
ici 198615,DTXSID80146490,104448-53-5,COc1cc(C(=O)NS(=O)(=O)c2ccccc2)ccc1Cn1ncc2ccc(NC(=O)OC3CCCC3)cc21,0e189e83626e7424,3
1-cyclopropyl-3-[5-[6-(morpholin-4-ylmethyl)-1h-benzimidazol-2-yl]-1h-pyrazol-4-yl]urea,DTXSID401026047,896466-04-9,O=C(Nc1c[nH]nc1-c1nc2cc(CN3CCOCC3)ccc2[nH]1)NC1CC1,b5671d99a14c40f5,4
pleconaril,DTXSID8057649,153168-05-9,Cc1cc(CCCOc2c(C)cc(-c3noc(C(F)(F)F)n3)cc2C)on1,b27e41db445b0ad7,2
,,,O=C(O)COc1ccccc1N1CCC(CN2CCC(Oc3ccc(Cl)c(Cl)c3)CC2)CC1,9e33ac696214e9b9,1
,,,N#Cc1ccc2ccc(=O)n(CCN3CC[C@H](NCc4ccc5c(n4)NC(=O)CO5)[C@H](O)C3)c2c1,3948baf838dec1ba,3
2-phenoxynicotinamide,DTXSID90371852,111950-69-7,NC(=O)c1cccnc1Oc1ccccc1,89d49f09569f9449,2
cg 400549,DTXSID00239434,934628-27-0,Cc1c(N)cccc1Cn1ccc(OCCc2cccs2)cc1=O,5ed39b13168068b5,5
"4-(1,3-benzothiazol-2-yl)phenol",DTXSID60978211,6265-55-0,Oc1ccc(-c2nc3ccccc3s2)cc1,168d64c4cbfffdc9,2
"3-hydroxy-3-phenyl-1,3-dihydroindol-2-one",DTXSID801270787,1848-24-4,O=C1Nc2ccccc2C1(O)c1ccccc1,4770223294beff83,4
orobol,DTXSID20197380,480-23-9,O=c1c(-c2ccc(O)c(O)c2)coc2cc(O)cc(O)c12,468d91d89ba9aa99,11
4-chromone,DTXSID40197680,491-38-3,O=c1ccoc2ccccc12,8dc2f945ba1d65f1,1
n-(4-phenylbutyl)benzamide,DTXSID10309495,93406-12-3,O=C(NCCCCc1ccccc1)c1ccccc1,b5041f22cf1b08db,11
4-quinoxalin-2-ylphenol,DTXSID401333339,33707-91-4,Oc1ccc(-c2cnc3ccccc3n2)cc1,e16ae79eb78a707e,4
,,,COc1cc(OC)c(S(=O)(=O)N2c3ccccc3CCC2C)cc1NC(=O)CSCC(=O)O,89ab4b710e18a087,1
"2h-1-benzopyran-3-carboxylic acid, 7-hydroxy-2-oxo-, ethyl ester",DTXSID30209761,6093-71-6,CCOC(=O)c1cc2ccc(O)cc2oc1=O,9b52ee2a07db5db1,10
ruxolitinib,DTXSID10240930,941678-49-5,N#CC[C@H](C1CCCC1)n1cc(-c2ncnc3[nH]ccc23)cn1,04058040878f45bb,10
,,,C[C@@H]1CN(c2ccc3c(n2)NC(=O)CO3)[C@H](c2ccccc2)CO1,9d4645c881f74a26,11
"2-n,4-n-diphenylpyrimidine-2,4-diamine",DTXSID701320521,28458-89-1,c1ccc(Nc2ccnc(Nc3ccccc3)n2)cc1,e03301a182970930,6
"thieno[2,3-d]pyrimidin-4-amine",DTXSID80401415,14080-56-9,Nc1ncnc2sccc12,0c7a18b7d3941d1d,1
4-phenoxy-n-(pyridin-4-ylmethyl)benzamide,DTXSID801330820,852229-20-0,O=C(NCc1ccncc1)c1ccc(Oc2ccccc2)cc1,2956ae769a7593f5,13
8-methoxypsoralen,DTXSID8020830,298-81-7,COc1c2occc2cc2ccc(=O)oc12,4756b240c4d1113c,1
sabutoclax,DTXSID20153724,1228108-65-3,Cc1cc2c(C(=O)NC[C@H](C)c3ccccc3)c(O)c(O)cc2c(O)c1-c1c(C)cc2c(C(=O)NC[C@H](C)c3ccccc3)c(O)c(O)cc2c1O,3c0bcd39381f9885,5
,,,CCCSc1nc(NC[C@H]2CC[C@H](C(=O)O)CC2)ccc1C(=O)NC1CCCCC1,51bebd3bac173d65,1
n-3-pyridylbenzenesulfonamide,DTXSID50320760,53472-19-8,O=S(=O)(Nc1cccnc1)c1ccccc1,0f2afdc7e8aaa9ee,8
benztropine,DTXSID9022659,86-13-5,CN1[C@@H]2CC[C@H]1C[C@@H](OC(c1ccccc1)c1ccccc1)C2,2eb26de4b8cc95ae,5
,,,COc1ccc2c(c1)N(CCN1CCC(NCc3ccc4c(n3)NC(=O)CO4)CC1)C(=O)CC2,3589a6c807d1b078,3
,,,O=C(O)COc1cccc(N2CCC(CN3CCC(Oc4ccc(Cl)c(Cl)c4)CC3)CC2)c1,c12723b0b6add457,1
"6-amino-5,6,7,8-tetrahydronaphthalene-2,3-diyl dibenzoate",DTXSID50276314,7252-65-5,NC1CCc2cc(OC(=O)c3ccccc3)c(OC(=O)c3ccccc3)cc2C1,baef16640a2c08fb,12
,,,CCS(=O)(=O)c1cccc(-c2cc(C(F)(F)F)ccc2OCC(=O)O)c1,b9ba039c38c515fe,6
sulfadoxine,DTXSID6023608,2447-57-6,COc1ncnc(NS(=O)(=O)c2ccc(N)cc2)c1OC,978cb790aedfba56,6
,,,CCCN(C)c1nc(N2CCC[C@@H](CC(=O)O)C2)ccc1C(=O)NC1CCCCC1,50efd7107cc87503,2
"3-cinnolinecarboxamide, 4-amino-7-fluoro-n-propyl-8-(2-pyrimidinyl)-",DTXSID601159844,1261993-06-9,CCCNC(=O)c1nnc2c(-c3ncccn3)c(F)ccc2c1N,a14c766a71be99ef,8
,,,O=c1[nH]c2c(O)ccc([C@@H](O)CNCCSCCCOCCc3ccccc3)c2s1,8f12d74323b5734f,4
,,,Cc1cc2nc(NC(=N)N)nc(C)c2cc1C,38d09187a7c8950c,2
ssr504734,DTXSID3047348,742693-38-5,O=C(N[C@@H](c1ccccc1)[C@@H]1CCCCN1)c1cccc(C(F)(F)F)c1Cl,de462e6c0d9a3035,2
tetracaine,DTXSID1043883,94-24-6,CCCCNc1ccc(C(=O)OCCN(C)C)cc1,4ef1a00b33187537,20
odanacatib,DTXSID40209075,603139-19-1,CC(C)(F)C[C@H](N[C@@H](c1ccc(-c2ccc(S(C)(=O)=O)cc2)cc1)C(F)(F)F)C(=O)NC1(C#N)CC1,b9abae143469cbec,7
sparfloxacin,DTXSID9023590,110871-86-8,C[C@@H]1CN(c2c(F)c(N)c3c(=O)c(C(=O)O)cn(C4CC4)c3c2F)C[C@H](C)N1,5c2c222aca98df34,4
volinanserin,DTXSID6047363,139290-65-6,COc1cccc([C@H](O)C2CCN(CCc3ccc(F)cc3)CC2)c1OC,e555fb18cafd7872,1
7-hydroxy-3-(2-methoxyphenyl)-4h-chromen-4-one,DTXSID80419858,63909-40-0,COc1ccccc1-c1coc2cc(O)ccc2c1=O,62904b725abbc320,8
,,,Cc1ccc2c(c1)c(-c1cc(C)nc3ccccc13)c(C)n2CC(=O)O,faac4ffbbfede49b,7
,,,CCc1c(C(=O)NC2C3CC4CC(C3)CC2C4)cnn1-c1ccc(C(=O)O)cc1,7e946ce88540b5cb,6
,,,O=C(NCCCCCCNCCc1ccc(O)c2nc(O)sc12)Nc1ccccc1,4fc07bb773674da9,3
n-[4-[[3-(dimethylamino)propyl]sulfonyl]phenyl]-4-[2-methyl-1-(1-methylethyl)-1h-imidazol-5-yl]-2-pyrimidinamine,DTXSID001107790,602306-30-9,Cc1ncc(-c2ccnc(Nc3ccc(S(=O)(=O)CCCN(C)C)cc3)n2)n1C(C)C,4a0742d49d2c0216,11
"11h-pyrido(2,1-b)quinazolin-11-one",DTXSID50206494,578-96-1,O=c1c2ccccc2nc2ccccn12,b5414a8787c3397d,1
d-tryptophan,DTXSID0046989,153-94-6,N[C@H](Cc1c[nH]c2ccccc12)C(=O)O,119f0a209a023ca9,12
cdppb,DTXSID80459996,781652-57-1,N#Cc1cccc(C(=O)Nc2cc(-c3ccccc3)nn2-c2ccccc2)c1,c134a231058a84aa,11
,,,Cc1cc(Nc2nc(N[C@@H](C)c3ncc(F)cn3)ncc2F)n[nH]1,258449845f079d75,5
"2h-1-benzopyran-2-one, 3-acetyl-7-(diethylamino)-",DTXSID8072794,74696-96-1,CCN(CC)c1ccc2cc(C(C)=O)c(=O)oc2c1,2719d6f9c002bcd9,6
5-(4-fluorophenyl)-1h-imidazol-2-amine,DTXSID00515124,60472-17-5,Nc1ncc(-c2ccc(F)cc2)[nH]1,cf86959072434487,2
,,,CCS(=O)(=O)c1ccc(-c2cc(C(F)(F)F)ccc2OCC(=O)O)c(C)c1,ee7b118a203d88ed,7
"1-piperidinyl(4,5,6,7-tetrahydro-1-benzothiophen-3-yl)methanone",DTXSID201352256,307540-59-6,O=C(c1csc2c1CCCC2)N1CCCCC1,d59f0b3949be867a,3
n-[5-(1h-imidazol-2-yl)-2-methylphenyl]-4-(2-pyridinylmethoxy)benzamide,DTXSID701351958,1126367-99-4,Cc1ccc(-c2ncc[nH]2)cc1NC(=O)c1ccc(OCc2ccccn2)cc1,d5e9728b2c42acc3,8
5'-[{3-[(4-tert-butylphenyl)carbamamido]propyl}(isopropyl)amino]-5'-deoxyadenosine,DTXSID901352057,1381761-52-9,CC(C)N(CCCNC(=O)Nc1ccc(C(C)(C)C)cc1)C[C@H]1O[C@@H](n2cnc3c(N)ncnc32)[C@H](O)[C@@H]1O,d14a4c981bda259f,1
ulifloxacin,DTXSID0057621,112984-60-8,CC1Sc2c(C(=O)O)c(=O)c3cc(F)c(N4CCNCC4)cc3n21,59966d154da073d8,6
olanzapine,DTXSID9023388,132539-06-1,Cc1cc2c(s1)Nc1ccccc1N=C2N1CCN(C)CC1,287384ee527c04e8,5
,,,N#CC1(NC(=O)[C@@H]2CCCC[C@H]2C(=O)N2CCN(c3ccccc3)CC2)CC1,3f256c87bc09fcf2,2
,,,CCS(=O)(=O)c1ccc(-c2cc(C(F)(F)F)ccc2OCC(N)=O)c(C)c1,ae68788b5770d0c6,20
"5-hydroxy-2-phenylisoindole-1,3-dione",DTXSID80445430,3975-50-6,O=C1c2ccc(O)cc2C(=O)N1c1ccccc1,c39d2b465aabd2a2,2
ic-87114,DTXSID00190617,371242-69-2,Cc1ccccc1-n1c(Cn2cnc3c(N)ncnc32)nc2cccc(C)c2c1=O,504310e617d386e6,5
isoprunetin,DTXSID00196598,4569-98-6,COc1cc(O)cc2occ(-c3ccc(O)cc3)c(=O)c12,0519f9a4e2b0e3b1,11
"2-amino-1,1-diphenylethanol",DTXSID80276807,4382-96-1,NCC(O)(c1ccccc1)c1ccccc1,b59b52a6bf94ee1b,10
"3-(3,4-dimethoxyphenyl)-n-(6-methoxy-1,3-benzothiazol-2-yl)propanamide",DTXSID601352434,848585-46-6,COc1ccc2nc(NC(=O)CCc3ccc(OC)c(OC)c3)sc2c1,b21cbd15fe0be8c7,5
dexpropranolol,DTXSID3045304,5051-22-9,CC(C)NC[C@@H](O)COc1cccc2ccccc12,99643e6aeb62f268,8
3-{3-[(naphthalen-1-yl)oxy]propyl}-1h-indole-2-carboxylic acid,DTXSID80648707,1072899-39-8,O=C(O)c1[nH]c2ccccc2c1CCCOc1cccc2ccccc12,0a8798e539a44a5e,6
1-methyl-5-((2-(5-(trifluoromethyl)-1h-imidazol-2-yl)-4-pyridinyl)oxy)-n-(4-(trifluoromethyl)phenyl)-1h-benzimidazol-2-amine,DTXSID601025871,927880-90-8,Cn1c(Nc2ccc(C(F)(F)F)cc2)nc2cc(Oc3ccnc(-c4ncc(C(F)(F)F)[nH]4)c3)ccc21,847c94f1b36f9d04,9
nomifensine,DTXSID0023377,24526-64-5,CN1Cc2c(N)cccc2C(c2ccccc2)C1,1844b3cffb3a2f29,8
,,,COc1ncc2ncc(=O)n(CCN3CCC(NCc4cc5c(cn4)OCCO5)CC3)c2n1,0dccc72e03979af5,3
2-benzothiazolesulfonamide,DTXSID30195812,433-17-0,NS(=O)(=O)c1nc2ccccc2s1,89c5d4dde257a364,3
bepridil,DTXSID3022663,64706-54-3,CC(C)COCC(CN(Cc1ccccc1)c1ccccc1)N1CCCC1,af579aa6dc3210f8,9
2-(phenylcarbamoylamino)benzoic acid,DTXSID10277488,2164-95-6,O=C(Nc1ccccc1)Nc1ccccc1C(=O)O,1ed0aa316e5576cb,1
,,,COc1cc(Nc2nc(N[C@@H](C)c3ncc(F)cn3)nc(N3CCOCC3)c2F)n[nH]1,e0b91d7984359a92,3
,,,Fc1cccc(CN2CCN(c3ccc4nnc(C(F)(F)F)n4n3)CC2)c1F,95a5eb11f98f2423,3
6-hydroxyflavone,DTXSID8022327,6665-83-4,O=c1cc(-c2ccccc2)oc2ccc(O)cc12,3b922ec371b84378,4
,,,C[C@@H]1CN(c2ccccc2)CCN1C(=O)[C@@H]1CCCC[C@H]1C(=O)NC1(C#N)CC1,276faf84a33cfc1b,3
rupintrivir,DTXSID201028116,223537-30-2,CCOC(=O)/C=C/[C@H](C[C@@H]1CCNC1=O)NC(=O)[C@@H](CC(=O)[C@@H](NC(=O)c1cc(C)on1)C(C)C)Cc1ccc(F)cc1,41805fc3f6644c53,1
,,,CC[C@H](c1ccc(C(=O)O)c(Oc2cccc(Cl)c2)c1)N1CCC[C@H](n2cc(C)c(=O)[nH]c2=O)C1,258c3fab69b75cf9,10
"5-(2-thienyl)thieno[2,3-d]pyrimidin-4(1h)-one",DTXSID701352213,215928-54-4,O=c1[nH]cnc2scc(-c3cccs3)c12,142e27e98e3d9ab4,3
2-(phenoxymethyl)morpholine,DTXSID90621480,167273-56-5,c1ccc(OCC2CNCCO2)cc1,b342e3143ae0312f,6
2-amino-6-fluorobenzothiazole,DTXSID50313051,348-40-3,Nc1nc2ccc(F)cc2s1,1775c1404a78f210,1
"5-methoxy-n,n-dimethyl-2-(2-pyridinyl)-4-pyrimidinamine",DTXSID201352270,338410-58-5,COc1cnc(-c2ccccn2)nc1N(C)C,e6ecb434c91561f0,3
,,,COc1cc(OC)c(S(=O)(=O)N2c3ccccc3CCC2C)cc1NC(C)=O,3cf7ad11b79b7fb6,2
"n-carbamoyl-2-(2,3-dihydro-1h-inden-5-ylamino)-2-phenylacetamide",DTXSID401327809,1009618-59-0,NC(=O)NC(=O)C(Nc1ccc2c(c1)CCC2)c1ccccc1,6d5e2273d56e9290,15
dibromsalicil,DTXSID20200328,523-88-6,O=C(C(=O)c1cc(Br)ccc1O)c1cc(Br)ccc1O,356af894aa8ccfe3,2
"rel-4-[(3ar,4s,7r,7as)-1,3,3a,4,7,7a-hexahydro-1,3-dioxo-4,7-methano-2h-isoindol-2-yl]-n-8-quinolinylbenzamide",DTXSID401351959,1127442-82-3,O=C(Nc1cccc2cccnc12)c1ccc(N2C(=O)[C@@H]3[C@H](C2=O)[C@@H]2C=C[C@H]3C2)cc1,8bcd0df97ddbacff,7
,,,O=[N+]([O-])c1ccc(/C=N/O)o1,d93dfea6c214c4e8,2
4-[2-oxo-3-[4-(5-phenylpentylsulfanyl)phenoxy]propoxy]benzoic acid,DTXSID30430952,408501-38-2,O=C(COc1ccc(SCCCCCc2ccccc2)cc1)COc1ccc(C(=O)O)cc1,d9ed0219127fe0ed,6
,,,NC(=O)c1cncc(-c2ccc([C@H]3CC[C@H](CC(=O)O)CC3)cc2)c1,7a49aef3551e7327,5
jdtic,DTXSID70433301,361444-66-8,CC(C)[C@@H](CN1CC[C@@](C)(c2cccc(O)c2)[C@@H](C)C1)NC(=O)[C@H]1Cc2ccc(O)cc2CN1,285adff72161285b,4
,,,COc1ccc(-c2cc(C(F)(F)F)ccc2OCC(=O)O)cc1,ddd3b4d9fb1e0f4b,13
,,,N#CCNC(=O)[C@@H]1CCCC[C@H]1C(=O)N1CCCCC1,806c8c03569daa19,1
"n-cyclopentyl-2-{[4-(3,4-difluorophenyl)-3-oxo-3,4-dihydro-2-pyrazinyl]sulfanyl}acetamide",DTXSID101352560,899958-64-6,O=C(CSc1nccn(-c2ccc(F)c(F)c2)c1=O)NC1CCCC1,3cab33a1a4ee771e,9
1h-indol-2-yl(piperazin-1-yl)methanone,DTXSID30358889,136818-95-6,O=C(c1cc2ccccc2[nH]1)N1CCNCC1,5ab4d5d6ee10001a,4
flunitrazepam,DTXSID7023065,1622-62-4,CN1C(=O)CN=C(c2ccccc2F)c2cc([N+](=O)[O-])ccc21,af52c1c946024e6b,2
"6-(2,6-dibromophenyl)pyrido[2,3-d]pyrimidine-2,7-diamine",DTXSID60416143,179343-23-8,Nc1ncc2cc(-c3c(Br)cccc3Br)c(N)nc2n1,c333eb032fc47505,2
5-(phenylmethoxy)-1h-indole-2-carboxylic acid,DTXSID20216621,6640-09-1,O=C(O)c1cc2cc(OCc3ccccc3)ccc2[nH]1,5202642748830a06,7
"3',4',7-trihydroxyisoflavone",DTXSID3022451,485-63-2,O=c1c(-c2ccc(O)c(O)c2)coc2cc(O)ccc12,3a5e9f4946ac7fd7,11
,,,Cc1cn([C@H]2CCCN(Cc3ccc(C(=O)O)c(Oc4cccc(Cl)c4)c3)C2)c(=O)[nH]c1=O,72608a6788a7790f,4
pha-767491,DTXSID50471069,845714-00-3,O=C1NCCc2[nH]c(-c3ccncc3)cc21,f6eb1b89a8b4b930,4
,,,Cc1cc(Nc2cc(N3CCOCC3)nc(N[C@@H](C)c3ncc(F)cn3)n2)n[nH]1,8ef4a6e5b458a7a8,5
"1-hydroxy-2-phenyl-4h-2,4,1-benzodiazaborinin-3-one",DTXSID30333095,192461-58-8,O=C1Nc2ccccc2B(O)N1c1ccccc1,c03bb83d5f81d9e3,3
"acetamide, n-2-pyridinyl-",DTXSID90200335,5231-96-9,CC(=O)Nc1ccccn1,09ac22baa95b87d4,1
n-propyl-2-{[5-(1-pyrrolidinylsulfonyl)-2-pyridinyl]sulfanyl}acetamide,DTXSID201352501,876392-80-2,CCCNC(=O)CSc1ccc(S(=O)(=O)N2CCCC2)cn1,c87b2f107d00d03e,20
debrisoquin,DTXSID7022885,1131-64-2,N=C(N)N1CCc2ccccc2C1,09ca132a24a39f27,14
,,,Cc1ncc(-c2ccnc(Nc3ccc(N4CCN(C(=O)CN(C)C)CC4)cc3)n2)n1C(C)C,9602be8277b444b2,8
,,,O=c1[nH]c2c(O)ccc([C@@H](O)CNCCc3cccc(CNCCc4ccccn4)c3)c2s1,54677a0d9fb16043,4
,,,C[C@@H](COCCCS(=O)(=O)CCNCCc1ccc(O)c2nc(O)sc12)c1ccccc1,f1593060610884dd,2
,,,COc1ccccc1CNCc1ccc(CCNC[C@H](O)c2ccc(O)c3[nH]c(=O)sc23)cc1,6f16dcdbdfb84b98,2
,,,O=C(O)[C@H](Cc1ccccc1F)N1CCC(CN2CCC(Oc3ccc(Cl)c(Cl)c3)CC2)CC1,6b8cff08903b57da,7
,,,N#Cc1cccc(-c2cc(C(F)(F)F)ccc2OCC(=O)O)c1,189cc20fa3851cae,9
n-cyclohexyl-2-phenylsulfanylpyridine-3-carboxamide,DTXSID601330036,863420-85-3,O=C(NC1CCCCC1)c1cccnc1Sc1ccccc1,db9dcc088ee9027f,2
pantoprazole,DTXSID4023416,102625-70-7,COc1ccnc(CS(=O)c2nc3cc(OC(F)F)ccc3[nH]2)c1OC,f6f8a28115439cb4,5
benzydamine,DTXSID7047859,642-72-8,CN(C)CCCOc1nn(Cc2ccccc2)c2ccccc12,bf714203ee33a159,17
macimorelin,DTXSID601045766,381231-18-1,CC(C)(N)C(=O)N[C@H](Cc1c[nH]c2ccccc12)C(=O)N[C@H](Cc1c[nH]c2ccccc12)NC=O,95ea771e70adc843,3
"n,n-dimethyl-5-((2-methyl-6-(((5-methyl-2-pyrazinyl)amino)carbonyl)-4-benzofuranyl)oxy)-2-pyrimidinecarboxamide",DTXSID801336892,1245603-92-2,Cc1cnc(NC(=O)c2cc(Oc3cnc(C(=O)N(C)C)nc3)c3cc(C)oc3c2)cn1,db79116cf85c765f,12
(e)-doxepin,DTXSID90859605,3607-34-9,CN(C)CC/C=C1\c2ccccc2COc2ccccc21,626fd2916053aaeb,15
"7-amino-5-phenylpyrazolo[1,5-a]pyrimidine-3-carbonitrile",DTXSID801352042,1356563-62-6,N#Cc1cnn2c(N)cc(-c3ccccc3)nc12,edfce123ae0780a4,2
"3-(7-hydroxy-4,8-dimethyl-2-oxo-2h-chromen-3-yl)propanoic acid",DTXSID90419884,500204-30-8,Cc1c(CCC(=O)O)c(=O)oc2c(C)c(O)ccc12,e3a7f180a916385d,17
,,,COc1ccc2c(c1)N(CCN1CCC(NCc3ccc4c(n3)NC(=O)CO4)CC1)C(=O)CO2,7a7222575084481c,1
,,,N#CC1(NC(=O)[C@@H]2CCCC[C@H]2C(=O)N2CCN(c3nc4cnccc4s3)CC2)CC1,2494f8b9b1ba47c0,5
,,,O=c1[nH]c2c(O)ccc([C@@H](O)CNCCSCCCNCCc3cccc(C(F)(F)F)c3)c2s1,95bd03bb5bfec607,2
,,,O=C(O)Cc1ccc(N2CCC(CN3CCC(Oc4ccc(Cl)c(Cl)c4)CC3)CC2)cc1,5c8e8d9cb8b7a9b9,1
,,,COc1ccc(N2CCN(C(=O)[C@@H]3CCCC[C@H]3C(=O)NC3(C#N)CC3)[C@H](C)C2)nc1OC,648cd39bb75dff20,1
,,,N#Cc1cnc(N2CCN(C(=O)[C@@H]3CCCC[C@H]3C(=O)NC3(C#N)CC3)CC2)s1,57027a1bd892b225,4
2-amino-3-quinolinecarboxamide,DTXSID301305341,31407-28-0,NC(=O)c1cc2ccccc2nc1N,32b8688ad3ae8a79,2
"indole-3-carboxylic acid, 1-benzyl-",DTXSID60181506,27018-76-4,O=C(O)c1cn(Cc2ccccc2)c2ccccc12,9fbd1c8e79a9aae8,8
1-[4-(4-phenylphthalazin-1-yl)piperazin-1-yl]butan-1-one,DTXSID201328637,701238-36-0,CCCC(=O)N1CCN(c2nnc(-c3ccccc3)c3ccccc23)CC1,5946143aa791f959,8
,,,COc1cc(OC)c(S(=O)(=O)N2c3ccccc3CCC2C)cc1NC(=O)Cc1ccnc(F)c1,2ca35d8aeb048792,4
n-[5-(dimethylamino)naphthalene-1-sulfonyl]-n-methylglycine,DTXSID30911094,1093-96-5,CN(C)c1cccc2c(S(=O)(=O)N(C)CC(=O)O)cccc12,a91f75c1f37c9891,10
"benzo(h)quinoline-5,6-dione",DTXSID00216164,65938-98-9,O=C1C(=O)c2cccnc2-c2ccccc21,68f56b9d6ab25ba9,1
,,,CN1CCN(C(=O)[C@@H]2CCCC[C@H]2C(=O)NCC#N)CC1,e9367c5d182e88f6,6
4-(((3-phenoxyphenyl)methyl)amino)-benzenepropanoic acid,DTXSID70237088,885101-89-3,O=C(O)CCc1ccc(NCc2cccc(Oc3ccccc3)c2)cc1,4f457f89cbeecd01,13
flupirtine,DTXSID4048436,56995-20-1,CCOC(=O)Nc1ccc(NCc2ccc(F)cc2)nc1N,49f8f94e2716162b,13
7-chloro-1h-indazole,DTXSID80455690,37435-12-4,Clc1cccc2cn[nH]c12,5e51e59dc06be8f6,1
ro106-9920,DTXSID80397884,62645-28-7,O=S(c1ccccc1)c1ccc2nnnn2n1,dbe56a6554b5c3ab,2
yohimbine,DTXSID9040130,146-48-5,COC(=O)[C@@H]1[C@H]2C[C@H]3c4[nH]c5ccccc5c4CCN3C[C@@H]2CC[C@@H]1O,a4566dde7fc077da,3
"n-[2-(1,3-benzodioxol-5-yl)ethyl]-1-[2-(1h-imidazol-1-yl)-6-methyl-4-pyrimidinyl]-d-prolinamide",DTXSID001352298,402934-09-2,Cc1cc(N2CCC[C@@H]2C(=O)NCCc2ccc3c(c2)OCO3)nc(-n2ccnc2)n1,8ff059d198af4bbc,7
,,,CCC(C)(C)C[C@H](c1ccc(C(=O)O)c(Oc2cccc(Cl)c2)c1)N1CCC[C@H](n2cc(C)c(=O)[nH]c2=O)C1,b3af241d1b34ba2e,4
tlr7 ligand ii,DTXSID60434307,226907-52-4,COCCOc1nc(N)c2[nH]c(=O)n(Cc3ccccc3)c2n1,a8e5f22ac7540665,16
"2,2'-((3,3'-dimethoxy(1,1'-biphenyl)-4,4'-diyl)diimino)bis-benzoic acid",DTXSID90201004,52962-95-5,COc1cc(-c2ccc(Nc3ccccc3C(=O)O)c(OC)c2)ccc1Nc1ccccc1C(=O)O,44ca097839a5dd58,2
"5-fluoro-2-{2-[(4as,5r)-1-(4-fluorophenyl)-5-hydroxy-4a-methyl-1,4,4a,5,6,7-hexahydrocyclopenta[f]indazol-5-yl]ethyl}benzamide",DTXSID401351866,1021539-02-5,C[C@]12Cc3cnn(-c4ccc(F)cc4)c3C=C1CC[C@@]2(O)CCc1ccc(F)cc1C(N)=O,b98da1aa43b62348,4
methyl 1-{(2s)-2-cyclohexyl-2-[(n-methyl-l-alanyl)amino]acetyl}-l-prolyl-beta-phenyl-l-phenylalaninate,DTXSID401351854,1001600-54-9,CN[C@@H](C)C(=O)N[C@H](C(=O)N1CCC[C@H]1C(=O)N[C@H](C(=O)OC)C(c1ccccc1)c1ccccc1)C1CCCCC1,d01929734d5f8950,1
"l-phenylalanine, n-[(1,1-dimethylethoxy)carbonyl]-",DTXSID90884634,13734-34-4,CC(C)(C)OC(=O)N[C@@H](Cc1ccccc1)C(=O)O,6c78c12507362165,8
,,,Cc1cc(OC2CCN(CC3CCN([C@@H](Cc4ccc(F)cc4)C(=O)O)CC3)CC2)ccc1Cl,823542754a5085ef,7
,,,Oc1nc2c(O)ccc(CCNCCCCCCOCCc3ccccc3)c2s1,8bd1cd32fae1fbca,6
"n2-(3-methoxyphenyl)-n4-(tetrahydro-2-furanylmethyl)-2,4-quinazolinediamine",DTXSID901352419,796888-12-5,COc1cccc(Nc2nc(NCC3CCCO3)c3ccccc3n2)c1,65b669230f2beab7,12
naltrindole,DTXSID60912216,111555-53-4,Oc1ccc2c3c1O[C@H]1c4[nH]c5ccccc5c4C[C@@]4(O)[C@@H](C2)N(CC2CC2)CC[C@]314,604f0210b7fafeb2,6
"acetamide, n-[4-[(2-pyridinylamino)sulfonyl]phenyl]-",DTXSID5066453,19077-98-6,CC(=O)Nc1ccc(S(=O)(=O)Nc2ccccn2)cc1,d4fc85c680d1a30c,7
"4-[(4′-amino-5′,8′-difluorospiro[piperidine-4,2′(1′h)-quinazolin]-1-yl)carbonyl]benzonitrile",DTXSID301119734,253771-22-1,N#Cc1ccc(C(=O)N2CCC3(CC2)N=C(N)c2c(F)ccc(F)c2N3)cc1,5abb8d8fa3e577ad,4
n-(4-{[(2-methoxyethyl)amino]methyl}phenyl)-6-(4-pyridinyl)-2-quinazolinamine,DTXSID201351858,1008503-58-9,COCCNCc1ccc(Nc2ncc3cc(-c4ccncc4)ccc3n2)cc1,3fb2eb755e750318,7
"n-(4-(1,1,1,3,3,3-hexafluoro-2-hydroxy-propan-2-yl)phenyl)-n-(2,2,2-trifluoroethyl)benzenesulfonamide",DTXSID6040618,293754-55-9,O=S(=O)(c1ccccc1)N(CC(F)(F)F)c1ccc(C(O)(C(F)(F)F)C(F)(F)F)cc1,efca90e9149c65c0,16
,,,CCN(C(=O)Cc1ccc(S(C)(=O)=O)cc1)C1CCN(CC[C@@H](c2cc(Cl)cc(Cl)c2)C2CCN(S(C)(=O)=O)CC2)CC1,f3348e90305b4c0e,1
n-(2-methoxybenzyl)-n-(4-phenoxy-3-pyridinyl)acetamide,DTXSID601352222,253307-72-1,COc1ccccc1CN(C(C)=O)c1cnccc1Oc1ccccc1,1d281248fc178189,9
,,,COc1ccccc1CNCCc1cccc(CCNC[C@H](O)c2ccc(O)c3[nH]c(=O)sc23)c1,dd81aa647238bedb,2
,,,Cc1ccc(C#N)cc1-c1cc(C(F)(F)F)ccc1OCC(=O)O,c4021e75ce66e847,9
nitromide,DTXSID0045836,121-81-3,NC(=O)c1cc([N+](=O)[O-])cc([N+](=O)[O-])c1,1c6036b10de88036,2
"5,7-dihydroxy-3',4'-dimethoxyisoflavone",DTXSID80419919,53084-11-0,COc1ccc(-c2coc3cc(O)cc(O)c3c2=O)cc1OC,ad129abeff57c4bd,6
4-bromonaphthalen-1-ol,DTXSID50341773,571-57-3,Oc1ccc(Br)c2ccccc12,d76cb8b68f327cb4,2
raclopride,DTXSID9045687,84225-95-6,CCN1CCC[C@H]1CNC(=O)c1c(O)c(Cl)cc(Cl)c1OC,a753fdb7d78f7c86,5
,,,CCN(C(=O)Cc1ccc(S(C)(=O)=O)cc1)C1CCN(CC[C@@H](c2ccccc2)C2CCN(S(C)(=O)=O)CC2)CC1,712c69157ec656af,1
,,,COc1ccc2ncc(=O)n(CCN3CC[C@@H](NCc4cc5c(cn4)OCCO5)[C@H](O)C3)c2c1,0ef0d615e36405c1,6
"benzene, 1-methyl-4-(phenylsulfonyl)-",DTXSID0060937,640-57-3,Cc1ccc(S(=O)(=O)c2ccccc2)cc1,f9cc634e15547011,4
terbinafine,DTXSID2023640,91161-71-6,CN(C/C=C/C#CC(C)(C)C)Cc1cccc2ccccc12,c5994f19bafaa777,9
,,,COc1cc(OC2CCN(C)CC2)c2c(Nc3c(Cl)ccc4c3OCO4)ncnc2c1,91e284e5ebed815f,4
4-(benzyloxy)-1-{1-[2-(1-pyrrolidinyl)ethyl]-1h-indazol-5-yl}-2(1h)-pyridinone,DTXSID501351871,1039825-68-7,O=c1cc(OCc2ccccc2)ccn1-c1ccc2c(cnn2CCN2CCCC2)c1,3feaec77bb4442a7,24
,,,COc1ccc(N2CCN(C(=O)[C@@H]3CCCC[C@H]3C(=O)NC3(C#N)CC3)CC2)cc1OC,76567013fbb1727b,2
trioxsalen,DTXSID3023716,3902-71-4,Cc1cc2cc3c(C)cc(=O)oc3c(C)c2o1,dbdad6a3dc7cced8,1
,,,CC(C)(C)OC(=O)N1CCN(c2ccc(OCc3ccc(S(C)(=O)=O)cc3)nn2)CC1,a89cf89c7a67e471,11
(r)-(+)-fluoxetine,DTXSID10872290,100568-03-4,CNCC[C@@H](Oc1ccc(C(F)(F)F)cc1)c1ccccc1,d330c1527ae55c0a,15
4-[4-(4-fluorophenyl)-2-(4-methylsulfanylphenyl)-1h-imidazol-5-yl]pyridine,DTXSID50431709,152121-44-3,CSc1ccc(-c2nc(-c3ccc(F)cc3)c(-c3ccncc3)[nH]2)cc1,d2af64334febc14e,4
"ethyl (2e,4s)-4-{(2s)-2-[3-{[(5-methyl-1,2-oxazol-3-yl)carbonyl]amino}-2-oxo-1(2h)-pyridinyl]-4-pentynamido}-5-[(3s)-2-oxo-3-pyrrolidinyl]-2-pentenoate",DTXSID701352275,343565-99-1,C#CC[C@@H](C(=O)N[C@H](/C=C/C(=O)OCC)C[C@@H]1CCNC1=O)n1cccc(NC(=O)c2cc(C)on2)c1=O,23df92a53d5531a8,1
donepezil,DTXSID8048317,120014-06-4,COc1cc2c(cc1OC)C(=O)C(CC1CCN(Cc3ccccc3)CC1)C2,868038657c0f12a4,3
,,,COc1cccc2c(-c3c(C)n(CC(=O)O)c4ccc(C)cc34)ccnc12,a052172c3959ce79,9
,,,CN(CCCOCCOCCc1ccccc1)CCc1ccc(O)c2nc(O)sc12,9e2433cae2e6fcd5,4
,,,O=C(O)Cc1cccc(N2CCC(CN3CCC(Oc4ccc(Cl)c(Cl)c4)CC3)CC2)c1,2fdbab7bb5692d3c,2
(+/-)-voriconazole,DTXSID201019420,188416-29-7,C[C@@H](c1ncncc1F)[C@](O)(Cn1cncn1)c1ccc(F)cc1F,3cd01fb2dee385b8,5
,,,Cc1ncsc1CCOCCCS(=O)(=O)CCNCCc1ccc(O)c2nc(O)sc12,6a19ce2699e21fcc,4
,,,Cc1nnc(C)c2cc(N3CCN(C(=O)[C@@H]4CCCC[C@H]4C(=O)NC4(C#N)CC4)[C@H](C)C3)ccc12,b2488dd7fd033a55,4
,,,N#Cc1ccc2c(c1)N(CCN1CCC(NCc3ccc4c(n3)NC(=O)CO4)CC1)C(=O)CO2,fa57d5da6531e039,1
,,,N#CC1(NC(=O)[C@@H]2CCCC[C@H]2C(=O)N2CCN(c3nc4c(s3)COCC4)CC2)CC1,d3db691ed137fad7,3
,,,CS(=O)(=O)c1ccc2nc(N3CCN(C(=O)[C@@H]4CCCC[C@H]4C(=O)NC4(C#N)CC4)CC3)sc2c1,33bc5673409ed027,2
,,,O=C(O)c1cccnc1N1CCC(CN2CCC(Oc3ccc(Cl)c(Cl)c3)CC2)CC1,0cf6b1622ec86686,9
"9,10-phenanthrenedione, 2-nitro-",DTXSID90209161,604-95-5,O=C1C(=O)c2cc([N+](=O)[O-])ccc2-c2ccccc21,aa8c3993817a24d4,2
"n-(3-{[3-(2,6-dichloro-3,5-dimethoxyphenyl)-7-{[4-(diethylamino)butyl]amino}-2-oxo-3,4-dihydropyrimido[4,5-d]pyrimidin-1(2h)-yl]methyl}phenyl)acrylamide",DTXSID301352009,1256152-35-8,C=CC(=O)Nc1cccc(CN2C(=O)N(c3c(Cl)c(OC)cc(OC)c3Cl)Cc3cnc(NCCCCN(CC)CC)nc32)c1,39cf4367f61e5ba5,5
5-methoxy-n-methyl-n-phenyl-2-pyridin-2-ylpyrimidin-4-amine,DTXSID701326379,338771-63-4,COc1cnc(-c2ccccn2)nc1N(C)c1ccccc1,1090070a0653da50,2
,,,O=S(=O)(CCCOCCNc1ccccc1)CCNCCc1ccc(O)c2nc(O)sc12,51c2c103c0e31d0e,2
ritonavir,DTXSID1048627,155213-67-5,CC(C)c1nc(CN(C)C(=O)N[C@H](C(=O)N[C@@H](Cc2ccccc2)C[C@H](O)[C@H](Cc2ccccc2)NC(=O)OCc2cncs2)C(C)C)cs1,ed952307a3e31455,3
"benzamide, n,n'-[iminobis(9,10-dihydro-9,10-dioxo-4,1-anthracenediyl)]bis-",DTXSID1059579,128-79-0,O=C(Nc1ccc(Nc2ccc(NC(=O)c3ccccc3)c3c2C(=O)c2ccccc2C3=O)c2c1C(=O)c1ccccc1C2=O)c1ccccc1,bc08474069fb5b8c,8
"(alphas)-alpha-[(2,6-dichlorobenzoyl)amino]-2′,6′-dimethoxy[1,1′-biphenyl]-4-propanoic acid",DTXSID001026007,232271-19-1,COc1cccc(OC)c1-c1ccc(C[C@H](NC(=O)c2c(Cl)cccc2Cl)C(=O)O)cc1,82f7f7521b6b248a,8
isoxsuprine,DTXSID9023178,395-28-8,CC(COc1ccccc1)NC(C)C(O)c1ccc(O)cc1,a90f4bc8d397cc5c,6
,,,COCCNCc1ccc(CCNC[C@H](O)c2ccc(O)c3[nH]c(=O)sc23)cc1,c16b6a2451b5c1b2,3
4-(benzenesulfonyl)-1h-pyrazol-5-amine,DTXSID301332564,243661-06-5,Nc1[nH]ncc1S(=O)(=O)c1ccccc1,597413810db5aaff,2
,,,CCN(C(=O)Cc1ccc(S(C)(=O)=O)cc1)C1CCN(CCC(c2ccccc2)N2CCC(C(C)=O)CC2)CC1,0d961991a0441f57,2
n-{[(2s)-1-ethylpyrrolidin-2-yl]methyl}-2-methoxy-5-sulfamoylbenzamide,DTXSID0042583,23672-07-3,CCN1CCC[C@H]1CNC(=O)c1cc(S(N)(=O)=O)ccc1OC,8be1b47a7934b7ce,5
rabeprazole,DTXSID3044122,117976-89-3,COCCCOc1ccnc(CS(=O)c2nc3ccccc3[nH]2)c1C,f5837a00ae051fc3,11
,,,N#CCNC(=O)[C@@H]1CCCC[C@H]1C(=O)N1CC=CCC1,f72d5632a76092c7,1
eprosartan,DTXSID0022989,133040-01-4,CCCCc1ncc(/C=C(\Cc2cccs2)C(=O)O)n1Cc1ccc(C(=O)O)cc1,1855c2a1e2e4f10b,6
4-cyano-n-[6-(1h-imidazol-1-yl)-3-pyridinyl]benzamide,DTXSID501352031,1311939-72-6,N#Cc1ccc(C(=O)Nc2ccc(-n3ccnc3)nc2)cc1,11440e207e71fedb,12
,,,Nc1ccccc1NC(=O)c1ccc(-c2ncc(CN3CCC3)cc2F)cc1,fe9427babb20e239,11
candesartan,DTXSID0022725,139481-59-7,CCOc1nc2cccc(C(=O)O)c2n1Cc1ccc(-c2ccccc2-c2nnn[nH]2)cc1,7e737ed21751a2f4,10
pf-4455242 free base,DTXSID30152783,1202647-54-8,CC(C)CNCc1ccc(-c2ccccc2S(=O)(=O)N2CCCC2)cc1,a74dddb1b73c93e0,16
pictrelisib,DTXSID40241930,957054-30-7,CS(=O)(=O)N1CCN(Cc2cc3nc(-c4cccc5[nH]ncc45)nc(N4CCOCC4)c3s2)CC1,e9895a0a1084b369,2
,,,O=S(=O)(CCCOCCc1ccccc1)CCNCCc1ccc(O)c2nc(O)sc12,bb993f58c3450cfe,3
vicriviroc,DTXSID40897719,306296-47-9,COC[C@@H](c1ccc(C(F)(F)F)cc1)N1CCN(C2(C)CCN(C(=O)c3c(C)ncnc3C)CC2)C[C@@H]1C,421e26f32cc6f2c8,3
,,,N#CC1(NC(=O)[C@@H]2CCCC[C@H]2C(=O)N2CCN(c3nc(C(F)(F)F)cs3)CC2)CC1,ba1f50a071afb0a4,1
4-phenylbicyclo[2.2.2]octan-1-amine,DTXSID20144571,10206-89-0,NC12CCC(c3ccccc3)(CC1)CC2,a020f337cbdfb3da,2
2-(pyridin-3-yl)pyrimidin-4-amine,DTXSID70377150,61310-31-4,Nc1ccnc(-c2cccnc2)n1,ea122c46b8b0ca96,2
"2-amino-4,6-dimethylpyridine",DTXSID9052189,5407-87-4,Cc1cc(C)nc(N)c1,7d7454d410d2e90d,1
pioglitazone,DTXSID3037129,111025-46-8,CCc1ccc(CCOc2ccc(CC3SC(=O)NC3=O)cc2)nc1,1e05d61e553bf652,1
"2-[1-(3,3-diphenylpropyl)piperidin-4-yl]-3h-isoindol-1-one",DTXSID70431726,163268-23-3,O=C1c2ccccc2CN1C1CCN(CCC(c2ccccc2)c2ccccc2)CC1,9b74438901061e1a,2
phenyl(pyridin-3-yl)methanol,DTXSID50284090,6270-47-9,OC(c1ccccc1)c1cccnc1,4cb1341ffa2e5098,8
"4,6-diamino-2,3-dihydro-2-(phenoxymethyl)furo[2,3-b]pyridine-5-carbonitrile",DTXSID601143033,672951-59-6,N#Cc1c(N)nc2c(c1N)CC(COc1ccccc1)O2,ea2c2441a15e111d,3
,,,N#CC1(NC(=O)[C@@H]2CCCC[C@H]2C(=O)N2CCN(c3nc4ncccc4s3)CC2)CC1,b7e674abcc52bdbe,1
7-ethyl-10-hydroxycamptothecin,DTXSID4040399,86639-52-3,CCc1c2c(nc3ccc(O)cc13)-c1cc3c(c(=O)n1C2)COC(=O)[C@]3(O)CC,71c2230d2ed1d4f5,6
,,,COc1cc(OC)c(S(=O)(=O)N2c3ccccc3CCC2C)cc1NC(=O)CSc1ccncc1,a7438da115274330,5
linezolid,DTXSID5046489,165800-03-3,CC(=O)NC[C@H]1CN(c2ccc(N3CCOCC3)c(F)c2)C(=O)O1,3513bd12bc683680,3
,,,O=S(=O)(CCCOCCc1nccc2ccccc12)CCNCCc1ccc(O)c2nc(O)sc12,1d393f9afbbdfd7c,3
,,,O=S(=O)(Cc1cc(N2CCOCC2)nc(-c2ccccn2)n1)c1ccccc1,cd804e4afb0769da,5
"n(6),n(6)-dimethyladenine",DTXSID20239658,938-55-6,CN(C)c1ncnc2nc[nH]c12,069d04892438a780,1
,,,COc1ccc2ncc(=O)n(CCN3CCC(NCc4cc5c(cn4)OCCO5)CC3)c2c1,7ae7c75e5238524a,3
fluphenazine,DTXSID2023068,69-23-8,OCCN1CCN(CCCN2c3ccccc3Sc3ccc(C(F)(F)F)cc32)CC1,70c626b9952d5408,2
"(4s)-4-[2,4-difluoro-5-(pyrimidin-5-yl)phenyl]-4-methyl-5,6-dihydro-4h-1,3-thiazin-2-amine",DTXSID10658051,1194044-20-6,C[C@@]1(c2cc(-c3cncnc3)c(F)cc2F)CCSC(N)=N1,ce1649d766fad9f4,4
,,,Cc1cn([C@H]2CCCN([C@H](CC3CCOCC3)c3ccc(C(=O)O)c(Oc4cccc(Cl)c4)c3)C2)c(=O)[nH]c1=O,98f62e260bedb7cc,4
6-aminoquinoline,DTXSID80206725,580-15-4,Nc1ccc2ncccc2c1,13d9be59bb279d19,1
,,,CC(=O)Nc1ccc2ccn(-c3cc(NC4CC4)n4ncc(C#N)c4n3)c2c1,89bbd2f53bbfc729,5
piretanide,DTXSID2023488,55837-27-9,NS(=O)(=O)c1cc(C(=O)O)cc(N2CCCC2)c1Oc1ccccc1,57d31aa760934710,16
"(2s)-n-[(1s)-1-cyclohexyl-2-[(3ar,7as)-octahydro-6-(2-phenylethyl)-1h-pyrrolo[2,3-c]pyridin-1-yl]-2-oxoethyl]-2-(methylamino)propanamide",DTXSID701101698,867324-12-7,CN[C@@H](C)C(=O)N[C@H](C(=O)N1CC[C@H]2CCN(CCc3ccccc3)C[C@H]21)C1CCCCC1,94ae2bf51063f0f2,1
,,,CCCSc1c(C(=O)NC2CCCCC2)cnn1[C@H]1CC[C@@H](C(=O)O)CC1,67e510504bd8157e,2
aminomebendazole,DTXSID70200353,52329-60-9,Nc1nc2ccc(C(=O)c3ccccc3)cc2[nH]1,83a8b17fb036fe15,4
,,,Fc1ncccc1OC[C@@H]1CCN1,e01a1db1151ff202,16
"2-propanamine, 1-(2,6-dimethylphenoxy)-, (2r)-",DTXSID50241709,94991-73-8,Cc1cccc(C)c1OC[C@@H](C)N,be85d83b925001fa,8
,,,N#CCNC(=O)[C@@H]1CCCC[C@H]1C(=O)N1CCN(c2ccc(F)cc2)CC1,ee5a0ad0b482fe17,1
"2,4-quinazolinediamine, 6-bromo-",DTXSID70198483,50440-75-0,Nc1nc(N)c2cc(Br)ccc2n1,7a6adfef110d257f,1
idelalisib,DTXSID701007266,870281-82-6,CC[C@H](Nc1ncnc2[nH]cnc12)c1nc2cccc(F)c2c(=O)n1-c1ccccc1,8bbf92bb597792a2,3
,,,CCOc1ccc(CCNCCCSCCNC[C@H](O)c2ccc(O)c3[nH]c(=O)sc23)cc1,0d59d30cfa1c91bf,6
mephenytoin,DTXSID9023257,50-12-4,CCC1(c2ccccc2)NC(=O)N(C)C1=O,949ad0dac32ca98e,6
"2,4-thiazolidinedione, 5-[[2-[(3r)-3-amino-1-piperidinyl]-3-(4-pyridinyl)phenyl]methylene]-, (5z)-",DTXSID201114812,1390682-10-6,N[C@@H]1CCCN(c2c(/C=C3\SC(=O)NC3=O)cccc2-c2ccncc2)C1,f08f390b496666ff,3
"quinazoline, 4-amino-",DTXSID90164488,15018-66-3,Nc1ncnc2ccccc12,3b9489a4276d5a3d,1
abt-239,DTXSID00196710,460746-46-7,C[C@@H]1CCCN1CCc1cc2cc(-c3ccc(C#N)cc3)ccc2o1,93393933dd25ad6f,13
,,,COc1ccc2ncc(=O)n(CCN3CC[C@@H](NCc4ccc5c(n4)NC(=O)CO5)[C@H](OC)C3)c2c1,4f8237518599eecc,5
"2,2'-ethane-1,2-diylbis(1h-benzimidazole)",DTXSID20291832,3575-07-3,c1ccc2[nH]c(CCc3nc4ccccc4[nH]3)nc2c1,4fe9d307ed483566,2
,,,CS(=O)(=O)Cc1cc(N2CCOCC2)nc(-c2ccccc2)n1,90bd2410d833755a,5
trimebutine,DTXSID4023707,39133-31-8,CCC(COC(=O)c1cc(OC)c(OC)c(OC)c1)(c1ccccc1)N(C)C,9108359ba2f2de0c,2
oxybutynin,DTXSID0023406,5633-20-5,CCN(CC)CC#CCOC(=O)C(O)(c1ccccc1)C1CCCCC1,83dc9098030b4f18,4
,,,COc1cc(OC)c(S(=O)(=O)N2c3ccccc3Oc3ccccc32)cc1NC(=O)Cc1ccnc(F)c1,27554cfa7cfc074d,6
"n-[cis-4-[[4-(dimethylamino)-2-quinazolinyl]amino]cyclohexyl]-3,4-difluorobenzamide",DTXSID301130615,509118-03-0,CN(C)c1nc(N[C@H]2CC[C@@H](NC(=O)c3ccc(F)c(F)c3)CC2)nc2ccccc12,6ae2c4dfa9e8fa9b,1
,,,CCS(=O)(=O)c1ccc(-c2cc(C(F)(F)F)ccc2CCC(=O)O)c(C)c1,2385359fd2e29611,3
,,,CCN(C(=O)Cc1ccc(S(C)(=O)=O)cc1)C1CCN(CC[C@@H](c2cccc(C(F)(F)F)c2)C2CCN(S(C)(=O)=O)CC2)CC1,f86907aa9eeffaba,4
"1h-1-benzazepine-2,5-dione",DTXSID80311207,10315-38-5,O=c1ccc(=O)c2ccccc2[nH]1,0aca361fc1ccd48f,1
"4-methoxy-n,n'-bis(3-pyridinylmethyl)-1,3-benzenedicarboxamide",DTXSID40186498,32828-81-2,COc1ccc(C(=O)NCc2cccnc2)cc1C(=O)NCc1cccnc1,b168408042604ed6,13
"n-methyl-n-((5r,7s,8s)-7-(1-pyrrolidinyl)-1-oxaspiro(4.5)dec-8-yl)benzeneacetamide",DTXSID3046326,96744-75-1,CN(C(=O)Cc1ccccc1)[C@H]1CC[C@@]2(CCCO2)C[C@@H]1N1CCCC1,fe8865739fbd8fdc,4
chir-090,DTXSID80468361,728865-23-4,C[C@@H](O)[C@H](NC(=O)c1ccc(C#Cc2ccc(CN3CCOCC3)cc2)cc1)C(=O)NO,fec7dd1f8e57680b,6
ebselen,DTXSID7045150,60940-34-3,O=c1c2ccccc2[se]n1-c1ccccc1,99053a44b3d8b313,2
"1,3-dihydroxy-xanthone",DTXSID00192030,3875-68-1,O=c1c2ccccc2oc2cc(O)cc(O)c12,10e7c9758f89e6bd,2
[5-(benzyloxy)-1h-indol-3-yl]acetonitrile,DTXSID40947223,2436-15-9,N#CCc1c[nH]c2ccc(OCc3ccccc3)cc12,82b540edde63ca24,8
tw-37,DTXSID10466395,877877-35-5,CC(C)c1ccccc1Cc1cc(C(=O)Nc2ccc(S(=O)(=O)c3ccccc3C(C)(C)C)cc2)c(O)c(O)c1O,e92734570a5ca468,2
cp-122721,DTXSID9047251,145742-28-5,COc1ccc(OC(F)(F)F)cc1CN[C@H]1CCCN[C@H]1c1ccccc1,71fa548d7dbd1261,1
"1,2,4-thiadiazol-5-amine, 3-phenyl-",DTXSID4066204,17467-15-1,Nc1nc(-c2ccccc2)ns1,507f9d574924c31e,1
pyridine-2-carboxylic acid (2-amino-phenyl)-amide,DTXSID90355738,90209-81-7,Nc1ccccc1NC(=O)c1ccccn1,7ea224a455d3a7e1,2
"acridine, 9-amino-2-methoxy-",DTXSID90187672,3407-99-6,COc1ccc2nc3ccccc3c(N)c2c1,404d5d6ee393d5e9,2
"1-ethyl-1,3-diphenylurea",DTXSID10214818,64544-71-4,CCN(C(=O)Nc1ccccc1)c1ccccc1,11f582fe7929fc00,4
,,,O=C(O)c1ccccc1N1CCC(CN2CCC(Oc3ccc(Cl)c(Cl)c3)CC2)CC1,bcdfc0e805286b00,7
fenbufen,DTXSID9023043,36330-85-5,O=C(O)CCC(=O)c1ccc(-c2ccccc2)cc1,8c1be6828e470bfc,17
ethotoin,DTXSID6023020,86-35-1,CCN1C(=O)NC(c2ccccc2)C1=O,220fa222dda17ce6,4
,,,O=c1[nH]c2c(O)ccc([C@@H](O)CNCCc3ccccc3CNCCc3ccccc3F)c2s1,55815be9405b5411,9
,,,N#CC1(NC(=O)[C@@H]2CCCC[C@H]2C(=O)N2CCN(c3ccc(F)cc3)CC2)CC1,286aa16a3025bbf6,5
,,,O=C(O)c1ccccc1CN1CCC(CN2CCC(Oc3ccc(Cl)c(Cl)c3)CC2)CC1,7a9e1b91aa259f15,2
,,,COc1ccc(Sc2c(C)n(CC(=O)O)c3ccc(C)cc23)cc1,8e4292858273af8d,18
dexketoprofen,DTXSID40905141,22161-81-5,C[C@H](C(=O)O)c1cccc(C(=O)c2ccccc2)c1,7e59d9e54073cd18,9
"4-(4-methoxybenzyl)-1h-pyrazole-3,5-diamine",DTXSID101352160,163590-19-0,COc1ccc(Cc2c(N)n[nH]c2N)cc1,8e287549b8277a68,8
,,,COc1ccc(N(C(=O)c2ccccc2)C(C(=O)NC2CCCC2)c2ccccc2F)c(OC)c1,befdb3815d1bcfa4,3
gw-803430,DTXSID70199490,515141-51-2,COc1cc(-n2cnc3cc(-c4ccc(Cl)cc4)sc3c2=O)ccc1OCCN1CCCC1,18f748e2e652431a,18
ibutamoren,DTXSID90166700,159634-47-6,CC(C)(N)C(=O)N[C@H](COCc1ccccc1)C(=O)N1CCC2(CC1)CN(S(C)(=O)=O)c1ccccc12,9859c6621a4a3436,3
,,,Cc1cc(Nc2nc(N[C@@H](C)c3ncc(F)cn3)ncc2C)n[nH]1,7c7cbae8fb2e0119,5
,,,C[C@H](Nc1ncc(F)c(Nc2cc(C3CC3)[nH]n2)n1)c1ncc(F)cn1,b49e35580d000c1b,5
"2,7-diamino-phenanthrene-9,10-dione",DTXSID10365753,49546-41-0,Nc1ccc2c(c1)C(=O)C(=O)c1cc(N)ccc1-2,fa1b39e32b656515,2
,,,N#Cc1ccc2ccc(=O)n(CCN3CC[C@@H](NCc4ccc5c(n4)NC(=O)CO5)[C@@H](F)C3)c2c1,ff6262bb61c0e5b8,3
4-(2-phenylethoxy)aniline,DTXSID50388608,57181-84-7,Nc1ccc(OCCc2ccccc2)cc1,a2cfd0e5253fda30,5
"6-(6-methoxy-3-pyridinyl)-1,3-benzothiazol-2-amine",DTXSID501352005,1244059-46-8,COc1ccc(-c2ccc3nc(N)sc3c2)cn1,61075ea2590e8eeb,4
cilomilast,DTXSID6046686,153259-65-5,COc1ccc([C@]2(C#N)CC[C@@H](C(=O)O)CC2)cc1OC1CCCC1,92a263c83c98632d,18
1-(pyridin-4-yl)-1h-benzotriazole,DTXSID50985171,66571-30-0,c1ccc2c(c1)nnn2-c1ccncc1,da529ca4ab0959da,2
cyclobenzaprine,DTXSID0046933,303-53-7,CN(C)CCC=C1c2ccccc2C=Cc2ccccc21,9831363affc402d0,16
mls002639262,DTXSID60283019,93729-09-0,O=S(=O)(Nc1ccccc1-c1ccccc1)c1ccccc1,a192ff7e118c1dd2,8
bms 470539,DTXSID60432747,457893-92-4,CCCC(=O)C1(c2ccccc2)CCN(C(=O)[C@@H](Cc2ccc(OC)cc2)NC(=O)[C@@H](N)Cc2cncn2C)CC1,6e45289908d9cd69,1
,,,Cc1nc(C)c(-c2ccc3c(c2)CC[C@]32CC[C@@H](c3nnn[nH]3)CC2)nc1C(N)=O,34358750d9bd0ed3,6
,,,COc1ccc2c(C)cc(=O)n(CCN3CCC(NCc4cc5c(cn4)OCCO5)CC3)c2c1,72bf0d571a34bfbc,6
,,,O=S(=O)(CCCNCCc1ccc(O)c2nc(O)sc12)NCCOCCSc1ccccc1,2538443c2de1e5d6,4
"3-(3-(pyridin-2-yl)-1,2,4-oxadiazol-5-yl)benzonitrile",DTXSID60436689,327056-18-8,N#Cc1cccc(-c2nc(-c3ccccn3)no2)c1,e50695f335f490ec,4
indinavir,DTXSID4043802,150378-17-9,CC(C)(C)NC(=O)[C@@H]1CN(Cc2cccnc2)CCN1C[C@@H](O)C[C@@H](Cc1ccccc1)C(=O)N[C@H]1c2ccccc2C[C@H]1O,357e1f7875b4efeb,1
"1-[1-[[(3′-nitro[1,1′-biphenyl]-4-yl)oxy]methyl]-3-(4-pyridinyl)propyl]-2,5-pyrrolidinedione",DTXSID601119771,227088-95-1,O=C1CCC(=O)N1C(CCc1ccncc1)COc1ccc(-c2cccc([N+](=O)[O-])c2)cc1,e85679ab5d0a1fc6,5
,,,COc1cc2c(ccc(=O)n2CCN2CCC(NCc3cc4c(cn3)OCCO4)CC2)cn1,74a498ad97c5e01a,3
deracoxib,DTXSID4045975,169590-41-4,COc1ccc(-c2cc(C(F)F)nn2-c2ccc(S(N)(=O)=O)cc2)cc1F,284978e9ab15c7f6,13
acetohexamide,DTXSID7020007,968-81-0,CC(=O)c1ccc(S(=O)(=O)NC(=O)NC2CCCCC2)cc1,fa1a4cb64227cae3,7
,,,COc1ccccc1CN(C)Cc1cccc(CCNC[C@H](O)c2ccc(O)c3[nH]c(=O)sc23)c1,4ea67b48fb2533fd,2
"3,5,3',4'-tetrahydroxystilbene",DTXSID6040587,10083-24-6,Oc1cc(O)cc(/C=C/c2ccc(O)c(O)c2)c1,e76099ad91f8cff4,14
biochanin a,DTXSID1022394,491-80-5,COc1ccc(-c2coc3cc(O)cc(O)c3c2=O)cc1,e24c1f43ce290ddf,6
dapsone,DTXSID4020371,80-08-0,Nc1ccc(S(=O)(=O)c2ccc(N)cc2)cc1,f62dade07c6085da,2
6-fluoro-1h-indazole,DTXSID20591223,348-25-4,Fc1ccc2cn[nH]c2c1,b63d869655b30668,1
"2-[3-(1,4-diazepan-1-yl)anilino]-4-[4-methyl-2-(methylamino)-1,3-thiazol-5-yl]-5-pyrimidinecarbonitrile",DTXSID001352074,1421340-50-2,CNc1nc(C)c(-c2nc(Nc3cccc(N4CCCNCC4)c3)ncc2C#N)s1,b19c99f83ebc655c,10
,,,O=c1[nH]c2c(O)ccc([C@@H](O)CNCCc3ccc(CNCCc4ccccc4F)cc3)c2s1,258f7b460a353c0e,2
,,,Cc1cc(Nc2nc(N[C@@H](C)c3ncc(F)cn3)nc(N3CCOCC3)c2Cl)n[nH]1,2a16bca1bc61b810,5
2-[1-(7-chloroquinolin-4-yl)-5-methoxy-2-methylindol-3-yl]acetic acid,DTXSID80437072,41799-80-8,COc1ccc2c(c1)c(CC(=O)O)c(C)n2-c1ccnc2cc(Cl)ccc12,bd2292306a6b43da,18
"2-[(4s)-6-(4-chlorophenyl)-8-methoxy-1-methyl-4h-[1,2,4]triazolo[4,3-a][1,4]benzodiazepin-4-yl]-n-ethylacetamide",DTXSID60677590,1260907-17-2,CCNC(=O)C[C@@H]1N=C(c2ccc(Cl)cc2)c2cc(OC)ccc2-n2c(C)nnc21,797e0c2ad2181792,7
pralnacasan,DTXSID60172873,192755-52-5,CCO[C@@H]1OC(=O)C[C@@H]1NC(=O)[C@@H]1CCCN2C(=O)CC[C@H](NC(=O)c3nccc4ccccc34)C(=O)N12,838e1a5e44ca4027,4
,,,COc1ccc2c(c1)N(CCN1CCC(NCc3cc4c(cn3)OCCO4)CC1)C(=O)CO2,a622fe6949d9f5fa,7
"3-(2,9-dimethyl-2-azabicyclo[3.3.1]nonan-5-yl)phenol",DTXSID901008222,88550-29-2,CC1C2CCCC1(c1cccc(O)c1)CCN2C,6b6327e52b258d55,10
"1,2-dihydro-1-hydroxy-2-[(4-methylphenyl)sulfonyl]-2,3,1-benzodiazaborine",DTXSID201148398,22959-81-5,Cc1ccc(S(=O)(=O)N2N=Cc3ccccc3B2O)cc1,0f1643da50eeec17,2
"6-[3-(trifluoromethyl)phenyl]-1,3,5-triazine-2,4-diamine",DTXSID10381973,30508-78-2,Nc1nc(N)nc(-c2cccc(C(F)(F)F)c2)n1,7e8d47b313a2f231,2
1-[(4-bromophenyl)methyl]-3-methylbenzimidazol-2-one,DTXSID801320243,328559-30-4,Cn1c(=O)n(Cc2ccc(Br)cc2)c2ccccc21,4264b25dc3dd68ca,2
nisoxetine,DTXSID0045175,53179-07-0,CNCCC(Oc1ccccc1OC)c1ccccc1,d5eab9d0f18130ca,5
4-[2-[(2-fluorophenyl)methyl]tetrazol-5-yl]benzoic acid,DTXSID701331182,708290-59-9,O=C(O)c1ccc(-c2nnn(Cc3ccccc3F)n2)cc1,016da338c79980ff,8
reparixin,DTXSID6046509,266359-83-5,CC(C)Cc1ccc([C@@H](C)C(=O)NS(C)(=O)=O)cc1,d82906a9fceea002,15
4-[(4-anilino-5-bromopyrimidin-2-yl)amino]benzoic acid,DTXSID10596121,358789-05-6,O=C(O)c1ccc(Nc2ncc(Br)c(Nc3ccccc3)n2)cc1,5b02f1da64dadcff,6
,,,CC(C)N1CCN(Cc2cnc(-c3ccc(C(=O)Nc4ccccc4N)cc3)c(F)c2)CC1,65b2c5c1d06d6ba3,2
nortriptyline,DTXSID9023384,72-69-5,CNCCC=C1c2ccccc2CCc2ccccc21,35e92787a821c172,14
3-phenyl-2-benzopyrone,DTXSID50241860,955-10-2,O=c1oc2ccccc2cc1-c1ccccc1,a2fdc1f953dda426,2
3-acetyl-7-hydroxy-2h-chromen-2-one,DTXSID20419817,10441-27-7,CC(=O)c1cc2ccc(O)cc2oc1=O,4329b54e0a4c6ba1,2
"(r,r)-formoterol",DTXSID40110071,67346-49-0,COc1ccc(C[C@@H](C)NC[C@H](O)c2ccc(O)c(NC=O)c2)cc1,8ee5aefc4c516327,5
"4,4'-dihydroxybenzanilide",DTXSID20359188,22744-42-9,O=C(Nc1ccc(O)cc1)c1ccc(O)cc1,d3f6d6e02483f446,6
"2-phenylimidazo[1,2-a]pyridine",DTXSID10276799,4105-21-9,c1ccc(-c2cn3ccccc3n2)cc1,4c2120ca588ff217,1
n-phenyl-4-morpholinecarboxamide,DTXSID10321455,4559-92-6,O=C(Nc1ccccc1)N1CCOCC1,a7c1218a3dadd215,2
n-[3-[[5-bromo-4-[3-(thiophene-2-carbonylamino)propylamino]pyrimidin-2-yl]amino]phenyl]pyrrolidine-1-carboxamide,DTXSID00438425,702675-42-1,O=C(NCCCNc1nc(Nc2cccc(NC(=O)N3CCCC3)c2)ncc1Br)c1cccs1,24c890ec4611c6d5,3
,,,CCCSc1c(C(=O)NC2CCCCC2)cnn1-c1ccc(C(=O)O)cc1,0b2130aba6259a47,10
,,,O=c1[nH]c2c(O)ccc([C@@H](O)CNCCCOCCOCCc3ccccc3)c2s1,37d02fcba1e96e5c,3
,,,N#Cc1cccc(-c2cccc(-c3nn[nH]n3)c2)c1,45d23fccd3ed68f7,8
,,,C[C@H](Nc1ncc(F)c(Nc2cc(N(C)C)[nH]n2)n1)c1ncc(F)cn1,c9187613133319eb,4
mesoridazine,DTXSID3023265,5588-33-0,CN1CCCCC1CCN1c2ccccc2Sc2ccc(S(C)=O)cc21,1d1d1a7da7997400,10
"1-benzyl-5-methyl-1h-pyrimidine-2,4-dione",DTXSID10285487,6306-73-6,Cc1cn(Cc2ccccc2)c(=O)[nH]c1=O,527dd558e7ddd53c,2
,,,Cc1nc(C)c(-c2ccc3c(c2)CC[C@]32CC[C@@H](C(=O)O)CC2)nc1C(N)=O,3d22d220a317fdd1,4
,,,CCC[C@H](c1ccc(C(=O)O)c(Oc2cccc(Cl)c2)c1)N1CCC[C@H](n2cc(C)c(=O)[nH]c2=O)C1,2314672c307e4318,1
,,,CCS(=O)(=O)c1ccc(Oc2c(C)n(CC(=O)O)c3ccc(C(F)(F)F)cc23)cc1,a2a34fad72b08682,17
"5-methyl-6-phenyl-3-(4-pyridinyl)isoxazolo[4,5-c]pyridin-4(5h)-one",DTXSID801166342,479077-04-8,Cn1c(-c2ccccc2)cc2onc(-c3ccncc3)c2c1=O,0b51f1f69e90d3e0,2
,,,Cc1cn([C@H]2CCCN([C@@H](C)c3ccc(C(=O)O)c(Oc4cccc(Cl)c4)c3)C2)c(=O)[nH]c1=O,2aebbd8551c06758,4
1-aminoisoquinoline,DTXSID40165283,1532-84-9,Nc1nccc2ccccc12,c3299a348af97905,1
"2-(3-methoxyphenyl)-4-[(3s)-3-piperidinylamino]thieno[3,2-c]pyridine-7-carboxamide",DTXSID501352586,912366-74-6,COc1cccc(-c2cc3c(N[C@H]4CCCNC4)ncc(C(N)=O)c3s2)c1,0a44541c55ff5601,3
tolcapone,DTXSID3023685,134308-13-7,Cc1ccc(C(=O)c2cc(O)c(O)c([N+](=O)[O-])c2)cc1,95d819fedc5ed952,6
2-[4-(4-methylphenoxy)phenoxy]-n-pyridin-4-ylacetamide,DTXSID701330203,328034-02-2,Cc1ccc(Oc2ccc(OCC(=O)Nc3ccncc3)cc2)cc1,3e12c7db556f594d,11
"1-[3-[[(2r,3s,4r,5r)-5-(4-aminopyrrolo[2,3-d]pyrimidin-7-yl)-3,4-dihydroxyoxolan-2-yl]methyl-propan-2-ylamino]propyl]-3-(4-tert-butylphenyl)urea",DTXSID30719178,1338466-77-5,CC(C)N(CCCNC(=O)Nc1ccc(C(C)(C)C)cc1)C[C@H]1O[C@@H](n2ccc3c(N)ncnc32)[C@H](O)[C@@H]1O,db64b684f52081c1,2
,,,COc1ccc(N2CCN(C(=O)[C@@H]3CCCC[C@H]3C(=O)NC3(C#N)CC3)[C@H](C)C2)cc1OC,5ec0a779166dc56a,1
(+)-nomifensine,DTXSID801316945,89664-20-0,CN1Cc2c(N)cccc2[C@@H](c2ccccc2)C1,66086f1d35fdd7df,4
"3,3,3-trifluoro-2-hydroxy-2-methyl-n-[4-(4-pyridinylsulfonyl)phenyl]propanamide",DTXSID001135947,147695-93-0,CC(O)(C(=O)Nc1ccc(S(=O)(=O)c2ccncc2)cc1)C(F)(F)F,b9e1dfc97b3ccae1,6
2-[4-(2-amino-2-oxoethoxy)-1-benzyl-2-ethyl-1h-indol-3-yl]-2-oxoacetamide,DTXSID601352191,185298-58-2,CCc1c(C(=O)C(N)=O)c2c(OCC(N)=O)cccc2n1Cc1ccccc1,32f2a3866d7d309f,4
,,,Cc1ccc(C[C@@H](C(=O)O)N2CCC(CN3CCC(Oc4ccc(Cl)c(Cl)c4)CC3)CC2)cc1,f64617fc4d9a8154,4
(s)-timolol,DTXSID4023674,26839-75-8,CC(C)(C)NC[C@H](O)COc1nsnc1N1CCOCC1,dbddd79bf03dacd2,3
,,,CCn1c(-c2ccnc(Nc3ccc(S(=O)(=O)NCCOC)cc3)n2)cnc1C,1a35e03d6d44794d,12
,,,O=c1[nH]c2c(O)ccc([C@@H](O)CNCCCOCCOCCc3cccc4ccccc34)c2s1,61d927c31267c04e,1
isoxazole 9,DTXSID50880071,832115-62-5,O=C(NC1CC1)c1cc(-c2cccs2)on1,d2dfba60a57fed02,3
(+)-diltiazem,DTXSID9022940,42399-41-7,COc1ccc([C@@H]2Sc3ccccc3N(CCN(C)C)C(=O)[C@@H]2OC(C)=O)cc1,3f1f255c06c41324,11
,,,O=C(O)c1ccc(CN2CCC(CN3CCC(Oc4ccc(Cl)c(Cl)c4)CC3)CC2)cc1,df3fb65edd992449,1
7-chloro-1h-indazol-3-amine,DTXSID30602839,88805-67-8,Nc1n[nH]c2c(Cl)cccc12,8753ea46d19c81f3,1
,,,O=c1[nH]c2c(O)ccc([C@@H](O)CNCCCSCCOCCc3ccccc3)c2s1,5d27b009c09745fc,8
n-(4-methoxyphenyl)acrylamide,DTXSID00228303,7766-37-2,C=CC(=O)Nc1ccc(OC)cc1,e14e6de1bf30943d,6
tecalcet,DTXSID90164084,148717-54-8,COc1cccc([C@@H](C)NCCCc2ccccc2Cl)c1,e95c7ced237341cc,9
amlenanox,DTXSID2022595,68302-57-8,CC(C)c1ccc2oc3nc(N)c(C(=O)O)cc3c(=O)c2c1,0ca0af8e4b647624,2
(s)-fluoxetine,DTXSID60904656,100568-02-3,CNCC[C@H](Oc1ccc(C(F)(F)F)cc1)c1ccccc1,41cccde84ce46400,12
"n-[[2-cyano-4-[(2,2-dimethylpropyl)amino]-5-pyrimidinyl]methyl]-4-[[1-(2-methoxyethyl)-4-piperidinyl]methyl]benzamide",DTXSID401106118,501000-70-0,COCCN1CCC(Cc2ccc(C(=O)NCc3cnc(C#N)nc3NCC(C)(C)C)cc2)CC1,62c8855bbbc0de14,2
darifenacin,DTXSID2048290,133099-04-4,NC(=O)C(c1ccccc1)(c1ccccc1)[C@@H]1CCN(CCc2ccc3c(c2)CCO3)C1,a1d53903828aad0a,6
thioperamide,DTXSID50147555,106243-16-7,S=C(NC1CCCCC1)N1CCC(c2cnc[nH]2)CC1,9a72a6d30858c8ce,5
"n-[3-(1h-benzimidazol-2-yl)-4-chlorophenyl]-3,4,5-trimethoxybenzamide",DTXSID101157186,496793-78-3,COc1cc(C(=O)Nc2ccc(Cl)c(-c3nc4ccccc4[nH]3)c2)cc(OC)c1OC,9d0b1cc0d7d94086,8
,,,Cc1cn([C@H]2CCCN([C@@H](CC(C)C)c3ccc(C(=O)O)c(Oc4cccc(Cl)c4)c3)C2)c(=O)[nH]c1=O,aa7b4050c04c3115,3
methyl 8-(3-fluoropropyl)-3-(4-iodophenyl)-8-azabicyclo[3.2.1]octane-2-carboxylate,DTXSID70870035,NOCAS_870035,COC(=O)C1C(c2ccc(I)cc2)CC2CCC1N2CCCF,5f6e581a6fbfd2a3,4
,,,O=c1[nH]c2c(O)ccc([C@@H](O)CNCCCSCCOCCc3cccc4ccccc34)c2s1,1bfa06e77ec5f893,2
,,,COc1cc(OC)c(S(=O)(=O)N(c2ccccc2)c2ccccc2)cc1NC(=O)CCC(=O)O,3a04c4a1df1ea35c,7
,,,Cc1cc(N(C)S(C)(=O)=O)ccc1-c1cc(C(F)(F)F)ccc1OCC(=O)O,5d492238f58aac02,2
7-diethylaminocoumarin-3-carboxylic acid,DTXSID80198994,50995-74-9,CCN(CC)c1ccc2cc(C(=O)O)c(=O)oc2c1,1dd9f8108cd215b1,8
,,,COc1ccc2ncc(=O)n(CCN3CC[C@@H](NCc4ccc5c(n4)NC(=O)CO5)[C@@H](O)C3)c2c1,b2d2a6d992a5d1a5,2
"1,5-naphthyridine",DTXSID00180053,254-79-5,c1cnc2cccnc2c1,188409b7755e6d9a,1
n-(1h-benzimidazol-2-yl)-2-methoxybenzamide,DTXSID001326223,81268-45-3,COc1ccccc1C(=O)Nc1nc2ccccc2[nH]1,eb80022dbe40e89f,1
"4',5,7-trimethoxyisoflavone",DTXSID10151315,1162-82-9,COc1ccc(-c2coc3cc(OC)cc(OC)c3c2=O)cc1,28a9520af1c89cb3,12
3-(benzyloxy)-2-methyl-4h-pyran-4-one,DTXSID70363412,61049-69-2,Cc1occc(=O)c1OCc1ccccc1,1fed24759c9d0586,4
,,,O=C(O)COc1ccc(C(F)(F)F)cc1-c1ccccc1-c1ccccc1,a1c289042cc16a55,10
chlorambucil,DTXSID7020263,305-03-3,O=C(O)CCCc1ccc(N(CCCl)CCCl)cc1,6c26b89524205051,16
"4-quinolinamine, 2-phenyl-",DTXSID90207263,5855-52-7,Nc1cc(-c2ccccc2)nc2ccccc12,42f6c49ef99f638e,2
carbidopa,DTXSID4022735,28860-95-9,C[C@@](Cc1ccc(O)c(O)c1)(NN)C(=O)O,b330af1efec69f15,5
"4-[2-[4-[[(2,3-dihydro-[1,4]dioxino[2,3-c]pyridin-7-yl)methyl]amino]piperidin-1-yl]ethyl]-6-methoxypyrido[2,3-b]pyrazin-3(4h)-one",DTXSID501102769,917344-38-8,COc1ccc2ncc(=O)n(CCN3CCC(NCc4cc5c(cn4)OCCO5)CC3)c2n1,5c7f73b5595e5022,3
,,,COc1cc(Nc2nc(N[C@@H](C)c3ncc(F)cn3)nc(N3CCOCC3)c2Cl)n[nH]1,20aa6d3a21a67fa6,2
,,,Cc1cn([C@H]2CCCN([C@H](CC3CCCCC3)c3ccc(C(=O)O)c(Oc4cccc(Cl)c4)c3)C2)c(=O)[nH]c1=O,24d355b19221fa2a,4
,,,COc1cc(OC)c(S(=O)(=O)NCc2ccccc2N2CCC(CO)CC2)cc1NC(C)=O,957acca9110e3494,1
,,,Cc1cn([C@H]2CCCN([C@@H](CC(C)(C)C)c3ccc(C(=O)O)c(Oc4cccc(Br)c4)c3)C2)c(=O)[nH]c1=O,f86e54cf90737f9c,3
"3-cinnolinecarboxamide, 4-amino-n-propyl-8-(2-pyrimidinyl)-",DTXSID501189868,1261980-50-0,CCCNC(=O)c1nnc2c(-c3ncccn3)cccc2c1N,d4163a8dee3dedd2,11
(-)-nomifensine,DTXSID801316995,89664-18-6,CN1Cc2c(N)cccc2[C@H](c2ccccc2)C1,7646ac8520ca8053,4
"6,7-dimethoxy-n-(3-methylphenyl)quinazolin-4-amine",DTXSID401015648,666839-07-2,COc1cc2ncnc(Nc3cccc(C)c3)c2cc1OC,59887b8c05cfd7a9,5
,,,CS(=O)(=O)c1ccc(-c2cc(C(F)(F)F)ccc2OCC(=O)O)cc1,238395bb7b0b1e16,10
,,,CCN(C(=O)Cc1ccc(S(C)(=O)=O)cc1)C1CCN(CC[C@@H](c2cc(C)cc(C)c2)C2CCN(S(C)(=O)=O)CC2)CC1,c20e4a282b75f823,1
cx-5011 free acid,DTXSID00143603,1009821-06-0,C#Cc1cccc(Nc2nc3cc(C(=O)O)ccc3c3cncnc23)c1,aed30ff65e1899e9,4
,,,N#CC1(NC(=O)[C@@H]2CCCC[C@H]2C(=O)N2CCc3[nH]c4cccc(F)c4c3C2)CC1,a5e52c55c1472583,1
n-(4-methylphenyl)prop-2-enamide,DTXSID60998873,7766-36-1,C=CC(=O)Nc1ccc(C)cc1,7f7d9d5b1e7ea96d,6
,,,COc1ccc2ncc(=O)n(CCN3CC[C@H](NCc4cc5c(cn4)OCCO5)[C@H](O)C3)c2c1,6e165b5a4ac2f5f0,1
n-(1h-benzimidazol-2-yl)-5-chloro-2-methoxybenzamide,DTXSID801323823,81268-49-7,COc1ccc(Cl)cc1C(=O)Nc1nc2ccccc2[nH]1,df4d5219493076ba,1
levomethotrimeprazine,DTXSID1023289,60-99-1,COc1ccc2c(c1)N(C[C@H](C)CN(C)C)c1ccccc1S2,7e6e2df58e13be5d,16
"benzimidazole, 2-(aminomethyl)- (6ci,7ci,8ci)",DTXSID50206777,5805-57-2,NCc1nc2ccccc2[nH]1,c75625aa9fbbdfb0,2
"2-aminophenanthrene-9,10-dione",DTXSID60291735,36043-49-9,Nc1ccc2c(c1)C(=O)C(=O)c1ccccc1-2,db830e29a6e4ce89,2
enoxacin,DTXSID5022984,74011-58-8,CCn1cc(C(=O)O)c(=O)c2cc(F)c(N3CCNCC3)nc21,eb237225b0fd3659,3
"5-hydroxy-2-(4-hydroxyphenyl)-1h-isoindole-1,3(2h)-dione",DTXSID00599989,72823-31-5,O=C1c2ccc(O)cc2C(=O)N1c1ccc(O)cc1,e7338d739207b3e0,4
,,,Cc1c(OC2CCN(CC3CCN([C@@](C)(Cc4ccc(F)cc4)C(=O)O)CC3)CC2)ccc(Cl)c1Cl,05fe362531caef17,3
1-benzyl-1h-indole-2-carboxylic acid,DTXSID00294008,17017-71-9,O=C(O)c1cc2ccccc2n1Cc1ccccc1,4bfe3c9215162854,7
,,,COc1cc(OC)c(S(=O)(=O)N2c3ccccc3CCC2C)cc1NC(=O)CCC(=O)O,383fa9fcb1fb3541,5
,,,CCCSc1c(C(=O)N(C)C2CCCCC2)cnn1-c1ccc(C(=O)O)cc1,92e3d1e812eab2fd,1
,,,CCCCC[C@H](c1ccc(C(=O)O)c(Oc2cccc(Br)c2)c1)N1CCC[C@H](n2cc(C)c(=O)[nH]c2=O)C1,db74264ed345b944,7
modafinil,DTXSID0023329,68693-11-8,NC(=O)CS(=O)C(c1ccccc1)c1ccccc1,a4110b357791c732,3
,,,O=S(=O)(CCOCCCc1ccccc1)NCCNCCc1ccc(O)c2nc(O)sc12,24b5c20ff58eddb4,3
talnetant,DTXSID00870124,174636-32-9,CC[C@H](NC(=O)c1c(O)c(-c2ccccc2)nc2ccccc12)c1ccccc1,3c19a742c0b81108,4
tiagabine,DTXSID5023663,115103-54-3,Cc1ccsc1C(=CCCN1CCC[C@@H](C(=O)O)C1)c1sccc1C,477b7b83cce3d633,5
sb 328437,DTXSID30440571,247580-43-4,COC(=O)[C@H](Cc1ccc([N+](=O)[O-])cc1)NC(=O)c1cccc2ccccc12,84dd114bb90e27c2,11
"2,2,2-trifluoro-n-[4-(2-methoxyphenoxy)phenyl]-n-(3-pyridinylmethyl)ethanesulfonamide",DTXSID10431366,353231-17-1,COc1ccccc1Oc1ccc(N(Cc2cccnc2)S(=O)(=O)CC(F)(F)F)cc1,48b7fb3fb98f4484,8
,,,Cc1ncc(-c2ccnc(Nc3ccc(N4CCN(S(=O)(=O)CCN(C)C)CC4)cc3)n2)n1C(C)C,e3902480a4ffe7e0,4
"5-{[(3r)-3-hydroxy-1-pyrrolidinyl]carbonyl}-1-isobutyl-3-methyl-6-(4-quinolinylmethyl)thieno[2,3-d]pyrimidine-2,4(1h,3h)-dione",DTXSID601352496,873327-59-4,CC(C)Cn1c(=O)n(C)c(=O)c2c(C(=O)N3CC[C@@H](O)C3)c(Cc3ccnc4ccccc34)sc21,74b5dc98571f768a,5
"4',6-dihydroxyflavone",DTXSID7022467,63046-09-3,O=c1cc(-c2ccc(O)cc2)oc2ccc(O)cc12,9e331b0d07f16de7,8
n-phenoxyacetylmorpholine,DTXSID70876850,18495-00-6,O=C(COc1ccccc1)N1CCOCC1,9a5e0e788828ed6a,2
,,,O=S(=O)(CCCOCCc1cc2ccccc2o1)CCNCCc1ccc(O)c2nc(O)sc12,dd1a6c285b757ddc,1
3-[(1-benzylpiperidin-4-yl)oxy]benzamide,DTXSID90680658,1254475-25-6,NC(=O)c1cccc(OC2CCN(Cc3ccccc3)CC2)c1,a642f58bb4e1898d,6
(2s)-2-[(s)-(2-methoxyphenoxy)(phenyl)methyl]morpholine,DTXSID401351880,105018-14-2,COc1ccccc1O[C@@H](c1ccccc1)[C@@H]1CNCCO1,4e6f94132b471f89,3
"(+-)-7-(3,5,6-trimethyl-1,4-benzoquinon-2-yl)-7-phenylheptanoic acid",DTXSID4021397,112665-43-7,CC1=C(C)C(=O)C(C(CCCCCC(=O)O)c2ccccc2)=C(C)C1=O,290fac1627713163,3
"5-phenyl-1,3,4-thiadiazol-2-amine",DTXSID80277076,2002-03-1,Nc1nnc(-c2ccccc2)s1,3f1d82a5752ad508,1
"3-phenyl-3h-spiro[2-benzofuran-1,4'-piperidine]",DTXSID20974577,59142-94-8,c1ccc(C2OC3(CCNCC3)c3ccccc32)cc1,547ff115adf97860,2
,,,Cc1nc(C)c(-c2ccc([C@H]3CC[C@H](CC(N)=O)CC3)cc2)nc1C(N)=O,6de0483f3b6f6b36,4
,,,O=C(O)c1ccc(-n2ncc(C(=O)NC3C4CC5CC(C4)CC3C5)c2C2CCCC2)cc1,cf71c557abd8c909,7
fenoterol,DTXSID4023046,13392-18-2,CC(Cc1ccc(O)cc1)NCC(O)c1cc(O)cc(O)c1,2893ad876b82c2e1,16
etodolac,DTXSID9020615,41340-25-4,CCc1cccc2c3c([nH]c12)C(CC)(CC(=O)O)OCC3,b9b3546a45b15fd2,6
imidafenacin,DTXSID00870104,170105-16-5,Cc1nccn1CCC(C(N)=O)(c1ccccc1)c1ccccc1,93417bd6a435170e,9
benzeneacetamide,DTXSID1059282,103-81-1,NC(=O)Cc1ccccc1,84032a1aa0a5f61a,2
pitavastatin,DTXSID1048384,147511-69-1,O=C(O)C[C@H](O)C[C@H](O)/C=C/c1c(C2CC2)nc2ccccc2c1-c1ccc(F)cc1,1cd016c0e04ff923,5
,,,CCCSc1ncccc1C(=O)N1CCCC1c1ccncc1,ebe3dbde8304382a,10
,,,O=c1[nH]c2c(O)ccc([C@@H](O)CNCCc3ccc(CNCCc4ccccn4)cc3)c2s1,44c0a1cfef374918,2
,,,O=S(=O)(CCCNCCc1ccc(O)c2nc(O)sc12)NCCOCCc1cccc(C(F)(F)F)c1,83e5e963ac11bc2d,3
,,,Cc1nc(C)c(-c2ccc([C@H]3CC[C@H](CC(=O)O)CC3)c(F)c2)nc1C(N)=O,546d53c6be710379,4
,,,CCCSc1nc(N[C@H]2CC[C@H](C(=O)O)CC2)ccc1C(=O)NC1CCCCC1,1f0eafbf2b848fcc,4
"(10r)-10-methyl-3-(6-methyl-3-pyridinyl)-9,10,11,12-tetrahydro-8h-[1,4]diazepino[5',6':4,5]thieno[3,2-f]quinolin-8-one",DTXSID901352019,1276121-88-0,Cc1ccc(-c2ccc3c(ccc4sc5c(c43)NC[C@@H](C)NC5=O)n2)cn1,210e4697cd84d493,14
,,,CC1(C)COCc2sc(N3CCN(C(=O)[C@@H]4CCCC[C@H]4C(=O)NC4(C#N)CC4)CC3)nc21,ead92d956725522b,1
,,,O=c1[nH]c2c(O)ccc([C@@H](O)CNCCc3cccc(CNCCc4ccccc4F)c3)c2s1,fb63fdbd237b89ff,1
,,,COc1ccc2ncc(=O)n(CCN3CC[C@@H](NCc4ccc5c(n4)NC(=O)CO5)[C@@H](F)C3)c2c1,90df91df9a30e7c6,5
,,,CCCSc1c(C(=O)NC2CCCCC2)cnn1[C@H]1CC[C@H](C(=O)O)CC1,24b5d6331bfc399a,4
iprindole,DTXSID80204145,5560-72-5,CN(C)CCCn1c2c(c3ccccc31)CCCCCC2,301f7eb7584edf19,10
atabrine,DTXSID7022627,83-89-6,CCN(CC)CCCC(C)Nc1c2ccc(Cl)cc2nc2ccc(OC)cc12,810b28f89a5ea94d,8
2-[1-(1-adamantyl)ethylamino]-1-(4-nitrophenyl)ethanol,DTXSID901319847,363620-81-9,CC(NCC(O)c1ccc([N+](=O)[O-])cc1)C12CC3CC(CC(C3)C1)C2,ed2b841cb538ddda,8
ar-a014418,DTXSID80332270,487021-52-3,COc1ccc(CNC(=O)Nc2ncc([N+](=O)[O-])s2)cc1,89794415e81ab4dc,4
n-(4-pyridinyl)-1-naphthamide,DTXSID101352265,328909-68-8,O=C(Nc1ccncc1)c1cccc2ccccc12,1b608b1806a90f25,4
tocainide,DTXSID9040766,41708-72-9,Cc1cccc(C)c1NC(=O)C(C)N,543cc89fdff78712,7
methyl 2-(4-hydroxyphenoxy)acetate,DTXSID40345220,70067-75-3,COC(=O)COc1ccc(O)cc1,8c1a17c436d18366,8
midodrine,DTXSID0023321,42794-76-3,COc1ccc(OC)c(C(O)CNC(=O)CN)c1,c4585de42a5bbf3d,4
diethylpropion,DTXSID6022929,90-84-6,CCN(CC)C(C)C(=O)c1ccccc1,410d1a49f456a90d,15
phenosulfazole,DTXSID20199480,515-54-8,O=S(=O)(Nc1nccs1)c1ccc(O)cc1,f60fd6cdb59b2579,8
,,,COc1ccc2ncc(=O)n(CCN3CC[C@H](NCc4cc5c(cn4)OCCO5)[C@@H](OC)C3)c2c1,2addb3fcb32f2453,3
"4-(2,7-dimethylimidazo[1,2-a]pyridin-3-yl)-2-pyrimidinamine",DTXSID801189431,873943-43-2,Cc1ccn2c(-c3ccnc(N)n3)c(C)nc2c1,4f9cef207b194ca0,2
4-methoxy-1h-indazole,DTXSID20646702,351210-06-5,COc1cccc2[nH]ncc12,31fda1bc493a50cd,2
,,,COc1ccccc1CCNCc1cccc(CCNC[C@H](O)c2ccc(O)c3[nH]c(=O)sc23)c1,28bc619bf263e27b,1
"2-[4-(methylamino)phenyl]-1,3-benzothiazol-6-ol",DTXSID101352346,566169-93-5,CNc1ccc(-c2nc3ccc(O)cc3s2)cc1,3c20568dc1173fc7,4
"4h-pyrido[1,2-a]pyrimidin-4-one",DTXSID70326648,23443-10-9,O=c1ccnc2ccccn12,264264cc6223559f,1
,,,Cc1nc(C)c(-c2ccc3c(c2)CC[C@]32CC[C@H](C(=O)O)CC2)nc1C(N)=O,d5c0023a379cc916,10
"anthranilic acid, n-(4-methoxyphenyl)-",DTXSID40159203,13501-67-2,COc1ccc(Nc2ccccc2C(=O)O)cc1,ec02ba3627b9937e,3
,,,O=c1[nH]c2c(O)ccc([C@@H](O)CNCCOc3cccc(CNCCc4ccccc4F)c3)c2s1,ccf2a4c46a0fc0b7,2
,,,O=C(O)c1cccc(CN2CCC(CN3CCC(Oc4ccc(Cl)c(Cl)c4)CC3)CC2)c1,2f1f4a1ed1a2dfb4,5
1-[(2-methoxyphenyl)methyl]-2-methyl-1h-benzimidazole,DTXSID401214250,488734-87-8,COc1ccccc1Cn1c(C)nc2ccccc21,8a650a7e7649e11c,5
,,,COc1ccc2ccc(=O)n(CCN3CCC(NCc4cc5c(cn4)OCCO5)CC3)c2c1,1e084a3da57114a5,4
,,,Cc1cc(F)ccc1OC1CCN(CC2CCN([C@@](C)(Cc3ccc(F)cc3)C(=O)O)CC2)CC1,2b2b288c1a3ad5f8,3
,,,CCN1CCN(Cc2cnc(-c3ccc(C(=O)Nc4ccccc4N)cc3)c(C)c2)CC1,6aa179c8000375a0,3
adx-47273,DTXSID80234386,851881-60-2,O=C(c1ccc(F)cc1)N1CCC[C@H](c2nc(-c3ccc(F)cc3)no2)C1,556e0d89a6e38458,3
3-quinuclidinyl benzilate,DTXSID00894168,6581-06-2,O=C(OC1CN2CCC1CC2)C(O)(c1ccccc1)c1ccccc1,d6602b6c85e23d2b,5
"4-(6,8-dimethoxy-4-methyl-2,3-dihydro-1h-pyrrolo[3,2-c]quinolin-1-yl)phenol",DTXSID601352446,860789-35-1,COc1cc(OC)c2nc(C)c3c(c2c1)N(c1ccc(O)cc1)CC3,2788d97e0db049e5,5
,,,COc1cc(OC)c(S(=O)(=O)N(c2ccc(C)cc2)c2ccc(C)cc2)cc1NC(=O)CCC(=O)O,032684d04b1fc864,6
aptiganel,DTXSID4048432,137159-92-3,CCc1cccc(N(C)C(=N)Nc2cccc3ccccc23)c1,eebe22b5ebcfe924,14
"n-[4-(benzenesulfonyl)phenyl]-3,3,3-trifluoro-2-hydroxy-2-methylpropanamide",DTXSID80967829,5326-71-6,CC(O)(C(=O)Nc1ccc(S(=O)(=O)c2ccccc2)cc1)C(F)(F)F,25f9fb0de7b83375,7
,,,COc1cc(O)c(S(=O)(=O)N2c3ccccc3CCC2C)cc1NC(=O)CCC(=O)O,bc917cb95b026ffd,8
,,,CCN(CC)S(=O)(=O)c1ccc(-c2cc(C(F)(F)F)ccc2OCC(=O)O)cc1,9d6a3f8eafccc0b4,9
"n-methyl-4-phenyl-1,2,3-thiadiazole-5-carboxamide",DTXSID301352328,477863-66-4,CNC(=O)c1snnc1-c1ccccc1,e851f2a2a38a414f,4
"n-(2-methyl-3-{[4-(4-{[4-(trifluoromethoxy)benzyl]oxy}-1-piperidinyl)-1,3,5-triazin-2-yl]amino}phenyl)acetamide",DTXSID801351987,1211866-85-1,CC(=O)Nc1cccc(Nc2ncnc(N3CCC(OCc4ccc(OC(F)(F)F)cc4)CC3)n2)c1C,d0b895cc4c4f28de,3
"[4-(2,4-dichloro-3-methylphenoxy)[1,4′-bipiperidin]-1′-yl][3-(methylsulfonyl)phenyl]methanone",DTXSID901119251,367500-41-2,Cc1c(Cl)ccc(OC2CCN(C3CCN(C(=O)c4cccc(S(C)(=O)=O)c4)CC3)CC2)c1Cl,cf3ff78171d0e4f0,2
,,,COc1ccc2ncc(F)c(CCN3CCC(NCc4ccc5c(n4)NC(=O)CO5)CC3)c2n1,dec984bedb746e84,3
2-aminobenzothiazole,DTXSID1024467,136-95-8,Nc1nc2ccccc2s1,94d5af46e7cc3c1b,1
,,,Cc1ccc2c(c1)c(Sc1ccc(S(C)(=O)=O)cc1)c(C)n2CC(=O)O,7e6181c85aec0ca2,1
"n,n'-dibenzylethane-1,2-diamine",DTXSID4048359,140-28-3,c1ccc(CNCCNCc2ccccc2)cc1,daff2e221aa5d96b,7
,,,N#Cc1cccc(C[C@@H](C(=O)O)N2CCC(CN3CCC(Oc4ccc(Cl)c(Cl)c4)CC3)CC2)c1,a418391eb6c06fb6,9
,,,C[C@@H]1CN(C(=O)OC(C)(C)C)CCN1c1ncc(OCc2ccc(S(C)(=O)=O)cc2C#N)cn1,d043203fad7b5f11,1
phenyltoloxamine,DTXSID9023467,92-12-6,CN(C)CCOc1ccccc1Cc1ccccc1,2d6dbbca14b78cb3,22
,,,COc1ccccc1CCNCc1ccc(CCNC[C@H](O)c2ccc(O)c3[nH]c(=O)sc23)cc1,58009c9620443546,2
,,,CCC(C)(CC)C[C@H](c1ccc(C(=O)O)c(Oc2cccc(Br)c2)c1)N1CCC[C@H](n2cc(C)c(=O)[nH]c2=O)C1,3e4ef2ecd054eb0b,3
4-fluoro-l-phenylalanine,DTXSID201017098,1132-68-9,N[C@@H](Cc1ccc(F)cc1)C(=O)O,075c7a19323670fb,11
2-(2-pyridyl)benzimidazole,DTXSID50150529,1137-68-4,c1ccc(-c2nc3ccccc3[nH]2)nc1,a4745d412994a196,1
6-hydroxy-3-phenyl-2h-1-benzopyran-2-one,DTXSID60659492,6468-47-9,O=c1oc2ccc(O)cc2cc1-c1ccccc1,8e2f35b816d41a4e,3
,,,COc1ncc2ccc(=O)n(CCN3CCC(NCc4cc5c(cn4)OCCO5)CC3)c2n1,7e0e1665ec26140c,6
,,,COc1ccc2c(C)nc(=O)n(CCN3CCC(NCc4cc5c(cn4)OCCO5)CC3)c2c1,284081023e2495b3,8
"2-(2-phenylethynyl)-7,8-dihydro-6h-quinolin-5-one",DTXSID10464098,864224-08-8,O=C1CCCc2nc(C#Cc3ccccc3)ccc21,17d7f891f3b25d78,2
3-nitro-4-(8-quinolinyloxy)benzamide,DTXSID301352411,756856-24-3,NC(=O)c1ccc(Oc2cccc3cccnc23)c([N+](=O)[O-])c1,2b1e13bfea7fed1d,7
1-[5-(2-thiophenylmethoxy)-1h-indol-3-yl]-2-propanamine,DTXSID001220590,160521-74-4,CC(N)Cc1c[nH]c2ccc(OCc3cccs3)cc12,ff54dfdbdc179a94,11
"2-{[(naphthalen-1-yl)oxy]methyl}-4,5-dihydro-1h-imidazole",DTXSID60275631,65248-80-8,c1ccc2c(OCC3=NCCN3)cccc2c1,d99ceb43b73694e7,4
,,,Cc1ccc2c(c1)c(-c1ccnc3c(F)cccc13)c(C)n2CC(=O)O,8c43c5161002eccf,5
4-[[4-[(4-methoxy-2-pyridinyl)amino]-1-piperidinyl]carbonyl]benzonitrile,DTXSID201149253,268730-08-1,COc1ccnc(NC2CCN(C(=O)c3ccc(C#N)cc3)CC2)c1,26fed4058139f9f4,4
,,,N#Cc1cc(CN2CCC2)cnc1-c1ccc(C(=O)Nc2ccccc2N)cc1,f7975819835dbf47,9
dropropizine,DTXSID0045624,17692-31-8,OCC(O)CN1CCN(c2ccccc2)CC1,3a4c79ca76e753ce,2
,,,CN(c1ccc(-c2cc(C(F)(F)F)ccc2OCC(=O)O)cc1)S(C)(=O)=O,02d0674c2e97b1b3,2
,,,C[C@@H]1CN(C(=O)OC(C)(C)C)CCN1c1ncc(OCc2ccc(S(C)(=O)=O)cn2)cn1,273967472e1f0bf1,8
,,,CC[C@@H](c1ccc(C(=O)O)c(Oc2cccc(Cl)c2)c1)N1CCC[C@H](n2cc(C)c(=O)[nH]c2=O)C1,38e27ab758ac39df,2
2-[2-[[4-(phenylsulfonyl)-1-piperazinyl]methyl]-4-(trifluoromethyl)phenoxy]acetic acid,DTXSID101125901,888970-98-7,O=C(O)COc1ccc(C(F)(F)F)cc1CN1CCN(S(=O)(=O)c2ccccc2)CC1,d01bb6a9fba3e986,14
"2-(4-fluorophenyl)imidazo[1,2-a]pyridine",DTXSID80352756,347-12-6,Fc1ccc(-c2cn3ccccc3n2)cc1,1d0c67b54f96e4ad,1
,,,CCCSc1c(C(=O)NC2CCCCC2)cnn1-c1cccc(C(=O)O)c1,c2b537fd2bcbe73e,8
,,,Cc1ccc2c(c1)c(-c1ccnc3cc(C(F)(F)F)ccc13)c(C)n2CC(=O)O,3728c7e3ca1ab77f,8
n-(4-hydroxyphenyl)phthalimide,DTXSID50291188,7154-85-0,O=C1c2ccccc2C(=O)N1c1ccc(O)cc1,e22f0a65847b95f4,1
,,,O=C(O)CCc1ccc(OCc2cccc(Oc3ccccc3)c2)cc1,9814a8107b418105,8
"7-{[(2r)-1-hydroxy-4-methyl-2-pentanyl]amino}-5-{[(1s)-1-phenylethyl]sulfanyl}[1,3]thiazolo[4,5-d]pyrimidin-2(3h)-one",DTXSID201352113,15-58-7,CC(C)C[C@H](CO)Nc1nc(S[C@@H](C)c2ccccc2)nc2[nH]c(=O)sc12,3d43a30334aa96c0,4
,,,O=C(O)C[C@@H]1c2ccccc2C[C@H]1NC(=O)c1cc2cc(F)ccc2[nH]1,f667dfb68e5a9be7,5
cyclandelate,DTXSID4022862,456-59-7,CC1CC(OC(=O)C(O)c2ccccc2)CC(C)(C)C1,f4cd7d551a23b836,5
"6-(1h-indol-4-yl)-4-{5-[(4-isopropyl-1-piperazinyl)methyl]-1,3-oxazol-2-yl}-1h-indazole",DTXSID601352008,1254036-71-9,CC(C)N1CCN(Cc2cnc(-c3cc(-c4cccc5[nH]ccc45)cc4[nH]ncc34)o2)CC1,ae92b9460b6e4fd8,8
"5-acetyl-1-benzyl-3-(4-fluorobenzyl)-2,4(1h,3h)-pyrimidinedione",DTXSID201352268,338399-30-7,CC(=O)c1cn(Cc2ccccc2)c(=O)n(Cc2ccc(F)cc2)c1=O,9991d34346c9a7d2,4
cariprazine,DTXSID80232867,839712-12-8,CN(C)C(=O)N[C@H]1CC[C@H](CCN2CCN(c3cccc(Cl)c3Cl)CC2)CC1,f164477bc4519126,1
,,,c1cncc(-c2ccc(-c3nnc(C4CN5CCC4CC5)o3)o2)c1,02eceb65abd81008,14
,,,Cc1cc(CN2CCC2)cnc1-c1ccc(C(=O)Nc2ccccc2N)cc1,8c316036e5b7a2f6,12
,,,Cc1cc(C)cc(CCOCCS(=O)(=O)NCCNCCc2ccc(O)c3nc(O)sc23)c1,209f292858aa62bb,1
,,,CCCN(CCCOCCOCCc1ccccc1)CCc1ccc(O)c2nc(O)sc12,37ba230205b444a2,3
,,,Cc1nn(C)c2ccc(N3CCN(C(=O)[C@@H]4CCCC[C@H]4C(=O)NC4(C#N)CC4)[C@H](C)C3)cc12,387f2a0ae54753c7,2
"4,4′-cyclohexylidenebis[benzenamine]",DTXSID00954478,3282-99-3,Nc1ccc(C2(c3ccc(N)cc3)CCCCC2)cc1,42318afb55b3bb01,1
,,,Cc1cn([C@H]2CCCN([C@H](CC(C)(C)C)c3ccc(C(=O)O)c(Oc4cccc(Br)c4)c3)C2)c(=O)[nH]c1=O,2fd6ea7a0c43b32a,2
,,,COc1cc(OC)c(S(=O)(=O)NCc2ccccc2N2CCCCC2)cc1NC(=O)CCC(=O)O,3812b9584ecb6be8,1
,,,Cc1cccc2c(CCNCc3cccc(CCNC[C@H](O)c4ccc(O)c5[nH]c(=O)sc45)c3)c[nH]c12,2751564411fb1664,6
maprotiline,DTXSID7045029,10262-69-8,CNCCCC12CCC(c3ccccc31)c1ccccc12,be2f4dd5ba076613,14
meperidine,DTXSID9023253,57-42-1,CCOC(=O)C1(c2ccccc2)CCN(C)CC1,1a6fa405b1830797,6
alpha-phenyl-4-morpholineethanol,DTXSID301034887,4432-34-2,OC(CN1CCOCC1)c1ccccc1,4e2189f463b7899f,3
merphalan,DTXSID9031569,531-76-0,NC(Cc1ccc(N(CCCl)CCCl)cc1)C(=O)O,c9b7418b643f47fd,9
,,,Cc1ccc2c(c1)c(-c1ccnc3c(C(F)(F)F)cccc13)c(C)n2CC(=O)O,a26fbfb3cd0296f8,7
,,,CO[C@H]1CN(CCn2c(=O)ccc3ccc(C#N)cc32)CC[C@@H]1NCc1cc2c(cn1)OCCO2,0a7ced980959c710,11
escitalopram,DTXSID8048440,128196-01-0,CN(C)CCC[C@@]1(c2ccc(F)cc2)OCc2cc(C#N)ccc21,0742fe53b605d39e,17
iproniazid,DTXSID5023168,54-92-2,CC(C)NNC(=O)c1ccncc1,dc65fc7763c32b5e,10
(-)-paroxetine,DTXSID3023425,61869-08-7,Fc1ccc([C@@H]2CCNC[C@H]2COc2ccc3c(c2)OCO3)cc1,dba006451458ad50,3
navarixin,DTXSID601352327,473727-83-2,CC[C@@H](Nc1c(Nc2cccc(C(=O)N(C)C)c2O)c(=O)c1=O)c1ccc(C)o1,f1be054fcf43cbe0,6
[(5-nitro[biphenyl]-2-yl)oxy]acetic acid,DTXSID401352171,168094-50-6,O=C(O)COc1ccc([N+](=O)[O-])cc1-c1ccccc1,87b7781ed7b4d1b4,10
,,,CN(CCc1ccc(O)c2nc(O)sc12)CCN(C)C(=O)CCOCCc1ccccc1,d1f69d2028dd1d68,2
rosiglitazone,DTXSID7037131,122320-73-4,CN(CCOc1ccc(CC2SC(=O)NC2=O)cc1)c1ccccn1,6a01988b7e356911,6
7-hydroxy-2-methyl-3-phenyl-4h-chromen-4-one,DTXSID70182786,2859-88-3,Cc1oc2cc(O)ccc2c(=O)c1-c1ccccc1,178c728b83b34f74,3
"3-nitrophenanthrene-9,10-dione",DTXSID50440816,62896-78-0,O=C1C(=O)c2ccc([N+](=O)[O-])cc2-c2ccccc21,b722dfc5bb21aadc,2
3'-cyano[biphenyl]-3-carboxylic acid,DTXSID30948209,253678-93-2,N#Cc1cccc(-c2cccc(C(=O)O)c2)c1,d71433f09662aac2,7
"n-[2-methyl-5-(9-oxa-3,7-diazabicyclo[3.3.1]nonan-3-ylcarbonyl)phenyl]-2-(tricyclo[3.3.1.13,7]decan-1-yl)acetamide",DTXSID901352421,804561-22-6,Cc1ccc(C(=O)N2CC3CNCC(C2)O3)cc1NC(=O)CC12CC3CC(CC(C3)C1)C2,985676c64ed0335c,7
,,,CCCSc1ncccc1C(=O)N(C)C1CCOCC1,e3a4e1f20e42e163,3
"n-(9,10-dihydro-9,10-dioxo-2-phenanthrenyl)-2,2-dimethyl-propanamide",DTXSID801356951,345630-40-2,CC(C)(C)C(=O)Nc1ccc2c(c1)C(=O)C(=O)c1ccccc1-2,5544d0d1c0942682,4
moxifloxacin,DTXSID3048491,151096-09-2,COc1c(N2C[C@@H]3CCCN[C@@H]3C2)c(F)cc2c(=O)c(C(=O)O)cn(C3CC3)c12,b1a3ac13adc54c7c,5
caramiphen,DTXSID0022729,77-22-5,CCN(CC)CCOC(=O)C1(c2ccccc2)CCCC1,b4a36690033fb05a,9
n-[1-(2-morpholin-4-ylethyl)benzimidazol-2-yl]-3-nitrobenzamide,DTXSID50475143,509093-47-4,O=C(Nc1nc2ccccc2n1CCN1CCOCC1)c1cccc([N+](=O)[O-])c1,db31635ab6912dbe,3
tandutinib,DTXSID8048947,387867-13-2,COc1cc2c(N3CCN(C(=O)Nc4ccc(OC(C)C)cc4)CC3)ncnc2cc1OCCCN1CCCCC1,a33416bdd3edcbff,2
tiapride,DTXSID0023664,51012-32-9,CCN(CC)CCNC(=O)c1cc(S(C)(=O)=O)ccc1OC,30cd243c2a17bed4,15
,,,CCCSc1nc(N2CCCCC2C(=O)O)ccc1C(=O)NC1CCCCC1,21b43303b8d40560,1
"(1r,2s)-(-)-ephedrine",DTXSID0022985,299-42-3,CN[C@@H](C)[C@H](O)c1ccccc1,035c5b11238b32a3,5
n-benzyl-1-phenethylamine,DTXSID20189982,3647-71-0,c1ccc(CCNCc2ccccc2)cc1,67b84c8f075aed11,8
,,,O=c1[nH]c2c(O)ccc([C@@H](O)CNCCc3cccc(CN4CCCC4)c3)c2s1,e4c81c046e0bf09b,4
"1-[2-(1-benzyl-2,5-dimethyl-1h-pyrrol-3-yl)-2-oxoethyl]-5-(trifluoromethyl)-2(1h)-pyridinone",DTXSID501352467,870762-83-7,Cc1cc(C(=O)Cn2cc(C(F)(F)F)ccc2=O)c(C)n1Cc1ccccc1,53c08f4e7078dac6,8
"1,2-diphenylethan-1-amine",DTXSID20871350,25611-78-3,NC(Cc1ccccc1)c1ccccc1,f89465d2eb5233cb,13
"9h-fluoren-9-one, 2-amino- (9ci)",DTXSID30184943,3096-57-9,Nc1ccc2c(c1)C(=O)c1ccccc1-2,d1392100965fa42a,1
procyclidine,DTXSID2023515,77-37-2,OC(CCN1CCCC1)(c1ccccc1)C1CCCCC1,6efed858edf21177,1
"2-[3-(3-methoxyphenyl)sulfonyl-2,5-dimethylindol-1-yl]acetic acid",DTXSID60434367,646514-88-7,COc1cccc(S(=O)(=O)c2c(C)n(CC(=O)O)c3ccc(C)cc23)c1,a8d03a5b5d6f068a,14
,,,CO[C@@H]1CN(CCn2c(=O)ccc3ccc(C#N)cc32)CC[C@H]1NCc1ccc2c(n1)NC(=O)CO2,b0c1cad88bf3bdd2,3
"quinaldic acid, 8-hydroxy-",DTXSID00166211,1571-30-8,O=C(O)c1ccc2cccc(O)c2n1,884d1f479a0478e7,2
mls002607919,DTXSID60284086,5623-30-3,O=C(c1ccccc1)C(O)(CN1CCCCC1)c1ccccc1,c91418f78a919ba1,2
,,,COc1ccc(CNCc2cccc(CCNC[C@H](O)c3ccc(O)c4[nH]c(=O)sc34)c2)cc1,8750870401502647,3
,,,CCCC(C)(C)C[C@H](c1ccc(C(=O)O)c(Oc2cccc(Cl)c2)c1)N1CCC[C@H](n2cc(C)c(=O)[nH]c2=O)C1,8730b50edd00c4e2,7
"1h-imidazo[4,5-c]quinolin-4-amine, 2-ethyl-1-(2-methylpropyl)-",DTXSID20457012,149876-20-0,CCc1nc2c(N)nc3ccccc3c2n1CC(C)C,9fbb47158754cee6,7
gemcitabine,DTXSID3040487,95058-81-4,Nc1ccn([C@@H]2O[C@H](CO)[C@@H](O)C2(F)F)c(=O)n1,d2d04abdf53c9578,3
moricizine,DTXSID4023335,31883-05-3,CCOC(=O)Nc1ccc2c(c1)N(C(=O)CCN1CCOCC1)c1ccccc1S2,bdc033e43aded489,7
,,,COc1cc(Nc2nc(N[C@@H](C)c3ncc(F)cn3)ncc2Br)n[nH]1,01a5b7f61b914c19,1
,,,CCCSc1nc(N2CCCC(C(=O)O)C2)ccc1C(=O)NC1CCCCC1,4d5e65eeac0bde3e,5
"9,10-phenanthrenedione",DTXSID3058901,84-11-7,O=C1C(=O)c2ccccc2-c2ccccc21,5d73700b49331e5f,2
,,,CS(=O)(=O)c1cccc2c3c([nH]c12)CCN(C(=O)[C@@H]1CCCC[C@H]1C(=O)NC1(C#N)CC1)C3,5a9d20165aa22bb1,2
sb 225002,DTXSID20397383,182498-32-4,O=C(Nc1ccc([N+](=O)[O-])cc1O)Nc1ccccc1Br,bb9e2ec098d74b18,2
dizocilpine,DTXSID3048447,77086-21-6,C[C@]12N[C@H](Cc3ccccc31)c1ccccc12,a5192414339bafd5,2
n-[(2-methoxyphenyl)methyl]-4-methylpyridin-2-amine,DTXSID901326270,694506-95-1,COc1ccccc1CNc1cc(C)ccn1,3d4036645c772c34,9
,,,N#Cc1ccc2ccc(=O)n(CCN3CC[C@@H](NCc4cc5c(cn4)OCCO5)[C@@H](O)C3)c2c1,3323259e3c42453e,4
"5-[4-(methylsulfonyl)phenyl]-6'-(trifluoromethyl)[3,3'-bipyridin]-2-amine",DTXSID901352033,1314883-11-8,CS(=O)(=O)c1ccc(-c2cnc(N)c(-c3ccc(C(F)(F)F)nc3)c2)cc1,eaa7f0d0d3870f1a,16
"2-(4,5-dihydro-1h-imidazol-2-yl)quinoline",DTXSID001272339,187173-05-3,c1ccc2nc(C3=NCCN3)ccc2c1,73944dd0ff134fe0,1
"1-phenyl-2,3,4,9-tetrahydro-1h-pyrido[3,4-b]indole-3-carboxylic acid",DTXSID601002887,82789-18-2,O=C(O)C1Cc2c([nH]c3ccccc23)C(c2ccccc2)N1,b03eadd4a13cfdff,16
"1-methyl-4-(3-hydroxyphenyl)-1,2,3,6-tetrahydropyridine",DTXSID30147018,105223-62-9,CN1CC=C(c2cccc(O)c2)CC1,caa64ef8a5acf7f3,17
cisapride,DTXSID3022825,81098-60-4,COc1cc(N)c(Cl)cc1C(=O)N[C@@H]1CCN(CCCOc2ccc(F)cc2)C[C@@H]1OC,bea92938260c6a76,1
meptazinol,DTXSID6048543,54340-58-8,CCC1(c2cccc(O)c2)CCCCN(C)C1,93793ddbc14e8fbb,15
iodoquinol,DTXSID6023155,83-73-8,Oc1c(I)cc(I)c2cccnc12,99268d261fcf0bfb,1
n-(1h-benzimidazol-2-yl)-2-(4-methoxyphenyl)acetamide,DTXSID201325669,107249-94-5,COc1ccc(CC(=O)Nc2nc3ccccc3[nH]2)cc1,ffaa6458644376aa,4
,,,CO[C@H]1CN(CCn2c(=O)ccc3ccc(C#N)cc32)CC[C@H]1NCc1cc2c(cn1)OCCO2,08ba77ba96332022,6
,,,COc1ccc(N2CCN(C(=O)[C@@H]3CCCC[C@H]3C(=O)NC3(C#N)CC3)CC2)cc1,8602abde6769a2fd,9
,,,COc1ccc2ncc(=O)n(CCN3CC[C@@H](NCc4cc5c(cn4)OCCO5)[C@@H](O)C3)c2c1,4f01def45f3f8761,6
"6-[(aminocarbonyl)(2,6-difluorophenyl)amino]-2-(2,4-difluorophenyl)-3-pyridinecarboxamide",DTXSID50963974,745833-23-2,NC(=O)c1ccc(N(C(N)=O)c2c(F)cccc2F)nc1-c1ccc(F)cc1F,247410e53b4a4bae,3
(1h-indol-3-ylsulfanyl)-acetic acid,DTXSID60343586,54466-88-5,O=C(O)CSc1c[nH]c2ccccc12,06494c99fbc97ae3,9
4-chloro-1h-indazole,DTXSID40156818,13096-96-3,Clc1cccc2[nH]ncc12,5fb06082089158e3,1
4-[5-methoxy-2-(2-pyridinyl)-4-pyrimidinyl]morpholine,DTXSID901352271,338772-34-2,COc1cnc(-c2ccccn2)nc1N1CCOCC1,4b4a6a560205e090,4
,,,CSc1c(C(=O)NC2C3CC4CC(C3)CC2C4)cnn1-c1ccc(C(=O)O)cc1,febc5f15251e0301,13
3-amino-5-(3-thienyl)thiophene-2-carboxamide,DTXSID001257563,354812-17-2,NC(=O)c1sc(-c2ccsc2)cc1N,49fa3698429f63e6,2
flavoxate,DTXSID3023053,15301-69-6,Cc1c(-c2ccccc2)oc2c(C(=O)OCCN3CCCCC3)cccc2c1=O,50300c18a53e74c3,4
,,,Cc1cc(F)ccc1OC1CCN(CC2CCN([C@@H](Cc3ccc(F)cc3)C(=O)O)CC2)CC1,adcba0400bdb845e,3
,,,COc1ccc2ncc(=O)n(CCN3CC[C@H](NCc4ccc5c(n4)NC(=O)CO5)[C@H](O)C3)c2c1,a986b4860fc150f8,1
bromopride,DTXSID0045383,4093-35-0,CCN(CC)CCNC(=O)c1cc(Br)c(N)cc1OC,dfc027d732613b02,11
ondansetron,DTXSID8023393,99614-02-5,Cc1nccn1CC1CCc2c(c3ccccc3n2C)C1=O,46786ec69f9212b8,11
,,,O=c1[nH]c2c(O)ccc([C@@H](O)CNCCc3cccc(CNCCCc4ccccc4)c3)c2s1,ae54684a55f2f339,5
losmapimod,DTXSID30974109,585543-15-3,Cc1c(F)cc(C(=O)NC2CC2)cc1-c1ccc(C(=O)NCC(C)(C)C)cn1,2f723335b39d0cee,22
gsk 189254a,DTXSID801005982,720690-73-3,CNC(=O)c1ccc(Oc2ccc3c(c2)CCN(C2CCC2)CC3)nc1,d0e46e3d9de13612,5
norbinaltorphimine,DTXSID90897163,105618-26-6,Oc1ccc2c3c1O[C@H]1c4[nH]c5c(c4C[C@@]4(O)[C@@H](C2)N(CC2CC2)CC[C@]314)C[C@@]1(O)[C@H]2Cc3ccc(O)c4c3[C@@]1(CCN2CC1CC1)[C@H]5O4,cbb4912960d9bcd2,5
sl327,DTXSID90429549,305350-87-2,N#C/C(=C(/N)Sc1ccc(N)cc1)c1ccccc1C(F)(F)F,02a14ecb2439ffe7,5
milveterol,DTXSID30215640,652990-07-3,O=CNc1cc([C@@H](O)CNCCc2ccc(NC[C@H](O)c3ccccc3)cc2)ccc1O,8610bb5f34be0cf6,2
"6-(4-chlorophenyl)-3-[4-[(2r)-2-cyclopropyl-2-(phosphonooxy)ethoxy]-3-methoxyphenyl]thieno[3,2-d]pyrimidin-4(3h)-one",DTXSID301106422,1197420-06-6,COc1cc(-n2cnc3cc(-c4ccc(Cl)cc4)sc3c2=O)ccc1OC[C@H](OP(=O)(O)O)C1CC1,a2d7644cfb0da5a3,4
bx-320,DTXSID80220507,702676-93-5,CC(C)(C(N)=O)C(=O)NCCCNc1nc(Nc2cccc(NC(=O)N3CCCC3)c2)ncc1Br,4f9cc09b3a961234,4
triflupromazine,DTXSID9023704,146-54-3,CN(C)CCCN1c2ccccc2Sc2ccc(C(F)(F)F)cc21,c22cb44d82ef8dd1,10
,,,O=S(=O)(CCCOCCSc1ccccc1)CCNCCc1ccc(O)c2nc(O)sc12,60e49c86c44f25ff,1
6-methyl-2-(phenylethynyl)pyridine,DTXSID7042564,96206-92-7,Cc1cccc(C#Cc2ccccc2)n1,f339db744df25e40,2
"1-(2,4-dihydroxyphenyl)-2-(4-hydroxyphenyl)ethanone",DTXSID00348696,17720-60-4,O=C(Cc1ccc(O)cc1)c1ccc(O)cc1O,0414fbb092b16780,10
4-iodo-1-benzothiophene-2-carboximidamide,DTXSID40274329,154628-42-9,N=C(N)c1cc2c(I)cccc2s1,bd36216d316e4245,4
diethyl p-[hydroxy(3-nitrophenyl)methyl]phosphonate,DTXSID501036289,50652-91-0,CCOP(=O)(OCC)C(O)c1cccc([N+](=O)[O-])c1,a0b754a057ad3a61,17
"phosphinic acid, bis(m-nitrophenyl)-",DTXSID50171815,18593-20-9,O=[N+]([O-])c1cccc(P(=O)(O)c2cccc([N+](=O)[O-])c2)c1,28d25848ec42411e,6
bis(4-nitrobenzyl) hydrogen phosphate,DTXSID30322626,14390-40-0,O=[N+]([O-])c1ccc(COP(=O)(O)OCc2ccc([N+](=O)[O-])cc2)cc1,eb2144743e4a5685,11
fosenazide,DTXSID1046188,16543-10-5,NNC(=O)CP(=O)(c1ccccc1)c1ccccc1,dea445f443a1aa1e,4
1-[amino-(4-methylphenoxy)phosphoryl]oxy-4-methylbenzene,DTXSID801322520,56830-89-8,Cc1ccc(OP(N)(=O)Oc2ccc(C)cc2)cc1,b63e038e30639baa,17
bis(3-methylphenyl) phosphoramidate,DTXSID90308244,74178-24-8,Cc1cccc(OP(N)(=O)Oc2cccc(C)c2)c1,f80f88cf42f065a7,17
"n-[1,3-benzothiazol-2-yl(phenyl)phosphoryl]-1,3-thiazol-2-amine",DTXSID901332229,262603-96-3,O=P(Nc1nccs1)(c1ccccc1)c1nc2ccccc2s1,f547b9af1b748090,7
"2,2'-(phenylphosphanediyl)dipyridine",DTXSID40345361,68469-71-6,c1ccc(P(c2ccccn2)c2ccccn2)cc1,919799d1efe00c42,4
diphenyl-2-pyridylphosphine,DTXSID00347462,37943-90-1,c1ccc(P(c2ccccc2)c2ccccn2)cc1,1c3e5ac377144310,4
"phosphoramidic acid, phenyl-, diphenyl ester",DTXSID30191798,3848-51-9,O=P(Nc1ccccc1)(Oc1ccccc1)Oc1ccccc1,03811be3fa377c38,16
st4050294,DTXSID40394834,49749-89-5,O=[N+]([O-])CC(c1ccccc1)P(=O)(c1ccccc1)c1ccccc1,c690c5ddc2242b6e,3
"1h-imidazole, 1-(trimethylsilyl)-",DTXSID5066326,18156-74-6,C[Si](C)(C)n1ccnc1,d4ec5d5d00661a95,2
clioquinol,DTXSID7022837,130-26-7,Oc1c(I)cc(Cl)c2cccnc12,19e0a5c9012fc49f,1
"3,5-diiodotyrosine",DTXSID50110067,66-02-4,NC(Cc1cc(I)c(O)c(I)c1)C(=O)O,a15e9ada6317e46a,15
,,,O=C(Nc1cccc([N+](=O)[O-])c1)c1ccccc1I,77baf5aefaba245a,4
,,,O=C(NN=Cc1cccc(I)c1)c1[nH]ncc1Br,f0c228e3ed734fb2,4
,,,O=C(c1cccc(I)c1)N1CCN(c2ccccc2)CC1,adb57266c07c3a6f,9
4-iodo-n-(2-methyl-5-nitrophenyl)benzamide,DTXSID401265441,425625-28-1,Cc1ccc([N+](=O)[O-])cc1NC(=O)c1ccc(I)cc1,0914fc4e6928fe67,4
,,,O=C(Nc1ccc(F)cc1F)c1cc(I)ccc1Cl,8e61274b33d66ad7,2
,,,CCN(CC)C(=S)NC(=O)c1ccc(C)c(I)c1,05c04ee3ac8dc387,9
,,,CCn1ncc(I)c1C(=O)Nc1cc(Cl)ccc1Cl,b0c3072ea60ce02c,4
,,,Cc1cc(NC(=O)c2ccccc2Br)ccc1I,0902160467d74c88,4
,,,CC(C)(C)[Si](C)(C)OCC1OC(n2cnc3c(N(C(=O)c4ccccc4)C(=O)c4ccccc4)ncnc32)C(O)C1O,a4428af85cf890e9,2
,,,CCOC(=O)N(C(C)C)C(C)Cc1cc(I)c(O)c(Cl)n1,e6dff74ebb9e8dbc,7
,,,CCOC(=O)NC(=Nc1ccc(I)cc1)N(CC)CC,fd977033384c2d56,8
,,,Ic1c(-c2ccccc2)nc2ncccn12,05f9c007f65c8233,2
,,,CCc1ccc2[nH]c(=O)[se]c2c1,b735b20a94f33296,4
,,,CC(C)(C)[Si](C)(C)OC1C(O)C(CN=[N+]=[N-])OC1n1ccc(=O)[nH]c1=O,7d2070eaf9809175,1
,,,CC(=O)OCC1CC(OC(C)=O)C(n2nnc(C(N)=O)c2I)C1,56c8886085574c61,14
,,,CC(C)CCOc1ccc(B(O)O)cn1,689c871e51f5a28a,9
,,,CC(=O)OCC1OC(OC2OC(CI)C(OC(C)=O)C(OC(C)=O)C2OC(C)=O)C(OC(C)=O)C(OC(C)=O)C1OC(C)=O,bfdc4fce2820eba5,2
,,,CC1(C)OB(c2ccc(OCCCc3ccccc3)nc2)OC1(C)C,a7606e70bdc929ae,12
,,,CC(C)N(c1nc(=O)n2cc(I)ccc2n1)C(C)C,81e2720550d01c46,3
,,,CCOP(=O)(OCC)C(=C=C1CCCCC1)N(Cc1ccccc1)S(=O)(=O)c1ccc(C)cc1,12ac570336fad03b,3
,,,Nc1ccn(C2OC(COP(=O)(O)O)C(O)C2N)c(=O)n1,d2834ce2a5577882,2
5-bromo-2-iodopyrimidine,DTXSID90426513,183438-24-6,Brc1cnc(I)nc1,6e9e47f2252bd459,1
,,,Ic1ccc(OCC2CO2)cc1,861c393aa47e5319,9
,,,O=S(N=P(c1ccccc1)(c1ccccc1)c1ccccc1)c1ccccc1C(F)(F)F,330f1b53787431f5,6
,,,CC(C)Oc1ccc(-c2cn(CC=CCCP(=O)(OCOC(=O)C(C)(C)C)OCOC(=O)C(C)(C)C)c(=O)[nH]c2=O)cc1,7c87beb54c8048df,4
4-bromo-2-iodoaniline,DTXSID00356418,66416-72-6,Nc1ccc(Br)cc1I,d6946d023a051289,1
,,,COc1cnc2c(c1)cc([Sn](C)(C)C)n2S(=O)(=O)c1ccccc1,86c8a1ef11b847fb,5
,,,CN(C)c1ccc(C(O)c2ccc(I)cc2)cc1,25459dcffa5dcddd,4
,,,CN1c2ncccc2N(C)c2c(I)ccnc21,2755a09b913e9a6d,2
,,,Nc1c(-c2ccc(O)c(I)c2)oc2ccccc2c1=O,1b6f73eff4419156,4
,,,Cc1cccc(Oc2c3c([nH]c(=O)c2I)CCCCC3)c1,628d97ca0e538878,7
,,,CC(C)(C)c1cc(C=CC(=O)c2ccc3[nH]c(=O)[se]c3c2)cc(C(C)(C)C)c1O,36bd972b2881c30b,8
,,,CC(=O)Nc1ncc(Cl)cc1C#C[Si](C)(C)C,2e078900c2b82348,3
,,,CC(C)n1cnc2c(NCc3cccc(I)c3)nc(N3CCCC3CO)nc21,d5bc12105eff1b18,5
,,,CC(Oc1ccccc1C(=O)N(C)C)C(=O)N1CCN(C(=O)c2ccccc2)C[C@H]1C,a25b8a9261201760,3
,,,c1ccc(Cc2ncc3c(n2)CCNCC3)cc1,50a002f308565a20,3
,,,C[C@@H](c1ccc2ncccc2c1)c1nnc2ccc(-c3cccc(C#N)c3)nn12,6534a3b910c05917,6
,,,C[C@@H]1CN(C(=O)OC2COC2)CCN1c1ncc(OCc2ccncc2C#N)cn1,2acb70e7c824c8f7,7
6-[butyl(methyl)amino]-n-cycloheptylpyrazine-2-carboxamide,DTXSID10659124,923600-09-3,CCCCN(C)c1cncc(C(=O)NC2CCCCCC2)n1,398dac77b4da34d8,9
,,,CCCCc1ccc(-c2nc(CNCc3ccc(OC)cc3)co2)cc1,46b7ec7315797646,4
,,,C=Cc1ccc(Nc2cc(C)nc3ncnn23)cc1,c8fd70a2b4cb8adf,4
,,,COc1cccc(CC(=O)N2Cc3ccc(S(=O)(=O)Nc4cnn(-c5ccccc5)n4)cc3C2)c1,d359641c1cbad104,10
,,,CC1(C)[C@H]2CC[C@@H](CNCc3coc(-c4ccc(-c5ccccc5)cc4)n3)[C@@H]1C2,db41c04656b54c6b,9
,,,FC(F)(F)c1ccc(Cn2ccc3c(OC4CCN(Cc5cscn5)CC4)ncnc32)cc1,06a30a52563765c0,7
,,,CCNc1cc(C(=O)N[C@@H](Cc2ccccc2)[C@H](O)CNCc2cccc(C(F)(F)F)c2)c(F)c(N2CCCCS2(=O)=O)c1,a7a9a19afb6bdc02,1
,,,c1ccc([C@@H]([C@H](c2ccccc2)N2CCCCC2)N2CCCCC2)cc1,f4b45c35d7e5b2c6,1
,,,CCCCCC(C)NCc1coc(-c2ccc(OCCOCC)cc2)n1,c261f36d4117e091,3
cefpodoxime proxetil,DTXSID1022766,87239-81-4,COCC1=C(C(=O)OC(C)OC(=O)OC(C)C)N2C(=O)[C@@H](NC(=O)/C(=N\OC)c3csc(N)n3)[C@H]2SC1,0a8aac3b40e22e47,3
,,,CCCCCC(C)NCc1ccc(-c2ccccc2)cc1,614be285e3baa6c0,3
amg-208,DTXSID70143039,1002304-34-8,COc1ccc2c(OCc3nnc4ccc(-c5ccccc5)nn34)ccnc2c1,de1f8510ad0f8743,4
,,,CC(C)N1CCC(Oc2ccc3c(c2)cc2n3CCN(C)C2=O)CC1,97747f3730d59789,4
,,,Cc1ccc(-n2nc(C(C)(C)C)cc2NC(=O)Nc2ccc(-n3nnnc3C)cc2)cc1,c08784bb1d313a74,2
,,,CS(=O)(=O)N(Cc1ccccc1-c1ccccc1)[C@H]1CCNC1,02cf11504e7db28f,12
,,,Fc1ccc(-c2ncco2)c(C2Cc3nccn3C2)c1,f4091a9634f3cd86,10
"2-[(2s)-2-(4-fluorophenyl)-4-morpholinyl]-1-methyl[4,4'-bipyrimidin]-6(1h)-one",DTXSID401352333,503860-57-9,Cn1c(N2CCO[C@@H](c3ccc(F)cc3)C2)nc(-c2ccncn2)cc1=O,d7a138de87868317,2
,,,Fc1ccc(CN2CCC(Oc3ncnc4c3ccn4Cc3ccccc3)CC2)nc1,d066bdaeb294134f,5
,,,Cc1cccc(CN2CCC(Oc3ncnc4c3ccn4Cc3ccccc3)CC2)n1,cfc1f89f5779c9f6,7
,,,Cc1ccnc(CN2CCC(Oc3ncnc4c3ccn4Cc3ccccc3)CC2)c1,32ad276818aed509,7
,,,FC(F)(F)c1ccccc1Cn1ccc2c(OC3CCN(Cc4cscn4)CC3)ncnc21,a3830f460aa0c691,3
,,,CCCCc1ccc(Nc2cc(C)nc3ncnn23)cc1,b0a1e5a5e358f46e,11
,,,CCCCOc1ccc(-c2nc(CNC[C@@H]3CC[C@H]4C[C@@H]3C4(C)C)co2)cc1,72ac9749cdb6a2d4,14
,,,Fc1ccccc1Cc1nc(-c2nc(C(F)F)n[nH]2)n2ccccc12,4f7300cdd3319f44,7
,,,Nc1ncc(-c2ccc(C(=O)N3CCOCC3)cc2)cc1-c1ccc(C(F)(F)F)cc1,d96315285ef9e7ca,4
,,,COc1ccc(C2Cc3nccn3C2)cc1,bf2b32b6479b52da,9
,,,COc1ccc(-c2cc(-c3ccc(C(=O)NCCCO)cc3)cnc2N)cn1,1959f039c164d0a0,2
,,,C[C@@H]1CN(C(=O)[C@H]2CN(C3CC3)C[C@@H]2c2ccc(F)cc2F)C[C@H](C)[C@@]1(O)c1ccccc1,b86e05ec65f4b15c,3
,,,COc1ccc(C(N)=O)cc1/C=C/c1ccc(Cl)cc1,58f935838ecce3a7,10
,,,COc1cc(OC)nc(-c2ccc(NC(=O)Nc3cc(C(C)(C)C)nn3-c3ccc(C)cc3)cc2)n1,6a6f3fe2dd7951da,3
,,,CCCCCC(C)NCc1coc(-c2ccc(OCCC)cc2)n1,1554e9cd90e1a5c1,8
,,,Clc1cn(Cc2ccccc2)c2ncnc(OC3CCN(Cc4cscn4)CC3)c12,31f0cf060c785d9e,6
clebopride,DTXSID7022831,55905-53-8,COc1cc(N)c(Cl)cc1C(=O)NC1CCN(Cc2ccccc2)CC1,48e7378721b76a51,5
,,,Cc1cc(Nc2ccc3c(c2)CCCC3)n2ncnc2n1,a882aa5f84676b9a,12
,,,CCCCc1ccc(-c2nc(CNCc3c(OC)cccc3OC)co2)cc1,bbed035abea4775d,4
,,,Cc1ccc(CCn2cc(-c3cccnc3)nc2Cn2c(=O)n(C3CC3)c3ccncc32)cn1,a1700afdf61cc296,8
,,,Cc1ccc(CN2CCC(Oc3ncnc4c3ccn4Cc3ccccc3)CC2)nc1,968ac51bc156c9de,9
"2-[1-(3-ethyl-7-{[(1-oxo-1lambda~5~-pyridin-3-yl)methyl]amino}pyrazolo[1,5-a]pyrimidin-5-yl)piperidin-2-yl]ethan-1-ol",DTXSID90999131,779353-01-4,CCc1cnn2c(NCc3ccc[n+]([O-])c3)cc(N3CCCC[C@H]3CCO)nc12,17ea1e2d9cdb46ed,2
"3-(2-hydroxyphenoxy)-δ,δ-dimethyl-α,α-diphenyl-1-azetidinepentanamide",DTXSID601157717,931409-25-5,CC(C)(CCC(C(N)=O)(c1ccccc1)c1ccccc1)N1CC(Oc2ccccc2O)C1,bc1639b13c2c4e68,6
,,,CCc1nn2ccc3c(c2c1CCNC(C)=O)CCO3,78cb0af54dc8253b,11
,,,C[C@@H]1[C@H]2C[C@@H](C[C@H]1NCc1coc(-c3ccc(-c4ccccc4)cc3)n1)C2(C)C,bb2d78375bb73627,11
,,,CCc1cn(CCN)c(CC)c1Oc1ccc(C#N)cc1,c8f4024fecea2cf9,19
,,,Cn1ccnc1-c1cn(CCCCO)c(Cn2c(=O)n(C3CC3)c3ccncc32)n1,edbf0c44d3158df2,2
,,,COc1cc(-c2nnc3n2CCCC32OCc3ccccc3N(CC(F)(F)F)C2=O)ccc1-c1cnc(C)o1,62af9dd4c3f32f20,9
,,,COc1ccc(/C(CNC2CCCCC2)=N/O)cc1,2a20d1531af54e78,7
,,,CC(C)Oc1ccc(-c2nc(CN[C@@H]3C[C@@H]4C[C@H]([C@H]3C)C4(C)C)co2)cc1,1d91dcf875d0f043,8
,,,CCCCCC(C)NCc1coc(-c2ccc(OC(C)CC)cc2)n1,2884505e4ced3328,6
,,,COc1ccc(-c2cc(-c3cccc(C(N)=O)c3)cnc2N)cn1,5020e3298a73dacf,18
etomidate,DTXSID5023033,33125-97-2,CCOC(=O)c1cncn1[C@H](C)c1ccccc1,db8d66089bd12460,9
"6-((1-(2-((2-methylquinolin-5-yl)oxy)ethyl)piperidin-4-yl)methyl)-2h-1,4-benzoxazin-3(4h)-one",DTXSID701028478,420785-70-2,Cc1ccc2c(OCCN3CCC(Cc4ccc5c(c4)NC(=O)CO5)CC3)cccc2n1,ae0ac109a30920ba,4
,,,O/N=C(/NC1CCCCC1)c1cccnc1Oc1ccccc1,280d0524a98f1b83,4
,,,COc1ccc(-c2csc3c(-c4ccc(S(C)(=O)=O)cc4)cnc(N)c23)cn1,da370653c4da9bf6,8
,,,Cc1cc(Nc2ccc(S(F)(F)(F)(F)F)cc2)n2nc(C3CC3)nc2n1,62e2d6647a343a5d,1
,,,COc1cccc(CC(=O)N2Cc3ccc(S(=O)(=O)Nc4cnn(C5CCCOC5)n4)cc3C2)c1,b87cd833f4834420,5
,,,Cc1ccc(O)c(C(=O)N[C@H]2CC[C@@H](NC(=O)c3cc(F)cnc3Oc3ccc(F)c(F)c3)CC2)c1,647a7d7341eb2735,4
,,,CC(C)OC(=O)N1CCC(N2Cc3cn(-c4ccc(S(C)(=O)=O)cc4F)nc3C2)CC1,2515d0fbf5495b55,3
,,,CC(C)(CO)CNCc1c(C(=O)N[C@@H]2CCC[C@H](O)C2)noc1-c1ccc(C(F)(F)F)cc1,b0b352872262f5e3,5
,,,Cc1cc(Nc2ccc(SC(F)(F)F)cc2)n2ncnc2n1,ad6479f97bfcdc26,4
,,,N#Cc1c(-c2ccc(C(F)(F)F)cc2)cc(NCCCN2CCOCC2)n2c1nc1ccccc12,9ed7dfb9385b1ca3,7
,,,Cc1c(OC2CCN(CC3CCN([C@@H](Cc4ccc(F)cc4)C(=O)O)CC3)CC2)ccc(Cl)c1Cl,c5b1f322a5fb2b05,3
,,,CCc1ccc2c(C)nc(NC3=NC(C)(C)CC(C)=N3)nc2c1,ffd45988299133f9,8
,,,COc1ccc(-c2cc(-c3ccc(S(=O)(=O)NC4CC4)cc3)cnc2N)cn1,516f98708da84b98,22
,,,CC(=O)N1C2C=C(CN3CCC(NC(=O)Nc4cc(F)cc(C(F)(F)F)c4)CC3)CC1CC2,7f6015fa22b39d8d,3
,,,c1ccc([C@H]([C@@H](c2ccccc2)N2CCCCC2)N2CCCCC2)cc1,f4c78cc9cbf52739,5
,,,Nc1ncnc2c1sc1cc(-c3cccc(NC(=O)N4CCCC4)c3)ccc12,aae41ab9523bc658,13
,,,COc1ccc(CC(=O)N2CCC3(CC2)CN([C@@H]2CCc4cc(-c5cc(C)ncn5)ccc42)C3)nc1,a67b5e2752bbf8eb,8
,,,COc1cc(C(F)(F)F)cc(SC)c1C(=O)N[C@@]1(c2ccccc2)CCCN(C)C1,b2bcfb1125f82052,6
,,,Cc1cc(-c2ccc3c(c2)CC[C@H]3N2CC3(CCN(C(=O)Cc4nn(C)c5ncccc45)CC3)C2)ncn1,26200240d48175ea,4
,,,CS(=O)(=O)Cn1cc(C2CC2)c(Oc2ccc(C#N)cc2)c1C1CC1,2356e3f77f87d61c,10
,,,c1ccc(-c2ccc(-c3nc(CNC4CCCCCC4)co3)cc2)cc1,bb893bac7dee7266,16
,,,N#Cc1c(-c2ccc(C(F)(F)F)cc2)cc(NCCN2CCCCC2)n2c1nc1ccccc12,7a6313a3407cfdf1,3
,,,Cc1cc(Nc2ccc(S(F)(F)(F)(F)F)cc2)n2ncnc2n1,ce70af67abeff9e1,1
"5,11-dihydro-11-ethyl-5-methyl-8-{2-(4-quinolinyloxy)ethyl}-6h-dipyrido[3,2-b:2',3'-e][1,4]diazepin-6-one",DTXSID40388394,380378-84-7,CCN1c2ncc(CCOc3ccnc4ccccc34)cc2C(=O)N(C)c2cccnc21,bee70288231bbb86,13
,,,Cc1ccc(Cn2ccc3c(OC4CCN(Cc5cscn5)CC4)ncnc32)cc1,d414d8b00f3edd27,4
,,,CC(C)Oc1ccc(-c2nc(CNC3CCCCCC3)co2)cc1,c29622418e1b2038,11
,,,c1ccc(C2Cc3nccn3C2)cc1,d60ed4cde874d599,4
,,,COc1ccc(N(C(=O)c2ccoc2Cl)C(C(=O)NC[C@@H](C)O)c2ccccc2F)c(OC)c1,51231b39128c2fd5,4
,,,Nc1ncc(-c2ccc(C(=O)N3CCNCC3)cc2)cc1-c1ccc(C(F)(F)F)cc1,da3551b656bf2875,7
,,,CC(C)N1CCC(Oc2ccc3c(c2)cc2n3C[C@@H](C)N(CC3CC3)C2=O)CC1,fdc35177be80eac4,1
(r)-(+)-tolterodine,DTXSID3023687,124937-51-5,Cc1ccc(O)c([C@H](CCN(C(C)C)C(C)C)c2ccccc2)c1,cd589b21dcc2c67f,9
,,,CC1(C)CCC(NC(=O)c2cc3c(F)cc(F)cc3[nH]2)CC1,9fbfc1e59e4e5d62,3
,,,C[C@@H]1CN(C(=O)[C@H]2CN(c3cccnn3)C[C@@H]2c2ccc(F)cc2F)C[C@H](C)[C@@]1(O)c1ccccc1,dea087f47599320a,5
,,,O/N=C(\NCC1CC1)c1ccccc1-c1ccccc1,d0fd3526d2898289,13
carbocromen,DTXSID60230301,804-10-4,CCOC(=O)COc1ccc2c(C)c(CCN(CC)CC)c(=O)oc2c1,827bc1ecf86db504,5
,,,COc1ccc(-c2cc(-c3ccc(S(=O)(=O)N4CCN(C)CC4)cc3)cnc2N)cn1,327dc48a0c05431d,2
,,,O/N=C(/NC1CCCCC1)c1cccnc1Oc1ccccc1F,021775a448a8bef5,5
,,,CC(Oc1ccc(C(=O)N(C)C)cc1)C(=O)N1CCN(C(=O)c2ccccc2)C[C@H]1C,ce0b3318d069709f,5
,,,CNCc1ccc(-n2cc3cccc(C(N)=O)c3n2)cc1,e6d77c3a57eada49,8
,,,Nc1ncc(-c2ccc(C(=O)N3CCNCC3)cc2)cc1-c1ccc(C(F)(F)F)nc1,3cb2806315800b54,11
4-cyano-n-{(1r)-1-[1-ethyl-6-(trifluoromethyl)-1h-benzimidazol-2-yl]ethyl}benzene-1-sulfonamide,DTXSID60731202,1025506-51-7,CCn1c([C@@H](C)NS(=O)(=O)c2ccc(C#N)cc2)nc2ccc(C(F)(F)F)cc21,d0fa646f0cc0862d,3
,,,CC(C)N1CCC(Oc2ccc3c(c2)cc2n3CCN(Cc3ccc(F)cc3)C2=O)CC1,3a5f32ea448da4b7,3
,,,Cn1c2cc(-c3ccccc3)ccc2c2ncnc(N)c21,070c9b35c37dbecf,2
,,,COc1cccc(CC(=O)N2Cc3ccc(S(=O)(=O)Nc4cnn(C(C)C)n4)cc3C2)c1,8a61817f35e0a9cb,9
,,,CS(=O)(=O)Cc1cccc2c1CCC2c1ncc[nH]1,5b846cb7867e2876,4
,,,CC(C)CNC(CCc1ccccc1)c1nc(Cc2ccccc2)c(N2CCCCC2)o1,9e92599e75eb9b85,2
irinotecan,DTXSID1041051,97682-44-5,CCc1c2c(nc3ccc(OC(=O)N4CCC(N5CCCCC5)CC4)cc13)-c1cc3c(c(=O)n1C2)COC(=O)[C@]3(O)CC,6b81686769241ea9,1
,,,CS(=O)(=O)c1ccc(-c2cnc(N)c(-c3cccc(C(F)(F)F)c3)c2)cc1,29d4c9852dd6f8b2,10
,,,C[C@@H]1CN(C(=O)OC2(C(F)(F)F)COC2)CCN1c1ncc(OCc2ccncc2C#N)cn1,061608587acc464a,7
,,,Fc1cccnc1CN1CCC(Oc2ncnc3c2ccn3Cc2ccccc2)CC1,cfb8b18e2a0fae96,7
,,,CCCCOc1ccc(-c2nc(CNC3CC(C)CC(C)(C)C3)co2)cc1,09bba630ad5b49ef,7
,,,CC(C)N1CCC(Oc2ccc3c(c2)cc2n3CCN(CCO)C2=O)CC1,7ddef4a467541925,1
,,,CC1(C)CN(Cc2ccccc2)c2ncnc(OC3CCN(Cc4cscn4)CC3)c21,77fc0fec3e86f11d,4
,,,Cn1c(COc2cccc(C#N)c2)nc(N2CCNCC2)cc1=O,984c94a8f3795dcd,5
,,,COc1ccc(-c2cc(-c3ccc(S(C)(=O)=O)cc3)cnc2I)cn1,8f6092eed986a2d6,8
,,,O=C(c1cscn1)N1CCC(Oc2ncnc3c2ccn3Cc2ccccc2)CC1,96009c9e30bf0782,9
mibefradil,DTXSID1023318,116644-53-2,COCC(=O)O[C@]1(CCN(C)CCCc2nc3ccccc3[nH]2)CCc2cc(F)ccc2[C@@H]1C(C)C,47be5d2faa1e81dc,3
,,,CN1CCN(C(=O)c2ccc(-c3cnc(N)c(-c4ccc(C(F)(F)F)nc4)c3)cc2)CC1,ed228d508918d07c,7
,,,C[C@@H]1CNCCN1c1cc(=O)n(C)c(CCc2ccccc2)n1,5045f001510cb813,2
,,,Nc1ncnc2c1sc1cc(-c3cccc(C(=O)NCCc4cccnc4)c3)ccc12,b9bdcbbc03548425,13
"2-[(2s)-2-(4-methoxyphenyl)-4-morpholinyl]-1-methyl[4,4′-bipyrimidin]-6(1h)-one",DTXSID901136116,503860-55-7,COc1ccc([C@H]2CN(c3nc(-c4ccncn4)cc(=O)n3C)CCO2)cc1,17e51d4d77714cbd,1
,,,CS(=O)(=O)c1ccc(-c2cnc(N)c(-c3ccc(C(F)(F)F)cc3)c2)cc1,24a18021d5221a4d,14
,,,COc1cc2c(cc1N1C[C@@H](C)N[C@@H](C)C1)N(C(=O)c1ccc(-c3cccc(C)n3)c3ccccc13)CC2,422f1a03e6f5df3e,4
,,,Cc1ccc(/C(=N/O)Nc2cccc(F)c2)c(Oc2ccc(C(C)(C)C)cc2)n1,270ae5a59325af5d,14
,,,COc1cccc(-n2cc3nc(C)n(C[C@H]4CCCN(C[C@H]5CCCO5)C4)c(=O)c3n2)c1,565b58a319866c4e,3
,,,Cn1c(COc2ccccc2C(F)(F)F)nc(N2CCNCC2)cc1=O,82fbd78a02b68d93,6
e 2012,DTXSID30468614,870843-42-8,COc1cc(/C=C2\CCCN([C@@H](C)c3ccc(F)cc3)C2=O)ccc1-n1cnc(C)c1,84d3095c7784cb29,9
"[1-(cyclohexylmethyl)-7-methoxy-1h-indol-3-yl][(3s)-3,4-dimethyl-1-piperazinyl]methanone",DTXSID301029650,639068-99-8,COc1cccc2c(C(=O)N3CCN(C)[C@@H](C)C3)cn(CC3CCCCC3)c12,de743864a3954a28,1
,,,CCN(C(=O)Cc1ccc(S(C)(=O)=O)cc1)C1CCN(CCC(c2ccccc2)C2CCN(S(=O)(=O)CC(F)(F)F)CC2)CC1,0ef7d325e4eb9877,4
,,,CC(C)N1CCC(Oc2cc3cc4n(c3cc2Br)[C@@H](C)CN(CC2CC2)C4=O)CC1,0bd5451ecfd75e56,1
,,,CCOc1nc2nc(C)cc(Nc3ccc(C(F)(F)F)cc3)n2n1,10d229496e9bbb2f,11
,,,Cc1ccccc1CCc1nc(N2CCNC[C@H]2C)cc(=O)n1C,fe0bf2c502aabe5b,4
,,,CNc1nc(NCCCN(C)C)c2sc(-c3ccc(C(F)(F)F)cc3)cc2n1,adca0b5d045d0548,3
,,,Cc1ccc(-n2nc(C(C)(C)C)cc2NC(=O)Nc2ccc(-c3csnn3)cc2)cc1,927bf65d5224b869,2
,,,CC(C)N1C[C@@H](C(=O)N2C[C@@H](C)[C@](O)(c3ccccc3)[C@@H](C)C2)[C@H](c2ccc(F)cc2F)C1,276e236803c4c8e2,9
,,,COc1cc(-c2nnc3n2CCCC32Cc3ccccc3N(CC(F)(F)F)C2=O)ccc1-c1cnc(C)o1,043b1c1e095adcff,9
,,,O=C(Nc1cc(F)cc(C(F)(F)F)c1)NC1CCN(CC2=CC3CCC(C2)N3C(=O)C2CC2)CC1,c8cc7eb64f9a4a2c,5
"benzamide, 3-[4-amino-1-[(3r)-1-(1-oxo-2-propen-1-yl)-3-piperidinyl]-1h-pyrazolo[3,4-d]pyrimidin-3-yl]-n-[[4-(1,1-dimethylethyl)phenyl]methyl]-",DTXSID301100874,1407966-78-2,C=CC(=O)N1CCC[C@@H](n2nc(-c3cccc(C(=O)NCc4ccc(C(C)(C)C)cc4)c3)c3c(N)ncnc32)C1,4a2c1427746c9e36,1
,,,Cc1nnc(C(C)C)n1C1CCN([C@@H](C)C[C@H](NC(=O)C2CCC(F)(F)CC2)c2ccccc2)CC1,f2aa6f3066718fa9,2
,,,CC(C)N1CCC(Oc2ccc3c(c2)cc2n3CCN(Cc3ccncc3)C2=O)CC1,946a5be99c781f3e,5
,,,CCOCCCNC(c1nc(-c2ccccc2)c(N2CCCCC2)o1)C(C)CC,b130c008cd7d6944,11
,,,Fc1ccc(C2Cc3nccn3C2)c(-c2ncco2)c1,74011ecbd09bd73f,8
,,,O=c1n(Cc2nc(-c3cccnc3)cn2CCCCO)c2cnccc2n1C1CC1,07717b3e5c048594,7
,,,O=c1n(Cc2nc(-c3nccs3)cn2CCCCO)c2cnccc2n1C1CC1,9ac7bf4745c929e1,2
,,,CCCc1c(C(=O)Nc2cc(S(=O)(=O)N(C)C)ccc2C)cnn1-c1cccnc1,437ded84cf9b0cde,5
,,,CCN(C(=O)Cc1ccc(S(C)(=O)=O)cc1)C1CCN(CC[C@@H](c2cccc(C)c2)C2CCN(S(C)(=O)=O)CC2)CC1,5e099c1add867fd6,1
"2-[(4-benzylpiperazin-1-yl)methyl]-5-phenyl-1,3,4-oxadiazole",DTXSID501320525,849055-36-3,c1ccc(CN2CCN(Cc3nnc(-c4ccccc4)o3)CC2)cc1,7eaef888496f794a,8
,,,COc1ccc(-c2cc(-c3ccc(C(=O)O)cc3)cnc2N)cn1,9b0c979a6fc18209,13
,,,CCCCCC(C)NCc1coc(-c2ccc(OCC(=O)c3ccccc3)cc2)n1,34749b45899a64f3,5
,,,CCCCOc1ccc(-c2nc(CNC3[C@H]4C[C@@H]5C[C@@H](C[C@H]3C5)C4)co2)cc1,593b15858f1d8096,15
,,,NC(=O)c1n[nH]c(-c2nc(Cc3ccccc3F)c3ccccn23)n1,ca15e7f3d95e7624,6
,,,COCCc1nc2nc(C)cc(Nc3ccc(C(F)(F)F)cc3)n2n1,66abb47351ef4d7a,17
,,,Nc1ncnc2c1sc1cc(-c3ccccc3)ccc12,0816e1b21512d429,2
,,,C[C@@H]1CN(Cc2ccc(-n3ccnc3C(=O)N3CCC(Nc4cccc(F)c4)CC3)cc2)C[C@H](C)N1,2d7b1f50b9755da0,5
,,,CCCCCC(C)NCc1coc(-c2ccc(C3CCCCC3)cc2)n1,4702c99d9fabd9f2,2
,,,Nc1ncc(-c2ccc(C(=O)N3CCOCC3)cc2)cc1-c1ccc(C(F)(F)F)nc1,c1e196401d15ded8,12
,,,COc1cnc2c(C(=O)NCC(F)F)cn(Cc3ncnc(OC)c3C)c2c1,80a775f074148d32,10
"1-[2-[(1r)-2,3-dihydro-5-(2-pyrimidinyl)-1h-inden-1-yl]-2,7-diazaspiro[3.5]non-7-yl]-2-(5-methoxy-2-pyridinyl)ethanone",DTXSID401105584,1334782-81-8,COc1ccc(CC(=O)N2CCC3(CC2)CN([C@@H]2CCc4cc(-c5ncccn5)ccc42)C3)nc1,a8b9b7606e4d041e,3
,,,CC(=O)N1C2C=C(CN3CCC(Nc4cnc5ccccc5n4)CC3)CC1CCC2,2f6805c41c1ea5ae,5
,,,C[C@@H](c1ccc2ncccc2c1)c1nnc2ccc(-c3ccc(F)c(F)c3)nn12,046013030bb9a77b,10
,,,O/N=C(\NC1CCCCC1)c1cccnc1,aab8911f12ea5704,5
suprofen,DTXSID5045469,40828-46-4,CC(C(=O)O)c1ccc(C(=O)c2cccs2)cc1,08e531f9e251c0f3,16
,,,CC(C)N1CCC(Oc2ccc3c(c2)cc2n3CCN(CC3CC3)C2=O)CC1,527cdddd1e9d9578,3
,,,CSc1nc2nc(C)cc(Nc3ccc(C(F)(F)F)cc3)n2n1,19cfba9d46f1c349,7
,,,CN1CCN(Cc2ccc(-n3cc4cccc(C(N)=O)c4n3)cc2)CC1,e4f83473697b2083,8
,,,COc1ccc(-c2cc(-c3ccc(C(=O)N4CCN(C)CC4)cc3)cnc2N)cn1,cbb9fc450d4afa21,8
,,,Cc1c(OC(C)C(=O)N2CCN(C(=O)c3ccccc3)C[C@H]2C)cccc1-c1ncno1,55e21a9ce4f3c30d,4
,,,CO[C@@H]1COCC[C@@H]1N[C@@H]1CC[C@@](C(=O)N2CCN(c3ccnc(C(F)(F)F)c3)CC2)(C(C)C)C1,75e7a9febf2d13f9,4
,,,N#Cc1cccc2c3c([nH]c12)CCN(C(=O)[C@@H]1CCCC[C@H]1C(=O)NC1(C#N)CC1)C3,845c09f4ee141e9b,1
,,,COc1ccccc1CNC(c1nc(-c2ccccc2)c(N2CCOCC2)o1)C1CC1,58c0c8bc05785eab,1
,,,CCC(C)C(NCc1ccco1)c1nc(-c2ccccc2)c(N2CCCCC2)o1,0e03e2b12cf9cbec,6
basimglurant,DTXSID801025734,802906-73-6,Cc1nc(C#Cc2ccnc(Cl)c2)c(C)n1-c1ccc(F)cc1,0d1111e025cf60d1,2
,,,Cc1nc(OC2CCN(Cc3cscn3)CC2)c2ccn(Cc3ccccc3)c2n1,a1181b11d23f34f5,5
,,,COc1cccc(CC(=O)N2Cc3ccc(S(=O)(=O)Nc4cnn(C)n4)cc3C2)c1,8e4b29c6dbb0ec13,22
,,,O=C(N[C@@H]1CCC[C@H](O)C1)c1noc(-c2ccc(C(F)(F)F)cc2)c1CNCC1CCC1,7a36ec0987ae3de4,5
,,,CNc1nc(C(F)(F)c2ccccc2)nc2c1CCNCC2,35c99b49538f33a4,7
,,,CCCCCC(C)NCc1coc(-c2ccc(OC3CCCC3)cc2)n1,bfe93389ca0c4e40,18
,,,Cn1cc(-c2ccccc2[C@@H]2Cc3nccn3C2)cn1,646991311b70de68,3
,,,Fc1c(Cn2ccc3c(OC4CCN(Cc5ccccn5)CC4)ncnc32)cccc1C(F)(F)F,733dc2e09ed04a4a,6
"1,1,1,3,3,3-hexafluoro-2-(2-fluoro-4'-{[4-(4-pyridinylmethyl)-1-piperazinyl]methyl}[biphenyl]-4-yl)-2-propanol",DTXSID201352044,1359164-11-6,OC(c1ccc(-c2ccc(CN3CCN(Cc4ccncc4)CC3)cc2)c(F)c1)(C(F)(F)F)C(F)(F)F,47f4697ab507ffbf,1
,,,COc1ccc(-c2cncc(-c3ccc(S(C)(=O)=O)cc3)c2)cn1,b702558d947724d5,12
,,,CCCCc1ccc(-c2nc(CN3CCN(C)CC3)co2)cc1,3a16946115ed27c2,4
,,,CC(C)NCc1ccc(-n2cc3cccc(C(N)=O)c3n2)cc1,b231c6d2416c672c,15
,,,CS(=O)(=O)c1ccc(-c2cnc(N)c(-c3ccc(C#N)cc3)c2)cc1,2fe600d420c9d95e,6
,,,COc1ccc(N(C(=O)c2occc2CO)C(C(=O)NC[C@@H](C)O)c2ccccc2F)c(OC)c1,57c864818573936c,4
,,,COc1ccc(-c2cc(-c3ccc(C(=O)NCCN4CCCC4)cc3)cnc2N)cn1,76ab687fb269a291,21
,,,COc1ccc(N(C(=O)c2occc2Cl)C(C(=O)NC[C@@H](C)O)c2ccccc2F)c(OC)c1,26fecddbf7fc563c,2
,,,CS(=O)(=O)c1ccc(-c2cnc(N)c(-c3ccc(C(F)(F)F)nc3)n2)cc1,96a500cda2af01af,13
,,,CC1(C)C(=O)N(Cc2ccccc2)c2ncnc(OC3CCN(Cc4cscn4)CC3)c21,6d31997b3c503e43,5
,,,COc1cc(-c2cc(-c3ccc(S(C)(=O)=O)cc3)cnc2N)ccc1O,e12d857a9d0f94ed,9
,,,NCCN(Cc1cccs1)C(=O)c1ccccc1OCc1ccccc1,6b7b0303c5f8b3d9,3
,,,COc1cccc(-n2cc3nc(CC(C)C)n(C[C@H]4CCCN(C[C@H]5CCCO5)C4)c(=O)c3n2)c1,87abc8215c18a19a,7
,,,Cc1cc(-c2ccc3nnc(Cc4ccc(O)cc4)n3n2)sn1,e7640d61e10d6258,8
,,,C[C@@H]1CN(c2noc(C(C)(C)O)n2)CCN1c1ncc(OCc2ccncc2C#N)cn1,64c0746c8bcad247,5
,,,O=c1n(Cc2nc(-c3ccccn3)cn2CCCCO)c2cnccc2n1C1CC1,2b0e54e4fbab7ecd,1
,,,CNC(=O)c1ccc(OC(C)C(=O)N2CCN(C(=O)c3ccccc3)C[C@H]2C)c(C)c1,692abd9bc7715cf0,2
,,,COc1ccccc1C1Cc2nccn2C1,e9ed9f210b2e3f69,7
,,,c1cncc(-c2ccccc2[C@@H]2Cc3nccn3C2)c1,186323c01b36abd6,6
,,,COc1cccc(CNC(=O)c2cc(-c3nnn(C[C@H]4CC[C@H](CO)CC4)n3)cc(C)n2)c1,1dcbf53f5c6622ca,4
,,,CC(C)OC(=O)N1CCC(n2ncc3c(Oc4ccc(S(C)(=O)=O)cc4)ncnc32)CC1,f16dd0f9cf17a9a6,2
,,,COc1ccc(-c2cc(-c3ccc(S(=O)(=O)N4CCOCC4)cc3)cnc2N)cn1,e32a60f6dca77389,7
,,,CCN(C(=O)c1ccccc1OCc1ccccc1F)[C@@H]1CCC[C@H](N)C1,cd56ee10cf111ceb,5
,,,Cn1nc(C(=O)N2CCC(Oc3ccc(CN4CCCC4)cc3)CC2)cc1-c1ccccc1,9cfaec36c6c544f5,4
,,,COc1ccc(-c2cc(-c3ccc(S(C)(=O)=O)cc3)ccc2N)cn1,8e88ffe33df37121,8
"4-[(1r)-2-amino-1-methyl-2-oxoethyl]phenyl 1,1,1-trifluoromethanesulfonate",DTXSID101145989,849776-06-3,C[C@@H](C(N)=O)c1ccc(OS(=O)(=O)C(F)(F)F)cc1,3e8072b54dd73f56,10
,,,Cc1cc(NC2CCc3ccccc3C2)n2ncnc2n1,150de23fef312929,8
,,,Cc1nnc(C(C)C)n1C1CCN(C(C)C[C@H](NC(=O)C2CC(F)(F)C2)c2ccccc2)CC1,fa4433ab26125a60,2
,,,CCCCCC(C)NCc1coc(-c2ccc(Oc3ccc(F)cc3)cc2)n1,baf40e1a2917dfaa,13
,,,CCCCCC(C)NCc1coc(-c2ccc(Oc3ccccc3)cc2)n1,d13d289518f33a8b,10
,,,FC(F)Oc1ccccc1C1Cc2nccn2C1,b295c31f2591806f,3
,,,C=CC(=O)Nc1ccccc1Nc1nc(NC2CCOCC2)ncc1C,670bffdd3f4fbdad,2
,,,Cc1cccc(CNC(c2ccccc2)c2nc(Cc3ccccc3)c(N3CCOCC3)o2)c1,666870cd86c65387,3
,,,CCCCCC(C)NCc1coc(-c2cccc(OC)c2)n1,c37fde4951c206f0,5
,,,COc1ccc(OCC(=O)N2CCC3(CC2)CN([C@@H]2CCc4cc(-c5cc(C)ncn5)ccc42)C3)c(C#N)c1,3cf682e77d414fee,5
,,,N[C@@H]1CCN(c2cnc3nnn(Cc4ccc5ncccc5c4)c3n2)C1,c9feb62b6ab4a6cd,7
,,,COc1ccc(-c2cc(-c3ccc(S(C)(=O)=O)cc3)nnc2N)cn1,7fcbc64129e7a10e,11
,,,CS(=O)(=O)c1ccc(-c2cnc(N)c(-c3ccc(C(N)=O)cc3)c2)cc1,5864a99586282a60,17
,,,Cn1ccnc1CN1CCC(Oc2ncnc3c2ccn3Cc2ccccc2)CC1,1b0d2bd394e1ccbd,3
"n-[(3-fluorophenyl)methyl]-5-(1h-pyrrolo[2,3-b]pyridin-3-yl)-1,3,4-oxadiazol-2-amine",DTXSID901129395,1210437-60-7,Fc1cccc(CNc2nnc(-c3c[nH]c4ncccc34)o2)c1,b7bb02988c78c10c,11
,,,C[C@@H]1CN(C(=O)[C@H]2CN(C3CCOCC3)C[C@@H]2c2ccc(F)cc2F)C[C@H](C)[C@@]1(O)c1ccccc1,50cf94c5309ecdc9,5
,,,N#Cc1ccccc1[C@@H]1Cc2nccn2C1,2c82651403aa5a93,2
,,,CC(=O)N1C2C=C(CN3CCC(Nc4ccc5ccccc5n4)CC3)CC1CCC2,ae2537caa3ee10b1,2
,,,CC1CCN(C(=O)c2ccc3cc(OCCCN4CCCCC4)ccc3c2)CC1,6779e5611e5439b4,1
,,,CN(C)Cc1ccc(-n2cc3cccc(C(N)=O)c3n2)cc1,2bfc31368108d589,5
,,,CC(C)n1nc(CCn2nc(CCCCO)c3ccccc32)c2cnccc21,b57b0b659b9e37c1,2
,,,c1ccc(Cn2ccc3c(OC4CCN(Cc5ccccn5)CC4)ncnc32)cc1,9db2a9b71b6e6a67,8
"3-{4-[3-(ethylsulfonyl)propyl]bicyclo[2.2.2]octan-1-yl}-4-methyl-5-[2-(trifluoromethyl)phenyl]-4h-1,2,4-triazole",DTXSID401352383,719272-79-4,CCS(=O)(=O)CCCC12CCC(c3nnc(-c4ccccc4C(F)(F)F)n3C)(CC1)CC2,fcd3eb3288574cc5,16
,,,Nc1ncc(-c2ccc(C(=O)N3CCOCC3)cc2)nc1-c1ccc(C(F)(F)F)cc1,4342dea1bf063ef4,7
2-methyl-n-[2-[[3-[(1-oxo-2-propen-1-yl)amino]phenyl]amino]-5-pyrimidinyl]-5-[[3-(trifluoromethyl)benzoyl]amino]benzamide,DTXSID301104921,1431727-00-2,C=CC(=O)Nc1cccc(Nc2ncc(NC(=O)c3cc(NC(=O)c4cccc(C(F)(F)F)c4)ccc3C)cn2)c1,d2721f4b91ee52e2,2
,,,O/N=C(\NC1CCCCC1)c1c(F)cccc1F,c44a5364656588eb,4
,,,Cc1ccc(-n2nc(C(C)(C)C)cc2NC(=O)Nc2ccc(-c3nncn3C)cc2)cc1,1a9562f96a1f4b21,10
,,,CC(Oc1cccc(C(=O)N(C)C)c1)C(=O)N1CCN(C(=O)c2ccccc2)C[C@H]1C,97ef3cc7803385cf,4
,,,CCOc1ccc(-c2nc(CNC3[C@H]4C[C@@H]5C[C@@H](C[C@H]3C5)C4)co2)cc1,6865387bc7034932,13
,,,Cc1ccc(-n2nc(C(C)(C)C)cc2NC(=O)Nc2ccc(-n3cnnn3)cc2)cc1,cd35a9bf47b5dde4,3
,,,COc1cc(-c2nnc3n2CCCC3(Cc2ccc(F)c(F)c2)C(=O)O)ccc1-c1cnc(C)o1,66b2e3a515dab28b,11
,,,CC(C)(C)c1ccc(-c2nc(CNC3CCCCCC3)co2)cc1,588e23fa2a9be9be,18
,,,Fc1cccc(F)c1Cn1ccc2c(OC3CCN(Cc4cscn4)CC3)ncnc21,c02210530c1a2070,8
,,,CCOc1ccc(-c2nc(CNC[C@@H]3CC[C@H]4C[C@@H]3C4(C)C)co2)cc1,5215bd1159a5d169,10
,,,CCOC(=O)N1C2C=C(CN3CCC(NC(=O)Nc4cc(F)cc(C(F)(F)F)c4)CC3)CC1CC2,6dcfba22c1574288,2
,,,CCCCc1ccc(-c2nc(CNCCC3CCCN3C)co2)cc1,dc07ed909c82d92c,1
,,,CC(C)N1C[C@@H](C(=O)N2C[C@@H](C)[C@](O)(c3ccc(F)c(F)c3)[C@@H](C)C2)[C@H](c2ccc(F)cc2F)C1,92af1dbe2d64e63b,10
,,,Cc1cc(Nc2ccc3c(c2)OCO3)n2ncnc2n1,c59435f842970308,4
,,,COC(=O)N1CCC(n2ccc(Cc3nc4ccccc4n3CCCCO)n2)CC1,8790e66886989d08,3
,,,CC(=O)N1C2C=C(CN3C4CCC3CC(NC(=O)Nc3cc(F)cc(C(F)(F)F)c3)C4)CC1CCC2,d4c17bb4071e5a83,5
,,,Fc1ccc(C2Cc3nccn3C2)c(-n2cccn2)c1,b51654e7d0f4b6df,11
,,,c1ccc(CCn2ccc3c(OC4CCN(Cc5cscn5)CC4)ncnc32)cc1,1fa6deec0d24eecd,2
,,,COc1ccc(CC(=O)N2CCC3(CC2)CN([C@@H]2CCc4cc(-c5ncccn5)ccc42)C3)cc1,7269dc3c565dff98,13
"[4-methyl-3-(methyl-7h-pyrrolo[2,3-d]pyrimidin-4-ylamino)-1-piperidinyl]-3-thienylmethanone",DTXSID601120801,384337-45-5,CC1CCN(C(=O)c2ccsc2)CC1N(C)c1ncnc2[nH]ccc12,a0ff5820b9db7ea3,8
niraparib,DTXSID50146129,1038915-60-4,NC(=O)c1cccc2cn(-c3ccc([C@@H]4CCCNC4)cc3)nc12,a44fc502588b6442,2
,,,Cc1c(C)n(Cc2ccccc2)c2ncnc(OC3CCN(Cc4cscn4)CC3)c12,65804b651fdc5608,5
,,,Cc1cc(Oc2ccccc2Oc2ccccc2)c(CN(C)C)cn1,562a7d856babc878,10
,,,Cc1cc(Nc2ccc3sccc3c2)n2ncnc2n1,e2f9e75afdb25efc,4
n-(2-methyl-2-phenylpropyl)-6-phenylpyrazine-2-carboxamide,DTXSID60659119,923600-02-6,CC(C)(CNC(=O)c1cncc(-c2ccccc2)n1)c1ccccc1,0e0b42132b41c676,7
,,,Cc1nnc(C(C)C)n1C1CCN([C@H](C)C[C@H](NC(=O)C2CC(F)(F)C2)c2ccccc2)CC1,088d406489da78a7,2
,,,FC(F)(F)c1cccc(Cn2ccc3c(OC4CCN(Cc5cscn5)CC4)ncnc32)c1,602249194c5f9de8,6
,,,COc1ccc(-c2nc3cc(F)c(F)cc3n2[C@H](C(=O)N[C@H]2CC[C@H](C(=O)O)CC2)C2CCCCC2)c(OC)n1,31e149b860e16eb9,3
,,,c1ccc(Cn2ccc3c(OC4CCN(Cc5nccs5)CC4)ncnc32)cc1,183e0bcc0cdac549,4
pf-05105679,DTXSID301336742,1398583-31-7,C[C@H](c1ccc(F)cc1)N(Cc1cccc(C(=O)O)c1)C(=O)c1cnc2ccccc2c1,c5700a22a165797c,8
,,,CB1C=Cc2c(cccc2OCC(O)CN(C)C)N1,3bce85abf7e504ab,3
,,,C[C@@H]1CNCCN1c1cc(=O)n(C)c(CCc2ccccc2C(F)(F)F)n1,a2ba31a5edaf120c,7
"3-[[2-pyridin-2-yl-6-(1,2,4,5-tetrahydro-3-benzazepin-3-yl)pyrimidin-4-yl]amino]propanoic acid",DTXSID101025614,1373422-53-7,O=C(O)CCNc1cc(N2CCc3ccccc3CC2)nc(-c2ccccn2)n1,f73c8bdb81249128,1
,,,CC(C)(C)OC(=O)N1CCC(n2ncc3c(Nc4ccc(S(C)(=O)=O)cc4F)ncnc32)CC1,247e5eb67359acb2,2
,,,O=C(Nc1ccc(F)c(-c2nc3ncccc3o2)c1)c1ccoc1,f657bb0fd1cdf43f,2
,,,c1ccc(-n2cccn2)c([C@@H]2Cc3nccn3C2)c1,1582bde0785eb3dc,6
"4-[6-[4-(1-piperazinyl)phenyl]pyrazolo[1,5-a]pyrimidin-3-yl]quinoline",DTXSID30147553,1062368-24-4,c1ccc2c(-c3cnn4cc(-c5ccc(N6CCNCC6)cc5)cnc34)ccnc2c1,4f2f3bd4ece7ae0e,10
"2-{[5-(4-methylphenyl)-1,3,4-oxadiazol-2-yl]sulfanyl}-1-(4-phenyl-1-piperazinyl)ethanone",DTXSID901352352,604760-51-2,Cc1ccc(-c2nnc(SCC(=O)N3CCN(c4ccccc4)CC3)o2)cc1,29785b185ee7cc60,3
,,,c1cc(C2CCC3(CC2)CCC2(OC3)C3CC4CC(C3)CC2C4)ccc1OCCN1CCOCC1,7e4e384efdafc0a0,4
,,,CO[C@@H]1COCC[C@@H]1N[C@@H]1CC[C@@](C(=O)N2CCN(c3cc(C(F)(F)F)cnn3)CC2)(C(C)C)C1,e58d19ca587e1167,1
norharman,DTXSID2021070,244-63-3,c1ccc2c(c1)[nH]c1cnccc12,3c8ebffb6f18670e,1
,,,CCS(=O)(=O)c1ccc(-c2cc(C(F)(F)F)ccc2O[C@@H](C)C(=O)O)c(C)c1,6b2b7840e86413c8,3
,,,CNC(=O)c1cccc(OC(C)C(=O)N2CCN(C(=O)c3ccccc3)C[C@H]2C)c1C,c1b98bb0fa013bf4,4
,,,COc1ccc(-c2cc(-c3ccc(S(C)(=O)=O)cc3)cnc2NCCCCN)cn1,75575162303f33a1,9
,,,O=C(NC1CCCCC1)c1ccccc1-c1ccccc1,53d670a46efcccc7,4
,,,CCCCCOc1ccc(-c2nc(CNC3CCCCCC3)co2)cc1,8dd5ec44b18588d8,15
"5-methyl-n-(naphthalen-2-yl)-[1,2,4]triazolo[1,5-a]pyrimidin-7-amine",DTXSID901357102,92872-51-0,Cc1cc(Nc2ccc3ccccc3c2)n2ncnc2n1,1aa7197ce733a4af,4
,,,COc1ccc(CC(=O)N2CCC3(CC2)CN([C@@H]2CCc4cc(-c5cc(C)ncn5)ccc42)C3)c(NC(C)=O)c1,cf4c6baa41de707a,1
,,,CNc1nc(NC(C)(C)C)c2sc(-c3ccc(C(F)(F)F)cc3)cc2n1,3cfadfcc47ad1797,6
,,,CCNc1cc(C(=O)N[C@@H](Cc2ccccc2)[C@H](O)CNCc2cccc(C(F)(F)F)c2)c(F)c(N2CCCC2=O)c1,2a429ec1b2058fab,4
,,,COc1ccc(-c2nnc(C(=O)N3CC(Oc4ccc(CN5CC(OC)C5)cc4)C3)o2)cc1,bdadb30def99df3c,2
,,,CCNc1cc(C(=O)N[C@@H](Cc2ccccc2)[C@H](O)CNCc2cnn(CC)c2)cc(N2CCCCS2(=O)=O)c1,7521e4109dba081f,2
,,,Fc1cccc(-c2cncnc2)c1C1Cc2nccn2C1,89165834b6fc2855,4
,,,O/N=C(\CNC1CCCCC1)c1ccccc1,ecef59ec99270322,6
2-[4-(3r)-3-piperidinylphenyl]-2h-indazole-7-carboxamide,DTXSID801201233,1038915-58-0,NC(=O)c1cccc2cn(-c3ccc([C@H]4CCCNC4)cc3)nc12,1b06346cbd609576,1
,,,Cc1ncccc1-c1nc2cn(-c3cccc(OC(F)F)c3)nc2c(=O)n1C[C@H]1CCCN(C[C@H]2CCCO2)C1,2c3cd5636a0be6af,2
,,,COc1cccc(CC(=O)N2Cc3ccc(S(=O)(=O)NCCc4cccc(F)c4)cc3C2)c1,490a8d928faad2e3,7
,,,Cc1ccc(CNC(CC(C)C)c2nc(Cc3ccccc3)c(N3CCOCC3)o2)cc1,797d47b4ea49b535,3
,,,CC(C)C(=O)N(Cc1ccccc1-c1ccccc1)[C@H]1CCNC1,30272068e47c658b,4
,,,CCCCCC(C)NCc1coc(-c2ccc(OCc3ccc(C)cc3)cc2)n1,83645bfc97e3b66d,6
,,,COc1ccc(/C(=N/O)Nc2ccc(F)cc2)cc1,a3104690989b57d8,2
,,,Cc1ccc(-n2nc(C(C)(C)C)cc2NC(=O)Nc2ccc(-c3ccc(N)nc3)cc2)cc1,3e4553b5279a916d,6
,,,CC(C)n1nc(Cn2c(=O)c3ccccc3n2CCCCO)c2ccccc21,99a1906b89b5bb55,14
,,,Fc1ccn(Cc2c(F)ccc3c2CC[C@H]3c2ncc[nH]2)n1,ab0e3d22a1b1683a,3
,,,COc1cnc2c(C(=O)NCCF)cn(Cc3ncnc(N(C)C)c3C)c2c1,e434c22b19c6cac2,6
,,,O/N=C(\NC1CCCCC1)c1ccc(-c2ccccc2)cc1,2d1310e89e9fa1c0,2
{[5-ethyl-4'-(methylsulfonyl)[biphenyl]-2-yl]oxy}acetic acid,DTXSID701352413,777943-84-7,CCc1ccc(OCC(=O)O)c(-c2ccc(S(C)(=O)=O)cc2)c1,bc7d4b21ea8fb82a,18
,,,CCCCCOc1ccc(-c2nc(CNC3[C@H]4C[C@@H]5C[C@@H](C[C@H]3C5)C4)co2)cc1,5118b32968fa7b3c,17
,,,COc1cnc2c(NCc3nnc4ccc(-c5cc(C)ns5)nn34)ccnc2c1,9482d6a2c2746141,3
,,,c1ccc([C@@H]2Cc3nccn3C2)c(-c2nccs2)c1,a0a303e5526389f7,4
monomethyl auristatin e,DTXSID101028844,474645-27-7,CC[C@H](C)[C@@H]([C@@H](CC(=O)N1CCC[C@H]1[C@H](OC)[C@@H](C)C(=O)N[C@H](C)[C@@H](O)c1ccccc1)OC)N(C)C(=O)[C@@H](NC(=O)[C@@H](NC)C(C)C)C(C)C,2f78f936813c707b,1
,,,O=c1n(Cc2nc(-c3ncco3)cn2CCCCO)c2cnccc2n1C1CC1,8b4c66e75c8d90dd,5
trichostatin a,DTXSID6037063,58880-19-6,CC(/C=C/C(=O)NO)=C\[C@@H](C)C(=O)c1ccc(N(C)C)cc1,e4501c5c99a975c9,10
,,,c1ccc(Cn2ccc3c(OC4CCN(Cc5ccncc5)CC4)ncnc32)cc1,769bce38c7d3f7ab,7
,,,Cc1ccc(NC(=O)c2ccoc2)cc1-c1nc2ncccc2o1,2686459d5544a121,6
,,,Cc1ccc(-c2cc(-c3ccc(S(C)(=O)=O)cc3)cnc2N)cn1,f31d2bef5b72c323,14
,,,CCCCCC(C)NCc1coc(-c2ccccc2Oc2ccccc2)n1,07e439087f2e6f3c,9
xemilofiban,DTXSID60164410,149820-74-6,C#C[C@H](CC(=O)OCC)NC(=O)CCC(=O)Nc1ccc(C(=N)N)cc1,84ae29b9c300e75c,6
,,,CCCCCC(C)NCc1coc(-c2ccc(OCCCC)cc2)n1,2f7c1a03264d217f,5
,,,CC(C)CC(=O)N1CCC(n2ncc3c(Oc4ccc(S(C)(=O)=O)cc4)ncnc32)CC1,31fc70b1e6519d24,2
,,,CN1CCN(C(=O)Nc2cccc(-c3ccc4c(c3)sc3c(N)ncnc34)c2)CC1,ccaf506837de3531,4
,,,CCCCCC(C)NCc1coc(-c2ccc(-c3ccccc3)cc2)n1,d6776bd2ea549804,8
,,,Cc1ccccc1Cn1ccc2c(OC3CCN(Cc4cscn4)CC3)ncnc21,13dc2e79a00b9ead,5
,,,c1ccc([C@@H]2Cc3nccn3C2)c(-c2ccncc2)c1,8127503d02b207f2,3
,,,Cc1ncccc1-c1nc2cn(-c3ccccc3)nc2c(=O)n1C[C@H]1CCCN(C[C@H]2CCCO2)C1,49a65852c6c1bd15,6
,,,CCCCCC(C)NCc1coc(-c2ccc(OCc3ccccc3)cc2)n1,f20e67e85e836083,4
n-[1-(1h-benzimidazol-2-yl)-3-(methylsulfanyl)propyl]-2-pyrazinecarboxamide,DTXSID801351856,1007752-11-5,CSCCC(NC(=O)c1cnccn1)c1nc2ccccc2[nH]1,3f939b61ef175cda,8
,,,CC(C)(C)c1ccc(Oc2ncccc2/C(=N/O)Nc2cccc(F)c2)cc1,a3c95b39460fbd2d,11
,,,COc1ccc(-c2nnc(C(=O)N3CC(Oc4ccc(CN5CCCC56COC6)cc4)C3)o2)cc1,1d833d26332d6016,2
ronacaleret,DTXSID60892347,753449-67-1,CC(C)(CC1Cc2ccccc2C1)NC[C@@H](O)COc1cc(CCC(=O)O)cc(F)c1F,9df5e45eaa077ec2,5
,,,COc1cc(-c2nnc3n2CCCC3(Cc2ccc(F)c(F)c2)C(C)(C)O)ccc1-c1cnc(C)o1,cfbae3caa1d4b14d,5
,,,Cc1ccc(CNC(c2nc(Cc3ccccc3)c(N3CCOCC3)o2)C2CCCCC2)cc1,622df4f9f380e377,1
,,,CC(C)(C)OC(=O)N1CCN(c2ncc(-c3ccc(OCC#N)cc3)cn2)CC1,d1e82fbef6821f9b,5
,,,CCn1c(COc2cccc(C#N)c2)nc(N2CCNCC2)cc1=O,cc0a9cc12b72ce61,3
,,,COCc1cn(CCCCO)c(Cn2c(=O)n(C3CC3)c3ccncc32)n1,c47fcfb81166845d,13
,,,CCc1nc2nc(C)cc(Nc3ccc(S(F)(F)(F)(F)F)cc3)n2n1,84ac64a2fced5c8e,5
"2,3-dihydro-2-[2-(3-methoxyphenyl)acetyl]-n-[2-(3-oxetanyl)-2h-1,2,3-triazol-4-yl]-1h-isoindole-5-sulfonamide",DTXSID901108664,1808094-08-7,COc1cccc(CC(=O)N2Cc3ccc(S(=O)(=O)Nc4cnn(C5COC5)n4)cc3C2)c1,eef6dbb8d535cf0e,8
linaprazan,DTXSID90870279,248919-64-4,Cc1cccc(C)c1CNc1cc(C(=O)NCCO)cn2c(C)c(C)nc12,62273ca51d1d140c,12
,,,N#CC1(NC(=O)[C@@H]2CCCC[C@H]2C(=O)N2CCN(c3nc(C(F)(F)F)c(Cl)s3)CC2)CC1,988605e819c91d0b,4
,,,COc1cccc(CNC(=O)c2cc(-c3nnn(C[C@H]4CO[C@H](CO)CO4)n3)nc(C)n2)c1,ed72d7afba580e91,10
,,,O/N=C(\NC1CCCCC1)c1ccccc1-c1ccccc1,8a82297c24b94933,5
,,,CC(=O)N1C2C=C(CN3CCC(NC(=O)Nc4cc(F)cc(C(F)(F)F)c4)CC3)CC1CCC2,dea946a40c582466,7
,,,CCc1cnc(OC(=O)N2CCC(n3cc(CNc4ccc(S(C)(=O)=O)cc4F)cn3)CC2)nc1,f19f6b0e1f5b73aa,6
,,,Cc1cc(Nc2ccc(S(F)(F)(F)(F)F)cc2)n2nc(C(C)(F)F)nc2n1,cd0f3c1f84db3515,1
,,,Cc1ccoc1C(=O)Nc1cccc(-c2nc3ncccc3o2)c1,8cbd6873f91e0b55,4
,,,COc1ccc(-c2nnc(C(=O)N3CC(Oc4ccc(CN(C)CC5(C)COC5)cc4)C3)o2)cc1,0b6c8a609df00be0,5
,,,CCCCCC(C)NCc1coc(-c2ccc(Oc3ccc(OC)cc3)cc2)n1,a9c733f169e3982f,5
,,,CC(C)n1nc(Cn2nc3c(c2CCCCO)CCCC3)c2ccccc21,182e28bfd45c007a,6
tinoridine,DTXSID9023677,24237-54-5,CCOC(=O)c1c(N)sc2c1CCN(Cc1ccccc1)C2,a3028cdc5af59eba,8
,,,CCCCCC(C)NCc1coc(Cc2ccc(OC)cc2)n1,c5612ddfdd1b2e91,3
,,,CNC(=O)c1cc(OC)c(O[C@@H](C)C(=O)N2CCN(C(=O)c3ccccc3)C[C@H]2C)cn1,5f222978558a9ca1,2
,,,CSc1nc2nc(C)cc(Nc3ccc(S(F)(F)(F)(F)F)cc3)n2n1,698be17c07dcdae9,1
,,,CCCCc1ccc(-c2nc(CNCCN(C)C)co2)cc1,073eea7583463aad,5
"6-[1-(4-fluoro-2-methylphenyl)-3-(trifluoromethyl)-1h-pyrazol-5-yl]-2h-1,4-benzoxazin-3(4h)-one",DTXSID301352623,943991-86-4,Cc1cc(F)ccc1-n1nc(C(F)(F)F)cc1-c1ccc2c(c1)NC(=O)CO2,d5b276243b07e2fc,13
,,,CCc1cccc(C)c1CNc1cc(C(N)=O)cn2c(C)c(C)nc12,f9b40fa7188692cb,15
,,,Cn1c(CCc2ccccc2)nc(N2CCNCC2)cc1=O,b0f71021f2ceca66,6
,,,CS(=O)(=O)c1n[nH]c(-c2nc(Cc3ccccc3F)c3ccccn23)n1,61d9d9eaa6a43959,6
,,,COc1cc(-c2nnc3n2CCCC3(CO)Cc2ccc(F)c(F)c2)ccc1-c1cnc(C)o1,2b794426412822a7,6
"n′-[5-[[3-(4-amino-6-methyl-1,3,5-triazin-2-yl)-5-methoxy-2-pyridinyl]amino]-2-chloro-3-pyridinyl]-n,n-dimethylsulfamide",DTXSID001105063,1253577-78-4,COc1cnc(Nc2cnc(Cl)c(NS(=O)(=O)N(C)C)c2)c(-c2nc(C)nc(N)n2)c1,0a896ab7dfcc198f,9
,,,CCCCCC(C)NCc1coc(-c2ccc(OC(CC)CC)cc2)n1,60fab56358d29897,10
,,,NC(=O)c1cccc2cn(-c3ccc(C4CCCN4)cc3)nc12,1861d0c06bc45352,12
,,,CCCCc1ccc(-c2nc(CN[C@@H]3C[C@@H]4C[C@H]([C@H]3C)C4(C)C)co2)cc1,d5b210e827a6bc9e,13
pf-00446687,DTXSID701030106,862281-92-3,C[C@@H]1CN(C(=O)[C@@H]2CN(C(C)(C)C)C[C@H]2c2ccc(F)cc2F)C[C@H](C)[C@@]1(O)c1ccccc1,e095370664cf25bb,1
,,,CC(C)(C)OC(=O)N1CCC(n2ncc3c(Oc4ccc(S(C)(=O)=O)cc4)ncnc32)CC1,828ed27fdd6c80fa,1
,,,CC(=O)N1C2C=C(CN3CCC(Nc4ccc5c(F)cc(OC(C)C)cc5n4)CC3)CC1CCC2,cbbba3240701ffa1,3
,,,c1ccc(-n2ccc3c(OC4CCN(Cc5cscn5)CC4)ncnc32)cc1,991605127642698e,7
,,,Nc1ncnc2c1sc1cc(-c3cccc(C(=O)NCC(=O)N4CCOCC4)c3)ccc12,3b4290622a326a56,8
,,,COc1ccc(-c2cnc(N)c(-c3ccc(OC)nc3)c2)cn1,ff188ea3cae014ee,13
,,,Cc1ncccc1-c1nc2cn(-c3cccc(OC(C)C)c3)nc2c(=O)n1C[C@H]1CCCN(C[C@H]2CCCO2)C1,24e34cdd63e43797,5
,,,CNC(=O)c1ccc(OC(C)C(=O)N2CCN(C(=O)c3ccccc3)C[C@H]2C)cc1C,f18774a21401c3de,1
,,,CCCCOc1ccc(-c2nc(CNC3CCCCCC3)co2)cc1,46e688142c3e3959,6
,,,C[C@@H]1CN(C(=O)[C@@H]2CNC[C@H]2c2ccc(F)cc2F)C[C@H](C)[C@@]1(O)c1ccc(F)cc1,715984635fca2980,1
,,,COc1ccc(-c2cc(-c3ccc(-n4cncn4)cc3)cnc2N)cn1,83ba3142750eff0d,11
,,,CCNCCNc1cc(-c2ccc(C(F)(F)F)cc2)c(C#N)c2nc3ccccc3n12,b73dcaa30d8075e2,10
leonurine,DTXSID70179434,24697-74-3,COc1cc(C(=O)OCCCCN=C(N)N)cc(OC)c1O,f3d68e794ed8d85d,10
,,,CO[C@H](C)c1nc(N2CCN(c3ncc(OCc4ccncc4C#N)cn3)[C@H](C)C2)no1,de361707240316d6,4
,,,COCCc1cccc2c1CCC2c1ncc[nH]1,36251c395452655c,13
,,,Fc1cccc(Cn2ccc3c(OC4CCN(Cc5ccccn5)CC4)ncnc32)c1F,b0b0533fc9e2444a,11
,,,COc1cc(-c2nnc3n2CCCC32OCc3c(Cl)cccc3N(CC(F)(F)F)C2=O)ccc1-c1cnc(C)o1,e1e04d26476b497b,8
,,,Cc1cc(C#N)nc(C)c1C(=O)N1C[C@H]2CN(CC[C@H](NC(=O)C3CCCC3)c3ccccc3)C[C@H]2C1,eadcadec5edf5c48,4
,,,Cn1nccc1-c1cn(CCCCO)c(Cn2c(=O)n(C3CC3)c3ccncc32)n1,f88d07c7765c9d64,3
,,,CC(C)N1CCC(Oc2ccc3c(c2)cc2n3C[C@@H](C)NC2=O)CC1,20a8d852a88dec2f,3
,,,Cc1cc(Nc2ccc(C(C)C)cc2)n2ncnc2n1,8832bfba9b861073,4
,,,CCC(C)C(NCc1ccc(C)cc1)c1nc(Cc2ccccc2)c(N2CCOCC2)o1,1b299e049ef447fc,2
,,,CCOc1ccc(-c2nc(CNC3CC(C)CC(C)(C)C3)co2)cc1,e3d33cd9d8da3e90,4
,,,Fc1ccc(C2Cc3nccn3C2)c(-c2cncnc2)c1,4bff98290f77933e,6
"uk-432,097",DTXSID70431408,380221-63-6,CCNC(=O)[C@H]1O[C@@H](n2cnc3c(NCC(c4ccccc4)c4ccccc4)nc(C(=O)NCCNC(=O)NC4CCN(c5ccccn5)CC4)nc32)[C@H](O)[C@@H]1O,fee1bbf7e6dc655b,1
"9-[(2r,3r,4s,5r)-3,4-dihydroxy-5-(hydroxymethyl)oxolan-2-yl]-6-(2,2-diphenylethylamino)-n-(2-piperidin-1-ylethyl)purine-2-carboxamide",DTXSID70430976,313344-83-1,O=C(NCCN1CCCCC1)c1nc(NCC(c2ccccc2)c2ccccc2)c2ncn([C@@H]3O[C@H](CO)[C@@H](O)[C@H]3O)c2n1,7e67e364b6d23ba5,1
,,,Cc1ccc(F)cc1OCc1nc(N2CCNCC2)cc(=O)n1C,be705f30487ed509,4
,,,c1ccc([C@@H]2Cc3nccn3C2)c(-c2cncnc2)c1,c4c5783ba51b66d2,3
,,,COc1ccc(-c2cc(-c3ccc(S(C)(=O)=O)cc3)cnc2N)cn1,d0524c636422fd2a,14
"2-(1,3-dimethyl-2,6-dioxopurin-7-yl)-n-(4-propan-2-ylphenyl)acetamide",DTXSID10360763,349085-38-7,CC(C)c1ccc(NC(=O)Cn2cnc3c2c(=O)n(C)c(=O)n3C)cc1,66d10d1191458266,4
,,,COc1ccc(-c2cc(-c3cccc(S(C)(=O)=O)c3)cnc2N)cn1,1f81a5df6f5137e6,18
,,,COc1ccc(-c2cc(-c3ccc(S(N)(=O)=O)cc3)cnc2N)cn1,292bb75c72d1ad00,13
,,,FC(F)(F)CNCc1cccc2c1CCC2c1ncc[nH]1,fd646db825edb7d2,13
,,,Cc1nnc(-c2cn(CCCCO)c(Cn3c(=O)n(C4CC4)c4ccncc43)n2)s1,113bc0bf064d0676,7
,,,CNC(=O)c1ccccc1OC(C)C(=O)N1CCN(C(=O)c2ccccc2)C[C@H]1C,3c61580f1de843a9,3
"n~1~-[(1h-benzimidazol-2-yl)methyl]-n~1~-(5,6,7,8-tetrahydroquinolin-8-yl)butane-1,4-diamine",DTXSID60971247,558447-26-0,NCCCCN(Cc1nc2ccccc2[nH]1)[C@H]1CCCc2cccnc21,e38295d759e9ff73,7
,,,COc1ccc(-c2cc(-c3ccc(C(=O)NCCN4CCOCC4)cc3)cnc2N)cn1,5c9cc335a41d5f22,7
vincamine,DTXSID9040134,1617-90-9,CC[C@]12CCCN3CCc4c(n(c5ccccc45)[C@@](O)(C(=O)OC)C1)[C@@H]32,2d58de0322ad21cc,4
,,,COc1cc2c(cc1N1C[C@@H](C)N(C)[C@@H](C)C1)N(C(=O)Nc1cccc(Cl)c1Cl)CC2,fa56ad61239c11d4,2
,,,NC(=O)c1cccc2cn(-c3ccc(C4CCNCC4)cc3)nc12,e1b6f9f5b7cdd104,2
,,,Fc1c(Cn2ccc3c(OC4CCN(Cc5cscn5)CC4)ncnc32)cccc1C(F)(F)F,cb033c67b85ace5d,3
1-benzyl-3-(5-hydroxymethylfur-2-yl)indazole,DTXSID70165635,170632-47-0,OCc1ccc(-c2nn(Cc3ccccc3)c3ccccc23)o1,75325890646f0ed7,9
,,,Cc1cc(Nc2ccc(C(C)(C)C)c(F)c2)n2ncnc2n1,09535b2f12c8b3ff,8
,,,CC(C)N1CCC(Oc2ccc3c(c2)cc2n3CCNC2=O)CC1,3e269de1ce4a72ab,3
,,,CC(C)N1CCC(Oc2ccc3c(c2)cc(C(=O)N2CCC(F)(F)CC2)n3C(C)C)CC1,3f4b27e534e5ebfa,2
,,,CNC(=O)c1cccc(OC(C)C(=O)N2CCN(C(=O)c3ccccc3)C[C@H]2C)c1,3d0dc22cc0f871f4,4
,,,Cc1ccc(-n2nc(C(C)(C)C)cc2NC(=O)Nc2ccc(-c3ccc(OCc4ccccc4)nc3)cc2)cc1,d6d187687c6918b3,6
,,,CCN(C(=O)Cc1ccc(S(C)(=O)=O)cc1)C1CCN(CCC(c2ccccc2)N2CCN(S(C)(=O)=O)CC2)CC1,7989457474afe28e,1
,,,CC(C)C(=O)N1C2C=C(CN3CCC(NC(=O)Nc4cc(F)cc(C(F)(F)F)c4)CC3)CC1CC2,e7051f813f116349,2
,,,Cc1ccc(NC(=O)c2occc2C)cc1-c1nc2ncccc2o1,421db0afa583d511,3
,,,O/N=C(/NC1CCCCC1)c1cccc2ccccc12,72881ccf316ee941,5
,,,CC(=O)N1C2C=C(CN3CCC(Nc4ccc5c(C(F)(F)F)cc(C(F)(F)F)nc5n4)CC3)CC1CCC2,414a6518ec995f42,1
,,,Fc1ccc(Cn2ccc3c(OC4CCN(Cc5cscn5)CC4)ncnc32)cc1,511eb11f7365a776,6
,,,CC(=O)c1cccc(NC(=O)NC2CCN(CC3=CC4CCCC(C3)N4C(C)=O)CC2)c1,d588d1e9e31bcf8b,1
,,,c1ccc2c(c1)Sc1ccccc1N2CC12CCN(CC1)CC2,853281648838648b,1
,,,CS(=O)(=O)c1ccc(Oc2ncnc3c2cnn3C2CCN(Cc3ccc(C(F)(F)F)cc3)CC2)cc1,c80fe7eb67c8db69,3
,,,CC(C)OC(=O)N1CCC(n2cc3c(n2)CN(c2ccc(S(C)(=O)=O)cc2F)C3)CC1,bafaf0f565432efa,4
,,,COc1ccc(-c2cc(-c3ccc(NS(C)(=O)=O)cc3)cnc2N)cn1,a49454033a1d2713,19
n-(2-methyl-2-phenylpropyl)quinoxaline-2-carboxamide,DTXSID60659114,923599-96-6,CC(C)(CNC(=O)c1cnc2ccccc2n1)c1ccccc1,b004348a693ff36c,6
,,,CC1CCC(NC(=O)c2cc3c(F)cc(F)cc3[nH]2)CC1,9e84127ae5388a27,3
,,,CC1CC(NCc2coc(-c3ccc(-c4ccccc4)cc3)n2)CC(C)(C)C1,29abf90a5fd5074d,4
,,,Cc1cc(Nc2ccc3c(c2)CCC3)n2ncnc2n1,b2b5af520db8077c,8
cifenline,DTXSID9022819,53267-01-9,c1ccc(C2(c3ccccc3)CC2C2=NCCN2)cc1,6082878216a3d620,4
,,,COc1ccc(-c2nnc(C(=O)N3CC(Oc4ccc(CN(C)C)cn4)C3)o2)cc1,19458fbd59b96982,3
,,,CC(C)N1CCC(Oc2cc3cc4n(c3cc2Br)[C@@H](C)CNC4=O)CC1,f41f3f673a28a305,5
,,,Cc1ccc(-n2nc(C(C)(C)C)cc2NC(=O)Nc2ccc(-n3cncc3C)cc2)cc1,6d94dfb0c13f7b55,2
,,,CS(=O)(=O)c1ccc(-c2cnc(N)c(-c3ccc(C(F)(F)F)c(F)c3)c2)cc1,550eacfd59a4d591,15
,,,O/N=C(\NC1CCCCC1)c1ccccc1Cc1ccccc1,9509094c216ca5d7,2
,,,CCCCCC(C)NCc1coc(-c2ccc(CCCC)cc2)n1,fd0f875672cbc234,7
"piperazine, 1-benzoyl-4-benzyl-",DTXSID10213947,63991-67-3,O=C(c1ccccc1)N1CCN(Cc2ccccc2)CC1,5457d950ef99eb0d,5
,,,COC(=O)N[C@@H](CC(C)N1CCC(n2c(C)nnc2C(C)C)CC1)c1ccccc1,53a965abd6b9f125,4
,,,CCN(C(=O)Cc1ccc(S(C)(=O)=O)cc1)C1CCN(CC[C@@H](c2cc(F)cc(F)c2)C2CCN(S(C)(=O)=O)CC2)CC1,bb68be5821a935f0,1
,,,O=C(Nc1cc(C(F)(F)F)cc(C(F)(F)F)c1)NC1CCN(CCC2CCS(=O)(=O)C2)CC1,fc8c9a2ae0e702c7,6
ruzinurad,DTXSID601358949,1638327-48-6,O=C(O)C1(Sc2ccnc3ccc(Br)cc23)CCC1,9f300fe3074091ae,9
,,,CCCCCC(C)NCc1coc(-c2cccc(Oc3ccccc3)c2)n1,e7e8e44c317cd95a,8
,,,COc1ccc(-c2nc3cc(F)c(F)cc3n2[C@H](C(=O)N[C@H]2CC[C@H](C(=O)O)CC2)C2CCCCC2)c(Cl)n1,6b0643298e6e99dc,3
,,,Cc1ccc(-n2nc(C(C)(C)C)cc2NC(=O)Nc2ccc(-n3cnnc3)cc2)cc1,05fcae32230e77ed,2
,,,C=CC(=O)Nc1ccccc1Nc1nc(NC2CCOCC2)ncc1C(F)(F)F,5fe8c1dd44a3b792,3
fentanyl,DTXSID9023049,437-38-7,CCC(=O)N(c1ccccc1)C1CCN(CCc2ccccc2)CC1,055411a8e3b54e6e,3
,,,CNC(=O)c1ccc(-c2cc(-c3ccc(S(C)(=O)=O)cc3)cnc2N)cc1,2c80c62a0d5f0542,19
,,,CNC(=O)c1cccc(OC(C)C(=O)N2CCN(C(=O)c3ccccc3)C[C@H]2C)c1OC,e3e7b2a3bfd85c4f,3
,,,CCCCc1ccc(-c2nc(CNCCCN(C)C)co2)cc1,9700d582531d4368,5
,,,CCCCc1ccc(-c2nc(CNC(C)C)co2)cc1,02fed39076974eaa,18
,,,c1ccc([C@@H]2Cc3nccn3C2)c(-c2ncco2)c1,d4988c274e67c019,6
,,,Cc1noc(Cc2cccc3c2CC[C@H]3c2ncc[nH]2)n1,8b95c146c04ba807,5
,,,CC(C)(C)c1ccc(-c2nc(CNC3[C@H]4C[C@@H]5C[C@@H](C[C@H]3C5)C4)co2)cc1,6295dac5cd51162c,16
,,,CN(Cc1ccc(OC2CN(C(=O)c3nnc(-c4ccccc4)o3)C2)cc1)CC1(C)COC1,39b04bfca2d4a834,6
"1-[(2-fluorophenyl)methyl]-3-[5-(perfluoroethyl)-1h-1,2,4-triazol-3-yl]imidazo[1,5-a]pyridine",DTXSID001348352,NOCAS_1348352,Fc1ccccc1Cc1nc(-c2n[nH]c(C(F)(F)C(F)(F)F)n2)n2ccccc12,a128fbbecefe909c,5
,,,Cc1cccc(Cn2ccc3c(OC4CCN(Cc5cscn5)CC4)ncnc32)c1,07a326463d4d7cba,6
,,,CCC(C)C(NCc1ccccc1OC)c1nc(-c2ccccc2)c(N2CCOCC2)o1,d19ec63c18ad526a,3
"[1-(cyclohexylmethyl)-7-methoxy-1h-indol-3-yl][(3r,5s)-3,4,5-trimethyl-1-piperazinyl]methanone",DTXSID001029651,1244028-73-6,COc1cccc2c(C(=O)N3C[C@@H](C)N(C)[C@@H](C)C3)cn(CC3CCCCC3)c12,8189468d196eba46,4
,,,O=C(Cc1ccccc1)Nc1nnc(CCSCCc2nnc(NC(=O)Cc3ccccc3)s2)s1,4f084ce6e195bba7,6
,,,Cc1cc(Oc2ccccc2C(C)C)c(CN(C)C)cn1,9dcf5ea4591c86af,15
,,,COCc1ccoc1C(=O)N(c1ccc(OC)cc1OC)C(C(=O)NC[C@@H](C)O)c1ccccc1F,745ac81b54ac7adb,7
,,,CCCCc1ccc(-c2nc(CNC3[C@H]4C[C@@H]5C[C@@H](C[C@H]3C5)C4)co2)cc1,1898f3bfe20fc697,18
,,,CCCCCOc1ccc(-c2nc(CNCCC3CCCN3C)co2)cc1,ee34f031c834df25,16
,,,COc1ccc(/C(=N/O)Nc2cccc(-c3ccccc3)c2)cc1,c84088c2c67935c3,6
,,,NC(=O)c1cccc(-c2ccc3c(c2)sc2c(N)ncnc23)c1,2d2b3bd1a0f3d712,13
,,,CN(C)CC1(CCc2ccc(C(C)(C)C)cc2)COC1,eb980036c9a0ac36,8
,,,CCCCCC(C)NCc1coc(-c2ccc(OC)cc2)n1,b673a566426c4200,13
,,,COc1ccc(-c2cc(-c3ccc(C(=O)N(C)C)cc3)cnc2N)cn1,a90fb0da0922c46d,17
,,,CC(=O)N1C2C=C(CN3CCC(NC(=O)Nc4cccc(OC(C)C)c4)CC3)CC1CCC2,12d0ac429beb2ced,3
,,,CCCCCC(C)NCc1coc(-c2ccc(C)c(OC)c2)n1,53d35c5826a74b3e,4
,,,CCCCCC(C)NCc1coc(-c2ccc(C(C)(C)C)cc2)n1,02d1fa5582c3dbfb,17
,,,COc1ccc(OCC(=O)N2CCC3(CC2)CN([C@@H]2CCc4cc(-c5cc(C)ncn5)ccc42)C3)c(C(N)=O)c1,bd6cde6d3f13bb51,1
,,,C[C@@H]1CN(C(=O)OC2(C(F)(F)F)CCOC2)CCN1c1ncc(OCc2ccncc2C#N)cn1,1556b93d12de629e,4
,,,CCCCCC(C)NCc1coc(-c2ccc(OC3CCCCC3)cc2)n1,336624d52e57d2a9,5
,,,COc1ccc(-c2cc(-c3ccc(OC(F)(F)F)cc3)cnc2N)cn1,c50f36abb4a08359,13
,,,Cc1ccc(-c2cc(-c3ccc(S(C)(=O)=O)cc3)cnc2N)c2cccnc12,bfbb95ea0a1aff9b,8
,,,C[C@H]1CCCC[C@H]1NC(=O)c1cc2c(F)cc(F)cc2[nH]1,65d88213cf762464,2
,,,O=C(N[C@@H]1CCC[C@H](O)C1)c1noc(-c2ccc(C(F)(F)F)cc2)c1CNC1CC1,3d31635435a725af,6
,,,N#Cc1ccccc1C1Cc2nccn2C1,563a14a09ceb4463,4
,,,COc1cc(-c2nnc3n2CCCC32OCc3c(cccc3C(F)(F)F)N(CC(F)(F)F)C2=O)ccc1-c1cnc(C)o1,4eb8567a2089a2bf,6
,,,CO[C@@H](C)c1nc(N2CCN(c3ncc(OCc4ccncc4C#N)cn3)[C@H](C)C2)no1,b3cb610b18ec875d,3
pharmagsid_48521,DTXSID8048521,1191914-21-2,CCCC[C@H]1CN(CC2CCOCC2)C(=O)OC12CCN(C1(C)CCN(C(=O)c3c(C)ncnc3C)CC1)CC2,ec1f80787f75baff,3
,,,COc1ccc(CC(=O)N2CCC3(CC2)CN([C@@H]2CCc4cc(-c5cc(C)ncn5)ccc42)C3)c(C(N)=O)c1,a7f817dc358436b0,5
,,,O=C(O)CCc1ccc(OCc2nnc(C(=O)Nc3ccccc3F)s2)cc1,d1398a7c12b7295f,2
,,,Fc1ccccc1Cn1ccc2c(OC3CCN(Cc4ccccn4)CC3)ncnc21,c8772ab522c8b155,6
,,,O/N=C(\NC1CCCCC1)c1cccnc1Oc1c(F)cccc1F,3f2b8fa5fa5b1b78,5
,,,NC(=O)c1cccc2cn(-c3ccc4c(c3)CNCC4)nc12,142e3e42cad9b84b,5
,,,Cc1ccccc1OCc1nc(N2CCNCC2)cc(=O)n1C,cdadfe7df3b7375f,4
,,,CCCCc1ccc(-c2nc(CNCC)co2)cc1,7c3dfc0d7820f497,18
,,,C[C@H](NCc1c(C(=O)N[C@@H]2CCC[C@H](O)C2)noc1-c1ccc(C(F)(F)F)cc1)C(F)(F)F,e582e3a6b5107828,2
,,,Fc1cccc(CN2CCC(Oc3ncnc4c3ccn4Cc3ccccc3)CC2)n1,c49a5e5388ee9369,8
rilpivirine,DTXSID10198189,500287-72-9,Cc1cc(/C=C/C#N)cc(C)c1Nc1ccnc(Nc2ccc(C#N)cc2)n1,3bdda36c80c34799,12
,,,CC(=O)Nc1cc(S(=O)(=O)Nc2ccc(F)cc2F)cc2c1N(CCc1ccccc1)CC2,97df65687046ed9f,11
,,,O=C(N[C@@H]1CCC[C@H](O)C1)c1noc(-c2ccc(C(F)(F)F)cc2)c1CNCC1CC1,6c96bcb8ac8ae3d4,2
,,,CCOc1cccc(-n2cc3nc(-c4cccnc4C)n(C[C@H]4CCCN(C[C@H]5CCCO5)C4)c(=O)c3n2)c1,b9a11fec3973571a,4
,,,Cc1nc(CN2CCC(Oc3ncnc4c3ccn4Cc3ccccc3)CC2)cs1,00ea081b5a655d64,3
,,,NC(=O)c1cccc2cn(-c3ccc4c(c3)CCNC4)nc12,57d0093055cd2204,5
"ethanone, 2-(2-methylimidazo[2,1-b]thiazol-6-yl)-1-[2-[[4-(1h-pyrazol-1-yl)phenyl]methyl]-2,7-diazaspiro[3.5]non-7-yl]-",DTXSID101105385,1383719-98-9,Cc1cn2cc(CC(=O)N3CCC4(CC3)CN(Cc3ccc(-n5cccn5)cc3)C4)nc2s1,7fa33dc9e253221e,6
8-[[6-[4-(trifluoromethyl)phenyl]-4-pyrimidinyl]oxy]-2-quinolinamine,DTXSID301158823,659729-10-9,Nc1ccc2cccc(Oc3cc(-c4ccc(C(F)(F)F)cc4)ncn3)c2n1,9ab4f4104d95ee84,13
,,,O=c1n(Cc2nc(-c3ncccn3)cn2CCCCO)c2cnccc2n1C1CC1,94ad89d96a9f7a3a,6
,,,CC(C)n1nc(Cn2nc3ccccc3c2CCCO)c2ccccc21,344b13d7f39ee7bb,4
,,,COc1cccc(CC(=O)N2Cc3ccc(S(=O)(=O)Nc4cnn(C5CC(F)(F)C5)n4)cc3C2)c1,e9b2fce1b4f41ba3,12
,,,COc1cccc2c3c([nH]c12)CCN(C(=O)[C@@H]1CCCC[C@H]1C(=O)NC1(C#N)CC1)C3,0b3379695b81a23d,2
troglitazone,DTXSID8023719,97322-87-7,Cc1c(C)c2c(c(C)c1O)CCC(C)(COc1ccc(CC3SC(=O)NC3=O)cc1)O2,ce636b39c2c39e12,1
,,,COc1cc(-c2nnc3n2CCCC3(Cc2ccc(F)c(F)c2)C(=O)N(C)CC(F)(F)F)ccc1-c1cnc(C)o1,9840c41635a6e045,9
,,,CC(=O)N1CCC(Cn2nc3ccccc3c2CCCCO)CC1,048a01664057d7af,7
[4-(4-fluorobenzoyl)piperidin-1-yl](4-nitrophenyl)methanone,DTXSID30544826,101387-76-2,O=C(c1ccc(F)cc1)C1CCN(C(=O)c2ccc([N+](=O)[O-])cc2)CC1,1485e8db7c2102b4,3
,,,CC(C)(C)CNCc1coc(-c2ccc(OCC(C)(C)C)cc2)n1,f9e29cdb63d9f873,15
,,,FC1(F)CN(Cc2cccc3c2CCC3c2ncc[nH]2)C1,ca5353bc90a5dfa5,15
cgs 21680,DTXSID6043882,120225-54-9,CCNC(=O)[C@H]1O[C@@H](n2cnc3c(N)nc(NCCc4ccc(CCC(=O)O)cc4)nc32)[C@H](O)[C@@H]1O,5bc3cb1aec7cd57d,1
,,,COc1ccc(N(C(=O)c2ccccc2)C(C(=O)NC[C@@H](C)O)c2ccccc2F)c(OC)c1,c790d796cd6b1e5d,2
,,,COc1ccc(CC(=O)N2CCC3(CC2)CN([C@@H]2CCc4cc(-c5cc(C)ncn5)ccc42)C3)c(C#N)c1,86358504c894cfa3,3
,,,C[C@@H]1CN(Cc2ccc(-c3cccnc3C(=O)N3CCC(Nc4ccc(F)cc4)CC3)cc2)C[C@H](C)N1,a1c154dc413a786a,2
monomethylauristatin d,DTXSID101010182,203849-91-6,CC[C@H](C)[C@@H]([C@@H](CC(=O)N1CCC[C@H]1[C@H](OC)[C@@H](C)C(=O)N[C@@H](Cc1ccccc1)c1nccs1)OC)N(C)C(=O)[C@@H](NC(=O)[C@@H](NC)C(C)C)C(C)C,8cdafcfa92450572,2
,,,N#CC1(NC(=O)[C@@H]2CCCC[C@H]2C(=O)N2CCN(c3nc4ccccc4s3)CC2)CC1,d48adc59867cb7c9,7
"(3r,6r)-3-(2,3-dihydro-1h-inden-2-yl)-1-((1r)-1-(2,6-dimethylpyridin-3-yl)-2-(morpholin- 4-yl)-2-oxoethyl)-6-((1s)-1-methylpropyl)piperazine-2,5-dione",DTXSID701029864,872599-83-2,CC[C@H](C)[C@@H]1C(=O)N[C@H](C2Cc3ccccc3C2)C(=O)N1[C@@H](C(=O)N1CCOCC1)c1ccc(C)nc1C,3e5c6058e8343b4c,4
,,,Cc1cc(=O)n(CCCOc2ccccc2)c(N2CCNC[C@H]2C)n1,78f3c7fca295d0e1,3
,,,CCc1ccccc1Oc1cc(C)ncc1CN(C)C,5165cf1d19fb9c7e,16
,,,CC1CC(NCc2coc(-c3ccc(OC(C)C)cc3)n2)CC(C)(C)C1,196026d0af4c74c4,2
darunavir,DTXSID0046779,206361-99-1,CC(C)CN(C[C@@H](O)[C@H](Cc1ccccc1)NC(=O)O[C@H]1CO[C@H]2OCC[C@H]21)S(=O)(=O)c1ccc(N)cc1,8e6a868e8e6d559f,1
,,,CCCOc1ccc(-c2nc(CN[C@@H]3C[C@@H]4C[C@H]([C@H]3C)C4(C)C)co2)cc1,9b0d19b6d9b022ca,12
primaquine,DTXSID8023509,90-34-6,COc1cc(NC(C)CCCN)c2ncccc2c1,bd9e595df2ce49cb,14
,,,COc1cnc2c(C(=O)NCCF)cn(Cc3ncnc(OC)c3C)c2c1,523dd7f231776dad,10
,,,COc1cnc2c(C(=O)NCC(F)F)cn(Cc3ncnc(N(C)C)c3C)c2c1,e71743d90335e615,14
,,,Cc1ccc(-n2nc(C(C)(C)C)cc2NC(=O)Nc2ccc(-c3nnc(S)n3C)cc2)cc1,f448225f18eb7f96,3
,,,CCOc1ccc(-c2nc(CNC3C[C@@H]4C[C@H]([C@H]3C)C4(C)C)co2)cc1,8ffd7ed94dbd5ef4,6
,,,Cc1cc(C)c2cc(C(=O)N[C@@H]3CCCC[C@@H]3C)[nH]c2c1,9fbeed6b029a49c3,1
,,,CC(C)c1nnc(N2CCN(c3ncc(OCc4ccncc4C#N)cn3)[C@H](C)C2)o1,6809d422d15d49b7,9
,,,CCCCc1ccc(-c2nc(CNCCN3CCCC3)co2)cc1,aa8f9faed92709ad,3
,,,C[C@@H]1CN(C(=O)[C@@H]2CNC[C@H]2c2ccc(F)cc2F)C[C@H](C)[C@@]1(O)c1ccc(F)c(F)c1,4cc20020fa626cfc,5
simeprevir,DTXSID20919221,923604-59-5,COc1ccc2c(O[C@@H]3C[C@H]4C(=O)N[C@]5(C(=O)NS(=O)(=O)C6CC6)C[C@H]5/C=C\CCCCN(C)C(=O)[C@@H]4C3)cc(-c3nc(C(C)C)cs3)nc2c1C,cd2ec017452517aa,4
,,,COc1ccc(-c2cc(-c3ccc(C(N)=O)cc3)cnc2N)cn1,d54a20da600d4535,15
,,,CNC(=O)c1ccc(-c2cnc(N)c(-c3ccc(OC)nc3)c2)cc1,36f28486a03e2d54,17
"n6-(3-bromophenyl)-3h-purine-2,6-diamine",DTXSID201352618,929813-37-6,Nc1nc(Nc2cccc(Br)c2)c2[nH]cnc2n1,17edee86d81e6944,8
,,,COc1ccc(-c2cc(-c3ccc(-c4nnc(C)o4)cc3)cnc2N)cn1,0dbc359e528c9ecb,13
,,,CCc1nc2nc(C)cc(Nc3ccc(C(F)(F)F)cc3)n2n1,5ab32ff17e78394d,7
,,,Cc1cc(Nc2cc(F)c(C(F)(F)F)c(F)c2)n2ncnc2n1,bca0cd48f73aa07c,4
,,,CC(C)N1CCC(Oc2ccc3cc(C(=O)N4CCOCC4)ccc3c2)CC1,72b6b39a52771222,1
,,,C[C@@H]1CN(C(=O)[C@@H]2CN(C(C)(C)C)C[C@H]2c2ccc(F)cc2F)C[C@H](C)[C@@]1(O)C1CC1,69f8ee2078d67a60,1
,,,Cc1n[nH]c(-c2nc(Cc3ccccc3F)c3ccccn23)n1,25db87cacf866a87,4
,,,C[C@@H]1CNCCN1c1ccc(=O)n(CCOc2ccccc2C(F)(F)F)n1,f47839327040cabe,6
1-(benzenesulfonyl)-4-benzylpiperazine,DTXSID901332548,107785-25-1,O=S(=O)(c1ccccc1)N1CCN(Cc2ccccc2)CC1,d7cc5944c57b7896,2
,,,O/N=C(/Nc1ccc(F)cc1)c1ccccc1-c1ccccc1,e4aae13210ebb74c,2
,,,CCC(C)C(NCc1ccccc1OC)c1nc(-c2ccccc2)c(N2CCCCC2)o1,5e8f07d2c21b1877,1
amg-517,DTXSID90216178,659730-32-2,CC(=O)Nc1nc2c(Oc3cc(-c4ccc(C(F)(F)F)cc4)ncn3)cccc2s1,5843e87a4b9dc7ce,8
,,,Cc1nc(C(C)C)n([C@@H]2C[C@H]3CC[C@@H](C2)N3CC[C@H](NC(=O)C2CCC(F)(F)CC2)c2ccccc2)n1,15d2b118e1f25336,4
ctep,DTXSID50469986,871362-31-1,Cc1nc(C#Cc2ccnc(Cl)c2)c(C)n1-c1ccc(OC(F)(F)F)cc1,2618a65d7156edc8,4
ramatroban,DTXSID1046685,116649-85-5,O=C(O)CCn1c2c(c3ccccc31)C[C@H](NS(=O)(=O)c1ccc(F)cc1)CC2,a3ab7b24eea8f1c9,1
,,,Cc1ccc(-n2nc(C(C)(C)C)cc2NC(=O)Nc2ccc(-n3ccnc3)cc2)cc1,7cd8f09925aba8fa,1
,,,CCc1cn(CCOC)c(CC)c1Oc1ccc(C#N)cc1,e91587df51d156e5,21
,,,FC(F)(F)c1n[nH]c(-c2nc(Cc3cncnc3)c3ccccn23)n1,3a9f166b13646c39,2
,,,C#Cc1ccc(Nc2cc(C)nc3ncnn23)cc1,691fc9f62fce8e31,2
,,,COCCN1C[C@H](C(=O)N2C[C@@H](C)[C@](O)(c3ccccc3)[C@@H](C)C2)[C@@H](c2ccc(F)cc2F)C1,9671a2332ae11cc1,2
,,,O=C(c1noc(-c2ccccc2)n1)N1CCC(Oc2ccc(CN3CCCC3)cc2)CC1,05542bf251bd46c0,8
,,,CCCCCC(C)NCc1coc(-c2ccc(Oc3ccc(C)cc3)cc2)n1,ad6b0d23f3bfa732,15
,,,COc1ccc(N(C(=O)c2occc2C)C(C(=O)NC[C@@H](C)O)c2ccccc2F)c(OC)c1,53133b620662fc4f,2
,,,c1ccc(Cn2ccc3c(OC4CCN(Cc5cscn5)CC4)ncnc32)cc1,15d108b9b240afe5,6
moexipril,DTXSID9023330,103775-10-6,CCOC(=O)[C@H](CCc1ccccc1)N[C@@H](C)C(=O)N1Cc2cc(OC)c(OC)cc2C[C@H]1C(=O)O,25958624e5461896,5
,,,c1ccc(Cn2ncc3c(OC4CCN(Cc5cscn5)CC4)ncnc32)cc1,8973b2d75f99c07c,6
,,,Cc1ccnc(C)c1C(=O)N1C[C@H]2CN(CC[C@H](NC(=O)C3CCCC3)c3ccccc3)C[C@H]2C1,34a84a692ca4d67f,5
2-[[4-[1-methyl-4-(4-pyridinyl)-1h-pyrazol-3-yl]phenoxy]methyl]quinoline,DTXSID001025873,898562-94-2,Cn1cc(-c2ccncc2)c(-c2ccc(OCc3ccc4ccccc4n3)cc2)n1,2b2a180fca34d8b6,8
,,,CCn1c(CCc2ccccc2Cl)nc(N2CCNCC2)cc1=O,1afc7f6fb88aba4a,2
,,,Cc1ccc(-n2nc(C(C)(C)C)cc2NC(=O)Nc2ccc(-c3ccncc3)cc2)cc1,7527165c58e4fd00,4
n-cycloheptyl-5-(piperidin-1-yl)pyrazine-2-carboxamide,DTXSID30659126,923600-15-1,O=C(NC1CCCCCC1)c1cnc(N2CCCCC2)cn1,4e789c6fa8d0c75c,8
sabeluzole,DTXSID60869418,104383-17-7,CN(c1nc2ccccc2s1)C1CCN(CC(O)COc2ccc(F)cc2)CC1,f80e11e149c62310,4
,,,CC(C)OC(=O)N1CCC(n2cc(CNc3ccc(S(C)(=O)=O)cc3F)cn2)CC1,3fc14e5aa1339107,3
,,,CCCCc1ccc(-c2nc(CNC3CC(C)CC(C)(C)C3)co2)cc1,b758581c273e89cf,7
pf-04479745,DTXSID701336532,1065110-43-1,CNc1nc(Cc2ccccc2)nc2c1CCNC[C@@H]2C,82bc64bf612afa98,7
,,,COCc1c(F)ccc2c1CC[C@H]2c1ncc[nH]1,f24758299b37fb8d,11
tropisetron,DTXSID2044137,89565-68-4,CN1[C@@H]2CC[C@H]1C[C@@H](OC(=O)c1c[nH]c3ccccc13)C2,dbfde297db9b0c5e,6
,,,CC(C)n1nc(Cn2nc3ccccc3c2OCCCO)c2ccccc21,c53179f03eea3ea2,10
carbenicillin,DTXSID6048464,4697-36-3,CC1(C)S[C@@H]2[C@H](NC(=O)C(C(=O)O)c3ccccc3)C(=O)N2[C@H]1C(=O)O,87ba4541169f6a20,7
,,,CS(=O)(=O)c1ccc(-c2cnc(N)c(-c3ccc(C(F)(F)F)cc3)n2)cc1,7dc0cabc3c14e4ec,11
,,,c1ccc(Cn2ccc3c(OC4CCN(Cc5c[nH]cn5)CC4)ncnc32)cc1,ca7b4bc2ae3ef5f3,6
,,,CC(C)N1CCC(Oc2ccc3c(c2)cc2n3[C@@H](C)CNC2=O)CC1,b69b3ef2feac1fb5,6
,,,COc1ccc(N/C(=N/O)c2ccccc2-c2ccccc2)cc1,9a0278030e2dfbad,4
,,,CS(=O)(=O)c1ccc(-c2cnc(N)c(-c3ccc(CO)nc3)c2)cc1,f59f07d01147c103,13
,,,COc1ccc(-c2cc(-c3ccc(S(=O)(=O)N(C)C)cc3)cnc2N)cn1,60d3871ff00be583,16
,,,Cc1cc(Nc2ccc(N(C)C)cc2)n2ncnc2n1,8e3ef33552bf7568,2
,,,CCc1cn(CC(=O)NC)c(CC)c1Oc1ccc(C#N)cc1,470a4978d63cb050,14
,,,CS(=O)(=O)c1ccc(-c2cnc(N)c(-c3ccc(S(C)(=O)=O)cc3)c2)cc1,63d38ef4eb99136a,12
lopinavir,DTXSID8046456,192725-17-0,Cc1cccc(C)c1OCC(=O)N[C@@H](Cc1ccccc1)[C@@H](O)C[C@H](Cc1ccccc1)NC(=O)[C@H](C(C)C)N1CCCNC1=O,6bb4faf5bf84d64c,1
,,,CCNC(=O)[C@H]1O[C@@H](n2cnc3c(NCC(c4ccccc4)c4ccccc4)nc(CNC(=O)NCCN(C(C)C)C4CCCC4)nc32)[C@H](O)[C@@H]1O,5028e2341990e014,1
,,,N#CC1(NC(=O)[C@@H]2CCCC[C@H]2C(=O)N2CCN(c3nc4c(s3)CCC4)CC2)CC1,7663adae3c1628ad,2
,,,COc1cc(-c2nnc3n2CCCC3(Cc2ccc(F)c(F)c2)C(N)=O)ccc1-c1cnc(C)o1,64e8a14689e4d39d,6
ro 61-8048,DTXSID20415218,199666-03-0,COc1ccc(S(=O)(=O)Nc2nc(-c3cccc([N+](=O)[O-])c3)cs2)cc1OC,2a47b1fac6a405ed,7
,,,CNC(=O)c1ccc(OC(C)C(=O)N2CCN(C(=O)c3ccccc3)C[C@H]2C)c(F)c1,82a8788bda223eff,1
,,,CCc1cccc(N/C(=N/O)c2ccc(OC)cc2)c1,785982282f4d40e0,14
,,,CNC(C)c1ccc(-n2cc3cccc(C(N)=O)c3n2)cc1,a68e1743668689c2,11
,,,COc1ccc(/C(=N/O)Nc2cccc(C(F)(F)F)c2)cc1,dee7c4f926da5b2c,2
,,,CCN(C(=O)Cc1ccc(S(C)(=O)=O)cc1)C1CCN(CCC(c2ccccc2)N2CCN(S(=O)(=O)CC)CC2)CC1,e2b3c3b001b2b9e7,1
,,,Cc1ncnc(C)c1C(=O)N1C[C@H]2CN(CC[C@H](NC(=O)C3CCCC3)c3ccccc3)C[C@H]2C1,27dcd784b448614e,7
"2,6-dimethylphenyl (2,4-dimethoxyphenyl){2-[4-(4-methyl-1-piperazinyl)anilino]-4-pyrimidinyl}carbamate",DTXSID501352431,837422-57-8,COc1ccc(N(C(=O)Oc2c(C)cccc2C)c2ccnc(Nc3ccc(N4CCN(C)CC4)cc3)n2)c(OC)c1,16054b82c9ddf6c0,5
,,,O/N=C(/c1ccccc1-c1ccccc1)N1CCCCC1,76d341c434e382c9,5
4-[[6-[4-(trifluoromethyl)phenyl]-4-pyrimidinyl]oxy]-2-benzothiazolamine,DTXSID201149922,659730-31-1,Nc1nc2c(Oc3cc(-c4ccc(C(F)(F)F)cc4)ncn3)cccc2s1,91508f15a55a0ed5,8
traxoprodil,DTXSID90158605,134234-12-1,C[C@@H]([C@@H](O)c1ccc(O)cc1)N1CCC(O)(c2ccccc2)CC1,cb60a786ff38dc0f,5
,,,COCc1cc(F)cc2c1CCC2c1ncc[nH]1,6f11ac9be56e9e82,16
n-benzothiazol-2-yl-benzamide,DTXSID40351068,5005-14-1,O=C(Nc1nc2ccccc2s1)c1ccccc1,124af9c01c55ef92,2
,,,C[C@@H]1CN(C(=O)O[C@H]2CCOC2)CCN1c1ncc(OCc2ccncc2C#N)cn1,536303c3013b89f4,9
,,,COCc1ccccc1C1Cc2nccn2C1,62963ad24d4963be,12
,,,c1ccc(N2CCN(CC3CCCCN3)C2)cc1,0c74f5fd72d14f7e,3
,,,COc1ccc(-c2cc(-c3ccc(S(C)(=O)=O)c(F)c3)cnc2N)cn1,e3d5bab115e9d8c4,18
,,,O/N=C(\NC1CCCCC1)c1ccc(F)cc1,dbf5a911ba20e694,2
,,,COc1ccc(-c2cc(-c3ccc4cnn(C)c4c3)cnc2N)cn1,3dd3f92261c53020,12
n-(2-methyl-2-phenylpropyl)-5-(piperidin-1-yl)pyrazine-2-carboxamide,DTXSID50659123,923600-07-1,CC(C)(CNC(=O)c1cnc(N2CCCCC2)cn1)c1ccccc1,3cd8d31c78140742,6
,,,c1ccc(CN2CCN(Cc3nc(-c4ccccc4)no3)CC2)cc1,798355905af39d41,1
,,,O=C(Nc1ccc(F)c(-c2nc3ncccc3o2)c1)c1cnco1,8b4d8212c4f87550,1
,,,CC(C)(C)C(=O)N1C2C=C(CN3CCC(NC(=O)Nc4cc(F)cc(C(F)(F)F)c4)CC3)CC1CCC2,bb12973a63cbc8c2,3
,,,c1ccc(Cn2ccc3c(OC4CCN(c5ccccc5)CC4)ncnc32)cc1,96d4b5059d62b282,7
n-(2-methyl-2-phenylpropyl)-6-(piperidin-1-yl)pyrazine-2-carboxamide,DTXSID90659122,923600-06-0,CC(C)(CNC(=O)c1cncc(N2CCCCC2)n1)c1ccccc1,50f0b7987a67f83c,2
,,,COc1cc(-c2nnc3n2CCCC32COc3ccccc3N(CC(F)(F)F)C2=O)ccc1-c1cnc(C)o1,620b47b35d47237d,5
albendazole,DTXSID0022563,54965-21-8,CCCSc1ccc2[nH]c(NC(=O)OC)nc2c1,ab7afc56f7683976,6
,,,CCCCCC(C)NCc1coc(-c2ccc(OCCc3ccccc3)cc2)n1,d2ee3d6558dc70be,5
,,,Nc1ncnc2c1sc1cc(-c3cccc(-c4nn[nH]n4)c3)ccc12,d7bf4cf0901a8237,7
,,,Cn1c2c(c3c(F)c(F)ccc31)CN(C(=O)[C@@H]1CCCC[C@H]1C(=O)NC1(C#N)CC1)CC2,4ecb10d25cdd4d79,2
,,,O=C(c1nnc(-c2ccccc2)o1)N1CC(Oc2ccc(CN3CC4(CCOC4)C3)cc2)C1,f9753c660f6ac2b2,4
,,,CCN(C(=O)Cc1ccc(S(C)(=O)=O)cc1)C1CCN(CC[C@@H](c2cccc(Cl)c2)C2CCN(S(C)(=O)=O)CC2)CC1,546cfabe10c80313,1
n-(2-methyl-2-phenylpropyl)-5-phenylpyrazine-2-carboxamide,DTXSID70659120,923600-03-7,CC(C)(CNC(=O)c1cnc(-c2ccccc2)cn1)c1ccccc1,05963f32ad1f01c5,11
,,,CCCc1ccc(Nc2cc(C)nc3ncnn23)cc1,2649d83ddb25956c,9
,,,Cc1ncc(CCn2cc(-c3cccnc3)nc2Cn2c(=O)n(C3CC3)c3ccncc32)o1,942495c9662a609d,4
,,,O/N=C(\NC1CCCCC1)c1cc(F)cc(F)c1,5ad98e1f20e45a01,5
,,,C[C@@H]1CN(C(=O)[C@@H]2CN(C(C)(C)C)C[C@H]2c2ccc(F)cc2F)C[C@H](C)[C@@]1(O)c1cccc(F)c1,816ea2146a023e38,2
,,,Cc1ccc(-n2nc(C(C)(C)C)cc2NC(=O)Nc2ccc(-n3cnc(C)c3)cc2)cc1,d421eaf46feeb687,2
,,,Clc1ccccc1C1Cc2nccn2C1,80cb08f76053e553,4
,,,CCN(C(=O)Cc1ccc(S(C)(=O)=O)cc1)C1CCN(CC[C@@H](c2cccc(OC)c2)C2CCN(S(C)(=O)=O)CC2)CC1,dff4fbcb1708c607,3
,,,CN1CCN(CCOc2ccc(-c3cnc4c(-c5ccnc6ccccc56)cnn4c3)cc2)CC1,722ca97cd55f7c00,7
,,,COc1nc2ccc(Br)cc2cc1[C@@H](c1ccccc1)[C@@](O)(CCN(C)C)c1cccc2ccccc12,15c4b20025c49bff,1
,,,O/N=C(\Nc1ccccc1)c1ccccc1-c1ccccc1,71d679dcd17862cf,8
,,,CC(=O)Nc1cc(Nc2cc(NC3CC3)n3ncc(C#N)c3n2)ccc1C,b71c2a4d882cd64b,6
,,,COCc1nc2nc(C)cc(Nc3ccc(S(F)(F)(F)(F)F)cc3)n2n1,979a48fd88e353b6,1
,,,CCc1nncc(-c2cnnc(CC)n2)n1,f73de791679533d5,3
,,,COc1ccc(/C(=N/O)Nc2cccc(F)c2)cc1,148ec6d90b60c26e,2
,,,c1ccc(Cn2cnc3c(OC4CCN(Cc5cscn5)CC4)ncnc32)cc1,0f596ec30458b77f,3
,,,COc1ncnc(Cn2cc(-c3cnn(C(F)F)c3)c3ncc(C)cc32)c1C,26d3acc73d66427f,10
,,,COc1ccc(-c2cc(-c3ccc(C(F)(F)F)cc3)cnc2N)cn1,93013d8fbd39734b,12
,,,C[C@@H](Oc1ccc(C(F)(F)F)cc1-c1cccc(C#N)c1)C(=O)O,0eacb4118041c07a,9
,,,Cn1c(COc2ccc(C(F)(F)F)cc2)nc(N2CCNCC2)cc1=O,836d37a74d65e440,7
,,,CCCCc1ccc(-c2nc(CN3CCOCC3)co2)cc1,fd6402f8fcc20fc6,7
,,,CCCOc1cccc(-n2cc3nc(-c4cccnc4C)n(C[C@H]4CCCN(C[C@H]5CCCO5)C4)c(=O)c3n2)c1,de0ec75dcc114a01,4
,,,Cc1cc(Nc2ccc(C(F)(F)F)cc2)n2nc(C(C)(F)F)nc2n1,4d37d6cea2bfac3b,4
,,,CNC(=O)c1ccc(OC(C)C(=O)N2CCN(C(=O)c3ccccc3)C[C@H]2C)cc1,acd7d3360b310d23,2
2-hydroxy-3-[1-(4-nitrophenyl)-3-oxobutyl]-4h-1-benzopyran-4-one,DTXSID00991186,NOCAS_991186,CC(=O)CC(c1ccc([N+](=O)[O-])cc1)c1c(O)oc2ccccc2c1=O,0c16240e782fd777,9
,,,Cn1cc(CN2CCC(Oc3ncnc4c3ccn4Cc3ccccc3)CC2)cn1,ca12bef4c7fd0188,7
,,,COc1cccc(CC(=O)N2Cc3ccc(S(=O)(=O)N(C)CCc4cccc(F)c4)cc3C2)c1,ce6aed92a7a291c0,6
,,,CCCCCC(C)NCc1coc(-c2ccc(C(C)C)cc2)n1,a47443adbb45b912,11
n-benzyl-4-(isobutylamino)-2-[4-(tetrahydropyran-3-ylmethyl)piperazin-1-yl]pyrimidine-5-carboxamide,DTXSID001029756,1332708-14-1,CC(C)CNc1nc(N2CCN(CC3CCCOC3)CC2)ncc1C(=O)NCc1ccccc1,e7d0867d618cb11f,1
"2-[(4-oxo-3-phenyl-3,4,6,7-tetrahydrothieno[3,2-d]pyrimidin-2-yl)sulfanyl]-n-(5-phenyl-2-pyridinyl)acetamide",DTXSID801352078,1427782-89-5,O=C(CSc1nc2c(c(=O)n1-c1ccccc1)SCC2)Nc1ccc(-c2ccccc2)cn1,ca68fca18fae89fb,6
,,,CCOc1ncc(-c2ccc(S(C)(=O)=O)cc2)cc1-c1ccc(OC)nc1,d546f4b6ff468b7c,14
,,,CCOCc1cccc2c1CCC2c1ncc[nH]1,4c47a8a3013304bf,19
,,,CCN1[C@H](C)CN(c2cc3c(cc2OC)CCN3C(=O)c2ccc(-c3cccc(C)n3)c3ccccc23)C[C@@H]1C,601d6d559ff21689,8
,,,COCc1cccc2c1CC[C@H]2c1ncc[nH]1,ee1ac33681f8fd7f,11
8-hydroxy-n-benzylquinoline-7-carboxamide,DTXSID701271544,410544-61-5,O=C(NCc1ccccc1)c1ccc2cccnc2c1O,f0fc85270c9bb444,3
,,,COc1cccc(CC(=O)N2Cc3ccc(S(=O)(=O)Nc4cnn(-c5ccc(F)cc5)n4)cc3C2)c1,4410f121d0a3dc00,13
,,,C[C@@H](c1ccc2ncccc2c1)c1nnc2ccc(-c3cnn(C)c3)nn12,74a25245e6e0be43,4
,,,CCNC(=O)[C@H]1O[C@@H](n2cnc3c(NCC(c4ccccc4)c4ccccc4)nc(C(=O)NCCNC(=O)NCCN(C(C)C)C(C)C)nc32)[C@H](O)[C@@H]1O,faf3e4779419401e,3
,,,COc1ccc(-c2cc(-c3ccc(S(C)(=O)=O)cc3C(F)(F)F)cnc2N)cn1,c9ef9e02aab9951b,12
,,,COc1cc2c(cc1N1C[C@@H](C)N(C)[C@@H](C)C1)N(C(=O)c1ccc(-c3cccc(C)n3)c3ccccc13)CC2,85a39e4fcbca2a96,4
,,,Cc1nnc(C(C)C)n1[C@@H]1C[C@H]2CC[C@@H](C1)N2CC[C@H](NC(=O)C1CCC(F)(F)CC1)c1ccccc1,e13740101a43402e,4
,,,CNS(=O)(=O)CCc1ccccc1[C@@H]1Cc2nccn2C1,9af5bf023627b5d8,15
,,,CCCCc1ccc(-c2nc(CNC3CCCCCC3)co2)cc1,ca53c658246d53ee,10
,,,COc1ccc(-c2cc(-c3ccc(-n4cccn4)cc3)cnc2N)cn1,c14adc910161b345,11
,,,CC(C)CNCc1c(C(=O)N[C@@H]2CCC[C@H](O)C2)noc1-c1ccc(C(F)(F)F)cc1,6639dff0ab4895af,2
,,,CCN(C(=O)Cc1ccc(S(C)(=O)=O)cc1)C1CCN(CC[C@@H](c2cc(F)cc(Cl)c2)C2CCN(S(C)(=O)=O)CC2)CC1,df822cddf4ba08da,1
,,,COc1cc(-c2nnc3n2CCCC3(Cc2ccc(F)c(F)c2)C(=O)NCC(F)(F)F)ccc1-c1cnc(C)o1,b8b8c6fdc47f01d5,4
,,,CCCCCOc1ccc(-c2nc(CNC3CC(C)CC(C)(C)C3)co2)cc1,0963ab397f90daf6,4
,,,Cc1csc(-c2ccc3nnc(Cc4ccc(O)cc4)n3n2)c1,f1849d9d763a16b6,8
"2-([1,1′-biphenyl]-2-ylmethyl)-5-(difluoromethoxy)-n-(1,1-dimethylethyl)-2,3-dihydro-4-methyl-3-oxo-1h-isoindole-1-carboxamide",DTXSID001103536,1002557-26-7,Cc1c(OC(F)F)ccc2c1C(=O)N(Cc1ccccc1-c1ccccc1)C2C(=O)NC(C)(C)C,d3e36e6a69efae93,3
"(2z)-2-(2-amino-1,3-thiazol-4-yl)-2-{[(1,5-dihydroxy-4-oxo-1,4-dihydro-2-pyridinyl)methoxy]imino}-n-[(3s)-2,2-dimethyl-4-oxo-1-(sulfooxy)-3-azetidinyl]acetamide",DTXSID901352621,941285-15-0,CC1(C)[C@H](NC(=O)/C(=N\OCc2cc(=O)c(O)cn2O)c2csc(N)n2)C(=O)N1OS(=O)(=O)O,ea0229da335d57b5,1
,,,N#Cc1c(-c2ccc(C(F)(F)F)cc2)cc(NCCN2CCOCC2)n2c1nc1ccccc12,67f85e7e6c340f9e,4
nelivaptan,DTXSID7047358,439687-69-1,COc1ccc(S(=O)(=O)N2C(=O)[C@@](c3ccccc3OC)(N3C[C@H](O)C[C@H]3C(=O)N(C)C)c3cc(Cl)ccc32)c(OC)c1,6317615b6a222e94,2
"1,1-dimethylethyl 3′,4′-dihydro-7′-methoxy-3′-methyl-6′-(5-oxazolyl)-4′-oxospiro[pyrrolidine-3,2′(1′h)-quinazoline]-1-carboxylate",DTXSID101102800,672301-29-0,COc1cc2c(cc1-c1cnco1)C(=O)N(C)C1(CCN(C(=O)OC(C)(C)C)C1)N2,241c955473ea52ef,12
salmeterol,DTXSID6023571,89365-50-4,OCc1cc(C(O)CNCCCCCCOCCCCc2ccccc2)ccc1O,357eb3fc3a1fedfa,5
,,,O=C(O)CCc1nnc(C(=O)Nc2cccc(-c3ccc(F)cc3)c2)s1,4343b03a7a51c284,12
,,,CCOc1ccc(-c2nc(CNC3CCCCCC3)co2)cc1,a9266e17566e9ec8,12
,,,c1ccc(Cn2ccc3c(OC4CCN(Cc5cn[nH]c5)CC4)ncnc32)cc1,91443dbe97aa8848,5
,,,COc1cccc(-n2cc3nc(-c4cccnc4C)n(C[C@H]4CCCN(C[C@H]5CCCO5)C4)c(=O)c3n2)c1,c82f4ef29b0521b6,3
,,,FC(F)(F)c1nc(OC2CCN(Cc3cscn3)CC2)c2ccn(Cc3ccccc3)c2n1,0e5da456d10c8206,3
,,,C[C@H]1CC[C@H](NC(=O)c2cc3c(F)cc(F)cc3[nH]2)CC1,7787950b4509dcc7,1
,,,Fc1cccc(Cn2ccc3c(OC4CCN(Cc5cscn5)CC4)ncnc32)c1F,f4c8a20e9c5a2a86,4
,,,COc1cnc2c(C(=O)NCCO)cn(Cc3ncnc(OC(F)F)c3C)c2c1,e4f00b5628631b40,5
,,,COC/C(=N/O)c1ccc(OC)cc1,24280917ccd88586,14
,,,CC(=O)N1C2C=C(CN3CCC(NC(=O)Nc4cc(F)cc(OC(C)C)c4)CC3)CC1CCC2,c35d1807eb18cd01,1
"4-(4-tert-butylphenyl)-n,n-dimethylbutan-1-amine",DTXSID40677013,922500-72-9,CN(C)CCCCc1ccc(C(C)(C)C)cc1,987f8d942e8ed122,19
,,,NC(=O)c1cccc2cn(-c3ccccc3)nc12,3aaffcd340eb0636,1
,,,COc1ccc(CNC(CCc2ccccc2)c2nc(Cc3ccccc3)c(N3CCCCC3)o2)cc1OC,001fc7b76e42e176,1
indoramin,DTXSID7048370,26844-12-2,O=C(NC1CCN(CCc2c[nH]c3ccccc23)CC1)c1ccccc1,421dca0af2065417,7
,,,Cc1cccc(C)c1C(=O)N1CCC(N2CCC(N(Cc3ccccc3)C(=O)C3CCC3)CC2)CC1,e0e3993937eddfcb,3
,,,CC(C)Oc1ccc(-c2nc(CNC[C@@H]3CC[C@H]4C[C@@H]3C4(C)C)co2)cc1,584bbf2ad8e59120,8
,,,CC(=O)N1C2C=C(CN3CCC(N(C)c4nc5ccccc5s4)CC3)CC1CCC2,d1e364c0d76c9bf1,10
,,,COc1ccc(-n2cc3nc(-c4cccnc4C)n(C[C@H]4CCCN(C[C@H]5CCCO5)C4)c(=O)c3n2)cc1,f208578e07f038db,5
,,,CCc1ccc(Nc2cc(C)nc3ncnn23)cc1,0aa28c493da36540,4
,,,O/N=C(\NC1CCCC1)c1ccccc1-c1ccccc1,939f96d5d09be8a9,3
,,,COc1cccc(CNC(=O)c2cc(-c3nnn(C[C@H]4CO[C@H](CO)CO4)n3)cc(C)n2)c1,98d389bbbf14e194,4
,,,Cc1cccnc1CN1CCC(Oc2ncnc3c2ccn3Cc2ccccc2)CC1,93dbfc7e369d0108,4
"3-[3-(4-tert-butylphenyl)propyl]-n,n-dimethyloxetan-3-amine",DTXSID00677019,922500-86-5,CN(C)C1(CCCc2ccc(C(C)(C)C)cc2)COC1,12b51b47d6833cd5,13
,,,COc1cnc2c(NCc3nnc4ccc(-c5cc(F)cc(F)c5)nn34)ccnc2c1,555fba2dab6980ea,2
,,,CN(C)CCC1(Cc2ccc(C(C)(C)C)cc2)COC1,4c4f3d5966e47276,24
,,,CCc1cn(CS(C)(=O)=O)c(CC)c1Oc1ccc(C#N)cc1,e56c387a2eb82901,15
,,,COc1cccc(C2Cc3nccn3C2)c1,27aae07aad3eb631,8
,,,CCCCCOc1ccc(-c2nc(CNC(C)CCCCC)co2)cc1,9f1308cba3ea369f,12
,,,Cc1nnc(C(C)C)n1C1CCN(C(C)C[C@H](NC(=O)C2CCC(F)(F)CC2)c2ccccc2)CC1,187649fbe22a14cd,1
,,,O/N=C(\NC1CCCCC1)c1ccccc1Oc1ccccc1,42211936d0fc0f1b,4
sb 649868,DTXSID90191491,380899-24-1,Cc1nc(C(=O)N2CCCC[C@H]2CNC(=O)c2cccc3occc23)c(-c2ccc(F)cc2)s1,25fcd61428434ba5,1
,,,O/N=C(\NC1CCCCC1)c1ccccc1,7a2be4f3f8f5cc7e,5
,,,CCN1C[C@@H](C(=O)N2C[C@@H](C)[C@](O)(c3cccc(F)c3)[C@@H](C)C2)[C@H](c2ccc(F)cc2F)C1,26f1c32af4dfded4,5
3-(acetamidomethyl)benzoic acid,DTXSID001352412,777-69-5,CC(=O)NCc1cccc(C(=O)O)c1,ab07ad7a16dabbcf,6
"3-methylsulfanyl-5-(3-methylsulfanyl-1,2,4-triazin-5-yl)-1,2,4-triazine",DTXSID80307069,42836-88-4,CSc1nncc(-c2cnnc(SC)n2)n1,32405492b67090f2,5
4-(4-octylphenyl)benzoic acid,DTXSID30364925,59662-49-6,CCCCCCCCc1ccc(-c2ccc(C(=O)O)cc2)cc1,c7148f6331f54db5,18
,,,CC(C)[C@H](CO)NCc1c(C(=O)N[C@@H]2CCC[C@H](O)C2)noc1-c1ccc(C(F)(F)F)cc1,b072d310df551f61,2
,,,CCCCc1ccc(-c2nc(CNCc3cccnc3)co2)cc1,a1fa044c8302de69,4
,,,Cc1cccc(-c2cccc(NC(=O)c3nnc(CCC(=O)O)s3)c2)c1,b9721403d7bf6972,15
,,,CCCCCC(C)NCc1coc(-c2ccc(OC(C)C)cc2)n1,ecc0029681a832de,3
,,,NC(=O)c1cccc2cn(-c3ccc(CN4CCCCC4)cc3)nc12,06393a562c04685c,5
,,,c1ccc(Cn2ccc3c(OC4CCN(Cc5cccnc5)CC4)ncnc32)cc1,89ab26fdb5e3a61d,5
unc-0638,DTXSID30154787,1255580-76-7,COc1cc2c(NC3CCN(C(C)C)CC3)nc(C3CCCCC3)nc2cc1OCCCN1CCCC1,f71c4834ca988ca7,8
,,,Fc1ccc(-n2cccn2)c(C2Cc3nccn3C2)c1,56bbf0e93a07860a,12
,,,CNC(=O)Cn1cc(C2CC2)c(Oc2ccc(C#N)cc2)c1C1CC1,08556ebd06c0c390,12
ethoheptazine,DTXSID7023017,77-15-6,CCOC(=O)C1(c2ccccc2)CCCN(C)CC1,2f241fdc9f91dd83,2
,,,CCN(C(=O)c1ccccc1OCc1ccccc1)[C@@H]1CCC[C@H](N)C1,aa8fda57c328e501,2
n-benzyl-2-[(6-bromo-2-methyl-4-quinolinyl)oxy]acetamide,DTXSID501347959,1443139-14-7,Cc1cc(OCC(=O)NCc2ccccc2)c2cc(Br)ccc2n1,a2169b349845d0d7,4
,,,Cc1ccc(-n2nc(C(C)(C)C)cc2NC(=O)Nc2ccc(-n3cnc4c(N)ncnc43)cc2)cc1,6ae7e9bf56df81dd,5
,,,Cc1ccc(-n2nc(C(C)(C)C)cc2NC(=O)Nc2ccc(-c3cnco3)cc2)cc1,66dae0742fb77d13,1
,,,O=c1n(Cc2nc3c(n2CCCCO)CCCC3)c2cnccc2n1C1CC1,d1c7f057e1fe489b,7
,,,Cc1nnc(C(C)C)n1C1CCN(C(C)C[C@H](NC(=O)C2CCCCC2)c2ccccc2)CC1,3617ab2bdf1f3a76,2
,,,Oc1nc2c(O)ccc(CCNCCOCCCOCCc3ccccc3)c2s1,0c3d87fe1b07f5c4,2
,,,CCN(CC)CCNc1cc(-c2ccc(C(F)(F)F)cc2)c(C#N)c2nc3ccccc3n12,5cb80cf5535326c9,10
,,,CCS(=O)(=O)c1ccc(-c2cnc(N)c(-c3ccc(C(F)(F)F)nc3)n2)cc1,02e33f38efd80558,16
,,,COc1ccc(-c2cc(-c3ccc(C(=O)N4CCOCC4)cc3)cnc2N)cn1,1720fa98f90e6eed,7
,,,CS(=O)(=O)c1ccc(-c2cnc(N)c(-c3ccc(F)nc3)c2)cc1,00c61f29ef03ec5a,9
,,,CCCCCC(C)NCc1coc(-c2ccc(OCCCC)c(F)c2)n1,8dbe1b605ed8588f,9
dorsomorphin,DTXSID401006988,866405-64-3,c1cc(-c2cnn3cc(-c4ccc(OCCN5CCCCC5)cc4)cnc23)ccn1,b0439bc5291e5402,4
gsk-163090,DTXSID30233480,844903-58-8,Cc1ccc2c(N3CCN(CCc4cccc(N5CCNC5=O)c4)CC3)cccc2n1,41511e17b726a972,3
ac-261066,DTXSID10236116,870773-76-5,CCCCOCCOc1nc(-c2ccc(C(=O)O)c(F)c2)sc1C,29e66d15e314d9ab,15
,,,CCCCOc1ccc(-c2nc(CNCCC3CCCN3C)co2)cc1,65e7bd46be58c825,4
,,,C[C@@H]1CN(C(=O)OC2CCOCC2)CCN1c1ncc(OCc2ccncc2C#N)cn1,aa221a70c3f901e7,2
,,,COC(=O)N1CCC(n2c(=O)n(Cc3nc(C)c(C)n3CCCCO)c3cnccc32)CC1,07169217d8e6d8f1,6
,,,Cc1ccc(-n2nc(C(C)(C)C)cc2NC(=O)Nc2ccc(-c3cccnc3)cc2)cc1,5bffb2f517f45419,3
"4-[1-(6-quinolinylmethyl)-1h-1,2,3-triazolo[4,5-b]pyrazin-6-yl]-1h-pyrazole-1-acetic acid",DTXSID501123076,956906-94-8,O=C(O)Cn1cc(-c2cnc3nnn(Cc4ccc5ncccc5c4)c3n2)cn1,86eef9ccd502646f,2
,,,N#Cc1c(-c2ccc(C(F)(F)F)cc2)cc(NCCN2CCCC2)n2c1nc1ccccc12,e667cb8752b44db4,6
,,,c1cc(C2CCC3(CC2)CCC2(OO3)C3CC4CC(C3)CC2C4)ccc1OCCN1CCOCC1,bebf661141afbe79,1
,,,COc1ccc2c(OCc3nnc4ccc(-c5cc(F)c(F)c(F)c5)nn34)ccnc2c1,efccce1c71b30565,2
retosiban,DTXSID00231559,820957-38-8,CC[C@H](C)[C@@H]1C(=O)N[C@H](C2Cc3ccccc3C2)C(=O)N1[C@@H](C(=O)N1CCOCC1)c1coc(C)n1,54b046446811460a,8
,,,NCC(=O)Nc1cncc(-c2nn3c(=O)cc(N4CCNCC4)nc3s2)c1,36a549f6f6368cd3,4
,,,Cc1cn(Cc2ccccc2)c2ncnc(OC3CCN(Cc4cscn4)CC3)c12,d3b60e15c210cda4,6
,,,COc1ccc(-c2nc(-c3ccc(S(C)(=O)=O)cc3)cnc2N)cn1,e8c0fc354b4e3da9,10
,,,Cc1ccoc1C(=O)Nc1ccc(F)c(-c2nc3ncccc3o2)c1,0faa2b541e6e9864,3
,,,CCO[C@@H]1C[C@@H]2CN(C(=O)[C@@H](NC(=O)[C@H](C)NC)C3CCC(F)(F)CC3)[C@H](C(=O)N[C@@H]3CCOc4ccccc43)CN2C1,8574b076b4eaccd2,2
,,,Cc1cccc(C)c1C(=O)N1CCC(N2CC[C@@H](N(Cc3ccccc3)C(=O)C3CC3)C2)CC1,c37bbe5a6684f161,3
,,,Cc1cc(NC2Cc3ccccc3C2)n2ncnc2n1,930c6650cd1c81ff,7
mavoglurant,DTXSID30202777,543906-09-8,COC(=O)N1CC[C@@H]2[C@H]1CCC[C@@]2(O)C#Cc1cccc(C)c1,30d7c7e0b3d2d1ca,2
,,,COc1cc(F)c2ccc(NC3CCN(CC4=CC5CCCC(C4)N5C(C)=O)CC3)nc2c1,2718a3b9d67154a0,3
,,,Fc1ccn(Cc2cccc3c2CCC3c2ncc[nH]2)n1,a0b7117235c5bf34,5
,,,CC(=O)N1C2C=C(CN3CCC(Nc4ccc5cc(C(F)(F)F)ccc5n4)CC3)CC1CCC2,9a7ee0bbceadfb3c,2
,,,CN(CCNCCc1ccc(O)c2nc(O)sc12)C(=O)CCOCCc1ccccc1,0c7bb828adfe221b,8
,,,C[C@@H]1CN(C(=O)O[C@@H]2CCOC2)CCN1c1ncc(OCc2ccncc2C#N)cn1,4396d89941bb1c80,8
"1-(cyclopropylmethyl)-2-(2,2-dimethylpropyl)-5-(ethylsulfonyl)-1h-benzimidazole",DTXSID101136750,886050-53-9,CCS(=O)(=O)c1ccc2c(c1)nc(CC(C)(C)C)n2CC1CC1,ab1f835c4d49e78a,20
,,,CCCCCOc1ccc(-c2nc(CNC[C@@H]3CC[C@H]4C[C@@H]3C4(C)C)co2)cc1,ed1bbc345d9d5527,10
,,,CB1C=Cc2cccc(OCC(O)CN(C)C)c2N1,72eba1be9adf0b06,12
,,,CC(C)N1CCC(Oc2ccc3c(c2)cc2n3C[C@H](C)NC2=O)CC1,6cdccb65104d6965,2
spirapril,DTXSID1044300,83647-97-6,CCOC(=O)[C@H](CCc1ccccc1)N[C@@H](C)C(=O)N1CC2(C[C@H]1C(=O)O)SCCS2,d56d247da3461aa5,6
,,,CCCCc1ccc(-c2nc(CNC(C)CC)co2)cc1,7529ab34e5bace5e,21
,,,c1nc(OC2CCN(Cc3cscn3)CC2)c2ccn(CC3CCCCC3)c2n1,e1464ac7f1794649,2
"6-(4-pyridinyl)-1,3-benzothiazol-2-amine",DTXSID201352018,1265849-16-8,Nc1nc2ccc(-c3ccncc3)cc2s1,264b6ad23174847b,2
,,,CCc1cnc(N2CCC([N+]3([O-])Cc4cn(-c5ccc(S(C)(=O)=O)cc5F)nc4C3)CC2)nc1,039c0c4551a2115f,3
,,,CCCCCC(C)NCc1coc(-c2ccc(OCC(C)C)cc2)n1,eb742774863eed6a,3
,,,c1ccc(CN2CCC(Oc3ncnc4c3ccn4Cc3ccccc3)CC2)cc1,51a20154069ae497,6
,,,CC(C)n1nc(CCn2c(CCCO)nc3ccccc32)c2cnccc21,330f00000ff5c2d7,1
,,,COc1ccc(N/C(=N/O)c2ccc(OC)cc2)cc1,0c0cd5e6babc47d9,10
,,,C[C@@H]1CN(C(=O)[C@H]2CN(c3cccnn3)C[C@@H]2c2ccc(F)cc2F)C[C@H](C)[C@@]1(O)c1ccccn1,bdbb76baf891b43a,2
,,,COCc1ccc(F)c2c1CCC2c1ncc[nH]1,9f33e84e6efdd6f3,11
,,,O=C(Nc1ccc2ccccc2c1)NC1CCN(C/C2=C/CCCCCC2)CC1,81fac0041c60721c,6
,,,CC(=O)N1CCC(CN2CCC(NC(=O)Nc3cc(C(F)(F)F)cc(C(F)(F)F)c3)CC2)CC1,634d4d5adeaa8f05,1
,,,COc1ccccc1CNC(CCc1ccccc1)c1nc(-c2ccccc2)c(N2CCOCC2)o1,43c1e439c655a860,3
,,,C=CC(=O)Nc1ccccc1Nc1nc(Nc2ccnn2C)ncc1C,76480353526834b9,12
,,,CNC(=O)c1ccc(O[C@@H](C)C(=O)N2CCN(C(=O)c3ccccc3)C[C@H]2C)c(OC)c1,01465b2fcfbc3204,3
,,,COc1cccc(CNC(=O)c2cc(-c3nnn(CC4CCCCC4)n3)cc(C)n2)c1,b46256d50ab8fa52,5
,,,CC1(C)[C@H]2CC=C(CN3CCC(NC(=O)Nc4cc(C(F)(F)F)cc(C(F)(F)F)c4)CC3)[C@@H]1C2,feb7ee8d4e5a5d95,3
,,,NC(=O)c1cccc2cn(-c3ccc(C4CCCNC4)cc3)nc12,6c19d66b26c311b9,5
,,,CNCc1cccc(-n2cc3cccc(C(N)=O)c3n2)c1,fee476f340107b0c,11
,,,COc1ccc(CNC(CC(C)C)c2nc(Cc3ccccc3)c(N3CCOCC3)o2)cc1,f5d7c97c0484930d,2
,,,Cc1cc(Nc2ccc(C(F)(F)F)cc2)n2ncnc2n1,5bb2426e312e6a3f,4
,,,O=C(Nc1ccc(F)c(-c2nc3ncccc3o2)c1)c1cscn1,c5102d8b3ddac87c,4
,,,Nc1ncc(-c2ccc(C(=O)N3CCOCC3)cc2)nc1-c1ccc(C(F)(F)F)nc1,08f927a55eb28032,7
,,,C[C@@H]1CN(c2noc(C3COCCO3)n2)CCN1c1ncc(OCc2ccncc2C#N)cn1,b0037fdb8fef46d3,10
,,,c1cc(-c2nc(CNC3CCCCCC3)co2)ccc1OC1CCCCC1,3cf0ae1765d3faf4,3
,,,O=C(c1nnc(-c2ccccc2)o1)N1CC(Oc2ccc(CN3CC4(CCCO4)C3)cc2)C1,0e6ef53f42329632,1
,,,COc1ccc(CCC(=O)N2CCC3(CC2)CN([C@@H]2CCc4cc(-c5cc(C)ncn5)ccc42)C3)c(C(N)=O)c1,60379068d6fe81f7,4
,,,Fc1cccc(Cn2ccc3c(OC4CCN(Cc5cscn5)CC4)ncnc32)c1,5af9fef308fa63e5,5
,,,CCCCCOc1ccc(-c2nc(CN[C@@H]3C[C@@H]4C[C@H]([C@H]3C)C4(C)C)co2)cc1,19d39e6add4d4779,14
,,,CC(=O)N1C2C=C(CN3CCC(Nc4ccc5cc(OC(F)(F)F)ccc5n4)CC3)CC1CCC2,325cf49b50788ce9,5
,,,Cc1cc(Nc2ccc(S(F)(F)(F)(F)F)cc2)n2nc(C(F)(F)F)nc2n1,b5de1e2dbaadffd2,3
,,,COC(=O)N1CCC(n2c(=O)n(Cc3nc4ccccc4n3CCCCO)c3ccccc32)CC1,590c66b9fb974928,8
,,,CNS(=O)(=O)c1ccc(-c2cnc(N)c(-c3ccc(C(F)(F)F)nc3)n2)cc1,cd0ea9b3fa877f97,20
,,,C[C@H]1CN(Cc2cc(C(F)(F)F)ccc2OCC(=O)O)CCN1C(=O)Cc1ccc(F)cc1,8bfebf04a55d939e,1
ladarixin,DTXSID50234030,849776-05-2,C[C@@H](C(=O)NS(C)(=O)=O)c1ccc(OS(=O)(=O)C(F)(F)F)cc1,56f416d47b0aefd4,11
,,,Fc1ccc(-c2cncnc2)c(C2Cc3nccn3C2)c1,6384a4f4177376da,5
"(5z)-5-[(2,2-difluoro-1,3-benzodioxol-5-yl)methylidene]-1,3-thiazolidine-2,4-dione",DTXSID501018069,1287781-75-2,O=C1NC(=O)/C(=C/c2ccc3c(c2)OC(F)(F)O3)S1,c896fed72ce11b9d,3
,,,Fc1ccccc1Cn1ccc2c(OC3CCN(Cc4cscn4)CC3)ncnc21,e03f4f2afb8c9f4c,8
,,,COCc1nc2nc(C)cc(Nc3ccc(C(F)(F)F)cc3)n2n1,80d4e0554e48099b,10
,,,CN1CCN(C(=O)c2ccc(-c3cnc(N)c(-c4ccc(C(F)(F)F)cc4)c3)cc2)CC1,f74223b80433f6d8,5
,,,CC(C)(C)C(=O)N1C2C=C(CN3CCC(NC(=O)Nc4cc(F)cc(C(F)(F)F)c4)CC3)CC1CC2,9ac01229a46956b5,1
,,,CCCCc1ccc(-c2nc(CNC[C@@H]3CC[C@H]4C[C@@H]3C4(C)C)co2)cc1,cfacf6340ba5f76b,13
,,,CC(C)(C)C(=O)N1CCC(CN2CCC(NC(=O)Nc3cc(C(F)(F)F)cc(C(F)(F)F)c3)CC2)CC1,2d316c4e8f8fc985,2
,,,CCC(F)(F)c1nc2nc(C)cc(Nc3ccc(C(F)(F)F)cc3)n2n1,756fd052bf5a29b6,8
,,,Cc1ccc(-c2cc(-c3ccc(S(C)(=O)=O)cc3)cnc2N)cc1C(F)(F)F,b92d2808b6372b17,15
,,,CCOc1nc2nc(C)cc(Nc3ccc(S(F)(F)(F)(F)F)cc3)n2n1,8a55680f9daad101,1
,,,CC(=O)N1C2C=C(CN3CCC(Nc4ccc5ccc(C(F)(F)F)cc5n4)CC3)CC1CCC2,880a8d1ccc4e493b,2
"2-[(6-amino-1,3-benzothiazol-2-yl)sulfanyl]-n-[1-(3,4-dichlorobenzyl)-4-piperidinyl]acetamide",DTXSID501352243,290363-23-4,Nc1ccc2nc(SCC(=O)NC3CCN(Cc4ccc(Cl)c(Cl)c4)CC3)sc2c1,d26cb1fb94522955,4
,,,CCNC(=O)Nc1cccc(-c2ccc3c(c2)sc2c(N)ncnc23)c1,f555bdc1b288f8a5,11
,,,Cc1cc(Nc2ccc(C(F)(F)F)cc2)n2nc(CCO)nc2n1,3d78ea7c2baa5e3b,8
temocapril,DTXSID3048239,111902-57-9,CCOC(=O)[C@H](CCc1ccccc1)N[C@H]1CS[C@H](c2cccs2)CN(CC(=O)O)C1=O,a635eeec19281537,3
fiboflapon,DTXSID20239496,936350-00-4,CCOc1ccc(-c2ccc(Cn3c(CC(C)(C)C(=O)O)c(SC(C)(C)C)c4cc(OCc5ccc(C)cn5)ccc43)cc2)cn1,0eafd43f58fb2950,4
,,,c1ccc(Cn2ccc3c(OC4CCN(Cc5cocn5)CC4)ncnc32)cc1,dac6fa76b6f5f2ab,8
,,,[C-]#[N+]c1cc(C#N)c2cc(C(=O)NC3CCC(C)CC3)[nH]c2c1,743fa43558777c59,4
,,,CCCCCC(C)NCc1coc(-c2ccc(OCC(C)(C)C)cc2)n1,d8a0daa6233deca9,4
,,,CCCCOc1ccc(-c2nc(CN[C@@H]3C[C@@H]4C[C@H]([C@H]3C)C4(C)C)co2)cc1,122ae36115bcbd2f,13
,,,Cc1cnc2c(C(=O)NCCF)cn(Cc3ncc(C)nc3C)c2c1,c7ba20c1b8fd96a1,11
,,,COc1ccc(-c2cc(-c3ccc4ncccc4c3)cnc2N)cn1,09c5bc23ce760543,12
,,,COc1cccc(CNC(=O)c2cc(-c3nnn(CC4COCCO4)n3)cc(C)n2)c1,66a0169630281193,4
,,,N=C(NC1CCCCC1)c1ccccc1-c1ccccc1,e2420a7859b904c6,8
,,,Cc1cc(=O)n(CCCOc2ccccc2)c(N2CCNCC2)n1,5125fa52d5e981cb,5
,,,COC(=O)c1nc(Cn2c(=O)n(C3CC3)c3ccncc32)n(CCCCO)c1C,5b702d27a62ea915,4
,,,C[C@@H]1CN(c2noc(C3(C)COC3)n2)CCN1c1ncc(OCc2ccncc2C#N)cn1,b7a0caaa9b78d033,7
,,,COCCc1nc2nc(C)cc(Nc3ccc(S(F)(F)(F)(F)F)cc3)n2n1,35d61d2783abf3ae,4
"3,4-dimethoxy-n-[4-(3-nitrophenyl)-5-(1-piperidinylmethyl)-2-thiazolyl]benzenesulfonamide",DTXSID101123367,1008119-83-2,COc1ccc(S(=O)(=O)Nc2nc(-c3cccc([N+](=O)[O-])c3)c(CN3CCCCC3)s2)cc1OC,d0634637e4c94e9b,4
,,,Cc1cc(Nc2ccc(C3CC3)cc2)n2ncnc2n1,f78a3caec8f0c279,5
"n-ethyl-n'-{5-[6-(4-methoxy-2,6-dimethylphenyl)-2-(pyrazin-2-yl)pyrimidin-4-yl]-1,3-thiazol-2-yl}urea",DTXSID701357168,905298-84-2,CCNC(=O)Nc1ncc(-c2cc(-c3c(C)cc(OC)cc3C)nc(-c3cnccn3)n2)s1,6e3127ba36e47510,8
,,,CCC(F)(F)c1nc2nc(C)cc(Nc3ccc(S(F)(F)(F)(F)F)cc3)n2n1,462b1a6c70860e85,2
,,,CN(c1nc2ccccc2s1)C1CCN(CC2=CC[C@H]3C[C@@H]2C3(C)C)CC1,761887b52e1ff530,4
,,,Oc1nc2c(O)ccc(CCNCCCOCCOCCc3ccccc3)c2s1,ec5c443a0a8b0703,3
,,,Cc1cc(Nc2ccc(C(C)(C)C)cc2)n2ncnc2n1,2c4d92a96007f7b4,4
,,,COc1ccccc1CNC(CCc1ccccc1)c1nc(Cc2ccccc2)c(N2CCCCC2)o1,33ae237b0293b853,2
,,,Cc1cc(CCn2cc(-c3cccnc3)nc2Cn2c(=O)n(C3CC3)c3ccncc32)no1,89fc2f96a71e6c16,1
,,,COc1cccc(CNC(=O)c2cc(-c3nnn(CC4CCCCO4)n3)cc(C)n2)c1,b7a2c5606aa05376,9
"1,1'-[(1s,2s)-1,2-diphenylethane-1,2-diyl]dipyrrolidine",DTXSID60838720,823191-88-4,c1ccc([C@@H]([C@H](c2ccccc2)N2CCCC2)N2CCCC2)cc1,d9241b9aa663f929,6
fasudil,DTXSID4048569,103745-39-7,O=S(=O)(c1cccc2cnccc12)N1CCCNCC1,f09d8d20ded4c1a3,6
,,,Fc1cn(Cc2ccccc2)c2ncnc(OC3CCN(Cc4cscn4)CC3)c12,bd09048f2b2f1870,9
,,,COc1ccc(/C(=N\O)Nc2ccccc2)cc1,4061f1722cbdb58d,7
,,,c1cc(Cn2cccn2)c2c(c1)[C@H](c1ncc[nH]1)CC2,9ca53a659b8d1448,3
efloxate,DTXSID3048736,119-41-5,CCOC(=O)COc1ccc2c(=O)cc(-c3ccccc3)oc2c1,cb944789c2574174,18
,,,CNC(=O)c1cccc(-c2ccccc2[C@@H]2Cc3nccn3C2)c1,463a5c45133fb20e,1
salicylhydroxamic acid,DTXSID5075365,89-73-6,O=C(NO)c1ccccc1O,741c036cda9f2f5b,2
,,,CS(=O)(=O)Nc1cccc(-c2ccccc2[C@@H]2Cc3nccn3C2)c1,d28fdbfc3bf484c3,3
topiroxostat,DTXSID80206462,577778-58-6,N#Cc1cc(-c2n[nH]c(-c3ccncc3)n2)ccn1,d630d59da606c546,2
,,,Cc1cc(Nc2ccc(C(F)(F)F)cc2)n2nc(C3CC3)nc2n1,e14a92714c74e75f,4
,,,COc1ccc(-c2cc(-c3ccc4nccn4c3)cnc2N)cn1,c2cf3a13a8a7187f,12
,,,CCCCCC(C)NCc1coc(-c2ccc(OCC)cc2)n1,a37e424e28e9c8a9,12
4-[2-[1-(4-fluorophenyl)-2-methyl-1h-imidazol-4-yl]ethynyl]-2-methylpyridine,DTXSID201141647,761426-66-8,Cc1cc(C#Cc2cn(-c3ccc(F)cc3)c(C)n2)ccn1,ffd737ea464a6bc3,4
,,,CCCCOc1ccccc1-c1cc(C(F)(F)F)ccc1OCC(=O)O,2681416d6cdb0e4b,16
,,,CNS(=O)(=O)c1ccc(-c2cnc(N)c(-c3ccc(OC)nc3)c2)cc1,f42e9ed96b2bcb5b,18
,,,O/N=C(/NC1CCCCC1)c1cccnc1Oc1ccc(F)cc1,338282ded45fcdc8,5
3-amino-6-[4-(methanesulfonyl)phenyl]-n-phenylpyrazine-2-carboxamide,DTXSID60679574,1232410-49-9,CS(=O)(=O)c1ccc(-c2cnc(N)c(C(=O)Nc3ccccc3)n2)cc1,df337a3b401a0a92,4
,,,c1ccc(Cn2ccc3c(OC4CCN(Cc5cnccn5)CC4)ncnc32)cc1,57a12002f43535bc,4
2-trifluoromethyl-10-[3'-(1-methyl-4-piperazinyl)propyl]phenothiazine,DTXSID1046928,117-89-5,CN1CCN(CCCN2c3ccccc3Sc3ccc(C(F)(F)F)cc32)CC1,43e38777ce4f3f79,2
5-[(1r)-3-amino-4-fluoro-1-{3-[5-(1-propyn-1-yl)-3-pyridinyl]phenyl}-1h-isoindol-1-yl]-1-ethyl-3-methyl-2(1h)-pyridinone,DTXSID601352058,1383846-83-0,CC#Cc1cncc(-c2cccc([C@@]3(c4cc(C)c(=O)n(CC)c4)N=C(N)c4c(F)cccc43)c2)c1,ada111361bd45eb1,20
,,,CS(=O)(=O)C1(c2cc(N3CCOCC3)nc(-c3cccc4[nH]ccc34)n2)CCNCC1,a1419dee2e5fb0b0,2
amrinone,DTXSID9022603,60719-84-8,Nc1cc(-c2ccncc2)c[nH]c1=O,fbc762389268a2eb,2
terfenadine,DTXSID2023642,50679-08-8,CC(C)(C)c1ccc(C(O)CCCN2CCC(C(O)(c3ccccc3)c3ccccc3)CC2)cc1,5edf1d59407ed525,5
sildenafil,DTXSID6023579,139755-83-2,CCCc1nn(C)c2c(=O)[nH]c(-c3cc(S(=O)(=O)N4CCN(C)CC4)ccc3OCC)nc12,d278a28be2b96145,9
doramapimod,DTXSID2048957,285983-48-4,Cc1ccc(-n2nc(C(C)(C)C)cc2NC(=O)Nc2ccc(OCCN3CCOCC3)c3ccccc23)cc1,5ec569b51d02dc71,4
astemizole,DTXSID9020110,68844-77-9,COc1ccc(CCN2CCC(Nc3nc4ccccc4n3Cc3ccc(F)cc3)CC2)cc1,6275bb9bda383626,8
"2-amino-8-(trans-4-(2-hydroxyethoxy)cyclohexyl)-6-(6-methoxy-3-pyridinyl)-4-methyl-pyrido(2,3-d)pyrimidin-7(8h)-one",DTXSID901026004,1013101-36-4,COc1ccc(-c2cc3c(C)nc(N)nc3n([C@H]3CC[C@H](OCCO)CC3)c2=O)cn1,66259699a57561f4,5
buspirone,DTXSID2022707,36505-84-7,O=C1CC2(CCCC2)CC(=O)N1CCCCN1CCN(c2ncccn2)CC1,077fedab6548512d,9
"2-chloro-n-{1-[(2r)-2,3-dihydroxypropyl]-2-oxo-1,2,3,4-tetrahydro-3-quinolinyl}-6h-thieno[2,3-b]pyrrole-5-carboxamide",DTXSID901352607,918902-32-6,O=C(NC1Cc2ccccc2N(C[C@@H](O)CO)C1=O)c1cc2cc(Cl)sc2[nH]1,2080efedb0784968,8
"4',7-dihydroxyflavone",DTXSID50176365,2196-14-7,O=c1cc(-c2ccc(O)cc2)oc2cc(O)ccc12,99fc04ab55da3f2a,7
cp-863187,DTXSID0047294,668981-02-0,CC(C)c1nnc2ccc(-c3ocnc3-c3cc(F)ccc3F)cn12,c678e998fbf440cb,8
flecainide,DTXSID8023054,54143-55-4,O=C(NCC1CCCCN1)c1cc(OCC(F)(F)F)ccc1OCC(F)(F)F,22e1fc6a17e022f3,1
sulfinpyrazone,DTXSID0023618,57-96-5,O=C1C(CCS(=O)c2ccccc2)C(=O)N(c2ccccc2)N1c1ccccc1,29bc7f4f1f8461d3,9
bendroflumethiazide,DTXSID5022647,73-48-3,NS(=O)(=O)c1cc2c(cc1C(F)(F)F)NC(Cc1ccccc1)NS2(=O)=O,79450d07e49ed80f,15
ketorolac,DTXSID8023189,74103-06-3,O=C(c1ccccc1)c1ccc2n1CCC2C(=O)O,8b7fdf2ee6474dc8,7
"6-(2,4-difluorophenoxy)-8-methyl-2-(tetrahydro-2h-pyran-4-ylamino)pyrido[2,3-d]pyrimidin-7(8h)-one",DTXSID001352305,449811-92-1,Cn1c(=O)c(Oc2ccc(F)cc2F)cc2cnc(NC3CCOCC3)nc21,364cc073a68e91cf,5
,,,CCCSc1ncccc1C(=O)NC1CCCCC1,df9ac9bd9c1e0717,6
"2-(4-(1-(quinolin-6-ylmethyl)-1h-(1,2,3)triazolo(4,5-b)pyrazin-6-yl)-1h-pyrazol-1-yl)ethanol",DTXSID401026097,956905-27-4,OCCn1cc(-c2cnc3nnn(Cc4ccc5ncccc5c4)c3n2)cn1,c0d81d32c1e4f46d,13
fluoxetine,DTXSID7023067,54910-89-3,CNCCC(Oc1ccc(C(F)(F)F)cc1)c1ccccc1,49fa7dbf5f4786ce,11
,,,CC(C)(C)NCC(O)COc1cccc2c1C[C@H](O)[C@H](O)C2,c72e1cfbbdee1694,5
,,,CS(=O)(=O)C1(c2cc(N3CCOCC3)nc(-c3cccc4[nH]ccc34)n2)CC1,b8538c1cc1da4b6e,3
procainamide,DTXSID7023512,51-06-9,CCN(CC)CCNC(=O)c1ccc(N)cc1,98d0489551bdd146,18
thalidomide,DTXSID9022524,50-35-1,O=C1CCC(N2C(=O)c3ccccc3C2=O)C(=O)N1,32757dae9db7290a,3
propafenone,DTXSID9045184,54063-53-5,CCCNCC(O)COc1ccccc1C(=O)CCc1ccccc1,1627b95588593765,5
dofetilide,DTXSID5046433,115256-11-6,CN(CCOc1ccc(NS(C)(=O)=O)cc1)CCc1ccc(NS(C)(=O)=O)cc1,a53a8ff536a8f11f,1
buparlisib,DTXSID50241486,944396-07-0,Nc1cc(C(F)(F)F)c(-c2cc(N3CCOCC3)nc(N3CCOCC3)n2)cn1,1d9a429c955be477,4
,,,C=C[C@H]1CN2CC[C@H]1C[C@@H]2[C@@H](O)c1ccnc2ccc(OC)cc12,28c06d8e4e301c93,8
2-[(4-pyridinylmethyl)amino]-n-[3-(trifluoromethyl)phenyl]benzamide,DTXSID601352234,269390-77-4,O=C(Nc1cccc(C(F)(F)F)c1)c1ccccc1NCc1ccncc1,dd5b4fc6bca93e25,9
ph 797804,DTXSID70207342,586379-66-0,CNC(=O)c1ccc(C)c(-n2c(C)cc(OCc3ccc(F)cc3F)c(Br)c2=O)c1,b5e1fae89dcb4dc3,8
,,,CS(=O)(=O)C1(c2cc(N3CCOCC3)nc(-c3cccc4[nH]ccc34)n2)CCOCC1,76a994547b4e7bb4,2
motesanib,DTXSID10196488,453562-69-1,CC1(C)CNc2cc(NC(=O)c3cccnc3NCc3ccncc3)ccc21,695c8234dbc12d0d,9
mexiletine,DTXSID8048446,31828-71-4,Cc1cccc(C)c1OCC(C)N,9ee1546818e0b385,12
,,,O=S(=O)(Cc1c(F)cccc1F)N1CCN(c2ncccc2C(F)(F)F)CC1,fb5516131f4f5b5f,6
3-amino-5-phenylthiophene-2-carboxamide,DTXSID90373412,122375-70-6,NC(=O)c1sc(-c2ccccc2)cc1N,e638606872ef3405,2
naloxone,DTXSID8023349,465-65-6,C=CCN1CC[C@]23c4c5ccc(O)c4O[C@H]2C(=O)CC[C@@]3(O)[C@H]1C5,033d18e068cb1d27,5
sulpiride,DTXSID1042574,15676-16-1,CCN1CCCC1CNC(=O)c1cc(S(N)(=O)=O)ccc1OC,3568f90e2f1e3d85,9
praziquantel,DTXSID9021182,55268-74-1,O=C(C1CCCCC1)N1CC(=O)N2CCc3ccccc3C2C1,dbf963e46bcfc765,12
diphenhydramine,DTXSID4022949,58-73-1,CN(C)CCOC(c1ccccc1)c1ccccc1,bdc3df56335c83e7,16
nicardipine,DTXSID6023363,55985-32-5,COC(=O)C1=C(C)NC(C)=C(C(=O)OCCN(C)Cc2ccccc2)C1c1cccc([N+](=O)[O-])c1,b670175736739380,8
nisoldipine,DTXSID0023371,63675-72-9,COC(=O)C1=C(C)NC(C)=C(C(=O)OCC(C)C)C1c1ccccc1[N+](=O)[O-],4b3d9b02c52af46d,6
adp-597,DTXSID10237885,897732-93-3,COc1c(Nc2ccc(S(C)(=O)=O)nc2C)ncnc1OC1CCN(C(=O)OC(C)C)CC1,c435eca3e6517c64,2
tinidazole,DTXSID4023676,19387-91-8,CCS(=O)(=O)CCn1c([N+](=O)[O-])cnc1C,9a10f3de5bfe7c7e,7
pyrilamine,DTXSID9023542,91-84-9,COc1ccc(CN(CCN(C)C)c2ccccn2)cc1,ab9f383fb02271e3,22
erlotinib,DTXSID8046454,183321-74-6,C#Cc1cccc(Nc2ncnc3cc(OCCOC)c(OCCOC)cc23)c1,6223234c4ff0a3a6,7
saquinavir,DTXSID6044012,127779-20-8,CC(C)(C)NC(=O)[C@@H]1C[C@@H]2CCCC[C@@H]2CN1C[C@@H](O)[C@H](Cc1ccccc1)NC(=O)[C@H](CC(N)=O)NC(=O)c1ccc2ccccc2n1,9b10d59a73d25516,5
,,,CCOc1cccc2c3c([nH]c12)CCN(C(=O)[C@@H]1CCCC[C@H]1C(=O)NC1(C#N)CC1)C3,571b85b8e5127829,2
leflunomide,DTXSID9023201,75706-12-6,Cc1oncc1C(=O)Nc1ccc(C(F)(F)F)cc1,ab5c16514270f49f,2
,,,Cc1ncc(-c2nc(Nc3ccc(N4CCN(C(=O)CO)CC4)cc3)ncc2F)n1C(C)C,070d9b766ffdc2ac,5
2-(benzenesulfonyl)-1-(4-methoxyphenyl)ethanone,DTXSID00401432,27918-37-2,COc1ccc(C(=O)CS(=O)(=O)c2ccccc2)cc1,c4123f0d7d5451da,11
,,,Cc1ncc(-c2ccnc(Nc3ccc(N4CCN(S(C)(=O)=O)CC4)cc3)n2)n1C(C)C,5ed06f53bc7e5d4e,2
,,,CCN(C(=O)Cc1ccc(S(C)(=O)=O)cc1)C1CCN(CC[C@@H](c2ccccc2)N2CCN(S(=O)(=O)C(F)(F)F)CC2)CC1,6084829dd9e0dfe8,1
,,,CCCOc1nc(N2CCC[C@@H](CC(=O)O)C2)ccc1C(=O)NC1CCCCC1,246453cf83caa334,2
,,,CC(C)N1CCN(Cc2cnc(-c3ccc(C(=O)Nc4ccccc4N)cc3)c(C#N)c2)CC1,8c8a4d34cda6b05e,3
"6,7-dimethoxy-n-(phenylmethyl)-4-quinazolinamine",DTXSID001237723,21561-11-5,COc1cc2ncnc(NCc3ccccc3)c2cc1OC,845fdc82f7f54c7b,4
axitinib,DTXSID3049049,319460-85-0,CNC(=O)c1ccccc1Sc1ccc2c(/C=C/c3ccccn3)n[nH]c2c1,f09a07a5c61c5429,7
,,,CC(C)(C)OC(=O)N1CCN(c2ncc(OCc3ccncc3C#N)cn2)CC1,49f112d3bf89c601,7
,,,COc1cnccc1COc1cnc(N2CCN(C(=O)OC(C)(C)C)CC2)nc1,8c792d10a95f4cf7,9
,,,COc1ccccc1C[C@@H](C(=O)O)N1CCC(CN2CCC(Oc3ccc(Cl)c(Cl)c3)CC2)CC1,70ba35d81f8c7d53,2
,,,C[C@@H]1CN(c2nc(C(F)(F)F)no2)CCN1c1ncc(OCc2ccncc2C#N)cn1,9ddf6bcff8c62350,5
,,,NS(=O)(=O)c1ccc(Nc2nccc(-c3cnc4ccccn34)n2)cc1,31251c920e982b40,8
,,,CC/C(=C(\c1ccccc1)c1ccc(/C=C/C(=O)O)cc1)c1ccccc1,b919f82f6550c435,8
(z)-thiothixene,DTXSID2091542,3313-26-6,CN1CCN(CC/C=C2/c3ccccc3Sc3ccc(S(=O)(=O)N(C)C)cc32)CC1,7f8ec96dd4aed654,4
"2-hydroxy-1,2-diphenyl-1-propanone",DTXSID20322650,5623-26-7,CC(O)(C(=O)c1ccccc1)c1ccccc1,f710b5c3f991510c,6
zm 230487,DTXSID70165998,155944-23-3,CCn1c(=O)ccc2cc(COc3cc(F)cc(C4(OC)CCOCC4)c3)ccc21,b0e30f48bb1be396,3
1-phenyl-2-(phenylsulphonyl)ethan-1-one,DTXSID20187660,3406-03-9,O=C(CS(=O)(=O)c1ccccc1)c1ccccc1,9dacb292f9705367,8
cp 547632,DTXSID00179866,252003-65-9,NC(=O)c1c(OCc2c(F)cc(Br)cc2F)nsc1NC(=O)NCCCCN1CCCC1,b7efc40fa3d66859,6
rucaparib,DTXSID10182563,283173-50-2,CNCc1ccc(-c2[nH]c3cc(F)cc4c3c2CCNC4=O)cc1,d79260410f79c07f,19
zstk474,DTXSID30197179,475110-96-4,FC(F)c1nc2ccccc2n1-c1nc(N2CCOCC2)nc(N2CCOCC2)n1,48e393627acf15ca,4
,,,N#CC1(NC(=O)[C@@H]2CCCC[C@H]2C(=O)N2CCc3oc4ccccc4c3C2)CC1,dcd4a1cb957741fa,1
"n-(2,3-difluorophenyl)-2-[3-[[7-[3-[ethyl(2-hydroxyethyl)amino]propoxy]-6-methoxyquinazolin-4-yl]amino]-1h-pyrazol-5-yl]acetamide",DTXSID701026377,NOCAS_1026377,CCN(CCO)CCCOc1cc2ncnc(Nc3cc(CC(=O)Nc4cccc(F)c4F)[nH]n3)c2cc1OC,d5af3f55b70ab2e1,3
,,,CS(=O)(=O)C1(c2cc(N3CC4CCC(C3)O4)nc(-c3cccc4[nH]ccc34)n2)CC1,624719baf2b864d4,10
4-anilinoquinazoline,DTXSID20314737,34923-95-0,c1ccc(Nc2ncnc3ccccc23)cc1,b058773f9e4a133a,3
,,,C[C@@H]1CN(C(=O)OC(C)(C)C)CCN1c1ncc(OCc2ccc(C#N)cc2)cn1,ef23c30663f9b109,6
pf-915275,DTXSID00235037,857290-04-1,N#Cc1ccc(-c2ccc(S(=O)(=O)Nc3cccc(N)n3)cc2)cc1,6ebdd48c1d3fd219,8
,,,CCCSc1ncccc1C(=O)N(C)C1CCCCC1,eb5fec86fb80fb86,7
,,,CC(C)(C)OC(=O)N1CCN(c2cnc(OCc3ccc(S(C)(=O)=O)cc3)cn2)CC1,6b75753f2b343c56,2
,,,O=C(Nc1cccc(O)c1)c1ccc(OCCCN2CCCC2)cc1OCc1cccc(F)c1,50505a34e97695c9,7
valdecoxib,DTXSID6044226,181695-72-7,Cc1onc(-c2ccccc2)c1-c1ccc(S(N)(=O)=O)cc1,7ca51010b13725dc,4
,,,C[C@@H]1CN(C(=O)OC(C)(C)C)CCN1c1ncc(OCC2CCN(S(C)(=O)=O)CC2)cn1,4eb73c492bca0479,2
nilutamide,DTXSID3034165,63612-50-0,CC1(C)NC(=O)N(c2ccc([N+](=O)[O-])c(C(F)(F)F)c2)C1=O,8a1c18d10164aa41,8
,,,COc1cc(N2CC3COCC(C2)N3)ccc1Nc1ncc(Cl)c(-c2cnc3ccccn23)n1,39d0d86af98b89e6,4
,,,CS(=O)(=O)Cc1cc(N2CCOCC2)nc(-c2ccc(NS(C)(=O)=O)cc2)n1,f8d574c6a61955c7,7
,,,COc1cc2ncnc(Nc3cc(NC(=O)c4ccnc(N5CCOCC5)c4)ccc3C)c2cc1OCCN(C(C)C)C(C)C,eb779e938d62a11b,2
,,,O=C(O)CCC[C@@H]1c2ccccc2C[C@H]1NC(=O)c1cc2cc(F)ccc2[nH]1,df29fe8336f6b604,3
"[2,5-dimethyl-3-(8-methyl-4-quinolinyl)-1h-indol-1-yl]acetic acid",DTXSID401352357,629645-40-5,Cc1ccc2c(c1)c(-c1ccnc3c(C)cccc13)c(C)n2CC(=O)O,32d635ba1e7ea309,7
,,,Cc1cc(COc2cnc(N3CCN(C(=O)OC(C)(C)C)CC3)nc2)ccn1,c5e2276836fcdad4,8
,,,COc1cc(N2CCN(C(=O)[C@@H]3CCCC[C@H]3C(=O)NC3(C#N)CC3)[C@H](C)C2)ccc1C1CC1,f3be5d792714f801,3
apitolisib,DTXSID50145738,1032754-93-0,Cc1c(CN2CCN(C(=O)[C@H](C)O)CC2)sc2c(N3CCOCC3)nc(-c3cnc(N)nc3)nc12,33a207861b926dcc,3
,,,N#CC1(NC(=O)[C@@H]2CCCC[C@H]2C(=O)N2CCN(c3nc(-c4ccccc4)cs3)CC2)CC1,30e5f4d7224c81fb,2
,,,OC1(c2ccc(F)cc2)CCN(c2ccc3nnc(C(F)(F)F)n3n2)CC1,1a2e27a8f1d2c388,9
probenecid,DTXSID9021188,57-66-9,CCCN(CCC)S(=O)(=O)c1ccc(C(=O)O)cc1,6a36aebd36611793,22
ro-4584820,DTXSID30225143,741713-40-6,COc1ccc(F)c(F)c1C(=O)c1cnc(NC2CCN(S(C)(=O)=O)CC2)nc1N,9b04dde4773d9101,4
tacrine,DTXSID1037272,321-64-2,Nc1c2c(nc3ccccc13)CCCC2,8a95519077e8910e,2
,,,COc1ccc(COc2nc(Br)cnc2NS(=O)(=O)c2ccc(C)cc2)cc1OCCN(C)C,633dbb7ae8948f44,11
"1-propanone, 1,3-diphenyl-",DTXSID7061481,1083-30-3,O=C(CCc1ccccc1)c1ccccc1,3662f09438c4a3da,9
,,,C[C@@H]1CN(c2noc(C3CC3)n2)CCN1c1ncc(OCc2ccncc2C#N)cn1,6c3cd7d224409219,8
,,,Cc1nc(C)c(-c2ccc3c(c2)CC[C@]32CC[C@@H](CC(=O)O)CC2)nc1C(N)=O,b090b0585dd5d8e1,3
,,,CS(=O)(=O)c1ccc2c3c([nH]c2c1)CCN(C(=O)[C@@H]1CCCC[C@H]1C(=O)NC1(C#N)CC1)C3,aadde58c5e645635,5
ly294002,DTXSID6042650,154447-36-6,O=c1cc(N2CCOCC2)oc2c(-c3ccccc3)cccc12,941147195dee6f41,4
,,,Cc1ncc(-c2ccnc(Nc3ccc(N4CCOCC4)cc3)n2)n1C(C)C,a30876b783c3211c,7
"trans-4-[4-(4-amino-7,8-dihydro-5-oxopyrimido[5,4-f][1,4]oxazepin-6(5h)-yl)phenyl]cyclohexaneacetic acid",DTXSID90677361,1109276-89-2,Nc1ncnc2c1C(=O)N(c1ccc([C@H]3CC[C@H](CC(=O)O)CC3)cc1)CCO2,8d5c6399cd9d83b6,2
resiquimod,DTXSID7040603,144875-48-9,CCOCc1nc2c(N)nc3ccccc3c2n1CC(C)(C)O,069d2bcb3f8bba18,7
,,,C[C@@H](Oc1cccc2ncnc(Nc3ccc4c(cnn4Cc4ccccn4)c3)c12)C(=O)N(C)C,535b93e1ac0deaac,6
,,,CC(=O)N1CCN(CCOc2ccc(C3(O)CCN(c4ccc5nnc(C(F)(F)F)n5n4)CC3)cc2)CC1,fa271554821e37c1,6
tofimilast,DTXSID20870166,185954-27-2,CCc1nn(C2CCCC2)c2c1CCn1c(-c3cccs3)nnc1-2,54714caefb28b7a3,14
,,,N#CCNC(=O)[C@@H]1CCCC[C@H]1C(=O)N1CCc2ccccc2C1,6ca0ce9cc819f644,1
"2-{[4-amino-3-(3-fluoro-4-hydroxyphenyl)-1h-pyrazolo[3,4-d]pyrimidin-1-yl]methyl}-5-methyl-3-(2-methylphenyl)-4(3h)-quinazolinone",DTXSID701351960,1133837-31-6,Cc1ccccc1-n1c(Cn2nc(-c3ccc(O)c(F)c3)c3c(N)ncnc32)nc2cccc(C)c2c1=O,50edef0c89f3f9cb,11
,,,N#CC1(NC(=O)[C@@H]2CCCC[C@H]2C(=O)N2CCc3[nH]c4c(F)cccc4c3C2)CC1,11807f27d9dc0e6a,2
compound 401,DTXSID20434626,168425-64-7,O=c1cc(N2CCOCC2)nc2c3ccccc3ccn12,8efc180b99759744,2
,,,N#Cc1ccc(CN2CCN(c3ccc4nnc(C(F)(F)F)n4n3)CC2)cc1,6d92cd59258a823f,5
terguride,DTXSID3045809,37686-84-3,CCN(CC)C(=O)N[C@H]1C[C@@H]2c3cccc4[nH]cc(c34)C[C@H]2N(C)C1,2d43a0e8437ff4d9,3
,,,CS(=O)(=O)Cc1cc(N2CCOCC2)nc(-c2cccc(CO)c2)n1,4fc06adfde3ae0c1,4
thiabendazole,DTXSID0021337,148-79-8,c1ccc2[nH]c(-c3cscn3)nc2c1,156a7e4065d18cde,1
gw1929,DTXSID9043803,196808-24-9,CN(CCOc1ccc(C[C@H](Nc2ccccc2C(=O)c2ccccc2)C(=O)O)cc1)c1ccccn1,f0660ad9de309a6a,5
,,,COc1ccc(N2CCN(C(=O)[C@@H]3CCCC[C@H]3C(=O)NCC#N)CC2)cc1,3e3fcbb3089a308d,1
,,,COc1cccc(-c2c[nH]c(-c3ccccc3)n2)c1,b73f6371455b1c65,4
dicumarol,DTXSID8021729,66-76-2,O=c1oc2ccccc2c(O)c1Cc1c(O)c2ccccc2oc1=O,263adaf546aa5bc6,2
2-(benzyloxy)benzamide,DTXSID40304458,29579-11-1,NC(=O)c1ccccc1OCc1ccccc1,3ee3085ecc22a7e5,4
2-amino-6-ethoxybenzothiazole,DTXSID9024481,94-45-1,CCOc1ccc2nc(N)sc2c1,88bfac9e4d5c2994,6
,,,O=C(Nc1cccc(O)c1)c1ccc(OCCCN2CCCC2)cc1OCc1cscn1,63ebef3e06ee2c7f,2
"((3s)-6-((3-(4-(3-methanesulfonylpropoxy)-2,6-dimethylphenyl]phenyl}methoxy)-2,3-dihydro-1-benzofuran-3-yl)acetic acid",DTXSID601025726,1000413-72-8,Cc1cc(OCCCS(C)(=O)=O)cc(C)c1-c1cccc(COc2ccc3c(c2)OC[C@H]3CC(=O)O)c1,96b63017529e3d35,3
,,,C[C@@H]1CN(C(=O)OC(C)(C)C#N)CCN1c1ncc(OCc2ccncc2C#N)cn1,716dcd8aa0f85a27,6
,,,O=C(O)c1ccc(-n2ncc(C(=O)NC3C4CC5CC(C4)CC3C5)c2C(F)(F)F)cc1,55be01cce3669ba8,9
,,,CC(C)(C)OC(=O)N1CCN(c2ccc(OCc3ccc(S(C)(=O)=O)cc3)cn2)CC1,6a2a4ab1c67d4b02,3
phenthiazamine,DTXSID4043804,2010-06-2,Nc1nc(-c2ccccc2)cs1,281314ef64c5c9d0,2
,,,CCCSc1c(C(=O)NC2CCCCC2)cnn1C,53ded2243b0e8340,6
,,,Cc1ncc(-c2ccnc(Nc3ccc(N4CCN(C(=O)CO)CC4)cc3)n2)n1C(C)C,128f3b99eee2bab9,11
,,,O=C(O)c1cccc(N2CCC(CN3CCC(Oc4ccc(Cl)c(Cl)c4)CC3)CC2)c1,a0debfc44df8eeb7,2
,,,Cc1cnccc1COc1cnc(N2CCN(C(=O)OC(C)(C)C)CC2)nc1,ed493a682916e271,6
,,,O=c1[nH]c2c(O)ccc([C@@H](O)CNCCSCCCNCCc3ccccc3)c2s1,ae4a1f6fa31d8562,4
,,,CC(C)(C)OC(=O)N1CCN(c2ncc(OCc3ccc(S(C)(=O)=O)cc3)cn2)CC1,dcd845323384e59d,1
,,,COc1cc2c(Nc3cnc(NC(=O)c4ccccc4)nc3)ncnc2cc1OCCCN1CCOCC1,e5a38d5ad72325fc,2
,,,O=C1CCC(=O)N1c1cc(Cc2n[nH]c(=O)c3ccccc23)ccc1F,a21e5953a43258bd,11
,,,COCCS(=O)(=O)N1CCN(c2ccc(Nc3nccc(-c4cnc(C)n4C(C)C)n3)cc2)CC1,9a08bbfef830e0a9,9
2-(4-hydroxy-phenyl)-1h-quinolin-4-one,DTXSID10469725,3813-93-2,O=c1cc(-c2ccc(O)cc2)[nH]c2ccccc12,3a03d91f94fc7172,3
,,,N#CC1(NC(=O)[C@@H]2CCCC[C@H]2C(=O)N2CCc3[nH]c4ccc(C(F)(F)F)cc4c3C2)CC1,76f98437279b6987,1
,,,CCN(C(=O)Cc1ccc(S(C)(=O)=O)cc1)C1CCN(CC[C@@H](c2cccc(F)c2)C2CCN(S(C)(=O)=O)CC2)CC1,762e75b0f6b34759,1
,,,CC(C)(C)OC(=O)N1CCN(c2ncc(OCc3ccncc3S(C)(=O)=O)cn2)CC1,46b57a5ee97678b9,5
bgj-398,DTXSID70236238,872511-34-7,CCN1CCN(c2ccc(Nc3cc(N(C)C(=O)Nc4c(Cl)c(OC)cc(OC)c4Cl)ncn3)cc2)CC1,b931e6239a09aae9,12
enclomiphene,DTXSID201318048,15690-57-0,CCN(CC)CCOc1ccc(/C(=C(/Cl)c2ccccc2)c2ccccc2)cc1,9f97fa079b1bd6a6,25
trimipramine,DTXSID8023715,739-71-9,CC(CN(C)C)CN1c2ccccc2CCc2ccccc21,50ef2643bf9669f1,9
,,,CCCSc1ncccc1C(=O)NC1CCC(F)(F)CC1,b4a2c91eccb17ad3,9
,,,Cc1nc(C)c(-c2ccc(C34CCC(CC(=O)O)(CC3)CC4)cc2)nc1C(N)=O,8f4f920aa2638cca,15
4-(1h-indol-3-yl)pyrimidin-2-amine,DTXSID90328003,289628-76-8,Nc1nccc(-c2c[nH]c3ccccc23)n1,5efe9456f1cecda1,4
3-(carbamoylamino)-5-thiophen-3-ylthiophene-2-carboxamide,DTXSID00431097,354810-98-3,NC(=O)Nc1cc(-c2ccsc2)sc1C(N)=O,aa7039f981d62c4a,2
n-[[3-[[3-[[(5-chloro-2-thienyl)sulfonyl]amino]-4-methoxy-1h-indazol-1-yl]methyl]phenyl]methyl]-2-hydroxy-2-methylpropanamide,DTXSID401031224,1240516-71-5,COc1cccc2c1c(NS(=O)(=O)c1ccc(Cl)s1)nn2Cc1cccc(CNC(=O)C(C)(C)O)c1,322209e842d56a48,2
,,,O=C(Nc1cccc(O)c1)c1ccc(OCCCN2CCCC2)cc1OCc1ccccc1,8f4dfa73f025c6a7,10
6-aminoindazole,DTXSID90219962,6967-12-0,Nc1ccc2cn[nH]c2c1,1a7e13c99d47f0e9,1
n-(4-methyl-9-propan-2-ylcarbazol-3-yl)morpholine-4-carboxamide,DTXSID30432395,439861-56-0,Cc1c(NC(=O)N2CCOCC2)ccc2c1c1ccccc1n2C(C)C,3aff663d0e79c3f1,9
,,,CC(C)(C)OC(=O)N1CCC(c2ncc(OCc3ccc(S(C)(=O)=O)cc3)cn2)CC1,8de5fcd2be928392,3
,,,O=C(O)c1ccc(-n2ncc(C(=O)NC3C4CC5CC(C4)CC3C5)c2C2CCC2)cc1,db27245ab262d272,12
mocetinostat,DTXSID80222945,726169-73-9,Nc1ccccc1NC(=O)c1ccc(CNc2nccc(-c3cccnc3)n2)cc1,4779b5df2e287750,2
zileuton,DTXSID9023752,111406-87-2,CC(c1cc2ccccc2s1)N(O)C(N)=O,42df7c7c1626f3f6,9
"n-(2,3-difluorophenyl)-2-[3-[[7-[3-[2-hydroxyethyl(propyl)amino]propoxy]-6-methoxyquinazolin-4-yl]amino]-1h-pyrazol-5-yl]acetamide",DTXSID101026355,NOCAS_1026355,CCCN(CCO)CCCOc1cc2ncnc(Nc3cc(CC(=O)Nc4cccc(F)c4F)[nH]n3)c2cc1OC,b92ea64cf7fb510b,3
,,,COc1cc2c(Nc3ncc(CC(=O)Nc4cccc(F)c4)s3)ncnc2cc1OCCCN1CCC(CO)CC1,7e8f0edc53e1f70f,1
2-amino-5-phenylthiophene-3-carboxamide,DTXSID60351580,4815-35-4,NC(=O)c1cc(-c2ccccc2)sc1N,d7a907283b10f0da,2
,,,CC(C)(C)OC(=O)N1CCN(c2ncc(OCc3c(F)cncc3F)cn2)CC1,c640d0d48cdf4acf,6
,,,C[C@H]1COCCN1c1cc(C2(S(C)(=O)=O)CC2)nc(-c2cccc3[nH]ccc23)n1,3991f62cf6439ccf,5
,,,N#CCNC(=O)[C@@H]1CCCC[C@H]1C(=O)N1CCN(c2ccc(C#N)cc2)CC1,758b8aa75f3b474b,1
,,,CC(C)(C)OC(=O)N1CCN(c2ncc(OCc3ccncc3F)cn2)CC1,df9c05d12dd4d370,5
"1,2-bis(4-fluorophenyl)-2-hydroxyethan-1-one",DTXSID10968142,53458-16-5,O=C(c1ccc(F)cc1)C(O)c1ccc(F)cc1,daddbfd9b595f2ae,2
"n-[1-(3,3-diphenylpropyl)piperidin-4-yl]-n'-phenyl-n-prop-2-en-1-ylurea",DTXSID60658682,821008-04-2,C=CCN(C(=O)Nc1ccccc1)C1CCN(CCC(c2ccccc2)c2ccccc2)CC1,f80cd981dd8123e7,2
,,,CCN(C(=O)Cc1ccc(S(C)(=O)=O)cc1)C1CCN(CCC(c2ccccc2)C2CCN(S(=O)(=O)CC)CC2)CC1,613a8b8ecfd9044a,1
,,,Fc1ccc(CN2CCN(c3ccc4nnc(C(F)(F)F)n4n3)CC2)cc1,bbf787dbe696e711,8
,,,CCN(C(=O)Cc1ccc(S(C)(=O)=O)cc1)C1CCN(CC[C@@H](c2cc(F)cc(F)c2)N2CCN(S(C)(=O)=O)CC2)CC1,727fb4fba41d4f14,3
"10-ethyl-3-methylpyrimido[4,5-b]quinoline-2,4(3h,10h)-dione",DTXSID20313886,59997-14-7,CCn1c2nc(=O)n(C)c(=O)c-2cc2ccccc21,4620aa23574499cb,2
,,,C[C@@H]1CN(C(=O)OC(C)(C)C)CCN1c1ncc(OCc2ccncc2C#N)cn1,7a0e6f141b02f06a,5
,,,COc1cc2c(Nc3ccc(Cl)cc3F)ncnc2cc1OCCCN1CCOCC1,37d796d2c4dbb0e4,1
,,,C[C@H](C#N)NC(=O)[C@@H]1CCCC[C@H]1C(=O)N1CCc2[nH]c3ccc(F)cc3c2C1,358b261c5dbf1eaa,2
,,,N#CC1(NC(=O)[C@@H]2CCCC[C@H]2C(=O)N2CCc3[nH]c4c(OC(F)(F)F)cccc4c3C2)CC1,6a9d81a8da8be683,6
,,,C[C@@H]1CN(C(=O)OCC(F)(F)F)CCN1c1ncc(OCc2ccncc2C#N)cn1,ff2c7eb1b5117e15,6
,,,O=C(O)[C@H](Cc1ccc(F)cc1)N1CCC(CN2CCC(Oc3ccc(Cl)c(Cl)c3)CC2)CC1,cca69205e8b9ebc7,2
pha-680632,DTXSID10460035,398493-79-3,CCc1cccc(CC)c1NC(=O)N1Cc2[nH]nc(NC(=O)c3ccc(N4CCN(C)CC4)cc3)c2C1,3b722e13de266835,2
,,,Cc1ccc(Oc2ccc(Nc3ncnc4cccc(O[C@H](C)C(=O)N(C)CCO)c34)cc2C)cn1,49c8a3e93e65bb50,10
panobinostat,DTXSID40193506,404950-80-7,Cc1[nH]c2ccccc2c1CCNCc1ccc(/C=C/C(=O)NO)cc1,d59d48b469f1fc0a,4
2-phenoxy-1-phenylethan-1-one,DTXSID80992818,721-04-0,O=C(COc1ccccc1)c1ccccc1,22f211a29d96c150,2
,,,Fc1ccc(CN2CCN(C3=Nn4c(nnc4C(F)(F)F)CC3)CC2)cc1,24d07b93b2d3f2c6,4
"4-(methylsulfanyl)-6-phenyl-1,3,5-triazin-2-amine",DTXSID20488220,14945-93-8,CSc1nc(N)nc(-c2ccccc2)n1,5bd459de3ca77516,2
,,,CN(C)CCCNS(=O)(=O)c1ccc(Nc2nccc(-c3cnc4cccnn34)n2)cc1,a23d809c01e32286,7
pazopanib,DTXSID8048733,444731-52-6,Cc1ccc(Nc2nccc(N(C)c3ccc4c(C)n(C)nc4c3)n2)cc1S(N)(=O)=O,856d682425ac2239,3
n-(5-bromo-3-methoxy-2-pyrazinyl)-5-chloro-2-thiophenesulfonamide,DTXSID201352337,548792-80-9,COc1nc(Br)cnc1NS(=O)(=O)c1ccc(Cl)s1,244c5170af97e903,7
,,,N#CC1(NC(=O)[C@@H]2CCCC[C@H]2C(=O)N2CCc3[nH]c4ncccc4c3C2)CC1,1b6a429dfa820307,2
,,,C[C@H]1CN(C(=O)OC(C)(C)C)CCN1c1ncc(OCc2ccc(S(C)(=O)=O)cc2)cn1,880c885df5aeb4d9,11
"thiazole, 2-amino-5-methyl-4-phenyl-",DTXSID60184734,30709-67-2,Cc1sc(N)nc1-c1ccccc1,4ea31f2ff9b301fe,2
su5402,DTXSID90415361,215543-92-3,Cc1c[nH]c(/C=C2\C(=O)Nc3ccccc32)c1CCC(=O)O,0e275bd74e9c12b4,10
,,,COc1ccc2[nH]c3c(c2c1)CN(C(=O)[C@@H]1CCCC[C@H]1C(=O)NC1(C#N)CC1)CC3,18649a8e8baf1fca,1
,,,C[C@@H]1CN(C(=O)OC(C)(C)C)CCN1c1ncc(OCc2ccc(S(C)(=O)=O)cc2F)cn1,b2d20c96f1c304c9,5
,,,N#CC1(NC(=O)[C@@H]2CCCC[C@H]2C(=O)N2CCc3[nH]c4c(Br)cccc4c3C2)CC1,3c3400240d5b82c6,1
,,,CCCSc1nc(Oc2ccc(CC(=O)O)cc2)ccc1C(=O)NC1CCCCC1,c0b82b6d621be4b3,4
,,,N#CC1(NC(=O)[C@@H]2CCCC[C@H]2C(=O)N2CCc3[nH]c4ccccc4c3C2)CC1,bb6e441f3eace9d6,1
"n-[(4′-hydroxy[1,1′-biphenyl]-3-yl)methyl]-3-[2-[[(2r)-2-hydroxy-2-[4-hydroxy-3-[(methylsulfonyl)amino]phenyl]ethyl]amino]-2-methylpropyl]benzeneacetamide",DTXSID501099960,862541-45-5,CC(C)(Cc1cccc(CC(=O)NCc2cccc(-c3ccc(O)cc3)c2)c1)NC[C@H](O)c1ccc(O)c(NS(C)(=O)=O)c1,62191cbe3f8e76c0,1
,,,CC(C)c1nc(N2CCN(c3ncc(OCc4ccncc4C#N)cn3)[C@H](C)C2)no1,0a096582683a6c47,8
4-(thiophen-2-yl)pyrimidin-2-amine,DTXSID50377431,154321-60-5,Nc1nccc(-c2cccs2)n1,d9c362d687f3cd31,2
"4,5-dihydro-1-(3-(trifluoromethyl)phenyl)-1h-pyrazol-3-amine",DTXSID30216213,66000-40-6,NC1=NN(c2cccc(C(F)(F)F)c2)CC1,fb5dda1f8abd7ebb,4
"3-(imidazo[1,2-a]pyridin-3-yl)-4-[2-(4-morpholinylcarbonyl)-1,2,3,4-tetrahydro[1,4]diazepino[6,7,1-hi]indol-7-yl]-1h-pyrrole-2,5-dione",DTXSID201352351,603281-31-8,O=C1NC(=O)C(c2cnc3ccccn23)=C1c1cn2c3c(cccc13)CN(C(=O)N1CCOCC1)CC2,9933ae69a9df74b9,3
"6-[4-[(4-ethylpiperazin-1-yl)methyl]phenyl]-n-[(1r)-1-phenylethyl]-7h-pyrrolo[2,3-d]pyrimidin-4-amine",DTXSID90964400,497839-62-0,CCN1CCN(Cc2ccc(-c3cc4c(N[C@H](C)c5ccccc5)ncnc4[nH]3)cc2)CC1,bbbeb722ff177207,3
,,,COc1cc(N2CC3CNCC(C2)O3)ccc1Nc1ncc(Cl)c(-c2cnc3ccccn23)n1,241dc71931ca2dbf,5
2-chloro-n-(2-hydroxyphenyl)-5-nitrobenzamide,DTXSID30401768,16398-07-5,O=C(Nc1ccccc1O)c1cc([N+](=O)[O-])ccc1Cl,efea08244d2e13d2,6
,,,Cc1nc(C)c(-c2ccc([C@H]3CC[C@H](CCC(=O)O)CC3)cc2)nc1C(N)=O,d0d8bb4929600e05,3
tadalafil,DTXSID9046786,171596-29-5,CN1CC(=O)N2[C@H](c3ccc4c(c3)OCO4)c3[nH]c4ccccc4c3C[C@@H]2C1=O,37ac5c59a7d896e0,4
,,,O=C(O)[C@H](Cc1cccc(F)c1)N1CCC(CN2CCC(Oc3ccc(Cl)c(Cl)c3)CC2)CC1,7505704ea62942c6,2
m-475271,DTXSID00197222,476159-98-5,COc1ccc(Cl)c(Nc2ncnc3cc(OCC4CCN(C)CC4)c(OC)cc23)c1,7ab539a126a80a5b,3
7-ethoxycoumarin,DTXSID30184983,31005-02-4,CCOc1ccc2ccc(=O)oc2c1,79e1142f217ff083,6
"6-[[3,5-bis(phenylmethoxy)benzoyl]amino]pyridine-3-carboxylic acid",DTXSID30436272,480463-51-2,O=C(O)c1ccc(NC(=O)c2cc(OCc3ccccc3)cc(OCc3ccccc3)c2)nc1,c19dd15068be61be,6
,,,CC(C)N(CCC(C(N)=O)(c1ccccc1)c1ccccn1)C(C)C,7e24e7a5d0f1356a,7
imiquimod,DTXSID7041047,99011-02-6,CC(C)Cn1cnc2c(N)nc3ccccc3c21,e85a2cf005eb4e36,6
,,,CN(C)CCNc1cc(-c2ccccc2)nc2cc(-c3ccc(F)cc3)nn12,2a1772148c821ed4,16
,,,Cc1ncc(-c2ccc([C@H]3CC[C@H](CC(=O)O)CC3)cc2)nc1C(N)=O,39864f2d14aa9a15,2
"propan-2-yl 4-[1-(2-fluoro-4-methylsulfonylphenyl)pyrazolo[3,4-d]pyrimidin-4-yl]oxypiperidine-1-carboxylate",DTXSID701025686,832714-46-2,CC(C)OC(=O)N1CCC(Oc2ncnc3c2cnn3-c2ccc(S(C)(=O)=O)cc2F)CC1,e8ab73d420e675ae,5
"2h-pyrano[3,2-g]quinolin-2-one, 6,7,8,9-tetrahydro-4-methyl-",DTXSID0069620,62669-73-2,Cc1cc(=O)oc2cc3c(cc12)CCCN3,f135968316c64004,2
,,,O=C(O)[C@H](Cc1ccccc1)N1CCC(CN2CCC(Oc3ccc(Cl)c(Cl)c3)CC2)CC1,dba3c248243b386a,2
,,,CN(C)CCNS(=O)(=O)c1ccc(Nc2nccc(-c3cnc4ccccn34)n2)cc1,df516eaf743b5b47,6
"4-[(2,4-dichloro-5-methoxyphenyl)amino]-6-methoxy-7-[3-(4-methyl-1-piperazinyl)propoxy]-3-quinolinecarbonitrile",DTXSID10861568,380843-75-4,COc1cc(Nc2c(C#N)cnc3cc(OCCCN4CCN(C)CC4)c(OC)cc23)c(Cl)cc1Cl,8c74924c5f690224,2
brivanib alaninate,DTXSID20215295,649735-63-7,Cc1cc2c(F)c(Oc3ncnn4cc(OC[C@@H](C)OC(=O)[C@H](C)N)c(C)c34)ccc2[nH]1,8e7f0dc8e49f79e0,14
,,,CC(C)c1ccc2[nH]c3c(c2c1)CN(C(=O)[C@@H]1CCCC[C@H]1C(=O)NC1(C#N)CC1)CC3,64ceece4c124394b,4
phenyl morpholine-4-carboxylate,DTXSID60312631,69630-20-2,O=C(Oc1ccccc1)N1CCOCC1,44979d0f857f0d3c,4
,,,C[C@H]1COCCN1c1cc(CS(C)(=O)=O)nc(-c2ccc3[nH]ccc3c2)n1,e72af874f08f9539,4
,,,CCN(C(=O)Cc1ccc(S(C)(=O)=O)cc1)C1CCN(CCC(c2ccccc2)N2CCN(c3cccc(F)c3)CC2)CC1,a53f268e31c0d3bf,3
dansylamide,DTXSID70162306,1431-39-6,CN(C)c1cccc2c(S(N)(=O)=O)cccc12,71d815cafe76a269,5
gsk-256066,DTXSID30230090,801312-28-7,COc1cccc(Nc2c(C(N)=O)cnc3c(C)cc(S(=O)(=O)c4cccc(C(=O)N(C)C)c4)cc23)c1,32faf64962d201d9,5
,,,Cc1nc(C)c(-c2ccc([C@H]3CC[C@@H](CC(=O)O)CC3)c(F)c2)nc1C(N)=O,954d772886774165,9
,,,CC1(C)Oc2ncnc(N)c2N=C1c1ccc([C@H]2CC[C@H](CC(=O)O)CC2)cc1,78e0dd0ec76dd782,1
"benzamide, n-(5-methyl-1h-pyrazol-3-yl)-",DTXSID90401188,52566-42-4,Cc1cc(NC(=O)c2ccccc2)n[nH]1,ea7cb92cc9ee090e,2
(1h-indol-2-yl)(4-methylpiperazin-1-yl)methanone,DTXSID80398896,73187-30-1,CN1CCN(C(=O)c2cc3ccccc3[nH]2)CC1,866c223095c5b9cb,5
dacomitinib,DTXSID50149493,1110813-31-4,COc1cc2ncnc(Nc3ccc(F)c(Cl)c3)c2cc1NC(=O)/C=C/CN1CCCCC1,c2a15644d03f080f,2
"3-amino-5-[2-(diethylamino)ethyl]-5h-pyrido[4,3-b]indole-4-carbonitrile",DTXSID101352291,371129-59-8,CCN(CC)CCn1c2ccccc2c2cnc(N)c(C#N)c21,af8ce9eb857d9c94,20
"2-[1-(3,4-dihydroisoquinolin-2(1h)-yl)-1-oxopropan-2-yl]-1h-isoindole-1,3(2h)-dione",DTXSID70389657,6045-64-3,CC(C(=O)N1CCc2ccccc2C1)N1C(=O)c2ccccc2C1=O,9f0bf78bdf570313,2
,,,CNC(=O)c1cc(-c2nc(N3CCOCC3)cc(C3(S(C)(=O)=O)CC3)n2)c2cc[nH]c2c1,076793ec4e822c14,6
,,,CC(C)c1noc(N2CCN(c3ncc(OCc4ccncc4C#N)cn3)[C@H](C)C2)n1,a32295d23e1b020e,9
2-methyl-4'-(methylthio)-2-morpholinopropiophenone,DTXSID8038857,71868-10-5,CSc1ccc(C(=O)C(C)(C)N2CCOCC2)cc1,0827fe7b02d5944b,9
,,,CCCSc1nc(N2CCC(C(=O)O)CC2)ccc1C(=O)NC1CCCCC1,b864d6b0659508e1,3
ms-275,DTXSID0041068,209783-80-2,Nc1ccccc1NC(=O)c1ccc(CNC(=O)OCc2cccnc2)cc1,403de24aee532794,3
"1,3-diethyl-8-phenylxanthine",DTXSID80877797,75922-48-4,CCn1c(=O)c2nc(-c3ccccc3)[nH]c2n(CC)c1=O,f2da2aefc823073a,4
,,,CCN(C(=O)Cc1ccc(S(C)(=O)=O)cc1)C1CCN(CC[C@H](c2ccc(S(C)(=O)=O)cc2)c2cc(F)cc(F)c2)CC1,0773920f137b4099,2
,,,COc1cc2ncnc(Nc3cccc(Cl)c3F)c2cc1OC1CCN(CC(N)=O)CC1,c723cbc1d954c713,4
trans-4-[4-[5-[[6-(trifluoromethyl)-3-pyridinyl]amino]-2-pyridinyl]phenyl]cyclohexaneacetic acid,DTXSID401026085,956136-95-1,O=C(O)C[C@H]1CC[C@H](c2ccc(-c3ccc(Nc4ccc(C(F)(F)F)nc4)cn3)cc2)CC1,84eec99ce3ea695d,3
seliciclib,DTXSID20171928,186692-46-6,CC[C@H](CO)Nc1nc(NCc2ccccc2)c2ncn(C(C)C)c2n1,db2a5e424ae14883,2
,,,N#CC1(NC(=O)[C@@H]2CCCC[C@H]2C(=O)N2CCc3[nH]c4ccc(F)cc4c3C2)CC1,a245e75d42b9a447,3
,,,N#CC1(NC(=O)[C@@H]2CCCC[C@H]2C(=O)N2CCc3[nH]c4c(C(F)(F)F)cccc4c3C2)CC1,bfa651f4b81b9946,6
,,,Cc1nc(N2CCN(c3ncc(OCc4ccncc4C#N)cn3)[C@H](C)C2)no1,6f4227055043de7e,9
ethyl 4-{2-[1-(6-methylpyridazin-3-yl)piperidin-4-yl]ethoxy}benzoate,DTXSID00869699,124436-59-5,CCOC(=O)c1ccc(OCCC2CCN(c3ccc(C)nn3)CC2)cc1,58ff4e00ab9eb3b4,10
bumetanide,DTXSID5022699,28395-03-1,CCCCNc1cc(C(=O)O)cc(S(N)(=O)=O)c1Oc1ccccc1,8a7276c7687f81a3,12
,,,CN1CCC(c2cc(N3CCOCC3)nc(-c3cccc4[nH]ccc34)n2)(S(C)(=O)=O)CC1,be84520b3ced5f58,5
bi 2536,DTXSID20226442,755038-02-9,CC[C@@H]1C(=O)N(C)c2cnc(Nc3ccc(C(=O)NC4CCN(C)CC4)cc3OC)nc2N1C1CCCC1,5f179f9c10953686,1
"4-(2-furanylcarbonyl)-3,4-dihydro-2(1h)-quinoxalinone",DTXSID901216499,148858-05-3,O=C1CN(C(=O)c2ccco2)c2ccccc2N1,a3f9bd22531ce0eb,6
cpg-52852,DTXSID20201416,532959-63-0,CCc1nc2c(N)nc3ccccc3c2n1CCCCNS(C)(=O)=O,84a12f809db64338,10
4-phenylpyrimidin-2-amine,DTXSID00344678,2305-87-5,Nc1nccc(-c2ccccc2)n1,994f910ba9a12ee7,2
,,,CS(=O)(=O)c1ccc(N2CCN(C(=O)[C@@H]3CCCC[C@H]3C(=O)NCC#N)CC2)cc1,58cf4c8b9c346c9e,8
"4-cyclopropyl-9-{[4-(7-quinolinyl)phenyl]sulfonyl}-1-oxa-4,9-diazaspiro[5.5]undecan-3-one",DTXSID401352052,1375105-96-6,O=C1COC2(CCN(S(=O)(=O)c3ccc(-c4ccc5cccnc5c4)cc3)CC2)CN1C1CC1,96e6ad2c572f114b,8
3-phenyl-1h-isochromen-1-one,DTXSID60319004,4809-08-9,O=c1oc(-c2ccccc2)cc2ccccc12,92d5a2b48796570f,2
"6,7-dimethoxy-n-phenyl-4-quinazolinamine",DTXSID80274409,21561-09-1,COc1cc2ncnc(Nc3ccccc3)c2cc1OC,fc9c345e314f2d51,2
,,,Cc1cccc2c3c([nH]c12)CCN(C(=O)[C@@H]1CCCC[C@H]1C(=O)NC1(C#N)CC1)C3,2bfe80a5dec7b0a4,4
"1,1-dimethylethyl 4-[[3-(4-pyridinyl)-1,2,4-oxadiazol-5-yl]methoxy]-1-piperidinecarboxylate",DTXSID80466726,857652-30-3,CC(C)(C)OC(=O)N1CCC(OCc2nc(-c3ccncc3)no2)CC1,603b466cadfffe3d,4
"6-amino-n-{3-[4-(morpholin-4-yl)pyrido[3',2':4,5]furo[3,2-d]pyrimidin-2-yl]phenyl}pyridine-3-carboxamide",DTXSID90433303,371942-69-7,Nc1ccc(C(=O)Nc2cccc(-c3nc(N4CCOCC4)c4oc5ncccc5c4n3)c2)cn1,668e5ea8c27cd2aa,9
,,,COCCNS(=O)(=O)c1ccc(Nc2nccc(-c3cnc4cccnn34)n2)cc1,2d7592bc619bbae2,10
,,,CCN(C(=O)Cc1ccc(S(C)(=O)=O)cc1)C1CCN(CC[C@@H](c2ccccc2)N2CCN(S(=O)(=O)CC(F)(F)F)CC2)CC1,6c7ffb0c1869604a,1
metronidazole,DTXSID2020892,443-48-1,Cc1ncc([N+](=O)[O-])n1CCO,6e1c2dcfef940f6a,7
,,,Cc1nc(C)c(-c2ccc3c(c2)CC[C@]32CC[C@@H](Cc3nnn[nH]3)CC2)nc1C(N)=O,c0011ef87735cc21,6
"5-[7-(methanesulfonyl)-2-(morpholin-4-yl)-6,7-dihydro-5h-pyrrolo[2,3-d]pyrimidin-4-yl]pyrimidin-2-amine",DTXSID40678540,1007207-67-1,CS(=O)(=O)N1CCc2c(-c3cnc(N)nc3)nc(N3CCOCC3)nc21,1f6e2baaddae2099,6
,,,C[C@@H]1CN(C(=O)OCC(F)F)CCN1c1ncc(OCc2ccncc2C#N)cn1,971cc95287620964,9
galunisertib,DTXSID00220362,700874-72-2,Cc1cccc(-c2nn3c(c2-c2ccnc4ccc(C(N)=O)cc24)CCC3)n1,470dfdef5a73646b,10
,,,Cc1noc2cc(N3CCN(C(=O)[C@@H]4CCCC[C@H]4C(=O)NC4(C#N)CC4)[C@H](C)C3)ccc12,6adf35f04574236b,1
"4-cyclopropyl-9-{[4-(6-isoquinolinyl)phenyl]sulfonyl}-1-oxa-4,9-diazaspiro[5.5]undecan-3-one",DTXSID101352053,1375106-51-6,O=C1COC2(CCN(S(=O)(=O)c3ccc(-c4ccc5cnccc5c4)cc3)CC2)CN1C1CC1,c26b5aacdf47ecc8,8
,,,O=C(Nc1cccc(O)c1)c1ccc(OCCCN2CCCC2)cc1OCc1ccccn1,7e95f614eb207c88,5
,,,Cc1cc(OC2CCN(CC3CCN([C@@](C)(Cc4ccc(F)cc4)C(=O)O)CC3)CC2)ccc1Cl,31a977d8f92793e6,1
amanozine,DTXSID5046190,537-17-7,Nc1ncnc(Nc2ccccc2)n1,a32d04398634e98b,2
wz-4002,DTXSID30153230,1213269-23-8,C=CC(=O)Nc1cccc(Oc2nc(Nc3ccc(N4CCN(C)CC4)cc3OC)ncc2Cl)c1,cc69bee8c6ae729e,4
doxylamine,DTXSID1022970,469-21-6,CN(C)CCOC(C)(c1ccccc1)c1ccccn1,b10bd080ea77d44d,11
"2-(6-chloro-5-{4-[(4-fluorophenyl)methyl]-2,5-dimethylpiperazine-1-carbonyl}-1-methyl-1h-indol-3-yl)-n,n-dimethyl-2-oxoacetamide",DTXSID10953119,309913-83-5,C[C@@H]1CN(Cc2ccc(F)cc2)[C@@H](C)CN1C(=O)c1cc2c(C(=O)C(=O)N(C)C)cn(C)c2cc1Cl,a3c2656555869c7a,6
"4-[4-(4-methoxyphenyl)-5-methyl-1h-pyrazol-3-yl]benzene-1,3-diol",DTXSID201356977,394237-61-7,COc1ccc(-c2c(-c3ccc(O)cc3O)n[nH]c2C)cc1,a368d74a3eb8396a,6
ku-0063794,DTXSID50239782,938440-64-3,COc1ccc(-c2ccc3c(N4CCOCC4)nc(N4C[C@@H](C)O[C@@H](C)C4)nc3n2)cc1CO,ec1c18a9a025cb9e,7
"(2r)-3-cyclopentyl-2-[4-(methanesulfonyl)phenyl]-n-(1,3-thiazol-2-yl)propanamide",DTXSID001356888,300353-13-3,CS(=O)(=O)c1ccc([C@@H](CC2CCCC2)C(=O)Nc2nccs2)cc1,e587177db2a9f57e,7
,,,N#Cc1ccccc1COc1cc(OCCCN2CCCC2)ccc1C(=O)Nc1cccc(O)c1,5821c7dea007c22b,6
bitolterol,DTXSID1022683,30392-40-6,Cc1ccc(C(=O)Oc2ccc(C(O)CNC(C)(C)C)cc2OC(=O)c2ccc(C)cc2)cc1,c424fd110a67a58c,9
triprolidine,DTXSID3023718,486-12-4,Cc1ccc(/C(=C\CN2CCCC2)c2ccccn2)cc1,764371d5e01347ad,13
,,,N#CCNC(=O)[C@@H]1CCCC[C@H]1C(=O)N1CCN(c2ccccc2)CC1,c515926c37ce1fd2,4
,,,O=S(=O)(Cc1cc(N2CCOCC2)nc(-c2ccccn2)n1)c1ccc(F)cc1,caf70fc647d8baaa,9
n-benzylquinazolin-4-amine,DTXSID601015644,100818-54-0,c1ccc(CNc2ncnc3ccccc23)cc1,b060dd923ce23355,3
tacedinaline,DTXSID60150095,112522-64-2,CC(=O)Nc1ccc(C(=O)Nc2ccccc2N)cc1,8623467f44f8089b,3
tozasertib,DTXSID10213609,639089-54-6,Cc1cc(Nc2cc(N3CCN(C)CC3)nc(Sc3ccc(NC(=O)C4CC4)cc3)n2)n[nH]1,5fe608031fa10c30,3
tanaproget,DTXSID00184556,304853-42-7,Cn1c(C#N)ccc1-c1ccc2c(c1)C(C)(C)OC(=S)N2,7d7e10e3775f17c7,4
,,,CCN(C(=O)Cc1ccc(S(C)(=O)=O)cc1)C1CCN(CC[C@@H](c2ccccc2)C2CCN(S(=O)(=O)C(F)(F)F)CC2)CC1,f4814dbcdb4ad70d,2
levamisole,DTXSID4023206,14769-73-4,c1ccc([C@H]2CN3CCSC3=N2)cc1,7ca4d4f1636fe508,2
flumequine,DTXSID5045623,42835-25-6,CC1CCc2cc(F)cc3c(=O)c(C(=O)O)cn1c23,c3f78176de830ce7,6
"n-(2,3-difluorophenyl)-2-[3-[[7-[3-[2-hydroxyethyl(2-methylpropyl)amino]propoxy]-6-methoxyquinazolin-4-yl]amino]-1h-pyrazol-5-yl]acetamide",DTXSID901026466,NOCAS_1026466,COc1cc2c(Nc3cc(CC(=O)Nc4cccc(F)c4F)[nH]n3)ncnc2cc1OCCCN(CCO)CC(C)C,a2a65f0c86608ec4,2
,,,CC(=O)N[C@@H]1CCN(c2ccc(Nc3ncc(F)c(-c4cnc(C)n4C(C)C)n3)cc2)C1,85f17533f4e2eece,14
,,,CCCSc1nc(N2CCC[C@H](CC(=O)O)C2)ccc1C(=O)NC1CCCCC1,3f8908b3696fbb10,2
,,,C[C@@H]1CN(c2noc(C(F)F)n2)CCN1c1ncc(OCc2ccncc2C#N)cn1,40ec398bd23dcdf4,7
mls002706663,DTXSID20297551,65103-48-2,c1ccc(N2CC3COc4ccccc4C3=N2)cc1,33d832cadf7a33d4,2
"[4,6-bis(dimethylamino)-2-{4-[4-(trifluoromethyl)benzamido]benzyl}-5-pyrimidinyl]acetic acid",DTXSID701351910,1093108-50-9,CN(C)c1nc(Cc2ccc(NC(=O)c3ccc(C(F)(F)F)cc3)cc2)nc(N(C)C)c1CC(=O)O,0c340952f4b1751a,3
"2-[(3,4-dimethoxyphenyl)methyl]-2,3,4,9-tetrahydro-1h-pyrido[3,4-b]indole",DTXSID10988567,68861-49-4,COc1ccc(CN2CCc3c([nH]c4ccccc34)C2)cc1OC,ad784fb2074e75a2,5
,,,C[C@@H]1CN(c2noc(C(F)(F)F)n2)CCN1c1ncc(OCc2ccncc2C#N)cn1,5d27eace670b5219,8
,,,N#Cc1ccc(C[C@@H](C(=O)O)N2CCC(CN3CCC(Oc4ccc(Cl)c(Cl)c4)CC3)CC2)cc1,d7b592c811403ae1,3
"n-{3-[(2-chloro-1,3-thiazol-5-yl)methoxy]phenyl}acetamide",DTXSID20377281,453557-52-3,CC(=O)Nc1cccc(OCc2cnc(Cl)s2)c1,42bb70ce8d7fe614,10
,,,C[C@@H]1CN(C(=O)OC(C)(C)C)CCN1c1ncc(OCc2ccc(S(C)(=O)=O)cc2)cn1,f8219ae1eaac18d6,1
(3r)-4-[2-(1h-indol-4-yl)-6-(1-methylsulfonylcyclopropyl)pyrimidin-4-yl]-3-methylmorpholine,DTXSID201025598,1233339-22-4,C[C@@H]1COCCN1c1cc(C2(S(C)(=O)=O)CC2)nc(-c2cccc3[nH]ccc23)n1,283563fcc19d93f1,6
,,,N#CC1(NC(=O)[C@@H]2CCCC[C@H]2C(=O)N2CCc3[nH]c4cc(F)ccc4c3C2)CC1,0cf14ff3390cb3c5,2
bms-345541 free base,DTXSID60196216,445430-58-0,Cc1ccc2nc(NCCN)c3ncc(C)n3c2c1,999c7db424f4e533,11
,,,C[C@@H](CO)Oc1cc(Oc2ccc(S(C)(=O)=O)cc2)cc(C(=O)Nc2nccs2)c1,152fc9d3773c64a6,4
,,,Cc1sc(N2CCN(C(=O)[C@@H]3CCCC[C@H]3C(=O)NC3(C#N)CC3)CC2)nc1C(F)(F)F,e7322a792c28f5c2,1
,,,Cc1c(C(=O)NC2C3CC4CC(C3)CC2C4)cnn1-c1ccc(C(=O)O)cc1,0f9f5f3cbe03bda1,6
,,,CS(=O)(=O)Cc1cc(N2CCOCC2)nc(-c2cccc3[nH]ccc23)n1,d661d438d757ffdc,3
,,,CC(C)Oc1cc(Oc2ccc(S(C)(=O)=O)cc2)cc(C(=O)Nc2nccs2)c1,f0bd8e42235946fd,11
ici d2138,DTXSID90161477,140841-32-3,COC1(c2cc(F)cc(OCc3ccc4c(ccc(=O)n4C)c3)c2)CCOCC1,898e7e0c99d7bd0f,4
"1-(2,3-dihydro-1,4-benzodioxin-2-ylmethyl)-3-hydroxythieno[3,2-d]pyrimidine-2,4(1h,3h)-dione",DTXSID801352430,824983-91-7,O=c1c2sccc2n(CC2COc3ccccc3O2)c(=O)n1O,2f9ad14771b91f95,6
n-phenylquinolin-4-amine,DTXSID50408552,30696-07-2,c1ccc(Nc2ccnc3ccccc23)cc1,9155c8f7dd981bc0,4
,,,O=C(Nc1cccc(O)c1)c1ccc(OCCCN2CCCC2)cc1OCc1ccc(F)cc1,be27f3b2391fcb4d,9
,,,CC(=O)NC1CN(c2ccc(Nc3ncc(F)c(-c4cnc(C)n4C(C)C)n3)cc2)C1,98148bcf600edaa0,17
"(1r,3s)-n-[4-(1,3-benzoxazol-2-yl)phenyl]-n-methyl-3-(propionylamino)cyclopentanecarboxamide",DTXSID201336351,1291779-76-4,CCC(=O)N[C@H]1CC[C@@H](C(=O)N(C)c2ccc(-c3nc4ccccc4o3)cc2)C1,a81202a0ac305a44,8
(5-fluoro-1h-indol-2-yl)(4-methyl-1-piperazinyl)methanone,DTXSID001198642,459168-42-4,CN1CCN(C(=O)c2cc3cc(F)ccc3[nH]2)CC1,b020eba5211848a0,4
zm-447439,DTXSID00186833,331771-20-1,COc1cc2c(Nc3ccc(NC(=O)c4ccccc4)cc3)ncnc2cc1OCCCN1CCOCC1,7997628ee5449b8b,5
"1-tert-butyl-3-(4-methylphenyl)-1h-pyrazolo[3,4-d]pyrimidin-4-amine",DTXSID60274306,172889-26-8,Cc1ccc(-c2nn(C(C)(C)C)c3ncnc(N)c23)cc1,a6f6f520127228e7,2
"aniline, p-benzyloxy-",DTXSID00213153,6373-46-2,Nc1ccc(OCc2ccccc2)cc1,41f61929cb151c78,5
,,,CS(=O)(=O)Cc1cc(N2CCOCC2)nc(-c2ccc3[nH]ccc3c2)n1,90e670f714a1b818,5
"6-[4-[2-(dimethylamino)ethoxy]phenyl]-5-phenyl-n-[[(2s)-tetrahydro-2-furanyl]methyl]furo[2,3-d]pyrimidin-4-amine",DTXSID301107656,873305-36-3,CN(C)CCOc1ccc(-c2oc3ncnc(NC[C@@H]4CCCO4)c3c2-c2ccccc2)cc1,8515265c31f04144,12
,,,O=C(Nc1cccc(O)c1)c1ccc(OCCCN2CCCC2)cc1OCc1cccnc1,d96b1f47619309e0,8
t 98475,DTXSID90432134,192887-28-8,CC(C)OC(=O)c1cn(Cc2c(F)cccc2F)c2sc(-c3ccc(NC(=O)C(C)C)cc3)c(CN(C)Cc3ccccc3)c2c1=O,a59e6e1223466c42,2
,,,CCN(C(=O)Cc1ccc(S(C)(=O)=O)cc1)C1CCN(CCC(c2ccccc2)N2CCN(c3ccccc3)CC2)CC1,ab40f4fa33fafb6a,5
merimepodib,DTXSID70173639,198821-22-6,COc1cc(NC(=O)Nc2cccc(CNC(=O)O[C@H]3CCOC3)c2)ccc1-c1cnco1,b50fcb72dcc1523a,6
,,,N#CCNC(=O)[C@@H]1CCCC[C@H]1C(=O)N1CCc2[nH]c3ccc(F)cc3c2C1,bb56289d18fbc344,3
6-[4-(1-aminocyclobutyl)phenyl]-5-phenylnicotinamide,DTXSID501352043,1357158-81-6,NC(=O)c1cnc(-c2ccc(C3(N)CCC3)cc2)c(-c2ccccc2)c1,a7dfb5f445f37d87,18
,,,N#Cc1ccccc1COc1cc(OCCCN2CCCC2)ccc1C(=O)Nc1ccccc1,29c51387c3caaf95,6
,,,CC(=O)N1CCN(CCOc2ccc(C3CCN(c4ccc5nnc(C(F)(F)F)n5n4)CC3)cc2)CC1,5d50094ed5104c37,4
"(s)-1-(2-fluorophenyl)-3-(2-oxo-5-phenyl-2,3-dihydro-1h-benzo[e][1,4]diazepin-3-yl)urea",DTXSID101125220,676128-63-5,O=C(Nc1ccccc1F)N[C@H]1N=C(c2ccccc2)c2ccccc2NC1=O,2990539427ab851d,4
n-2-thiazolylbenzamide,DTXSID901314530,13053-82-2,O=C(Nc1nccs1)c1ccccc1,e4f17a18bc0f6d8c,2
,,,Cc1ccccc1C[C@@H](C(=O)O)N1CCC(CN2CCC(Oc3ccc(Cl)c(Cl)c3)CC2)CC1,bd2f8c69e4d10a04,3
,,,N#Cc1ccccc1C[C@@H](C(=O)O)N1CCC(CN2CCC(Oc3ccc(Cl)c(Cl)c3)CC2)CC1,4377cfb727c53315,2
,,,N#CC1(NC(=O)[C@@H]2CCCC[C@H]2C(=O)N2CCc3[nH]c4c(Cl)cccc4c3C2)CC1,dbe755c0ddefc3dc,2
,,,COc1cc(N2CC3CN(CCO)CC(C2)O3)ccc1Nc1ncc(Cl)c(-c2cnc3ccccn23)n1,417ccb1f278b081e,3
,,,Cc1ncc(C(N)=O)nc1-c1ccc([C@H]2CC[C@H](C(=O)O)CC2)cc1,fe4fc18e98d802c9,13
,,,CCN(C(=O)Cc1ccc(S(C)(=O)=O)cc1)C1CCN(CCC(c2ccccc2)C2CCN(Cc3ccccc3)CC2)CC1,48a3d32a634ec0d0,1
vapendavir,DTXSID40195984,439085-51-5,CCOc1noc2cc(OCCC3CCN(c4ccc(C)nn4)CC3)ccc12,e87354c515e7d554,4
6-phenylpyrimidin-4-amine,DTXSID50355799,3435-29-8,Nc1cc(-c2ccccc2)ncn1,de122abeeba66c05,2
,,,Cc1ncc(-c2nc(Nc3ccc(N4CCOCC4)cc3)ncc2F)n1C(C)C,f25e82c4d0240235,4
4-benzyl-1(2h)-phthalazinone,DTXSID30346948,32003-14-8,O=c1[nH]nc(Cc2ccccc2)c2ccccc12,d2846f825e812318,3
,,,CC(C)(C)OC(=O)N1CCN(c2ncc(OCc3ccncc3)cn2)CC1,3eff69bb234292a0,10
(s)-propranolol,DTXSID90873366,4199-09-1,CC(C)NC[C@H](O)COc1cccc2ccccc12,ccda02a8e4ae1a76,12
,,,CS(=O)(=O)Cc1cc(N2CCOCC2)nc(-c2cnc3[nH]ccc3c2)n1,57045bc14f858ebe,6
"4-[4-[6-(aminocarbonyl)-3,5-dimethyl-2-pyrazinyl]phenyl]bicyclo[2.2.2]octane-1-carboxylic acid",DTXSID201118626,1166828-14-3,Cc1nc(C)c(-c2ccc(C34CCC(C(=O)O)(CC3)CC4)cc2)nc1C(N)=O,2b3ccea81bbaabc1,12
"5-[(z)-(5-fluoro-2-oxo-1h-indol-3-ylidene)methyl]-n-[(2s)-2-hydroxy-3-morpholin-4-ylpropyl]-2,4-dimethyl-1h-pyrrole-3-carboxamide",DTXSID701025698,452105-23-6,Cc1[nH]c(/C=C2\C(=O)Nc3ccc(F)cc32)c(C)c1C(=O)NC[C@H](O)CN1CCOCC1,cb35de76c6649352,1
"7-isobutyl-5-methyl-2-(1-naphthylmethyl)-3-(4-pyridinyl)-2h-pyrazolo[3,4-d]pyrimidine-4,6(5h,7h)-dione",DTXSID001352329,482584-49-6,CC(C)Cn1c(=O)n(C)c(=O)c2c(-c3ccncc3)n(Cc3cccc4ccccc34)nc21,8204a366a81deb08,15
,,,CC1(c2c(C(=O)NC3C4CC5CC(C4)CC3C5)cnn2-c2ccc(C(=O)O)cc2)CC1,11ea9d5f1bdef859,12
"9-butyl-8-(3,4,5-trimethoxybenzyl)-9h-purin-6-amine",DTXSID40332291,352519-21-2,CCCCn1c(Cc2cc(OC)c(OC)c(OC)c2)nc2c(N)ncnc21,fa7b4adace110737,12
,,,C[C@@H]1CN(c2ncc(F)cn2)CCN1c1ncc(OCc2ccncc2C#N)cn1,1cfeb01c3be75f78,8
,,,CC(C)c1c(C(=O)NC2C3CC4CC(C3)CC2C4)cnn1-c1ccc(C(=O)O)cc1,28cc28c6bfb4817f,12
,,,CC[C@@H]1COCCN1c1cc(C2(S(C)(=O)=O)CC2)nc(-c2cccc3[nH]ccc23)n1,e0a68a26348aeb5a,4
,,,Cc1ccc(CCOCCNS(=O)(=O)CCCNCCc2ccc(O)c3nc(O)sc23)cc1,d348470435e3d850,2
farglitazar,DTXSID1047310,196808-45-4,Cc1oc(-c2ccccc2)nc1CCOc1ccc(C[C@H](Nc2ccccc2C(=O)c2ccccc2)C(=O)O)cc1,ef64baa1b50c930f,4
torsemide,DTXSID2023690,56211-40-6,Cc1cccc(Nc2ccncc2S(=O)(=O)NC(=O)NC(C)C)c1,8b726783b7e9c64a,8
,,,N#Cc1cccnc1-c1ccc(C(=O)Nc2ccccc2N)cc1,26e231f144e7cd19,6
,,,CC(C)(C)OC(=O)N1C[C@@H]2CC[C@H]1CN2c1ncc(OCc2ccc(S(C)(=O)=O)cc2)cn1,b28b9540243d17f0,1
,,,Cc1nc(C)c(-c2ccc([C@H]3CC[C@H](Cc4nnn[nH]4)CC3)cc2)nc1C(N)=O,7f30403534cfd8a3,4
,,,Cc1ncc(-c2ccnc(Nc3ccc(N4CCN(C(=O)[C@H](C)O)CC4)cc3)n2)n1C(C)C,6bbb49fd08b57cf2,4
,,,c1ccc(-c2c[nH]c(-c3ccccc3)n2)cc1,f7595617a795b1db,1
rd-162,DTXSID301337376,915087-27-3,CNC(=O)c1ccc(N2C(=S)N(c3ccc(C#N)c(C(F)(F)F)c3)C(=O)C23CCC3)cc1F,6f187f59455683bb,14
9-benzyladenine,DTXSID70195371,4261-14-7,Nc1ncnc2c1ncn2Cc1ccccc1,7712a6282c93be17,2
ramipril,DTXSID8023551,87333-19-5,CCOC(=O)[C@H](CCc1ccccc1)N[C@@H](C)C(=O)N1[C@H](C(=O)O)C[C@@H]2CCC[C@@H]21,731ddff5236f9cf5,2
ch 223191,DTXSID5058698,301326-22-7,Cc1ccccc1N=Nc1ccc(NC(=O)c2ccnn2C)c(C)c1,84e9a104a9d65ef0,7
(2e)-3-{4-[(1z)-1-(4-hydroxyphenyl)-2-phenyl-1-buten-1-yl]phenyl}acrylic acid,DTXSID101352289,361203-06-7,CC/C(=C(/c1ccc(O)cc1)c1ccc(/C=C/C(=O)O)cc1)c1ccccc1,3a9c97f549c2d10a,7
bazedoxifene,DTXSID70173593,198481-32-2,Cc1c(-c2ccc(O)cc2)n(Cc2ccc(OCCN3CCCCCC3)cc2)c2ccc(O)cc12,115087d075616656,4
"5-[(3-hydroxypropyl)sulfanyl]-1-isobutyl-3-methyl-6-(1-naphthylmethyl)thieno[2,3-d]pyrimidine-2,4(1h,3h)-dione",DTXSID401352214,216685-07-3,CC(C)Cn1c(=O)n(C)c(=O)c2c(SCCCO)c(Cc3cccc4ccccc34)sc21,45aaed64d7d8f77b,5
2-aminobenzimidazole,DTXSID1024465,934-32-7,Nc1nc2ccccc2[nH]1,e676e1894075aebb,1
am-211,DTXSID80151807,1175526-27-8,CCN(Cc1cc(C(F)(F)F)ccc1-c1cc(CC(=O)O)ccc1OC)C(=O)NCc1ccccc1,5b2567028e0fb3c0,3
,,,O=C(CCOCCc1ccccc1)NCCNCCc1ccc(O)c2nc(O)sc12,da2874caf0b2e2fd,1
(r)-ketoprofen,DTXSID50204652,56105-81-8,C[C@@H](C(=O)O)c1cccc(C(=O)c2ccccc2)c1,45a635fcc5278fbe,9
benazepril,DTXSID5022645,86541-75-5,CCOC(=O)[C@H](CCc1ccccc1)N[C@H]1CCc2ccccc2N(CC(=O)O)C1=O,d0e434621bbc7cba,3
quinapril,DTXSID4023547,85441-61-8,CCOC(=O)[C@H](CCc1ccccc1)N[C@@H](C)C(=O)N1Cc2ccccc2C[C@H]1C(=O)O,b8e8a6ccb867ce25,2
,,,CCOC(=O)C1=C(O)/C(=C\c2cc(C)n(-c3ccc(F)cc3)c2C)N=C1C,32c36bd8818b8975,4
dextromethorphan,DTXSID3022908,125-71-3,COc1ccc2c(c1)[C@]13CCCC[C@@H]1[C@H](C2)N(C)CC3,404dc56ac8691995,6
,,,CC(C)(C)c1csc(N2CCN(C(=O)[C@@H]3CCCC[C@H]3C(=O)NC3(C#N)CC3)CC2)n1,c86efca335ab06d2,2
oc-000459,DTXSID00234343,851723-84-7,Cc1c(Cc2ccc3ccccc3n2)c2cc(F)ccc2n1CC(=O)O,d21cc1fddb409fde,12
,,,CC(C)(C)[C@@H](C#N)NC(=O)[C@@H]1CCCC[C@H]1C(=O)N1CCc2[nH]c3ccc(F)cc3c2C1,fc72c9a5065bd7a5,2
linsitinib,DTXSID401007055,867160-71-2,C[C@]1(O)C[C@@H](c2nc(-c3ccc4ccc(-c5ccccc5)nc4c3)c3c(N)nccn32)C1,0352d93cdd70f00d,7
3-oxo-2-(tetrahydro-2h-pyran-4-yl)-n-[4-(trifluoromethoxy)benzyl]-1-isoindolinecarboxamide,DTXSID101351974,1198160-14-3,O=C(NCc1ccc(OC(F)(F)F)cc1)C1c2ccccc2C(=O)N1C1CCOCC1,b6a370cf9bfc3e6a,4
"1h-indole-3-butanamide, 5-cyano-n-[(dimethylamino)sulfonyl]-2-(4-fluorophenyl)-",DTXSID401135882,1313585-03-3,CN(C)S(=O)(=O)NC(=O)CCCc1c(-c2ccc(F)cc2)[nH]c2ccc(C#N)cc12,4a95a743922da806,4
tpca-1,DTXSID50432635,507475-17-4,NC(=O)Nc1sc(-c2ccc(F)cc2)cc1C(N)=O,8baa6f723265db5d,2
"4-(2-methylimidazo[1,2-a]pyridin-3-yl)pyrimidin-2-amine",DTXSID20424880,611239-37-3,Cc1nc2ccccn2c1-c1ccnc(N)n1,1dcf6299f6e7ecf7,2
toremifene,DTXSID3023689,89778-26-7,CN(C)CCOc1ccc(/C(=C(/CCCl)c2ccccc2)c2ccccc2)cc1,04af012a90d23649,20
cb-5083,DTXSID801022542,1542705-92-9,Cc1cc2c(C(N)=O)cccc2n1-c1nc2c(c(NCc3ccccc3)n1)COCC2,3c85801ea7f3bb4b,19
luminespib,DTXSID001336117,747412-49-3,CCNC(=O)c1noc(-c2cc(C(C)C)c(O)cc2O)c1-c1ccc(CN2CCOCC2)cc1,894299de491853b9,1
irbesartan,DTXSID0023169,138402-11-6,CCCCC1=NC2(CCCC2)C(=O)N1Cc1ccc(-c2ccccc2-c2nnn[nH]2)cc1,165cdcc83d6d05eb,22
alisertib,DTXSID30145539,1028486-01-2,COc1cc(Nc2ncc3c(n2)-c2ccc(Cl)cc2C(c2c(F)cccc2OC)=NC3)ccc1C(=O)O,e95a3c5edf9e8a95,12
filgotinib,DTXSID80152935,1206161-97-8,O=C(Nc1nc2cccc(-c3ccc(CN4CCS(=O)(=O)CC4)cc3)n2n1)C1CC1,e7a1cff21bdda79a,4
pracinostat,DTXSID00239196,929016-96-6,CCCCc1nc2cc(/C=C/C(=O)NO)ccc2n1CCN(CC)CC,895a540c7315b0f8,15
"5-{2-amino-4-chloro-7-[(4-methoxy-3,5-dimethyl-2-pyridinyl)methyl]-7h-pyrrolo[2,3-d]pyrimidin-5-yl}-2-methyl-4-pentyn-2-ol",DTXSID801352585,911397-80-3,COc1c(C)cnc(Cn2cc(C#CCC(C)(C)O)c3c(Cl)nc(N)nc32)c1C,8975e9b9a38ebbe4,14
3-{2-[3-methoxy-4-(4-methyl-1-piperazinyl)anilino]-4-pyridinyl}benzonitrile,DTXSID201352070,1417795-19-7,COc1cc(Nc2cc(-c3cccc(C#N)c3)ccn2)ccc1N1CCN(C)CC1,6c0f80853bfa5626,5
glipizide,DTXSID0040676,29094-61-9,Cc1cnc(C(=O)NCCc2ccc(S(=O)(=O)NC(=O)NC3CCCCC3)cc2)cn1,e27fcc1101c43a7e,4
fluconazole,DTXSID3020627,86386-73-4,OC(Cn1cncn1)(Cn1cncn1)c1ccc(F)cc1F,00db87507718e174,7
3-amino-6-{4-[(4-methyl-1-piperazinyl)sulfonyl]phenyl}-n-(3-pyridinyl)-2-pyrazinecarboxamide,DTXSID001352331,486424-20-8,CN1CCN(S(=O)(=O)c2ccc(-c3cnc(N)c(C(=O)Nc4cccnc4)n3)cc2)CC1,bde355eea7a667f4,8
gefitinib,DTXSID8041034,184475-35-2,COc1cc2ncnc(Nc3ccc(F)c(Cl)c3)c2cc1OCCCN1CCOCC1,53a590207866f3e6,8
ramelteon,DTXSID6045951,196597-26-9,CCC(=O)NCC[C@@H]1CCc2ccc3c(c21)CCO3,1f879b7778774fc3,8
,,,O=C(O)c1cc(/N=N/c2ccc(S(=O)(=O)Nc3ccccn3)cc2)ccc1O,06dc042cd8fd3274,2
zm 336372,DTXSID70274478,208260-29-1,Cc1ccc(NC(=O)c2cccc(N(C)C)c2)cc1NC(=O)c1ccc(O)cc1,50b2d1da4d290657,11
fedratinib,DTXSID90239483,936091-26-8,Cc1cnc(Nc2ccc(OCCN3CCCC3)cc2)nc1Nc1cccc(S(=O)(=O)NC(C)(C)C)c1,4f0ef76a49229bb4,4
pf-562271,DTXSID10471000,717907-75-0,CN(c1ncccc1CNc1nc(Nc2ccc3c(c2)CC(=O)N3)ncc1C(F)(F)F)S(C)(=O)=O,a81461b3a13361e7,3
"3-[(6,7-dimethoxy-4-quinazolinyl)amino]phenol",DTXSID50943478,211555-08-7,COc1cc2ncnc(Nc3cccc(O)c3)c2cc1OC,a36be97029bf41da,6
3-carbazol-9-yl-propionic acid,DTXSID30277021,6622-54-4,O=C(O)CCn1c2ccccc2c2ccccc21,af25a3f4f9a08b8b,5
vu0152100,DTXSID40357702,409351-28-6,COc1ccc(CNC(=O)c2sc3nc(C)cc(C)c3c2N)cc1,a455f5d9b794a25b,6
gw-2580,DTXSID10236095,870483-87-7,COc1ccc(COc2ccc(Cc3cnc(N)nc3N)cc2OC)cc1,1503d699a6708aa8,4
l 838417,DTXSID90432710,286456-42-6,Cn1ncnc1COc1nn2c(-c3cc(F)ccc3F)nnc2cc1C(C)(C)C,7dc2e1253ac1344e,10
"(6-chloro-9-(4-methoxy-3,5-dimethylpyridin-2-ylmethyl)-9h-purin-2-yl)amin",DTXSID601025952,848695-25-0,COc1c(C)cnc(Cn2cnc3c(Cl)nc(N)nc32)c1C,55bb4af8ee8f4d2a,7
vorinostat,DTXSID6041133,149647-78-9,O=C(CCCCCCC(=O)Nc1ccccc1)NO,2617c449930f7754,1
at13387,DTXSID80238485,912999-49-6,CC(C)c1cc(C(=O)N2Cc3ccc(CN4CCN(C)CC4)cc3C2)c(O)cc1O,9f122a3c6549e436,6
3-(4-{[5-fluoro-2-(4-methylphenyl)phenyl]methoxy}phenyl)propanoic acid,DTXSID701356827,1374516-07-0,Cc1ccc(-c2ccc(F)cc2COc2ccc(CCC(=O)O)cc2)cc1,f752a01590e37f9a,15
crenolanib,DTXSID50985873,670220-88-9,CC1(COc2ccc3c(c2)ncn3-c2ccc3cccc(N4CCC(N)CC4)c3n2)COC1,398f787ffa854b1b,9
glimepiride,DTXSID5040675,93479-97-1,CCC1=C(C)CN(C(=O)NCCc2ccc(S(=O)(=O)NC(=O)N[C@H]3CC[C@H](C)CC3)cc2)C1=O,71678f0e1ff58687,7
mk-2206,DTXSID3048948,1032350-13-2,NC1(c2ccc(-c3nc4ccn5c(=O)[nH]nc5c4cc3-c3ccccc3)cc2)CCC1,d126917d17f53e1d,8
"n-(3-{[2-(4-amino-1,2,5-oxadiazol-3-yl)-1-ethyl-1h-imidazo[4,5-c]pyridin-6-yl]oxy}phenyl)-4-[2-(morpholin-4-yl)ethoxy]benzamide",DTXSID40582496,925213-63-4,CCn1c(-c2nonc2N)nc2cnc(Oc3cccc(NC(=O)c4ccc(OCCN5CCOCC5)cc4)c3)cc21,553a952eda5f35ba,2
"n-(2-cyano-3,12-dioxo-28-noroleana-1,9(11)-dien-17-yl)-2,2-difluoropropanamide",DTXSID101138251,1474034-05-3,CC1(C)CC[C@]2(NC(=O)C(C)(F)F)CC[C@]3(C)[C@H](C(=O)C=C4[C@@]5(C)C=C(C#N)C(=O)C(C)(C)[C@@H]5CC[C@]43C)[C@@H]2C1,ebe92ab01201bddd,3
deucravacitinib,DTXSID701358473,1609392-27-9,[2H]C([2H])([2H])NC(=O)c1nnc(NC(=O)C2CC2)cc1Nc1cccc(-c2ncn(C)n2)c1OC,74707503bd8581a5,7
olmutinib,DTXSID001319119,1353550-13-6,C=CC(=O)Nc1cccc(Oc2nc(Nc3ccc(N4CCN(C)CC4)cc3)nc3ccsc23)c1,494d1292835d4889,7
,,,O=C(CCNC(=O)c1ccc(OC(F)(F)F)cc1)N[C@@H]1CCCc2ccccc21,979e8aefb563a305,3
poseltinib,DTXSID501112972,1353552-97-2,C=CC(=O)Nc1cccc(Oc2nc(Nc3ccc(N4CCN(C)CC4)cc3)nc3ccoc23)c1,24ba96d03afd8413,9
verubecestat,DTXSID301020622,1286770-55-5,CN1C(N)=N[C@](C)(c2cc(NC(=O)c3ccc(F)cn3)ccc2F)CS1(=O)=O,c8944255d709f467,2
"3-amino-5-chloro-n-cyclopropyl-6-methoxy-4-methylthieno[2,3-b]pyridine-2-carboxamide",DTXSID10468233,886047-13-8,COc1nc2sc(C(=O)NC3CC3)c(N)c2c(C)c1Cl,ac5dc58a6b67ff05,2
"9-hydroxy-3,4-dihydro[1]benzothieno[2,3-f][1,4]thiazepin-5(2h)-one",DTXSID10669824,1233533-04-4,O=C1NCCSc2c1sc1ccc(O)cc21,c7ffd41690a5ab02,4
"n-(2-((1s,4r)-6-((4-(cyclobutylamino)-5-(trifluoromethyl)pyrimidin-2-yl)amino)-1,2,3,4-tetrahydro-1,4-epiminonaphthalen-9-yl)-2-oxoethyl)acetamide",DTXSID601025621,942487-16-3,CC(=O)NCC(=O)N1[C@@H]2CC[C@H]1c1ccc(Nc3ncc(C(F)(F)F)c(NC4CCC4)n3)cc12,d8272f12eceb2a1b,3
"1-(4-(3,4-dichlorobenzyloxy)benzyl)azetidine-3-carboxylic acid",DTXSID301045800,1240308-45-5,O=C(O)C1CN(Cc2ccc(OCc3ccc(Cl)c(Cl)c3)cc2)C1,07083483c6ffbd0d,7
,,,Cc1cc(F)c(C(=O)Nc2cccc(-c3nncn3C(C)C)n2)cc1-n1cnc(C2CC2)c1,531eb70f4bc87b60,5
remibrutinib,DTXSID401358943,1787294-07-8,C=CC(=O)N(C)CCOc1c(N)ncnc1-c1cc(F)cc(NC(=O)c2ccc(C3CC3)cc2F)c1C,9ebad881769dc0b4,4
4-(2-chlorophenoxy)-n-[3-(methylcarbamoyl)phenyl]piperidine-1-carboxamide,DTXSID40648006,1032229-33-6,CNC(=O)c1cccc(NC(=O)N2CCC(Oc3ccccc3Cl)CC2)c1,cec50dc532684f8d,3
"5-(4-chloro-3-methylphenyl)-1-[(4-methylphenyl)methyl]-n-(1,3,3-trimethyl-2-bicyclo[2.2.1]heptanyl)pyrazole-3-carboxamide",DTXSID50940947,192703-06-3,Cc1ccc(Cn2nc(C(=O)N[C@@H]3C(C)(C)[C@@H]4CC[C@@]3(C)C4)cc2-c2ccc(Cl)c(C)c2)cc1,0ba667e866b86e03,4
2-({5-chloro-2-[2-methoxy-4-(morpholin-4-yl)anilino]pyrimidin-4-yl}amino)-n-methylbenzamide,DTXSID90433025,761437-28-9,CNC(=O)c1ccccc1Nc1nc(Nc2ccc(N3CCOCC3)cc2OC)ncc1Cl,02b818fcc09ac4ac,9
"n-[2-[3-(1-piperazinylmethyl)imidazo[2,1-b]thiazol-6-yl]phenyl]-2-quinoxalinecarboxamide",DTXSID00636045,925434-55-5,O=C(Nc1ccccc1-c1cn2c(CN3CCNCC3)csc2n1)c1cnc2ccccc2n1,ee378524f3ba8ed5,6
(s)-1-acetylindoline-2-carboxylic acid,DTXSID50468297,82950-72-9,CC(=O)N1c2ccccc2C[C@H]1C(=O)O,4e7d6ea09054e8f5,4
silodosin,DTXSID40167045,160970-54-7,C[C@H](Cc1cc2c(c(C(N)=O)c1)N(CCCO)CC2)NCCOc1ccccc1OCC(F)(F)F,5be63f8c75c52f14,5
alpha-app modulator,DTXSID60433032,497259-23-1,CC(C)[C@H]1C(=O)N[C@H](CO)Cc2cc(NC(=O)/C=C/C=C/c3ccc(C(F)(F)F)cc3)ccc2N1C,57331208c1cf0f10,8
5-chloro-3-ethyl-n-[2-[4-(1-piperidinyl)phenyl]ethyl]-1h-indole-2-carboxamide,DTXSID00660764,868273-06-7,CCc1c(C(=O)NCCc2ccc(N3CCCCC3)cc2)[nH]c2ccc(Cl)cc12,cddcadae829b3c16,5
"n-(6-fluoro-1h-indazol-5-yl)-6-methyl-2-oxo-4-[4-(trifluoromethyl)phenyl]-3,4-dihydro-1h-pyridine-5-carboxamide",DTXSID70463946,864082-47-3,CC1=C(C(=O)Nc2cc3cn[nH]c3cc2F)C(c2ccc(C(F)(F)F)cc2)CC(=O)N1,33eb1addea31ae5e,9
n-[3-[[5-chloro-2-[[2-methoxy-4-(4-methyl-1-piperazinyl)phenyl]amino]-4-pyrimidinyl]oxy]phenyl]propanamide,DTXSID601110474,1214265-58-3,CCC(=O)Nc1cccc(Oc2nc(Nc3ccc(N4CCN(C)CC4)cc3OC)ncc2Cl)c1,d6ee1e535935706b,9
picropodophyllin,DTXSID80197245,477-47-4,COc1cc([C@@H]2c3cc4c(cc3[C@H](O)[C@H]3COC(=O)[C@@H]23)OCO4)cc(OC)c1OC,5dfd170c265ced59,5
gw-627368x,DTXSID30195993,439288-66-1,CCOc1c2c(c(OCC)c3ccccc13)C(=O)N(c1ccc(CC(=O)NS(=O)(=O)c3ccccc3)cc1)C2,d2444b8aa3205dbf,12
kw-2478 free base,DTXSID80231491,819812-04-9,CCc1c(O)cc(O)c(C(=O)c2ccc(OCCN3CCOCC3)c(OC)c2)c1CC(=O)N(CCOC)CCOC,b5cccf152d18a9cf,2
adavosertib,DTXSID30241868,955365-80-7,C=CCn1c(=O)c2cnc(Nc3ccc(N4CCN(C)CC4)cc3)nc2n1-c1cccc(C(C)(C)O)n1,8414afc2449dc081,5
"n-(2-hydroxyethyl)-n,2-dimethyl-8-{[(4r)-5-methyl-3,4-dihydro-2h-1-benzopyran-4-yl]amino}imidazo[1,2-a]pyridine-6-carboxamide",DTXSID10648811,928774-43-0,Cc1cn2cc(C(=O)N(C)CCO)cc(N[C@@H]3CCOc4cccc(C)c43)c2n1,c81515888bdd38e7,5
bms-911543,DTXSID00155403,1271022-90-2,CCn1c(C(=O)N(C2CC2)C2CC2)cc2c3c(ncn3C)c(Nc3cc(C)n(C)n3)nc21,055c70b5c7107bf5,7
y-320,DTXSID101031899,288250-47-5,Cc1c(C(=O)Nc2ccc(N3CCC(N4CCOCC4)CC3)c(C#N)c2)cnn1-c1ccc(Cl)cc1,72c95efc5878c3a0,3
"n-(3-cyano-5,6-dihydro-4h-cyclopenta[b]thiophen-2-yl)propanamide",DTXSID001323267,462601-97-4,CCC(=O)Nc1sc2c(c1C#N)CCC2,de42d098f4c96543,6
n-(4-methoxyphenyl)-2-pyrrolidin-1-ylacetamide,DTXSID401329912,693237-66-0,COc1ccc(NC(=O)CN2CCCC2)cc1,a1ddac9ee73503d8,5
4-fluoro-n-{2-[4-(2-methoxyphenyl)piperazin-1-yl]ethyl}benzamide,DTXSID50536647,27227-14-1,COc1ccccc1N1CCN(CCNC(=O)c2ccc(F)cc2)CC1,4018d12069be1032,8
"n-[5-[(3r)-3-hydroxy-1-pyrrolidinyl]-2-(4-morpholinyl)oxazolo[4,5-b]pyridin-6-yl]-2-(2-methyl-4-pyridinyl)-4-oxazolecarboxamide",DTXSID001103300,1801344-14-8,Cc1cc(-c2nc(C(=O)Nc3cc4oc(N5CCOCC5)nc4nc3N3CC[C@@H](O)C3)co2)ccn1,0785b04e5862c883,5
"carbamic acid, [[4-[[[(1,1-dimethylethoxy)carbonyl]amino]methyl]phenyl]iminomethyl]-, phenylmethyl ester",DTXSID301111273,162696-14-2,CC(C)(C)OC(=O)NCc1ccc(C(=N)NC(=O)OCc2ccccc2)cc1,466e6087595ef3fd,7
ifenprodil,DTXSID2045656,23210-56-2,CC(C(O)c1ccc(O)cc1)N1CCC(Cc2ccccc2)CC1,9bfa12e073af010a,5
bas 05212031,DTXSID90355278,73031-13-7,Cc1ccc(NC(=O)Cc2c[nH]c3ccccc23)cc1,f714e0902eedce58,4
"2-(3-methyl-1,2,4-oxadiazol-5-yl)benzoic acid",DTXSID40630986,475105-77-2,Cc1noc(-c2ccccc2C(=O)O)n1,c8e039e3f7209099,4
4-(piperidin-4-yloxy)benzonitrile,DTXSID50459781,224178-67-0,N#Cc1ccc(OC2CCNCC2)cc1,622104363d6c736d,7
"n-{2-[2-(dimethylamino)ethoxy]-4-(1h-pyrazol-4-yl)phenyl}-2,3-dihydro-1,4-benzodioxine-2-carboxamide",DTXSID50648693,1072959-67-1,CN(C)CCOc1cc(-c2cn[nH]c2)ccc1NC(=O)C1COc2ccccc2O1,db2967deb2cdcd6a,10
,,,NC(=O)CCCSc1nc(N)nc(-c2c(Cl)cc3c4c(cccc24)COC3)n1,c39f1837ce199a6c,12
,,,Cc1nc(-c2cnn(C)c2-c2ccc(C(F)(F)F)cn2)c2c(N3CCC3)ncnn12,921b9077526fa4c3,8
zanubrutinib,DTXSID701026208,1691249-45-2,C=CC(=O)N1CCC([C@@H]2CCNc3c(C(N)=O)c(-c4ccc(Oc5ccccc5)cc4)nn32)CC1,0f5abe090853c0f9,4
"1-(6-((17-3-methoxyestra-1,3,5(10)-trien-17-yl)amino)hexyl)-1h-pyrrole-2,5-dione",DTXSID3036739,112648-68-7,COc1ccc2c(c1)CC[C@@H]1[C@@H]2CC[C@]2(C)[C@@H](NCCCCCCN3C(=O)C=CC3=O)CC[C@@H]12,cafb02aed5104946,5
altrenogest,DTXSID3048863,850-52-2,C=CC[C@]1(O)CC[C@H]2[C@@H]3CCC4=CC(=O)CCC4=C3C=C[C@@]21C,6ce78e4ebe21eb27,10
"1,3-dihydro-1-(phenylmethyl)-2h-imidazo[4,5-c]pyridin-2-one",DTXSID701188278,61719-58-2,O=c1[nH]c2cnccc2n1Cc1ccccc1,5c9649be850f6516,2
"n5-(6-aminohexyl)-3-(1-methylethyl)-n7-(phenylmethyl)-pyrazolo(1,5-a)pyrimidine-5,7-diamine",DTXSID101025664,1092443-52-1,CC(C)c1cnn2c(NCc3ccccc3)cc(NCCCCCCN)nc12,6db631670790158a,5
tert-butyl (2-methylpyridin-3-yl)carbamate,DTXSID40738618,1219095-87-0,Cc1ncccc1NC(=O)OC(C)(C)C,37de8542304520f8,1
clemastine,DTXSID2022832,15686-51-8,CN1CCC[C@@H]1CCO[C@](C)(c1ccccc1)c1ccc(Cl)cc1,d7c887da0b1aaa12,16
vx 745,DTXSID90175115,209410-46-8,O=c1ncn2nc(Sc3ccc(F)cc3F)ccc2c1-c1c(Cl)cccc1Cl,c24d6a7de0d85c97,2
,,,N#Cc1ccc2ncnc(N[C@H]3CC[C@H](N4CCOCC4)CC3)c2c1,be14d3edeb9721ea,2
"2,4-quinazolinediamine, 6-bromo-5-chloro-",DTXSID40194694,41934-85-4,Nc1nc(N)c2c(Cl)c(Br)ccc2n1,0f7e62f03122807c,1
stk857277,DTXSID30359194,69570-95-2,Cc1ccc2nc(-c3ccc(N(C)C)cc3)[nH]c2c1,9437538dd01657d2,1
"2-(2,3-dimethylphenoxy)pyridin-3-amine",DTXSID70379356,175136-23-9,Cc1cccc(Oc2ncccc2N)c1C,af6171fd52702ab2,2
5-ethyl-4-(4-methoxy-phenyl)-thiazol-2-ylamine,DTXSID10356681,493028-20-9,CCc1sc(N)nc1-c1ccc(OC)cc1,28cccfa5bd17acae,8
at7867,DTXSID00457772,857531-00-1,Clc1ccc(C2(c3ccc(-c4cn[nH]c4)cc3)CCNCC2)cc1,1ad43b853e5085e5,6
4-acetamido-n-(2-amino-5-thiophen-2-ylphenyl)benzamide,DTXSID101357196,849234-64-6,CC(=O)Nc1ccc(C(=O)Nc2cc(-c3cccs3)ccc2N)cc1,c6f9a444daa7b6b1,10
macitentan,DTXSID50196063,441798-33-0,CCCNS(=O)(=O)Nc1ncnc(OCCOc2ncc(Br)cn2)c1-c1ccc(Br)cc1,93375e6a8721335c,2
mecarbinate,DTXSID9046289,15574-49-9,CCOC(=O)c1c(C)n(C)c2ccc(O)cc12,e1f07b34e2202c60,7
,,,CCc1nc(C)cn2nc(-c3cc(=O)n4cc(C5CCN(C)CC5)cc(C)c4n3)cc12,f65f7c31a40d6569,3
pizotyline,DTXSID6023490,15574-96-6,CN1CCC(=C2c3ccccc3CCc3sccc32)CC1,2f90fcadc623c702,4
dactolisib,DTXSID10238599,915019-65-7,Cn1c(=O)n(-c2ccc(C(C)(C)C#N)cc2)c2c3cc(-c4cnc5ccccc5c4)ccc3ncc21,f1cfa29051691d30,15
"(5z)-5-[[2-[(3r)-3-aminopiperidin-1-yl]-3-phenylphenyl]methylidene]-1,3-thiazolidine-2,4-dione",DTXSID801026025,1204144-28-4,N[C@@H]1CCCN(c2c(/C=C3\SC(=O)NC3=O)cccc2-c2ccccc2)C1,45cee59866d8ffb4,3
tc-s 7001,DTXSID00468040,867017-68-3,Cc1c[nH]c2nccc(Oc3c(F)cc(Nc4cc(Cl)nc(N)n4)cc3F)c12,8d39ec6ea1b0d70c,11
"n1-(5-chloro-2-pyridinyl)-n2-[(1s,2s,4s)-4-[(dimethylamino)carbonyl]-2-[[(4,5,6,7-tetrahydro-5-methylthiazolo[5,4-c]pyridin-2-yl)carbonyl]amino]cyclohexyl]ethanediamide",DTXSID301099257,1255529-27-1,CN1CCc2nc(C(=O)N[C@H]3C[C@@H](C(=O)N(C)C)CC[C@@H]3NC(=O)C(=O)Nc3ccc(Cl)cn3)sc2C1,62eca75bc12c41c5,1
"n-(1,3,4-thiadiazol-2-yl)pyridine-3-carboxamide",DTXSID00400268,51987-99-6,O=C(Nc1nncs1)c1cccnc1,286112452958a79a,3
,,,COc1ccc(S(=O)(=O)N2CCC(N3CCC(C)CC3)CC2)cc1,9791da5f41ede0d7,4
"4-[5-[(4-methyl-2-thiazolyl)methyl]-1,2,4-oxadiazol-3-yl]phenol",DTXSID601173486,867329-92-8,Cc1csc(Cc2nc(-c3ccc(O)cc3)no2)n1,e208f314fd9e7d51,8
tamoxifen,DTXSID1034187,10540-29-1,CC/C(=C(\c1ccccc1)c1ccc(OCCN(C)C)cc1)c1ccccc1,c8be3d25e232ead5,20
"2-amino-2-[2-(4-{[3-(benzyloxy)phenyl]sulfanyl}-2-chlorophenyl)ethyl]propane-1,3-diol",DTXSID30965173,509088-69-1,NC(CO)(CO)CCc1ccc(Sc2cccc(OCc3ccccc3)c2)cc1Cl,b5fa10f4765eac31,10
"3,4,5-trimethoxyanthranilic acid",DTXSID80210983,61948-85-4,COc1cc(C(=O)O)c(N)c(OC)c1OC,f5bf7ba9b30fb272,4
"5-(2,3-dihydro-1,4-benzodioxin-6-yl)-1,3,4-oxadiazol-2-amine",DTXSID30651822,1039933-90-8,Nc1nnc(-c2ccc3c(c2)OCCO3)o1,659af0af54b73d0f,4
selinexor,DTXSID801026013,1393477-72-9,O=C(/C=C\n1cnc(-c2cc(C(F)(F)F)cc(C(F)(F)F)c2)n1)NNc1cnccn1,e2165da4dfbde68e,7
"4-(4-morpholinyl)-n-phenyl-6-(1-piperazinyl)-1,3,5-triazin-2-amine",DTXSID401166588,21665-50-9,c1ccc(Nc2nc(N3CCNCC3)nc(N3CCOCC3)n2)cc1,234fc63c6ef29512,3
"6-[(3-aminophenyl)methyl]-2-(methanesulfinyl)-4-methyl-4,6-dihydro-5h-thieno[2',3':4,5]pyrrolo[2,3-d]pyridazin-5-one",DTXSID50658030,1221186-53-3,Cn1c2cc(S(C)=O)sc2c2cnn(Cc3cccc(N)c3)c(=O)c21,5006d9315ade1d4a,11
"4-{1-[(2,5-dimethyl-4-{[4-(trifluoromethyl)phenyl]methyl}thiophene-3-carbonyl)amino]cyclopropyl}benzoic acid",DTXSID60648063,1006036-87-8,Cc1sc(C)c(C(=O)NC2(c3ccc(C(=O)O)cc3)CC2)c1Cc1ccc(C(F)(F)F)cc1,7e458f600420c32a,16
(-)-s-tetrahydropalmatine,DTXSID701020650,483-14-7,COc1cc2c(cc1OC)[C@@H]1Cc3ccc(OC)c(OC)c3CN1CC2,1c2844848a9fd8d1,5
"n~5~-(1-cycloheptyl-1h-pyrazolo[3,4-d]pyrimidin-6-yl)pyridine-2,5-diamine",DTXSID30743357,1352193-42-0,Nc1ccc(Nc2ncc3cnn(C4CCCCCC4)c3n2)cn1,7494d9a1ce4438ae,8
gilteritinib,DTXSID701027949,1254053-43-4,CCc1nc(C(N)=O)c(Nc2ccc(N3CCC(N4CCN(C)CC4)CC3)c(OC)c2)nc1NC1CCOCC1,3bda46acb593099c,2
a-841720,DTXSID10236030,869802-58-4,CN(C)c1ccnc2sc3c(=O)n(N4CCCCCC4)cnc3c12,17cc61f2386aeff3,8
"6-{difluoro[6-(1-methyl-1h-pyrazol-4-yl)[1,2,4]triazolo[4,3-b]pyridazin-3-yl]methyl}quinoline",DTXSID20677253,943540-75-8,Cn1cc(-c2ccc3nnc(C(F)(F)c4ccc5ncccc5c4)n3n2)cn1,b537e64e323f5945,8
"7-(6-fluoro-3-pyridinyl)-5h-pyrido[4,3-b]indole",DTXSID701027894,1415379-56-4,Fc1ccc(-c2ccc3c(c2)[nH]c2ccncc23)cn1,60c507cdbbc54747,4
oxiperomide,DTXSID30201306,5322-53-2,O=c1[nH]c2ccccc2n1C1CCN(CCOc2ccccc2)CC1,12985f919bf4f641,2
"(3,5-dichlorophenyl)methyl 4-[3-oxo-3-(2-oxo-2,3-dihydro-1,3-benzoxazol-6-yl)propyl]piperazine-1-carboxylate",DTXSID50649524,1144035-53-9,O=C(CCN1CCN(C(=O)OCc2cc(Cl)cc(Cl)c2)CC1)c1ccc2[nH]c(=O)oc2c1,d403c5494ac23bf1,4
benproperine,DTXSID10862853,2156-27-6,CC(COc1ccccc1Cc1ccccc1)N1CCCCC1,4405185dd873ecaa,3
(3s)-3-(4-{[4'-(trifluoromethyl)[biphenyl]-3-yl]methoxy}phenyl)-4-hexynoic acid,DTXSID00676764,865231-46-5,CC#C[C@@H](CC(=O)O)c1ccc(OCc2cccc(-c3ccc(C(F)(F)F)cc3)c2)cc1,683f03aebbf9c201,6
"n-[(1-methylpiperidin-4-yl)methyl]-3-[3-(trifluoromethoxy)phenyl]imidazo[1,2-b]pyridazin-6-amine",DTXSID10647329,1025065-69-3,CN1CCC(CNc2ccc3ncc(-c4cccc(OC(F)(F)F)c4)n3n2)CC1,5bf552143735a37d,10
flobetair,DTXSID90239781,938435-69-9,CNc1ccc(/C=C/c2ccc(OCCOCCOCCF)nc2)cc1,b40a158c3e3f1862,14
2-(4-phenylpiperidin-1-yl)cyclohexan-1-ol,DTXSID20920872,112709-59-8,O[C@@H]1CCCC[C@H]1N1CCC(c2ccccc2)CC1,1046bf258909c53a,1
"2-(2,4-dimethylphenoxy)-n-pyridin-4-ylacetamide",DTXSID301330201,499997-87-4,Cc1ccc(OCC(=O)Nc2ccncc2)c(C)c1,fa1b2d830460eb88,3
1-deoxy-1-(6-(((3-iodophenyl)methyl)amino)-9h-purin-9-yl)-n-methyl-beta-d-ribofuranuronamide,DTXSID50165158,152918-18-8,CNC(=O)[C@H]1O[C@@H](n2cnc3c(NCc4cccc(I)c4)ncnc32)[C@H](O)[C@@H]1O,f6764583ec0edb14,9
gw-1100,DTXSID80470686,306974-70-9,CCOC(=O)c1ccc(-n2cc(Cc3cnc(OCC)nc3)c(=O)nc2SCc2ccc(F)cc2)cc1,6beffc49a515227e,23
desloratadine,DTXSID1044196,100643-71-8,Clc1ccc2c(c1)CCc1cccnc1C2=C1CCNCC1,8cff3a26ba53818e,3
leucomethylene blue,DTXSID2047985,613-11-6,CN(C)c1ccc2c(c1)Sc1cc(N(C)C)ccc1N2,43951c481fd30711,1
,,,CC#CC(=O)N[C@H]1CCCN(c2c(F)cc(C(N)=O)c3[nH]c(C)c(C)c23)C1,f22f2e5f46ea12fa,3
tamatinib,DTXSID30458939,841290-80-0,COc1cc(Nc2ncc(F)c(Nc3ccc4c(n3)NC(=O)C(C)(C)O4)n2)cc(OC)c1OC,a244fea358397d9e,7
tg-100115,DTXSID20218009,677297-51-7,Nc1nc(N)c2nc(-c3cccc(O)c3)c(-c3cccc(O)c3)nc2n1,50a591511e0fe9aa,11
fingolimod,DTXSID40167363,162359-55-9,CCCCCCCCc1ccc(CCC(N)(CO)CO)cc1,45a53c0202c68c00,3
zinc01769950,DTXSID00364417,429622-48-0,Cc1cc(C)nc(NS(=O)(=O)c2ccc(NC(=O)/C=C/c3ccc([N+](=O)[O-])s3)cc2)n1,007ad051c00520a8,3
"3-[4-(2-chloro-5-fluorophenoxy)piperidin-1-yl]-6-(5-methyl-1,3,4-oxadiazol-2-yl)pyridazine",DTXSID80587445,944808-88-2,Cc1nnc(-c2ccc(N3CCC(Oc4cc(F)ccc4Cl)CC3)nn2)o1,64a8bac111175d58,5
6-bromo-1-methyl-1h-indazol-3-amine,DTXSID00676466,1214899-85-0,Cn1nc(N)c2ccc(Br)cc21,b215512639aa3918,1
branaplam,DTXSID801337133,1562338-42-4,CC1(C)CC(Oc2ccc(-c3ccc(-c4cn[nH]c4)cc3O)nn2)CC(C)(C)N1,029753bb3f29d354,2
1-(3-hydroxybenzyl)-3-(4-(pyridin-4-yl)thiazol-2-yl)urea,DTXSID501336679,1342278-01-6,O=C(NCc1cccc(O)c1)Nc1nc(-c2ccncc2)cs1,882dee6197728b7e,1
dabigatran,DTXSID50175419,211914-51-1,Cn1c(CNc2ccc(C(=N)N)cc2)nc2cc(C(=O)N(CCC(=O)O)c3ccccn3)ccc21,8e54e0d12ad7a3bc,2
ambrisentan,DTXSID4046282,177036-94-1,COC(c1ccccc1)(c1ccccc1)[C@H](Oc1nc(C)cc(C)n1)C(=O)O,86c845a6503f523d,5
"2-piperidinemethanol, 1-[(3,4-dichlorophenyl)methyl]-",DTXSID101212374,1261235-70-4,OCC1CCCCN1Cc1ccc(Cl)c(Cl)c1,1eb06fecaadd034b,8
camostat,DTXSID6044010,59721-28-7,CN(C)C(=O)COC(=O)Cc1ccc(OC(=O)c2ccc(NC(=N)N)cc2)cc1,22c58b526e5acdb2,10
rotigotine,DTXSID5046772,99755-59-6,CCCN(CCc1cccs1)[C@H]1CCc2c(O)cccc2C1,1442aba24389cd7e,16
"1,3-di(pyrrolidin-1-yl)propane-1,3-dione",DTXSID70950245,27579-35-7,O=C(CC(=O)N1CCCC1)N1CCCC1,8add9c792800a168,6
"1',3'-dihydro-2h-spiro[imidazo[1,2-a]pyridine-3,2'-inden]-2-one",DTXSID801356963,887603-94-3,O=C1N=C2C=CC=CN2C12Cc1ccccc1C2,799018e39b8e2750,1
givinostat,DTXSID70198049,497833-27-9,CCN(CC)Cc1ccc2cc(COC(=O)Nc3ccc(C(=O)NO)cc3)ccc2c1,823967bc81b2f92a,24
"7-[(3-hydroxypropyl)sulfanyl]-4-isobutyl-2-methyl-6-(1-naphthylmethyl)-2,6-dihydro-1h-pyrrolo[3,4-d]pyridazin-1-one",DTXSID101352215,227321-12-2,CC(C)Cc1nn(C)c(=O)c2c(SCCCO)n(Cc3cccc4ccccc34)cc12,19b1c89f9421b09f,3
ivabradine,DTXSID2048240,155974-00-8,COc1cc2c(cc1OC)CC(=O)N(CCCN(C)C[C@H]1Cc3cc(OC)c(OC)cc31)CC2,87f9037a3494271a,5
"(2,4-dimethoxyphenyl)(4-methylphenyl)methanone",DTXSID10561713,78589-05-6,COc1ccc(C(=O)c2ccc(C)cc2)c(OC)c1,d840ed09a2f5565a,6
,,,C=CC(=O)N1CCC(CNc2ncnc(N)c2-c2ccc(Oc3ccccc3)cc2)CC1,48577431b04b5e9d,9
n-(5-methyl-3-isoxazolyl)-2-thiophenecarboxamide,DTXSID101239996,313516-31-3,Cc1cc(NC(=O)c2cccs2)no1,cf4ecad30dc0aed6,2
pevonedistat,DTXSID701022549,905579-51-3,NS(=O)(=O)OC[C@@H]1C[C@@H](n2ccc3c(N[C@H]4CCc5ccccc54)ncnc32)C[C@@H]1O,c8ca44610555c565,2
"6-fluoro-3-{4-[3-methoxy-4-(4-methyl-1h-imidazol-1-yl)phenyl]-1h-1,2,3-triazol-1-yl}-1-(2,2,2-trifluoroethyl)-1,3,4,5-tetrahydro-2h-1-benzazepin-2-one",DTXSID70732149,1093978-89-2,COc1cc(-c2cn(C3CCc4c(F)cccc4N(CC(F)(F)F)C3=O)nn2)ccc1-n1cnc(C)c1,f90a667804b1a983,14
"3-[4-(2-hydroxyphenoxy)-3,5-dimethylpyrazol-1-yl]propanenitrile",DTXSID101327624,380425-92-3,Cc1nn(CCC#N)c(C)c1Oc1ccccc1O,c252cd638a326f58,8
,,,N=C(N)N/N=C/c1c(Cl)cccc1Cl,3e600f408e69ec98,3
"2,3-dimethylquinoline-4-carboxylic acid",DTXSID00303583,7120-25-4,Cc1nc2ccccc2c(C(=O)O)c1C,8b1558334436b69c,2
molidustat,DTXSID80151089,1154028-82-6,O=c1c(-n2ccnn2)c[nH]n1-c1cc(N2CCOCC2)ncn1,dfafbb5ac7f17cec,2
"6,7-dimethoxy-2-[4-(4-methyl-1-piperazinyl)phenyl]-n-[2-(4-morpholinyl)ethyl]-4-quinazolinamine",DTXSID101351912,1093135-60-4,COc1cc2nc(-c3ccc(N4CCN(C)CC4)cc3)nc(NCCN3CCOCC3)c2cc1OC,a94cb005a1ce148d,3
"1-cyclopentyl-3-(1h-pyrrolo[2,3-b]pyridin-5-yl)-1h-pyrazolo[3,4-d]pyrimidin-4-amine",DTXSID00648002,1092788-83-4,Nc1ncnc2c1c(-c1cnc3[nH]ccc3c1)nn2C1CCCC1,8c0237093ebc4d97,11
plx-4720,DTXSID10238711,918505-84-7,CCCS(=O)(=O)Nc1ccc(F)c(C(=O)c2c[nH]c3ncc(Cl)cc23)c1F,61f9d2f785965175,16
"4,6-dimethyl-1-(1-methylethyl)-1h-pyrazolo[3,4-b]pyridine-5-propanoic acid",DTXSID501144707,853574-49-9,Cc1nc2c(cnn2C(C)C)c(C)c1CCC(=O)O,abef5391bdbe5720,16
sea0400,DTXSID00349269,223104-29-8,CCOc1ccc(Oc2ccc(OCc3cc(F)ccc3F)cc2)c(N)c1,3907d9507c7a55df,21
trelagliptin,DTXSID00235678,865759-25-7,Cn1c(=O)cc(N2CCC[C@@H](N)C2)n(Cc2cc(F)ccc2C#N)c1=O,f2be5e76c26e56fb,7
n-[(2z)-3-(3-chloro-4-cyclohexylphenyl)prop-2-en-1-yl]-n-ethylcyclohexanamine,DTXSID701356891,132173-06-9,CCN(C/C=C\c1ccc(C2CCCCC2)c(Cl)c1)C1CCCCC1,1ff72ae562f902bf,10
tomivosertib,DTXSID601022534,1849590-01-7,Cc1cc(Nc2cc(N)ncn2)c(=O)n2c1C(=O)NC21CCCCC1,360682ec5dfd2385,3
3-pyrrolidin-1-ylquinoxalin-2-amine,DTXSID20365880,480439-27-8,Nc1nc2ccccc2nc1N1CCCC1,b39374f39376eb45,4
"8-chloro-4-(3-chloro-4-fluoroanilino)-6-({[1-(1-ethylpiperidin-4-yl)-1h-1,2,3-triazol-4-yl]methyl}amino)quinoline-3-carbonitrile",DTXSID50657644,915363-56-3,CCN1CCC(n2cc(CNc3cc(Cl)c4ncc(C#N)c(Nc5ccc(F)c(Cl)c5)c4c3)nn2)CC1,be47e77549c4e286,3
ozagrel,DTXSID6048547,82571-53-7,O=C(O)/C=C/c1ccc(Cn2ccnc2)cc1,57e7be01b4d76100,8
rupatadine,DTXSID00166534,158876-82-5,Cc1cncc(CN2CCC(=C3c4ccc(Cl)cc4CCc4cccnc43)CC2)c1,b35d6816d1598159,9
gs-9620,DTXSID40153741,1228585-88-3,CCCCOc1nc(N)c2c(n1)N(Cc1cccc(CN3CCCC3)c1)CC(=O)N2,24c577747247d5c3,23
lorlatinib,DTXSID201027944,1454846-35-5,C[C@H]1Oc2cc(cnc2N)-c2c(nn(C)c2C#N)CN(C)C(=O)c2ccc(F)cc21,ee1e2fe3a2de145f,1
tolazoline,DTXSID3023683,59-98-3,c1ccc(CC2=NCCN2)cc1,6491e247c8e4d816,2
quiflapon,DTXSID20159882,136668-42-3,CC(C)(C)Sc1c(CC(C)(C)C(=O)O)n(Cc2ccc(Cl)cc2)c2ccc(OCc3ccc4ccccc4n3)cc12,d30a13e0dbc7a5a5,4
"(3s)-3-{[2-chloro-5-(2,2-difluoroethyl)-8-fluoro-5h-dibenzo[b,e][1,4]diazepin-11-yl]amino}-n-isopropyl-1-pyrrolidinecarboxamide",DTXSID301352178,1783816-74-9,CC(C)NC(=O)N1CC[C@H](NC2=Nc3cc(F)ccc3N(CC(F)F)c3ccc(Cl)cc32)C1,83969ce199596149,3
cp-673451,DTXSID20187948,343787-29-1,COCCOc1ccc2c(c1)ncn2-c1ccc2cccc(N3CCC(N)CC3)c2n1,318ded4fb8e6effb,5
,,,CC(C)(Oc1ccc(-c2cnc(N)c(-c3ccc(Cl)cc3)c2)cc1)C(=O)O,9480dcab8539a254,12
cerdulatinib,DTXSID001115521,1198300-79-6,CCS(=O)(=O)N1CCN(c2ccc(Nc3ncc(C(N)=O)c(NC4CC4)n3)cc2)CC1,8990948394f7165f,2
"2,4,6-trimethyl-n-phenylbenzene-1-sulfonamide",DTXSID30947979,25116-87-4,Cc1cc(C)c(S(=O)(=O)Nc2ccccc2)c(C)c1,e00bf1e9d538f38a,7
,,,Cn1cc(-c2ccc(-c3cncc(Cl)c3N3CCC4(CCNC4=O)CC3)cc2)cn1,49f3079ce85ec2d9,4
6-chloro-8-quinolinecarboxylic acid,DTXSID20214824,6456-78-6,O=C(O)c1cc(Cl)cc2cccnc12,0a1ac5d6c237e0d6,4
azd-1480,DTXSID50239469,935666-88-9,Cc1cc(Nc2nc(N[C@@H](C)c3ncc(F)cn3)ncc2Cl)n[nH]1,28e883e26439874b,4
ssr69071,DTXSID1047368,344930-95-6,COc1cc(C(C)C)c2c(c1)S(=O)(=O)N(COc1cc(=O)n3cccc(OCCN4CCCCC4)c3n1)C2=O,1717b3923cd58b18,2
,,,CCn1c(CO)nn(-c2cc(O[C@@H](C)C(F)(F)F)c(C(=O)Nc3c(F)cccc3Cl)cc2F)c1=O,8f7b6d7229ac4b48,9
3-[(3-chlorophenyl)methoxy]pyridin-2-amine,DTXSID50438596,107229-62-9,Nc1ncccc1OCc1cccc(Cl)c1,37577eac97d4ee72,4
10-nitrooleic acid,DTXSID401347887,875685-46-4,CCCCCCCC/C(=C\CCCCCCCC(=O)O)[N+](=O)[O-],203368cedacce9cb,2
"(2s,5s)-(-)-2-tert-butyl-3-methyl-5-benzyl-4-imidazolidinone",DTXSID30437926,346440-54-8,CN1C(=O)[C@H](Cc2ccccc2)N[C@@H]1C(C)(C)C,d93f0b6a58e0334b,3
tetrabenazine,DTXSID0042614,58-46-8,COc1cc2c(cc1OC)[C@@H]1CC(=O)[C@@H](CC(C)C)CN1CC2,da681d839af4a8d4,3
"6-[[4-[(3-methylsulfonylphenyl)methylamino]-5-(trifluoromethyl)pyrimidin-2-yl]amino]-3,4-dihydro-1h-quinolin-2-one",DTXSID10469447,869288-64-2,CS(=O)(=O)c1cccc(CNc2nc(Nc3ccc4c(c3)CCC(=O)N4)ncc2C(F)(F)F)c1,4647b6f9fd3ae49f,9
"(3z)-3-[[[3-[(dimethylamino)methyl]phenyl]amino]phenylmethylene]-2,3-dihydro-n,n-dimethyl-2-oxo-1h-indole-6-carboxamide",DTXSID201025843,1265916-41-3,CN(C)Cc1cccc(N/C(=C2\C(=O)Nc3cc(C(=O)N(C)C)ccc32)c2ccccc2)c1,6376d706a80d4491,13
,,,N#Cc1cc(F)c(C(=O)Nc2ccnc(NC(=O)[C@H]3C[C@H]3F)c2)c(Cl)c1,160432214621a450,1
"1-{(2s,5r)-2-methyl-5-[(7h-pyrrolo[2,3-d]pyrimidin-4-yl)amino]piperidin-1-yl}prop-2-en-1-one",DTXSID301356920,1792180-81-4,C=CC(=O)N1C[C@H](Nc2ncnc3[nH]ccc23)CC[C@@H]1C,4a6f2d5597b541f1,3
dienogest,DTXSID80891478,65928-58-7,C[C@]12CCC3=C4CCC(=O)C=C4CC[C@H]3[C@@H]1CC[C@@]2(O)CC#N,6efb5f91c273bd07,7
"n-(2,4-dimethoxyphenyl)thieno[2,3-d]pyrimidin-4-amine",DTXSID201326029,790705-05-4,COc1ccc(Nc2ncnc3sccc23)c(OC)c1,69a77fd962066219,1
,,,C[C@@H](c1ccc2ccc(O[C@H]3CC[C@@H](C(F)(F)F)CC3)c(C(F)(F)F)c2c1)N1C2CCC1CC(C(=O)O)C2,07b86410fcddd188,1
n-methyl-4-((4-(((3-(methyl(methylsulfonyl)amino)pyrazin-2-yl)methyl)amino)-5-(trifluoromethyl)pyrimidin-2-yl)amino)benzamide,DTXSID901025937,1073154-85-4,CNC(=O)c1ccc(Nc2ncc(C(F)(F)F)c(NCc3nccnc3N(C)S(C)(=O)=O)n2)cc1,c48a3f1e593517fa,6
1-cyclopentyl-1h-benzimidazol-2-amine,DTXSID901286789,945021-20-5,Nc1nc2ccccc2n1C1CCCC1,13eedc19200a1af3,4
2-[4-[(2-fluorophenyl)methyl]piperazin-1-yl]pyrimidine,DTXSID501327371,414886-22-9,Fc1ccccc1CN1CCN(c2ncccn2)CC1,82feb315ff442903,11
n-(4-methoxybenzyl)-1-(naphthalen-1-yl)methanamine,DTXSID80354770,185669-79-8,COc1ccc(CNCc2cccc3ccccc23)cc1,a1dcc7180212c217,4
"7-methoxy-2-(4-methylphenyl)-1,3(2h,4h)-isoquinolinedione",DTXSID101197061,73109-32-7,COc1ccc2c(c1)C(=O)N(c1ccc(C)cc1)C(=O)C2,b8c5e6d8fd16fa09,7
ami-193,DTXSID6042579,510-74-7,O=C1NCN(c2ccccc2)C12CCN(CCCOc1ccc(F)cc1)CC2,5659d1767f8a6c5a,6
2-phenylethynesulfonamide,DTXSID40316450,64984-31-2,NS(=O)(=O)C#Cc1ccccc1,c92bdb0767e608ea,1
"2-{3-[4-(methanesulfinyl)phenyl]-1-benzofuran-5-yl}-5-methyl-1,3,4-oxadiazole",DTXSID50647722,1005201-24-0,Cc1nnc(-c2ccc3occ(-c4ccc(S(C)=O)cc4)c3c2)o1,b877b57de801fc5f,12
jnj-54175446,DTXSID201358973,1627902-21-9,C[C@@H]1c2nnn(-c3ncc(F)cn3)c2CCN1C(=O)c1cccc(C(F)(F)F)c1Cl,ed40037bbbc01918,4
"n-(4-ethoxyphenyl)-4-(2-methylimidazo[1,2-a]pyridin-3-yl)-1,3-thiazol-2-amine",DTXSID70360042,315703-52-7,CCOc1ccc(Nc2nc(-c3c(C)nc4ccccn34)cs2)cc1,f695e1788ec71ddc,14
"4-(4-ethoxyphenyl)-1,3-thiazol-2-amine",DTXSID80346559,15850-29-0,CCOc1ccc(-c2csc(N)n2)cc1,e6ee4ab02ad6975c,6
antalarmin,DTXSID50166241,157284-96-3,CCCCN(CC)c1nc(C)nc2c1c(C)c(C)n2-c1c(C)cc(C)cc1C,6655b20020ff4a56,18
"trans-4-((9-((3s)-tetrahydrofuran-3-yl)-8-((2,4,6-trifluorophenyl)amino)-9h-purin-2-yl)amino)cyclohexanol",DTXSID901026042,899805-25-5,O[C@H]1CC[C@H](Nc2ncc3nc(Nc4c(F)cc(F)cc4F)n([C@H]4CCOC4)c3n2)CC1,c85ec0a8ba81adf3,2
"1,3-propanediol, 2-amino-2-[2-(4-octylphenyl)ethyl]-, 1-(dihydrogen phosphate), (2s)-",DTXSID801127241,402616-26-6,CCCCCCCCc1ccc(CC[C@](N)(CO)COP(=O)(O)O)cc1,54007831a4c19373,4
6-(2-fluorophenoxy)pyridin-3-amine,DTXSID20384177,243644-24-8,Nc1ccc(Oc2ccccc2F)nc1,def09e1b4773e8fd,2
baricitinib,DTXSID30152228,1187594-09-7,CCS(=O)(=O)N1CC(CC#N)(n2cc(-c3ncnc4[nH]ccc34)cn2)C1,f96bd6efa332bc73,4
plinabulin,DTXSID201031311,714272-27-2,CC(C)(C)c1[nH]cnc1/C=c1\[nH]c(=O)/c(=C/c2ccccc2)[nH]c1=O,74d5899238be4b03,4
5-anilino-3-methylisothiazole-4-carbonitrile,DTXSID30363453,91093-88-8,Cc1nsc(Nc2ccccc2)c1C#N,780c390404f313e6,1
prexasertib,DTXSID301031326,1234015-52-1,COc1cccc(OCCCN)c1-c1cc(Nc2cnc(C#N)cn2)n[nH]1,23688f5f8f1096e1,14
"n-(4,5-dimethyl-1,3-thiazol-2-yl)-2-methylbenzamide",DTXSID70585874,377057-99-3,Cc1ccccc1C(=O)Nc1nc(C)c(C)s1,6ea1cb814bce3514,4
halopemide,DTXSID20208561,59831-65-1,O=C(NCCN1CCC(n2c(=O)[nH]c3cc(Cl)ccc32)CC1)c1ccc(F)cc1,7f8e1604efe10f7d,1
gdc-0879,DTXSID00471110,905281-76-7,OCCn1cc(-c2ccc3c(c2)CC/C3=N\O)c(-c2ccncc2)n1,bb8de1e7a5f9cc82,8
"4-cyano-n-(1,2,4-triazol-4-yl)benzamide",DTXSID401330935,730242-78-1,N#Cc1ccc(C(=O)Nn2cnnc2)cc1,ce5f9ec50ea09c20,2
risdiplam,DTXSID701109185,1825352-65-5,Cc1cn2nc(-c3cc(=O)n4cc(N5CCNC6(CC6)C5)ccc4n3)cc(C)c2n1,9c6100f9b30a0c1a,6
am-0902,DTXSID101336572,1883711-97-4,Cn1cnc2ncn(Cc3nc(CCc4ccc(Cl)cc4)no3)c(=O)c21,67d062ca5c1ea029,7
2-(4-fluoroanilino)pyridine-4-carbonitrile,DTXSID80640903,137225-11-7,N#Cc1ccnc(Nc2ccc(F)cc2)c1,76d207574792317a,3
5-amino-1-phenylbenzimidazole,DTXSID90359478,53897-95-3,Nc1ccc2c(c1)ncn2-c1ccccc1,cc66f3d28ca98da4,2
crizotinib,DTXSID701009329,877399-52-5,C[C@@H](Oc1cc(-c2cnn(C3CCNCC3)c2)cnc1N)c1c(Cl)ccc(F)c1Cl,fe98b676f05ee99d,3
mln8054,DTXSID10235987,869363-13-3,O=C(O)c1ccc(Nc2ncc3c(n2)-c2ccc(Cl)cc2C(c2c(F)cccc2F)=NC3)cc1,51045b51fd117e46,6
pranlukast,DTXSID3043782,103177-37-3,O=C(Nc1cccc2c(=O)cc(-c3nnn[nH]3)oc12)c1ccc(OCCCCc2ccccc2)cc1,d7825354fe4b9a24,5
trifluridine,DTXSID4046602,70-00-8,O=c1[nH]c(=O)n([C@H]2C[C@H](O)[C@@H](CO)O2)cc1C(F)(F)F,03c0e89c15bb5375,2
verdinexor,DTXSID301022535,1392136-43-4,O=C(/C=C\n1cnc(-c2cc(C(F)(F)F)cc(C(F)(F)F)c2)n1)NNc1ccccn1,1b2a98079367afb9,7
"3-amino-n-[(4-chlorophenyl)methyl]-4,6-dimethylthieno[2,3-b]pyridine-2-carboxamide",DTXSID30351931,633283-39-3,Cc1cc(C)c2c(N)c(C(=O)NCc3ccc(Cl)cc3)sc2n1,419ba7d72d73d280,3
,,,CC(C)(C)c1ccc(C(=O)Nc2cn3cc(-n4ccnc4)ccc3n2)cc1,37c541412e0326de,4
n-(4-methylphenyl)quinoline-8-carboxamide,DTXSID701322303,879413-96-4,Cc1ccc(NC(=O)c2cccc3cccnc23)cc1,e3eca8ecbb1eb74a,2
mrk 409,DTXSID101016659,233275-76-8,Cn1ncnc1COc1nn2c(-c3c(F)cccc3F)nnc2cc1C1CCC1,df31f93cf86b7aef,13
"5-[[4-[(6-chlorothieno[2,3-d]pyrimidin-4-yl)amino]-1-piperidinyl]methyl]-2-fluorobenzonitrile",DTXSID60235710,866206-54-4,N#Cc1cc(CN2CCC(Nc3ncnc4sc(Cl)cc34)CC2)ccc1F,30b0c6412eaa07b9,7
n-(3-((5-fluoro-2-((4-(2-methoxyethoxy)phenyl)amino)-4-pyrimidinyl)amino)phenyl)-2-propenamide,DTXSID101026012,1202757-89-8,C=CC(=O)Nc1cccc(Nc2nc(Nc3ccc(OCCOC)cc3)ncc2F)c1,7ccbccebb9dff059,8
am-966,DTXSID10153758,1228690-19-4,Cc1noc(-c2ccc(-c3ccc(CC(=O)O)cc3)cc2)c1NC(=O)O[C@H](C)c1ccccc1Cl,0d5467ce2a6665cd,3
n-(3-cyanophenyl)-2-methoxybenzamide,DTXSID70359214,671795-10-1,COc1ccccc1C(=O)Nc1cccc(C#N)c1,3917d3ea0debdd4b,2
avasimibe,DTXSID80168117,166518-60-1,CC(C)c1cc(C(C)C)c(CC(=O)NS(=O)(=O)Oc2c(C(C)C)cccc2C(C)C)c(C(C)C)c1,6a5e52419d7b143f,11
,,,Cn1cc(-c2cn3nccc3c(-c3cnn([C@]4(CC#N)C[C@@H](C#N)C4)c3)n2)cn1,4b2ab41ad57a362d,17
jnj-5207787,DTXSID60438082,683746-68-1,CC(=O)N1CCc2ccc(N(C(=O)/C=C/c3cccc(C#N)c3)C3CCN(CCC4CCCC4)CC3)cc21,5abbcf4cccde1793,1
alectinib,DTXSID50154840,1256580-46-7,CCc1cc2c(cc1N1CCC(N3CCOCC3)CC1)C(C)(C)c1[nH]c3cc(C#N)ccc3c1C2=O,3a741f4f431bd87f,1
fg-4592,DTXSID60230644,808118-40-3,Cc1nc(C(=O)NCC(=O)O)c(O)c2ccc(Oc3ccccc3)cc12,383120eda0a8e825,11
pnu-142633,DTXSID00431734,187665-65-2,CNC(=O)c1ccc2c(c1)CCO[C@H]2CCN1CCN(c2ccc(C(N)=O)cc2)CC1,08c1fa21a689e63d,6
3-tert-butyl-1-(2-methylphenyl)-1h-pyrazol-5-amine,DTXSID60354374,337533-96-7,Cc1ccccc1-n1nc(C(C)(C)C)cc1N,9c23495aec03e974,8
"3-(3,5-difluorophenyl)-1-methyl-1h-pyrazol-5-amine",DTXSID201230523,1019010-72-0,Cn1nc(-c2cc(F)cc(F)c2)cc1N,cca9d29c7a729381,1
mrk 016,DTXSID60426080,783331-24-8,Cc1cc(-c2nncc3c(C(C)(C)C)c(OCc4ncnn4C)nn23)no1,381d9b3ba20c9c26,7
"n-{(2s)-1-[4-(5-chloro-2-oxo-2,3-dihydro-1h-benzimidazol-1-yl)piperidin-1-yl]propan-2-yl}naphthalene-2-carboxamide",DTXSID501357198,1130067-06-9,C[C@@H](CN1CCC(n2c(=O)[nH]c3cc(Cl)ccc32)CC1)NC(=O)c1ccc2ccccc2c1,8cc352ba4be763eb,6
voxelotor,DTXSID801027954,1446321-46-5,CC(C)n1nccc1-c1ncccc1COc1cccc(O)c1C=O,ba5a4ca580e8fc67,7
psb 1115,DTXSID80415532,152529-79-8,CCCn1c(=O)[nH]c2nc(-c3ccc(S(=O)(=O)O)cc3)[nH]c2c1=O,883f676351febc08,14
n-(2-aminophenyl)-n-methylmethanesulfonamide,DTXSID90536489,90140-21-9,CN(c1ccccc1N)S(C)(=O)=O,f097be02b40797dc,3
ly 450139,DTXSID10235740,866488-53-1,CC(C)[C@H](O)C(=O)N[C@@H](C)C(=O)N[C@@H]1C(=O)N(C)CCc2ccccc21,fd1528abb8ae202e,3
,,,CS(=O)(=O)c1ccc(-c2cnc(NCc3ccco3)n3cnnc23)cc1,717bc3c8b85a1558,9
,,,CC(C)(O)CCn1cc2cc(NC(=O)c3cccc(C(F)(F)F)n3)c(C(C)(C)O)cc2n1,c11b6a3e97bd3585,4
"n-hexyl-7h-pyrrolo[2,3-d]pyrimidin-4-amine",DTXSID10615104,57357-98-9,CCCCCCNc1ncnc2[nH]ccc12,f6d3491ed042557a,13
,,,C[C@H]1CN(C2COC2)CCN1c1ccc(Nc2cc(-c3ccnc(N4CCn5c(cc6c5CC(C)(C)C6)C4=O)c3CO)cn(C)c2=O)nc1,378a2aa413ce435a,7
"7-benzyl-5,6-dimethyl-7h-pyrrolo[2,3-d]pyrimidin-4-amine",DTXSID10388205,56344-53-7,Cc1c(C)n(Cc2ccccc2)c2ncnc(N)c12,36c98c4df5cd4427,2
2-[3-[4-(1h-indazol-5-ylamino)-2-quinazolinyl]phenoxy]-n-(1-methylethyl)acetamide,DTXSID80238425,911417-87-3,CC(C)NC(=O)COc1cccc(-c2nc(Nc3ccc4[nH]ncc4c3)c3ccccc3n2)c1,aaf65920f0c5b66e,1
merck sip agonist,DTXSID70439828,635701-59-6,CC(C)Cc1ccc(-c2nc(-c3ccc(CN4CC(C(=O)O)C4)cc3)no2)cc1,3843df429591cdeb,21
"1-[(3,4-difluorophenyl)methyl]-2-oxo-n-{(1r)-2-[(2-oxo-2,3-dihydro-1h-benzimidazol-5-yl)oxy]-1-phenylethyl}-1,2-dihydropyridine-3-carboxamide",DTXSID90678515,1001409-50-2,O=C(N[C@@H](COc1ccc2[nH]c(=O)[nH]c2c1)c1ccccc1)c1cccn(Cc2ccc(F)c(F)c2)c1=O,997e28f7b4e6c387,8
"2-(2-methoxyphenyl)-n-(5-methyl-1,3-thiazol-2-yl)acetamide",DTXSID101322929,730986-80-8,COc1ccccc1CC(=O)Nc1ncc(C)s1,a569626b230479e6,3
ro 48-8071,DTXSID90870077,161582-11-2,C=CCN(C)CCCCCCOc1ccc(C(=O)c2ccc(Br)cc2)c(F)c1,3b2fce9a28134a46,8
erdafitinib,DTXSID001027936,1346242-81-6,COc1cc(OC)cc(N(CCNC(C)C)c2ccc3ncc(-c4cnn(C)c4)nc3c2)c1,8bfcb9e566dabf75,17
,,,C#CCC1CCN(C2CCN(S(=O)(=O)c3ccc(Br)cc3)CC2)CC1,10509dab7b5aaed5,3
,,,C#CCOc1ccc2cc(-c3nn(C(C)(C)C)c(N)c3C(N)=O)ccc2c1,a5effd849703778a,9
,,,C/C(=C\c1ccc2c(c1)N(S(=O)(=O)c1c(OCCO)nn3c1CCCC3)C[C@H](CCC(=O)O)O2)c1c(F)cccc1Cl,d2680726c91b1e39,2
pironetin,DTXSID601037185,151519-02-7,C/C=C/C[C@H](C)[C@@H](OC)[C@@H](C)[C@H](O)C[C@H]1OC(=O)C=C[C@H]1CC,216d152812323919,3
adagrasib,DTXSID801336759,2326521-71-3,C=C(F)C(=O)N1CCN(c2nc(OC[C@@H]3CCCN3C)nc3c2CCN(c2cccc4cccc(Cl)c24)C3)C[C@@H]1CC#N,c718b22bf29c43a0,7
,,,C=CC(=O)N1CCC[C@@H](n2nc(-c3ccc(Oc4ccccc4)cc3)c3c(N)n[nH]c(=O)c32)C1,b1ee26c806d4c706,11
,,,C=CC(=O)N1CCC[C@@H](n2nc(-c3cn(-c4ccc(C(C)=O)cc4)nn3)c3c(N)ncnc32)C1,c1529f0273f16ce7,4
,,,C=CC(=O)N1CCN(c2nc(OC[C@@H]3CCCN3C)nc3c2CCN(c2cc(O)cc4ccccc24)C3)CC1,14ed714f6590100b,4
,,,C=CC(=O)N1CCN(c2nc(OC[C@@H]3CCCN3C)nc3c2CCN(c2cccc4ccccc24)C3)C[C@@H]1CC#N,4944ca626e4d6221,3
,,,C=CC(=O)N1C[C@@H]2C[C@H]1CN2S(=O)(=O)c1ccc(N2CC(CN3CCC([C@@](CN4CCC4)(c4cccc(F)c4)[C@H]4CCC[C@@H]4NC(=O)OC)CC3)(OC)C2)cc1,5d4f6d8663f4b0f4,1
,,,C=CC(=O)N[C@H]1CCOC[C@H]1Nc1ncc2cc(-c3c(Cl)c(OC)cc(OC)c3Cl)ccc2n1,55bd8d3f687ca7e2,4
,,,C=CCOc1ccc(C2CC(=O)Nc3nc(N)[nH]c(=O)c32)cc1OC,3440f9b6dc3e0f39,17
,,,C=CCOc1ccc(F)c(C(=O)NNS(=O)(=O)c2ccccc2)c1,605185c4ec61a344,8
,,,C=CCn1c(=O)c2cnc(Nc3ccc(N4CCN(C)CC4)cc3)nc2n1-c1ccc2c(n1)[C@](C)(O)CC2,5419ec262a415684,5
,,,CC#CC(=O)Nc1cc(-c2cc3c(cn2)cc(-c2c(Cl)c(OC)cc(OC)c2Cl)c(=O)n3CC)c(OC)cc1N1C[C@H]2C[C@@H]1CO2,5b22efaf1a6879f9,5
,,,CC(=O)N1CCN([C@H]2C[C@@H](n3cc(-c4ccc(Cl)c(N)c4)c4c(N)ncnc43)C2)CC1,dd6b053620308ed8,7
,,,CC(=O)N1CCN(c2cc(-c3ccccc3O)nnc2N)C[C@H]1C,e7c614faeb89fc97,3
,,,CC(=O)N1CCN(c2ccc(CN3C[C@H](C)OC[C@H](c4ccccc4)S3(=O)=O)c(F)c2)CC1,b76eab2aee419ff2,3
,,,CC(=O)N1CCN(c2ccc(CN3[C@@H](C)CC[C@H](c4ccccc4)S3(=O)=O)c(F)c2)CC1,1150f8e79c85fdf2,6
,,,CC(=O)N1CCN(c2ccc(NC(=O)Cc3cnc(-c4ccnc(F)c4)c(C)c3)nc2)CC1,b685b94a0377bb4f,12
,,,CC(=O)N1CCc2c(c(-c3cccc4cc(-c5cnn(C)c5)ncc34)nn2C2CCOCC2)C1,48f62fddc3fc28c8,7
,,,CC(=O)N[C@H]1CC[C@H](Nc2nccc(-c3c(-c4ccccc4)noc3C)n2)CC1,9a194f3a732765c6,3
,,,CC(C)(C#N)c1cc(Nc2nc(N3CCC[C@H](N)C3)ncc2C(N)=O)cc(C(C)(C)C#N)c1,cf10c8a3b467234f,3
tert-butylbenzamido hydroxylbenzamide,DTXSID90233744,847249-57-4,CC(C)(C)c1ccc(C(=O)Nc2ccc(C(=O)NO)cc2)cc1,c03e355e22902336,12
,,,CC(C)(C)c1ccc(CN(C(=O)CN(Cc2c(F)c(F)c(F)c(F)c2F)S(=O)(=O)c2ccc(F)cc2)c2ccc(C(=O)NO)cc2)cc1,71c5e228c9fbc28e,6
,,,CC(C)(C)c1ccc(NC(=O)N2CCN(c3ccc(C#N)cn3)CC2)cc1,84e6f487d4554dda,2
,,,CC(C)(C)n1nc(-c2ccc3cc(OC4CC4)ccc3c2)c(C(N)=O)c1N,265777fb161f1c37,5
,,,CC(C)(CO)Cn1nc(-c2ccc3cc(OC4CC4)ccc3c2)c(C(N)=O)c1N,0106d309e2e9e4d8,3
,,,CC(C)(CO)Cn1nc(-c2ccc3nc(OC4CC4)ccc3c2)c(C(N)=O)c1N,36592f98da9fba56,3
,,,CC(C)(CO)n1nc(-c2ccc3cc(OC4CC4)ccc3c2)c(C(N)=O)c1N,7df165ff3f30491f,4
,,,CC(C)(CO)n1nc(-c2ccc3nc(OC4CC4)ccc3c2)c(C(N)=O)c1N,0c37a7892f17f684,4
,,,CC(C)(C[C@H]1CN(S(=O)(=O)c2cccc(C(F)(F)F)c2)c2cc(-c3cc(F)cc(OC(F)F)c3)ccc2O1)C(=O)O,4f901e5a9773844b,6
,,,CC(C)(NC(=O)c1cnc(-n2cccn2)nc1O)c1ccccc1,e0c67886d5a1b9e8,12
,,,CC(C)(O)CCO[C@]1(c2ccc(Cl)cc2)c2ccc(C(C)(C)O)cc2C(=O)N1Cc1ccc(Cl)cc1,1ea85db9bcf6d456,4
,,,CC(C)(O)CN1CC(C#CC#Cc2cc3n(c2)C(=O)N(CC[C@](C)(C(=O)NO)S(C)(=O)=O)C3)C1,6d81fd3472e1c9fe,4
,,,CC(C)(O)Cn1nc(-c2ccc3cc(OC4CC4)ccc3c2)c2c(N)ncnc21,bd8138b703b042bb,13
,,,CC(C)(O)Cn1nc(-c2ccc3nc(OC4CC4)ccc3c2)c2c(N)ncnc21,549b628a0e897a75,13
,,,CC(C)(O)[C@H](F)CN1Cc2cc(NC(=O)c3cnn4cccnc34)c(N3CCN(C4CC(F)(F)C4)CC3)cc2C1=O,c93b76376afcd5ca,6
,,,CC(C)(O)[C@H](F)CN1Cc2cc(NC(=O)c3cnn4cccnc34)c(N3CCN(CC(F)F)CC3)cc2C1=O,4820c088480453c6,1
,,,CC(C)(O)[C@H](F)CN1Cc2cc(NC(=O)c3cnn4cccnc34)c(N3CCOCC3)cc2C1=O,2997e4692e9a1ca5,2
,,,CC(C)(O)c1cc(F)c2c(c1)C(=O)N(Cc1ccc(Cl)cn1)[C@@]2(OCC1(C(N)=O)CC1)c1ccc(Cl)cc1,32f365eb355c1297,1
,,,CC(C)(O)c1cc(F)c2c(c1)C(=O)N(Cc1ccc(Cl)cn1)[C@@]2(OCC1(O)CC1)c1ccc(Cl)cc1,5e54d5e2a625e991,6
,,,CC(C)(O)c1ccc2c(c1)C(=O)N(Cc1ccc(Cl)cc1)C2(OCC1(C(=O)O)CC1)c1ccc(Cl)cc1,949ed5a68e78ee5c,8
,,,CC(C)(O)c1ccc2c(c1)C(=O)N(Cc1ccc(Cl)cc1)[C@@]2(OCC1(CO)CC1)c1ccc(Cl)cc1,e72f704e2127f4f9,1
,,,CC(C)(O)c1cccn2c(C3(c4ccc(Cl)cc4)CC3)nnc12,163088a8d95b56d0,6
,,,CC(C)(O/N=C(\C(=O)N[C@H]1CN2CC(C(=O)NCCN3C(=O)c4cc(O)c(O)cc4C3=O)=C(C(=O)O)N2C1=O)c1nc(N)sc1Cl)C(=O)O,345521205a72e274,4
,,,CC(C)C(=O)N[C@H]1O[C@@H](C)[C@@H](O)[C@@H](O)[C@@H]1O,957e0edc55b9d199,4
,,,CC(C)C(=O)Nc1ccc2oc(-c3ccc(C(C)(C)C)cc3)nc2c1,07f54eabc982cc55,10
,,,CC(C)CCNC1=CC(=O)c2ccccc2C1=O,394efa55546b128d,9
,,,CC(C)C[C@H](NC(=O)CNC(=O)[C@H](C)NC(=O)c1ccc(S(=O)(=O)NC[C@H]2O[C@@H](C)[C@@H](O)[C@@H](O)[C@@H]2O)cc1)C(=O)N[C@@H](C)C(=O)N[C@H]1CCN(c2cc3c(cc2F)c(=O)c(C(=O)O)cn3C2CC2)C1,7be309106d628dfe,2
,,,CC(C)C[C@H](NC(=O)CNC(=O)[C@H](C)NC(=O)c1ccc(S[C@@H]2O[C@H](CO)[C@H](O)[C@H](O)[C@H]2O)cc1)C(=O)N[C@@H](C)C(=O)N[C@H]1CCN(c2cc3c(cc2F)c(=O)c(C(=O)O)cn3C2CC2)C1,940fb5064d9fadf1,1
,,,CC(C)N(C)Cc1cccc(F)c1CNc1cc(F)c(S(=O)(=O)Nc2cscn2)c(F)c1,60f76bc1437145e0,5
,,,CC(C)N1CCc2nc(-c3cccc(OCC(=O)NC(C)(C)C)c3)nc(Nc3ccc(-c4cn[nH]c4)cc3)c2C1,2aa6548402661e77,4
,,,CC(C)NC(=O)c1cc(-c2ccc(NC(=O)[C@H](O)c3cc(F)cc(F)c3)cc2Cl)cnc1N,db23fcecb7556d07,14
,,,CC(C)NC[C@@H](C(=O)N1CCN(c2ncnc3c2[C@H](C)CC(=O)N3)CC1)c1ccc(Cl)cc1,89f18fc1dbad325c,6
,,,CC(C)Oc1cc(NC(=O)N2CCCc3cc(CN4CCCC4=O)c(C=O)nc32)ncc1C#N,3f127726deec212a,5
,,,CC(C)[C@H]1NC(=O)[C@H](CCCCN)NC(=O)CCSCc2cccc(c2)CSCCNC(=O)[C@]2(C)CCCN2C(=O)[C@H](Cc2ccc(O)cc2)NC(=O)[C@H](Cc2cnc[nH]2)NC(=O)[C@H](CC(=O)O)NC(=O)[C@H](Cc2c[nH]c3ccc(F)cc23)NC(=O)[C@H](Cc2c[nH]c3ccc(F)cc23)NC1=O,94cf6470ee6dcd25,3
,,,CC(C)c1c(-c2ccccc2)[nH]c2c(C#N)cnn2c1=O,8c13e0c98a7c73ac,2
,,,CC(C)c1c(-c2cnn(C(C)(C)C)c2)[nH]c2c(C#N)cnn2c1=O,2da9a9101125d533,11
,,,CC(C)c1cc(Nc2nc(N3CCC[C@H](N)C3)ncc2C(N)=O)cc(C(C)C)n1,8ee54826a040a5c3,3
,,,CC(C)c1ccc(CC(=O)N2CCN(c3ccc(C#N)nn3)CC2)cc1,1df6363296d6a687,6
,,,CC(C)c1ccc(NC(=O)N2CCN(c3ccc(C#N)nn3)CC2)cc1,1932071fa2088a96,3
,,,CC(C)c1ccccc1-c1nc(NCc2ccccn2)c2c(ccn2C)n1,4bbc44f022bbca2c,12
,,,CC(C)c1csc(-c2cccc(CNc3ccc4[nH]nc(C(=O)O)c4c3)c2O)n1,b5709b0e6450d8ee,8
,,,CC(C)c1noc(-c2cccc(CNc3ccc4[nH]nc(C(=O)O)c4c3)c2O)n1,3f1d63532d45c2fa,8
,,,CC(C)n1c(-c2ccc(C3=CCN(C(=N)N)CC3)cc2)nnc1-c1ccc(C2=CCN(C(=N)N)CC2)cc1,21320d97eadf0128,18
,,,CC(C)n1nc(-c2cnc(N)c(OC(F)(F)F)c2)cc1[C@H]1[C@@H]2CN(C3COC3)C[C@@H]21,186531698faa3374,11
,,,CC(CCO)n1nc(-c2ccc3cc(OC4CC4)ccc3c2)c(C(N)=O)c1N,149ee0eaad080c57,2
,,,CC(CCO)n1nc(-c2ccc3nc(OC4CC4)ccc3c2)c(C(N)=O)c1N,74198f12ec79aa1b,4
,,,CC(CF)N1CCc2nc(-c3cccc(OCC(=O)NC(C)(C)C)c3)nc(Nc3ccc(-c4cn[nH]c4)cc3)c2C1,42415f156b728239,4
,,,CC(F)(F)COc1ncncc1CNc1ncc(C#N)c(N[C@@H]2CC[C@H](O)C(C)(C)C2)n1,b6bbef5cfda52495,4
,,,CC(NC(=O)c1ccc(Cl)cc1)[C@H]1[C@@H]2C[C@@H](c3ccnc4ccc(F)cc34)C[C@@H]21,cd8b166e95862f61,13
,,,CC(NC(=O)c1ccc(Cl)cc1)[C@H]1[C@@H]2C[C@@H](n3cnc4cc(F)c(F)cc43)C[C@@H]21,13156e955e8066df,12
,,,CC(O)c1cn(CCNc2nonc2/C(=N/O)Nc2ccc(F)c(Br)c2)nn1,f48bc531e6b33092,7
,,,CC1(C)CCN1Cc1cccc(F)c1CNc1cc(F)c(S(=O)(=O)Nc2cscn2)c(F)c1,ba94847d59c05ddd,4
,,,CC1(C)CN(c2cc(C(F)(F)F)cc3cncn23)CC[C@@]12NC(=O)NC2=O,058239b7bec44579,1
,,,CC1(C)CN(c2cc(C(F)(F)F)cc3cncn23)CC[C@]12NC(=O)NC2=O,0bf35df11d3af7df,3
,,,CC1(NC(=O)COc2cccc(-c3nc4c(c(Nc5ccc(-c6cn[nH]c6)cc5)n3)CN(C3CCC3)CC4)c2)CC1,0d84f47b3f234cfb,4
,,,CC12CC3CC(C)(C1)CC(NC(=O)Nc1ccc(C(=O)N4CCCCC4)cc1)(C3)C2,283317a645749d2c,5
,,,CC1=C(C(=O)NCc2cnn(C)c2)C(c2ccc(C)cc2Cl)N=C(Nc2nc3ccc(F)c(N)c3o2)N1,9a13b74f05c6bf04,3
,,,CC1CCN(C2CCN(S(=O)(=O)c3ccc(OC(F)F)cc3)CC2)CC1,5880af56441ad684,3
,,,CC1c2cccc(C(N)=O)c2C(=O)N1C1CCN(C2CCCCC2)CC1,7273012b01704ace,6
leniolisib,DTXSID501358746,1354690-24-6,CCC(=O)N1CC[C@H](Nc2ncnc3c2CN(c2cnc(OC)c(C(F)(F)F)c2)CC3)C1,8ca11d8f2c82aa18,4
,,,CCC(=O)N1CC[C@H](Nc2ncnc3sc(-c4cnc(OC)c(OC)c4)cc23)C1,4e88fd752b247f9f,13
4-[5-(4-chlorophenyl)-4-methyl-2-(1-oxopropyl)-3-thienyl]benzenesulfonamide,DTXSID801142748,1394371-75-5,CCC(=O)c1sc(-c2ccc(Cl)cc2)c(C)c1-c1ccc(S(N)(=O)=O)cc1,4c113ed4224851fa,13
,,,CCC(C)(C)NC(=O)COc1cccc(-c2nc3c(c(Nc4ccc(-c5cn[nH]c5)cc4)n2)COC3)c1,789426490e98c24a,4
,,,CCC(CC)NC(=O)COc1cccc(-c2nc3c(c(Nc4ccc(-c5cn[nH]c5)cc4)n2)COCC3)c1,ee83b6160fac7ade,3
,,,CCC1(CC)CC(=O)N([C@@H]2CCOc3ccc(C(=O)N[C@@H]4CCOc5ccccc54)cc32)C(=N)N1,c69f41706ebd7360,8
,,,CCC1(CC)CC(=O)N([C@@H]2CCOc3ccc(C(=O)N[C@H]4CC(C)(C)Oc5ccccc54)cc32)C(=N)N1,876e63118f86b332,7
,,,CCCC(CCC)c1nc2c(Nc3ccc(I)cc3)nc3ccccc3c2[nH]1,9e9ad0524fa9f41a,7
,,,CCCCCCN1CCNC(=O)[C@H](CO[C@H]2C[C@H](N)C2)NC(=O)[C@H](CN)NC(=O)[C@H](C2CCCCC2)NC(=O)[C@H](CC(C)C)N(C)C(=O)[C@@H]1C,b4f855f485c2f15f,4
,,,CCCCCC[C@H]1OC(=O)[C@@H](C)NC(=O)[C@H]([C@H](C)O)NC(=O)[C@H](CN)NC(=O)[C@H](C2CCCCC2)NC(=O)[C@H](CCC)N(C)C(=O)[C@@H]1C,0bd7e979b45a15cc,4
,,,CCCCCC[C@H]1OC[C@@H](C)NC(=O)[C@H](CO[C@H]2C[C@H](CN)C2)NC(=O)[C@H](CN)NC(=O)[C@H](C2CCCCCC2)NC(=O)[C@H](CCC)N(C)C(=O)[C@@H]1C,bd738143e1b37518,5
,,,CCCC[C@@H](CCO)Nc1nc(N)ncc1OC,f4a58a1c4690c5be,9
,,,CCCC[C@H](NC(=O)[C@@H]1CCCN1C(=O)CNC(=O)[C@H](CCCCN)NC(=O)[C@H](Cc1c[nH]cn1)NC(=O)[C@H](CO)NC(=O)[C@H](CC(C)C)N(C)C(=O)[C@H](CCCNC(=N)N)NC(=O)[C@@H]1CCCN1C(=O)[C@H](CCCNC(=N)N)NC(=O)[C@H](CCC(N)=O)NC(=O)[C@H](CCCNC(=N)N)NC(=O)[C@H](CCCNC(=N)N)NC(=O)[C@H](Cc1ccccc1)NC(=O)[C@@H](N)CCCCN)C(=O)NC(C)(C)C(=O)N[C@@H](Cc1ccc(Br)cc1)C(=O)O,f6078e728e42ace7,1
,,,CCCC[C@H](NC(=O)[C@@H]1CCCN1C(=O)CNC(=O)[C@H](CCCCN)NC(=O)[C@H](Cc1c[nH]cn1)NC(=O)[C@H](CO)NC(=O)[C@H](CC(C)C)N(C)C(=O)[C@H](CCCNC(=N)N)NC(=O)[C@@H]1CCCN1C(=O)[C@H](CCCNC(=N)N)NC(=O)[C@H](CCC(N)=O)NC(=O)[C@H](CCCNC(=N)N)NC(=O)[C@H](CCCNC(=N)N)NC(=O)[C@H](Cc1ccccc1)NC(=O)[C@H](CCCCN)NC(=O)CCOCCOCCOCCOCCOCCOCCOCCN)C(=O)NC(C)(C)C(=O)N[C@@H](Cc1ccc(Br)cc1)C(=O)O,37a46e8555b00caf,1
,,,CCCC[C@H](NC(=O)[C@@H]1CCCN1C(=O)CNC(=O)[C@H](CCCCN)NC(=O)[C@H](Cc1c[nH]cn1)NC(=O)[C@H](CO)NC(=O)[C@H](CC(C)C)N(C)C(=O)[C@H](CCCNC(=N)N)NC(=O)[C@@H]1CCCN1C(=O)[C@H](CCCNC(=N)N)NC(=O)[C@H](CCC(N)=O)NC(=O)[C@H](CCCNC(=N)N)NC(=O)[C@H](CCCNC(=N)N)NC(=O)[C@H](Cc1ccccc1)NC(=O)[C@H](CCCCN)NC(=O)CCOCCOCCOCCOCCOCCOCCOCCNC(=O)OCC1c2ccccc2-c2ccccc21)C(=O)NC(C)(C)C(=O)N[C@@H](Cc1ccc(Br)cc1)C(=O)O,fcc87001bdada5ee,2
,,,CCCC[C@H](NC(=O)[C@@H]1CCCN1C(=O)CNC(=O)[C@H](CCCCN)NC(=O)[C@H](Cc1c[nH]cn1)NC(=O)[C@H](CO)NC(=O)[C@H](CC(C)C)N(C)C(=O)[C@H](CCCNC(=N)N)NC(=O)[C@@H]1CCCN1C(=O)[C@H](CCCNC(=N)N)NC(=O)[C@H](CCC(N)=O)NC(=O)[C@H](CCCNC(=N)N)NC(=O)[C@H](CCCNC(=N)N)NC(=O)[C@H](Cc1ccccc1)NC(=O)[C@H](CCCCN)NC(=O)CCOCCOCCOCCOCCOCCOCCOCCNC(=O)OCc1ccccc1)C(=O)NC(C)(C)C(=O)N[C@@H](Cc1ccc(Br)cc1)C(=O)O,2cfe69574a1b576e,3
,,,CCCC[C@H]1C(=O)N(C)[C@@H](CC(C)C)C(=O)N[C@@H](C2CCCCC2)C(=O)N[C@@H](CN)C(=O)N[C@@H]([C@H](C)O)C(=O)N[C@H](C)CN1CCCC,6dec7480385ccf8e,1
,,,CCCC[C@H]1C(=O)N(C)[C@@H](CCC)C(=O)N[C@@H](C2CCCCC2)C(=O)N[C@@H](CN)C(=O)N[C@@H](CO[C@H]2C[C@H](N)C2)C(=O)N[C@H](C)CN1CCCC,a6d1c75a483db336,2
,,,CCCOc1ccccc1NC(=O)c1ccccc1NS(=O)(=O)C1CC1,f630f5f3c8062b1c,8
,,,CCC[C@@H](CCO)Nc1nc(N)nc2c(F)cccc12,55ecf3debcae125b,3
,,,CCC[C@@H](CCO)Nc1nc(N)nc2c1CN(C(=O)c1csc(C)n1)CC2,515b0e750e139164,3
,,,CCC[C@H](c1cccc(C(=O)N[C@H]2CCOc3ccccc32)c1)N1C(=N)NC(CC)(CC)CC1=O,fe4a88dc8beeb09e,7
,,,CCC[C@H]1C(=O)N[C@@H](C2CCCCCC2)C(=O)N[C@@H](CN)C(=O)N[C@@H](COCCCNCCCN)C(=O)N[C@H](C)CO[C@H](CC2CC3(CCC3)C2)[C@@H](C)C(=O)N1C,4bb8099eb43338bd,2
,,,CCC[C@H]1C(=O)N[C@@H](C2CCCCCC2)C(=O)N[C@@H](CN)C(=O)N[C@@H](COCCCNCCCN)C(=O)N[C@H](C)CO[C@H](CC2C[C@H]3CC[C@@H](C2)C3)[C@@H](C)C(=O)N1C,32727ee1aee8ba4b,1
,,,CCC[C@H]1C(=O)N[C@@H](C2CCCCCC2)C(=O)N[C@@H](CN)C(=O)N[C@@H](CO[C@H]2C[C@H](N)C2)C(=O)N[C@H](C)CO[C@H](CC2CC3(CCC3)C2)[C@@H](C)C(=O)N1C,c855e3dd4f30aa18,5
,,,CCC[C@H]1C(=O)N[C@@H](C2CCCCCC2)C(=O)N[C@@H](CN)C(=O)N[C@@H](CO[C@H]2C[C@H](N)C2)C(=O)N[C@H](C)CO[C@H](CC2C[C@H]3CC[C@@H](C2)C3)[C@@H](C)C(=O)N1C,240279018fd023c1,4
,,,CCN(CC)C(=O)c1nc(C(=O)NCC(C)(C)O)sc1-c1ccc(S(=O)(=O)N[C@@H](C)C(F)(F)F)c(Cl)c1Cl,82783e14c8776793,5
,,,CCN1CC(C(=O)NC(C)CCc2ccc(Cl)c(Cl)c2)=C(O)C1=O,01eee3471a789146,5
,,,CCN1CCN(Cc2ccc(NC(=O)N[C@H]3CCN(c4ccnc(NC)n4)C3)cc2C(F)(F)F)CC1,e11d956d8786fc01,5
,,,CCNC(=O)CC1CN(c2ccc(Cl)cc2)c2ccccc2-n2c(C)nnc21,7133b8e2037d7a3d,2
,,,CCNC(=O)Nc1ccc(-c2nc(N3CCOC[C@@H]3C)c3c(n2)C(C)(C)S(=O)(=O)C3)cc1,a88a62708bd16b9e,5
,,,CCNC(=O)c1cc(-c2ccc(NC(=O)[C@H](O)c3cc(F)cc(F)c3)cc2C)cnc1N,e0ca6bac1e07921f,13
,,,CCNC(=O)c1cc(OC)c2c(c1)nc(-c1ccc(N3[C@@H](C)CC[C@@H]3C)nc1)n2C[C@@H]1CN(C)CCO1,f9447dc319f53214,1
,,,CCNc1[nH]c(=O)n(O)c(=O)c1C(=O)NCc1ccc(C)c(F)c1,1096f2f07b40c92e,11
,,,CCNc1[nH]c(=O)n(O)c(=O)c1C(=O)NCc1ccc(F)cc1,0350d013829fee31,10
,,,CCNc1[nH]c(=O)n(O)c(=O)c1C(=O)NCc1cccc(Cl)c1F,71321b08e16bbb70,13
,,,CCNc1[nH]c(=O)n(O)c(=O)c1C(=O)NCc1ccccc1,cdfe21d52e73cea1,7
,,,CCNc1cc(F)cc2c1[nH]c1ncc(-c3cnc(OC)nc3)c(-n3cc(CN)c(C(F)(F)F)n3)c12,6418c0a9a5407835,16
,,,CCNc1cc(F)cc2c1[nH]c1ncc(-c3cnc(OC)nc3)c(-n3ncc4c3CNC4)c12,c8c9fdd8fe8cb752,16
,,,CCNc1cc(F)cc2c1[nH]c1ncc(-c3cncc(C#N)c3)c(-n3cc(CN)c(C(F)(F)F)n3)c12,fbcbb3b835ff5143,16
,,,CCNc1nccc(N2CC[C@H](NC(=O)Nc3ccc(Cl)c(C(F)(F)F)c3)C2)n1,eadb32d414183ddb,7
,,,CCOC(=O)c1ccc(-n2c(/C=C3\OC(=O)c4c3cc(C)[nH]c4=O)ccc2CO)cc1,31a7726932058023,19
,,,CCOC(C)c1c(NC(=O)Nc2cnc(-n3nccn3)c(Cl)c2)cnc2sc(C)nc12,0569ff0cf7505b25,9
,,,CCOP(=O)(CC)c1ccc2oc(-c3ccc(F)cc3)nc2c1,390d144e31a5ef62,13
iptacopan,DTXSID601358656,1644670-37-0,CCO[C@H]1CCN(Cc2c(OC)cc(C)c3[nH]ccc23)[C@H](c2ccc(C(=O)O)cc2)C1,96109475b029980c,6
,,,CCOc1cc(-c2nncn2C)ccc1Nc1ncc2cc(C)nc(N3CC(C)(C)C3)c2n1,1c5bc1e078de066b,8
,,,CCOc1cc(-c2nncn2C)ccc1Nc1ncc2cc(C)nc(N3CC4(CCOCC4)C3)c2n1,6010acebfd1a838a,4
,,,CCOc1cc(-c2nncn2C)ccc1Nc1ncc2cc(C)nc(NCC(C)(C)C)c2n1,ed9be685e284da97,10
,,,CCOc1cc(-c2nncn2C)ccc1Nc1ncc2cc(C)nc(N[C@@H](C)C(C)(C)C)c2n1,4f340deee62a899f,5
,,,CCOc1cc(C)c(F)c(C(=O)NNS(=O)(=O)c2ccccc2)c1,cf6adfc539596e6f,9
,,,CCOc1cc(C)cc(C(=O)NNS(=O)(=O)c2ccccc2F)c1,2f172123ceb48726,10
,,,CCOc1cc(NC(=O)NCc2cc(C)c(-c3cn(C)nc3C(F)(F)F)nn2)cc(C(F)(F)F)n1,80275b1325f18a58,14
,,,CCOc1cc(NC(=O)NCc2cc(C)c(-c3cn(C)nc3C(F)(F)F)nn2)cc(Cl)n1,63e4ac06b42dd303,8
,,,CCOc1ccc(-c2nnc([C@H]3C[C@H](NC(=O)c4ccccn4)C3)n2-c2ccccc2F)nc1,c6a79a78385ac14e,20
,,,CCOc1ccc(F)cc1NC(=O)c1cc(C)ccc1NS(=O)(=O)C1CC1,cd5e9181428c28c8,4
,,,CCOc1ccc(F)cc1NC(=O)c1cc(C)ccc1NS(=O)(=O)CC,517c5c192155d90f,4
,,,CCOc1ccc(F)cc1NC(=O)c1cc(Cl)ccc1NS(=O)(=O)C1CC1,8aee44c71a605e4b,2
,,,CCOc1ccc(F)cc1NC(=O)c1cc(F)ccc1NS(=O)(=O)C1CC1,574c9e81c284ec77,8
,,,CCOc1ccc(F)cc1NC(=O)c1cc(F)ccc1NS(=O)(=O)CC,13eb829c68d42cd1,7
,,,CCOc1ccc(F)cc1NC(=O)c1ccccc1NS(=O)(=O)C1CC1,c8f9309ff8abcc7c,2
,,,CCOc1ccc(S(=O)(=O)CC)cc1-c1cn(C)c(=O)c2ccc(-c3cnn(C)c3)cc12,deb238637e1c9ead,3
,,,CCOc1ccc2cc(-c3nn(C(C)(C)CCO)c(N)c3C(N)=O)ccc2c1,49734b57e30de65c,3
,,,CCOc1ccc2cc(-c3nn(C(C)(C)CO)c(N)c3C(N)=O)ccc2c1,9b06bcd1536030de,4
,,,CCOc1ccc2cc(-c3nn(C(C)(C)CO)c(N)c3C(N)=O)ccc2n1,fc47c5d3a76f8617,5
,,,CCOc1ccc2cc(-c3nn(C(C)CCO)c(N)c3C(N)=O)ccc2c1,14ac714d62322945,3
,,,CCOc1ccc2cc(-c3nn(C(C)CCO)c(N)c3C(N)=O)cnc2c1,9d26b3d5483e2f18,3
,,,CCOc1ccc2cc(-c3nn(CC(C)(C)CO)c(N)c3C(N)=O)ccc2c1,5f68630f3a3c8b3c,2
,,,CCOc1ccc2cc(-c3nn(CC4CC4)c(N)c3C(N)=O)ccc2c1,8bcf91894a3c19e9,15
,,,CCOc1cccc(C2CC(=O)Nc3nc(N)[nH]c(=O)c32)c1,658c39627b6541f6,15
,,,CCOc1ccccc1NC(=O)c1cc(C)ccc1NS(=O)(=O)C1CC1,29373ea8ac6f8a08,9
,,,CCOc1ccccc1NC(=O)c1cc(Cl)ccc1NS(=O)(=O)C1CC1,c4acaabf21ef3fe5,6
,,,CCOc1ccccc1NC(=O)c1cc(F)ccc1NS(=O)(=O)C1CC1,fe5a76f4d275c274,3
,,,CCOc1ccccc1NC(=O)c1cc(F)ccc1NS(=O)(=O)CC,21ef0d3bcec5ebb9,6
,,,CCOc1ccccc1NC(=O)c1ccccc1NS(=O)(=O)C1CC1,417be67afa94ad92,8
,,,CCOc1nc(C)cc(NC(=O)NCc2cc(C)c(-c3cn(C)nc3C(F)(F)F)nn2)c1C,b93de5e6f7415b92,8
,,,CCOc1nc2ccccc2n1Cc1ccc(NC(=O)N2CC(c3cccnc3)C2)cc1,b9de05dbff469cb2,21
,,,CCP(=O)(OC)c1ccc2nc(-c3ccc(C(F)F)cc3)oc2c1,9815ba5ef8bc9e9c,16
,,,CCP(=O)(OC)c1ccc2nc(-c3ccc(F)cc3)oc2c1,5e4e8e890698f4e0,14
,,,CCP(=O)(OC)c1ccc2nc(-c3ccc(F)cc3C(F)F)oc2c1,07b24958a3562b7f,16
,,,CCP(=O)(OC)c1ccc2nc(-c3ccc4c(c3)OC(F)(F)O4)oc2c1,4a362ed8a366fd00,16
,,,CCP(=O)(OC)c1ccc2nc(-c3ccc4ccccc4c3)oc2c1,04eb25664cce27e1,18
,,,CCP(=O)(OC)c1ccc2nc(-c3ccc4ncccc4c3)oc2c1,88558fc5cd5b4538,13
,,,CCP(=O)(OC)c1ccc2nc(-c3cccc(OC(F)F)c3)oc2c1,13a58aa826a88864,8
,,,CCP(=O)(OC)c1ccc2nc(-c3ccccc3C(F)F)oc2c1,4d4dbc938de45daa,14
,,,CCP(=O)(OC)c1ccc2nc(-c3cccnc3C(F)(F)F)oc2c1,a22d8cd5578134f6,19
,,,CCP(=O)(OC)c1ccc2nc(-c3ccnc(OC(F)F)c3)oc2c1,0ff0eb50578a52aa,17
,,,CCP(=O)(OC)c1ccc2nc(-c3cnc4ccccc4c3)oc2c1,4fc0ac9a362c6958,19
,,,CCP(=O)(OC)c1ccc2nc(-c3cncc(C(F)(F)F)c3)oc2c1,7b97e81f020db2e5,19
,,,CCP(=O)(OC)c1ccc2nc(-c3cncc(C(F)F)c3)oc2c1,83a7cc3253332e07,21
,,,CCP(=O)(OC)c1ccc2nc(/C=C/c3ccccc3)oc2c1,24302085326c3f00,18
,,,CCP(=O)(OC)c1ccc2oc(-c3ccc(C(F)F)cc3)nc2c1,b72f211c7990d1d5,16
,,,CCP(=O)(OC)c1ccc2oc(-c3ccc(F)cc3)nc2c1,3c69bd1eb12a4f18,12
,,,CCP(=O)(OC)c1ccc2oc(-c3ccc(F)cc3C(F)F)nc2c1,61af0051d35eccb1,14
,,,CCP(=O)(OC)c1ccc2oc(-c3ccc(F)cc3F)nc2c1,ca3bce6d87f2de8f,16
,,,CCP(=O)(OC)c1ccc2oc(-c3ccc4c(c3)OC(F)(F)O4)nc2c1,77674d1e1270cab1,17
,,,CCP(=O)(OC)c1ccc2oc(-c3cccc(C(F)(F)F)c3)nc2c1,e8eae4a12fe9d6d6,16
,,,CCP(=O)(OC)c1ccc2oc(-c3cccc(C(F)F)c3)nc2c1,e5ecbe5f1c425e94,17
,,,CCP(=O)(OC)c1ccc2oc(-c3cccc(Cl)c3Cl)nc2c1,95c83c144d0e1047,19
,,,CCP(=O)(OC)c1ccc2oc(-c3cccc(Cl)c3F)nc2c1,add523e9b55a75ca,17
,,,CCP(=O)(OC)c1ccc2oc(-c3cccc(F)c3)nc2c1,3a31913e724e47cb,16
,,,CCP(=O)(OC)c1ccc2oc(-c3cccc(OC)c3)nc2c1,4a3d2a94fdfa0a53,18
,,,CCP(=O)(OC)c1ccc2oc(-c3ccccc3C(F)F)nc2c1,71ed246477e0e7b8,15
,,,CCP(=O)(OC)c1ccc2oc(-c3ccccc3OC(F)F)nc2c1,4a75bb4af59d38c6,5
,,,CCP(=O)(OC)c1ccc2oc(-c3cccnc3C(F)(F)F)nc2c1,0463c79b55168e21,16
,,,CCP(=O)(OC)c1ccc2oc(-c3ccnc(OC(F)F)c3)nc2c1,2b8636959ca0a017,15
,,,CCP(=O)(OC)c1ccc2oc(-c3cncc(C(F)(F)F)c3)nc2c1,425e84f40765df4d,16
,,,CCP(=O)(OC)c1ccc2oc(-c3cncc(C(F)F)c3)nc2c1,d630e65ec938e05c,21
,,,CCP(=O)(OC1CC1)c1ccc2nc(-c3cccc(C(F)(F)F)c3)oc2c1,6b31d563fe238538,21
,,,CCS(=O)(=O)N1N=Cc2ccc(Oc3ccc(C(F)(F)F)cc3/C=N/O)cc2B1O,a74074b157abae51,6
,,,CCS(=O)(=O)Nc1ccccc1C(=O)Nc1ccc(F)cc1OCC(F)(F)F,51672698b7d1bf82,1
,,,CCS(=O)(=O)c1ccc2oc(-c3ccc4c(c3)[C@@H](O)[C@H](O)C=C4)nc2c1,8bb3fda769f52d4c,17
smt c1100,DTXSID30241525,945531-77-1,CCS(=O)(=O)c1ccc2oc(-c3ccc4ccccc4c3)nc2c1,9badffc628d77492,10
,,,CCSc1ncc(CN2CCN(c3nc4ccccc4o3)CC2)cn1,5e4c31b07c1b89bf,4
,,,CC[C@@H](NC(=O)c1ccc(C#N)cc1)[C@H]1[C@@H]2C[C@@H](n3cnc4cc(F)c(F)cc43)C[C@@H]21,836d7daceddfb628,10
,,,CC[C@@H](NC(=O)c1ccc(Cl)c(F)c1)[C@H]1[C@@H]2C[C@@H](n3cnc4cc(F)c(F)cc43)C[C@@H]21,402274958e2b5537,14
,,,CC[C@@H](NC(=O)c1ccc(Cl)cc1)[C@H]1[C@@H]2C[C@@H](n3c(C)nc4ccc(F)cc43)C[C@@H]21,751f6fd8e38d6ce7,5
,,,CC[C@@H](NC(=O)c1ccc(Cl)cc1)[C@H]1[C@@H]2C[C@@H](n3cnc4cc(F)c(F)cc43)C[C@@H]21,60e18d50ec8add61,10
,,,CC[C@@H](NC(=O)c1ccc(Cl)cc1)[C@H]1[C@@H]2C[C@@H](n3cnc4ccc(C#N)cc43)C[C@@H]21,6e47e01f666943b4,13
,,,CC[C@@H](NC(=O)c1ccc(Cl)cc1)[C@H]1[C@@H]2C[C@@H](n3cnc4ccc(Cl)cc43)C[C@@H]21,ae178cc180e3677e,10
,,,CC[C@H](NS(=O)(=O)c1ccc(-c2sc(C(=O)NCC(C)(C)O)nc2C(=O)N(CC)CC)c(Cl)c1Cl)C(F)(F)F,47e494a054844a1d,5
,,,CC[C@H](NS(=O)(=O)c1ccc(-c2sc(C(=O)NCC(C)(C)O)nc2C(=O)N2CCC(F)CC2)c(Cl)c1Cl)C(F)(F)F,e8c561a0faaad2dd,1
,,,CC[C@H](NS(=O)(=O)c1ccc(-c2sc(C(=O)NCC(C)(C)O)nc2C(=O)N2CCCC[C@@H]2C)c(C(F)F)c1F)C(F)(F)F,90e20a33d259a2fe,3
,,,CC[C@H](NS(=O)(=O)c1ccc(-c2sc(CC(C)(C)C(=O)O)nc2CC2CCC2)c(C(F)F)c1F)C(F)(F)F,9f3b2ee5a50add3d,5
,,,CC[Si](CC)(CC)c1ccc(N2[C@H](c3ccc(NC(=O)[C@@H]4CCCN4C(=O)[C@@H](NC(=O)OC)C(C)C)cc3)CC[C@H]2c2ccc(NC(=O)[C@@H]3CCCN3C(=O)[C@@H](NC(=O)OC)C(C)C)cc2)cc1,76a76f3f4fffe316,2
,,,CCc1c(N(CC)C2CCOCC2)cc2oc(C3CCN(C(C)C)CC3)cc2c1C(=O)NCc1c(C)cc(C)[nH]c1=O,e9672b7bee6d78ee,4
,,,CCc1cc(Cc2ccc(CC(=O)NCCO)cc2)nc(-c2cccc(Cl)c2)n1,7a3d0bd3e35e1dc2,17
,,,CCc1cc(NC(=O)[C@H](O)c2cc(F)cc(F)c2)ccc1-c1cnc(N)c(C(=O)NC(C)C)c1,1f010343c5157753,1
,,,CCc1ccc(-n2ccc(C(F)(F)F)c2COc2ccc(CCC(=O)O)c(F)c2F)cc1,1a10497f495cbcb9,2
,,,CCc1ccc2nc(N3CCC(NCC4(C)COC4)CC3)c(-c3nc(C)no3)cc2c1,3c2358bb8f86c835,7
,,,CCc1ccc2nc(N3CCC(N[C@@H]4CCCOC4)CC3)c(-c3nc(C)no3)cc2c1,c62cfd078399dce7,7
,,,CCc1ccc2nc(N3CCC(N[C@H]4CCCC[C@@H]4O)CC3)c(-c3nc(C)no3)cc2c1,4801c67831f8cfce,1
,,,CCn1c(-c2cnc(C)nc2)nc2c(N[C@H]3CCN(C(=O)C4CC4)C3)ncnc21,a6c1dfbaabd3f311,19
,,,CCn1c(=O)c(C(=O)Nc2nnc(-c3nccs3)s2)c(O)c2ccccc21,d2515fe5665c9643,2
,,,CN(C)Cc1ccc(-n2cc(-c3ccc4cc[nH]c4c3)c3c(Cl)ccnc32)cc1,ffd17e050949f615,15
,,,CN(C)c1ccc(N2C(=O)CN(Cc3ccc(F)cc3)C2=S)cc1Cl,f1f86da984486a73,10
,,,CN(C)c1noc(-c2cccc(CN(C)c3ccc4[nH]nc(C(=O)O)c4c3)c2O)n1,0d80f5c6d15b6a5a,8
,,,CN(C)c1noc(-c2cccc(CNc3ccc4[nH]nc(C(=O)O)c4c3)c2)n1,751307d519f67480,10
,,,CN(C)c1noc(-c2cccc(CNc3ccc4[nH]nc(C(=O)O)c4c3)c2Cl)n1,42fb9fcea5843158,10
,,,CN(C)c1noc(-c2cccc(CNc3ccc4[nH]nc(C(=O)O)c4c3)c2O)n1,3dfc13a1ec08438c,11
,,,CN(C)c1noc(-c2cccc(CNc3cnc4nn[nH]c4c3)c2O)n1,57cead5bdf49e3cd,8
,,,CN(Cc1cccc(F)c1CNc1cc(F)c(S(=O)(=O)Nc2cscn2)c(F)c1)C(C)(C)C,56c3548249b2c9df,3
,,,CN1CC(C#CC#Cc2cc3n(c2)C(=O)N(CC[C@](C)(C(=O)NO)S(C)(=O)=O)C3)C1,2bcd3bf508efa786,9
,,,CN1CC(C(=O)N[C@@H](CCCCCC(=O)c2ccon2)c2ncc(-c3ccccc3F)[nH]2)C1,71e40d0e63859577,6
,,,CN1CCC(NCC(O)COc2ccc3cc(Br)ccc3c2)CC1,9ad2665eec450e47,4
,,,CN1CCN(C(=O)c2ccc(-c3ccc4ncc(-c5ccc(C#N)cc5)n4c3)cc2)CC1,cbd60fec52ed58d8,6
,,,CN1CCN(C(=O)c2ccc(-c3ccc4ncc(-c5ccc(C#N)cc5)n4n3)cc2)CC1,5bfbf37a76dcee5f,6
,,,CN1CCN(C(=O)c2ccc(-c3cn4c(-c5ccc(C#N)cc5)cnc4cn3)cc2)CC1,fb6db288dcf95881,7
,,,CN1CCNC(=O)COc2ccc(Cl)cc2C(=O)N2CCCC[C@H]2c2cc3nc([C@H]4C[C@H](O)C4)cc1n3n2,383c438e78aa2d62,3
,,,CN1CCNC(=O)COc2ccc(F)cc2C(=O)N2CCCC[C@H]2c2cc3nc(N4CCC4)cc1n3n2,8f1db5f1c0fe266f,2
tubastatin a,DTXSID701318079,1252003-15-8,CN1CCc2c(c3ccccc3n2Cc2ccc(C(=O)NO)cc2)C1,2ae7ff5b13e873e6,22
,,,CN1Cc2cc(-c3ccc(-c4cncc(NS(=O)(=O)c5ccc(F)cc5F)c4)s3)cnc2C1=O,0e27b09abe9a9a9d,10
,,,CN1Cc2cc(-c3ccc(-c4cncc(NS(=O)(=O)c5ccccc5[N+](=O)[O-])c4)s3)ccc2C1=O,5f7a6f9c3532f2f9,11
,,,CNC(=O)C[C@@H]1C[C@@H](c2ccc(F)c(F)c2)[C@H](NC(=O)c2cc(-c3c(Cl)cnn3C)c(Cl)o2)CN1,216c55d6223531b5,10
,,,CNC(=O)N1CCc2c(c(-c3cccc4cc(-c5cnn(C)c5)c(C(F)F)cc34)nn2C2CCOCC2)C1,77c3a7e7e9e2b814,9
,,,CNC(=O)Nc1ccc2c(c1)CC[C@@]21OC(=O)N(CC(=O)N(Cc2ccc(F)cc2)[C@@H](C)C(F)(F)F)C1=O,435f59cab7056ba6,10
,,,CNC(=O)Nc1ccc2c(c1)CC[C@@]21OC(=O)N(CC(=O)N(Cc2ccccc2)[C@@H](C)C(F)(F)F)C1=O,6477d4ff0718ab5c,6
,,,CNC(=O)Nc1ccc2c(c1)CC[C@@]21OC(=O)N(CC(=O)N(Cc2ccccc2)[C@@H](C)C2CC2)C1=O,26a829df7fbb695f,16
,,,CNC(=O)Nc1ccc2c(c1)CC[C@@]21OC(=O)N(CC(=O)N(Cc2ccccc2)[C@H](C2CC2)C(F)(F)F)C1=O,ca660cd5b54e7e82,3
"(3e,6e,8s,9s,10z,12z,14e,16r,17s,18s,19e,21e,23s,24s)-8,16-dihydroxy-18-methoxy-6,9,11,13,17,19,23-heptamethyl-24-[2-[(1s)-3-methyl-1-[[(methylamino)carbonyl]oxy]butyl]-4-thiazolyl]oxacyclotetracosa-3,6,10,12,14,19,21-heptaen-2-one",DTXSID801098078,632335-03-6,CNC(=O)O[C@@H](CC(C)C)c1nc([C@H]2OC(=O)/C=C/C/C(C)=C/[C@@H](O)[C@@H](C)/C=C(C)\C=C(C)/C=C/[C@@H](O)[C@H](C)[C@H](OC)/C(C)=C/C=C/[C@@H]2C)cs1,86d3af43b35bd556,2
,,,CNC(=O)[C@H](C)Cn1cnc2ccc(-c3cnc(OC)c(NS(=O)(=O)c4ccc(F)cc4Cl)c3)cc2c1=O,a8b06b7751dee94d,3
,,,CNC(=O)c1cc(OC)c2c(nc(-c3ccc(N4[C@@H](C)CC[C@@H]4C)nc3)n2C[C@@H]2CN(C)CCO2)c1F,56f69fc501e2806c,4
,,,CNC(=O)c1ccc(-c2cc3cccc(-c4nn(C5CCOCC5)c5c4CN(C(C)=O)CC5)c3cn2)cn1,6a3e9528e357e87a,5
,,,CNC(=O)c1cn(C[C@H](F)CCc2ccc(NC(=O)Cc3cc(OC4CC(F)(F)C4)cc(C)n3)nn2)nn1,bebc0e7dd0ea38b4,1
,,,CNC1=NC(=O)[C@H]([C@H](C)c2c[nH]c3cccc(C)c23)O1,68db4f6bd6b4ed0c,1
,,,CNC1=NC(=O)[C@H]([C@H](C)c2c[nH]c3cccc(Cl)c23)O1,efd57c9416bafc74,1
,,,CNC1=NC(=O)[C@H]([C@H](C)c2c[nH]c3cccc(F)c23)O1,db97c38ea0198837,2
indolmycin,DTXSID401318549,21200-24-8,CNC1=NC(=O)[C@H]([C@H](C)c2c[nH]c3ccccc23)O1,441630b6de350a68,1
,,,CNC1CN(c2nc3ncc(Br)cc3n3nnnc23)C1,4bbfbe6b33220cd7,7
,,,CNC[C@@H](O)CN1CCc2c(cccc2OCc2ccc(-c3nccs3)cc2)C1,c09c8951cf7b5dbf,13
,,,CN[C@@H]1COc2c(S(=O)(=O)NC(=O)Nc3c4c(cc5c3CCC5)CCC4)cnn2C1,1eaaa9d53b2255f6,1
,,,CNc1[nH]c(=O)n(O)c(=O)c1C(=O)NCc1ccccc1,dd74bec76b545a0b,6
,,,CNc1nc(C)c2cc(-c3cnc(OC)c(NS(=O)(=O)c4ccc(F)cc4F)c3)cc(OC3CCOCC3)c2n1,7623267142708c78,4
,,,CNc1nccc(N2CC[C@H](NC(=O)Nc3cc(OC)cc(OC)c3)C2)n1,9e766d2f48f1f484,10
,,,CNc1nccc(N2CC[C@H](NC(=O)Nc3ccc(C)c(Cl)c3)C2)n1,1caf726cd9388902,15
,,,CNc1nccc(N2CC[C@H](NC(=O)Nc3ccc(CN(C)C)c(C(F)(F)F)c3)C2)n1,16b8c014269d4f09,1
,,,CNc1nccc(N2CC[C@H](NC(=O)Nc3ccc(CN4CCC4)c(C(F)(F)F)c3)C2)n1,808a058528d76fc3,9
,,,CNc1nccc(N2CC[C@H](NC(=O)Nc3ccc(CN4CCCC4)c(C(F)(F)F)c3)C2)n1,6e32b2a068e81986,10
,,,CNc1nccc(N2CC[C@H](NC(=O)Nc3ccc(CN4CCN(C)CC4)c(C(F)(F)F)c3)C2)n1,860e8e418aa0a73b,1
,,,CNc1nccc(N2CC[C@H](NC(=O)Nc3ccc(CN4CCOCC4)c(C(F)(F)F)c3)C2)n1,bda3ddb3ea8152b1,4
,,,CNc1nccc(N2CC[C@H](NC(=O)Nc3ccc(Cl)c(C(F)(F)F)c3)C2)n1,8f7eef2668dc73e8,6
,,,CNc1nccc(N2CC[C@H](NC(=O)Nc3ccc(OC(F)(F)F)cc3)C2)n1,86bc218352b0fe37,12
,,,CNc1nccc(N2CC[C@H](NC(=O)Nc3ccc(OC(F)F)cc3)C2)n1,117efd6a7a2686c8,6
,,,CNc1nccc(N2CC[C@H](NC(=O)Nc3ccc(OC)cc3)C2)n1,a6cc5f79b53a1098,16
,,,CNc1nccc(N2CC[C@H](NC(=O)Nc3cccc(C#N)c3)C2)n1,7c51da821b5bf2a7,13
,,,CNc1nccc(N2CC[C@H](NC(=O)Nc3cccc(OC)c3)C2)n1,0b0e168af59a1ee0,14
,,,CO/N=C(\C)c1ccc(-n2ccnc2)c(NC(=O)c2cnc(-c3ccccc3)nc2)c1,826a0957db5f160c,17
,,,CO/N=C(\C)c1ccc(-n2ccnc2)c(NC(=O)c2cnn(-c3ccccn3)c2)c1,eee1e45432a63312,6
,,,COC(=O)NC12CCC(n3cc(-c4cc(N)c(Cl)cc4F)c4c(N)ncnc43)(CC1)CC2,7da172fbfde60e5c,12
,,,COC(=O)NC12CCC(n3cc(-c4ccc(Cl)c(N)c4)c4c(N)ncnc43)(CC1)CC2,293794e2e48c76a5,11
ombitasvir,DTXSID201027920,1258226-87-7,COC(=O)N[C@H](C(=O)N1CCC[C@H]1C(=O)Nc1ccc([C@@H]2CC[C@@H](c3ccc(NC(=O)[C@@H]4CCCN4C(=O)[C@@H](NC(=O)OC)C(C)C)cc3)N2c2ccc(C(C)(C)C)cc2)cc1)C(C)C,ee199df1cce34f0c,2
,,,COC(=O)N[C@H]1CC[C@@H](n2cc(-c3ccc(Cl)c(N)c3)c3c(N)ncnc32)CC1,25cbcafd3a4ed7d4,3
,,,COC(=O)OCOc1c2n(ccc1=O)N(C(c1ccccc1)c1ccccc1)[C@@H]1COCCN1C2=O,105aa7c24dd47131,2
baloxavir marboxil,DTXSID601027758,1985606-14-1,COC(=O)OCOc1c2n(ccc1=O)N([C@@H]1c3ccccc3SCc3c1ccc(F)c3F)[C@@H]1COCCN1C2=O,0e1a6fab32212f72,3
,,,COC(=O)c1c(N)c(C#N)nn1-c1cccc(OCc2ccccc2)c1,db9efdef5c5fad1f,10
,,,COC(=O)c1c(N)c(C#N)nn1-c1ccccc1OCc1ccccc1,ee91c5dbf9a7c8f2,14
,,,COC(=O)c1cc(Br)cnc1N1CC[C@@H](NC2CCCCC2)[C@H](O)C1,41ef234f691c0aef,9
,,,COC(C)(C)c1c(NC(=O)Nc2cnc(-n3nccn3)c(Cl)c2)cnc2ccc(F)cc12,e03f58ec38f415ed,6
,,,COC(C)c1c(NC(=O)Nc2cnc(-n3nccn3)c(Cl)c2)cnc2ccc(F)cc12,58c5fd39bcce6cf8,5
,,,COCCC#Cc1c(Cl)c2c(Cl)cc(C(N)=O)nc2n1[C@H]1CCCNC1,bf9254b37b4237d7,2
,,,COCCN1CCN(c2ccc(C(=O)Nc3n[nH]c4nc(-c5c(Cl)c(OC)cc(OC)c5Cl)ccc34)cc2)CC1,1dcda310283fa43e,1
,,,COCCNc1cc(NC(=O)N2CCCc3cc(CO)c(C=O)nc32)ncc1C#N,637792fb9332bc80,3
,,,COCCO[C@H]1CC[C@H](NC(=O)c2cc(-c3cncs3)nc3[nH]ccc23)CC1,eedec299c10abb16,5
,,,COCCOc1cc(NC(=O)N2CCCc3cc(CN4CCN(C)CC4=O)c(C=O)nc32)ncc1C#N,1cfdc93abd707e49,3
,,,COCCOc1ccc(N2CCN(CCn3c(=O)n(C)c4c3nc(N)n3nc(-c5nccs5)nc43)CC2)cc1F,35585c603cd50ae0,4
,,,COP(=O)(c1ccc2nc(-c3ccc(F)cc3)oc2c1)C(C)C,ca39e4de2686baf9,10
,,,COP(=O)(c1ccc2oc(-c3ccc(F)cc3)nc2c1)C(C)C,1530aec8bfaeb412,9
,,,COP(=O)(c1ccccc1)c1ccc2oc(-c3ccc(F)cc3)nc2c1,1cc9a4914a573594,11
,,,CO[C@H]1O[C@H](CNS(=O)(=O)c2c(C)cc(C)cc2C)[C@@H](O)[C@H](O)[C@@H]1O,50524dbd907ae2bb,3
,,,CO[C@H]1O[C@H](CNS(=O)(=O)c2cccs2)[C@@H](O)[C@H](O)[C@@H]1O,4efe316f32ada1ed,3
,,,COc1c(Nc2ccc(S(C)(=O)=O)cc2F)ncnc1OC1C[C@@H]2COC[C@@H](C1)N2C(=O)OC1(C)CC1,e72affeb8202a7bc,2
,,,COc1cc(-c2cc3c(N[C@H]4CCN(C(=O)C5CCC5)C4)ncnc3s2)cnc1OC,f9549d7b4ca204ba,18
,,,COc1cc(-c2cc3c(O[C@H]4CCN(C(=O)C5CCC5)C4)ncnc3s2)cnc1OC,84dd34a872371d5f,18
,,,COc1cc(-c2cncc(-c3ccc(N4CCNCC4)cc3)c2C)cc(OC)c1OC,4fb7ffcb2634964d,7
,,,COc1cc(C(=O)NS(C)(=O)=O)c(F)cc1-c1cnc(Oc2cc(F)ccc2F)c(Cl)c1,62af9322642ca66e,9
,,,COc1cc(C(N)=O)c(F)c2nc(-c3ccc(N4CCC[C@@H]4C)nc3)n(C[C@@H]3CN(C)CCO3)c12,03c084ef99ea81d7,1
,,,COc1cc(C(N)=O)nc(-c2cccc(C#C[C@]3(O)CCN(C)C3=O)c2)c1,39b9f14df80039f5,11
,,,COc1cc(C)[nH]c(=O)c1CNC(=O)c1c(C)n([C@H](C)C2CCN(CC(C)(F)F)CC2)c2ccccc12,7f3883ed07398dc5,1
,,,COc1cc(C)[nH]c(=O)c1CNC(=O)c1c(C)n([C@H](C)C2CCN(CC(F)(F)F)CC2)c2ccccc12,ac9f60f266b99f0f,2
,,,COc1cc(C)[nH]c(=O)c1CNC(=O)c1c(C)n([C@H](C)C2CCN(CC(F)F)CC2)c2ccccc12,43552cd566e25168,1
,,,COc1cc(C)[nH]c(=O)c1CNC(=O)c1c(C)n([C@H](C)C2CCN(CCC(F)(F)F)CC2)c2ccccc12,58cd5cd8feb4314e,7
azd-4547,DTXSID80145887,1035270-39-3,COc1cc(CCc2cc(NC(=O)c3ccc(N4C[C@@H](C)N[C@@H](C)C4)cc3)n[nH]2)cc(OC)c1,d9a796a5d9176cbf,2
,,,COc1cc(F)c2c(Nc3ccc(NC(=O)Cn4cc(C(C)C)nn4)cc3)ncnc2c1,42be1729174c241a,7
,,,COc1cc(N2C(=O)CN(Cc3ccc(F)cc3Cl)C2=S)ccc1N(C)C,23b5e740f8c0a928,17
,,,COc1cc(OC)c(Cl)c(-c2ccc3c(NC(=O)c4ccc(N5CCCN(C)CC5)cc4)n[nH]c3n2)c1Cl,06e563b1dd8e4bfd,2
,,,COc1cc(OC)c(Cl)c(-c2ccc3c(NC(=O)c4ccc(N5CCN(CCO)CC5)cc4)n[nH]c3n2)c1Cl,5da6be88bb4b23de,3
,,,COc1cc(OCc2cccc(OCc3ccccc3)c2)c2cc(-c3cn4nc(OC)sc4n3)oc2c1,495ba90056a64edc,6
,,,COc1cc2[nH]c(=O)c([C@H](C)Nc3ncc(C#N)c(OC)n3)cc2cc1Cl,385af1e4288af874,6
,,,COc1cc2c(Oc3ccc(NS(=O)(=O)c4cc(F)ccc4F)cc3F)ccnc2cc1OCCCN1CCCC(C)C1,3d34289d93822cfc,7
,,,COc1cc2c(Oc3ccc(NS(=O)(=O)c4cc(F)ccc4F)cc3F)ccnc2cc1OCCCN1CCN(C)CC1,fa6312b782906742,2
zotafin,DTXSID001022536,2098191-53-6,COc1cc2c(c(OC)n1)[C@]1(O)[C@H](O)[C@H](CN(C)C)[C@@H](c3ccccc3)[C@]1(c1ccc(C#N)cc1)O2,08d7a9b8d66b3fe5,12
,,,COc1ccc(-c2nc(N)nc3c2CCCC3C)cc1,5ff794a8510f544c,12
,,,COc1ccc(C(=O)N[C@H]2O[C@@H](C)[C@@H](O)[C@@H](O)[C@@H]2O)cc1,22b12992df3ce593,7
,,,COc1ccc(C[C@@H]2NC(=O)[C@H]([C@@H](C)O)NC(=O)[C@@H]3CCC(=O)NCc4cccc(c4)C[C@H](NC(=O)[C@@H](C)NC(=O)[C@H](C)NC(=O)CCSCc4cccc(c4)CSCCNC(=O)[C@]4(C)CCCN4C2=O)C(=O)N[C@@H](Cc2c[nH]c4ccc(F)cc24)C(=O)N3)cc1,266a1a4462914117,1
,,,COc1ccc(Cn2c(=O)n(C)c3c4cc(-c5cnc(OC)c(NS(C)(=O)=O)c5)ccc4ncc32)cc1,71b373b017602c14,19
,,,COc1ccc(S(=O)(=O)Nc2ccc(F)c(C(=O)O)c2)c2ccccc12,d6020c794e78d9ee,10
,,,COc1ccc2c(c1)CCn1c-2cc(OCC2COCCO2)nc1=O,6d7911c86880d742,4
,,,COc1ccc2c(c1)CCn1c-2cc(OCC2COc3ccccc3O2)nc1=O,29676286d4d857a6,8
,,,COc1ccc2c(c1)CCn1c-2cc(OCC2COc3cccnc3O2)nc1=O,814f6bf6415b253c,6
,,,COc1ccc2c(c1)CCn1c-2cc(OCC2COc3ncccc3O2)nc1=O,0339b3df9c351e95,8
,,,COc1ccc2c(c1)CCn1c-2cc(OCCOc2ccccc2)nc1=O,cd98bb0b9da1e202,8
,,,COc1ccc2ccc(=O)n(CCN3CC[C@@H]4[C@H](C3)OC(=O)N4c3ccc4c(n3)NC(=O)CO4)c2n1,7e88d4638ba6a826,3
,,,COc1ccc2ccc(=O)n(CCN[C@@H]3CC[C@@H]4[C@H](C3)OC(=O)N4c3ccc4c(n3)NC(=O)CO4)c2n1,2f19e94d9226bfa8,9
,,,COc1ccc2ccc(=O)n(CCN[C@H]3CC[C@H]4[C@@H](C3)OC(=O)N4c3ccc4c(n3)NC(=O)CO4)c2n1,ade1cf86d8d836e1,4
,,,COc1ccc2ccc(=O)n(CCN[C@H]3CC[C@H]4[C@H](C3)OC(=O)N4c3ccc4c(n3)NC(=O)CO4)c2n1,19b0c1bbdf9aeb26,1
,,,COc1ccc2ncc(F)c(C(O)C[C@H]3OC[C@H](NCc4ccc5c(c4)OCCO5)CO3)c2c1,d83c0bda54ff9686,3
,,,COc1cccc(F)c1CNc1ccc(-c2cnc(C)nc2C)c2nncn12,a1940b3863d294bf,9
,,,COc1nc(-c2ncccc2C)cc(-c2ccc(F)cc2)c1C#N,123617c9aa6f8b79,4
,,,COc1nc(-c2ncccc2C)cc(-c2ccc(N)cc2)c1C#N,ed919e518555e96d,4
,,,COc1nc(N[C@@H](C)c2cc3cc(Cl)ccc3[nH]c2=O)ncc1C#N,c4eaee8ec14a8410,7
,,,COc1ncc(-c2cc(OC3CCOCC3)c3nc(N)nc(C)c3c2)cc1NS(=O)(=O)c1ccc(F)cc1F,69dbe236c1891930,6
,,,COc1ncc(-c2ccc(-c3cnc4c(c3)CN(C)C4=O)s2)cc1NS(=O)(=O)c1ccc(F)cc1F,526e26599d6026de,13
,,,COc1ncc(-c2ccc(-c3cnc4c(c3)CN(C)C4=O)s2)cc1NS(=O)(=O)c1ccccc1[N+](=O)[O-],ac825ff7400de856,9
,,,COc1ncc(-c2ccc3ncc(Cl)c(=O)n3c2)cc1NS(=O)(=O)c1ccc(F)cc1F,e795fcb601158062,1
,,,COc1ncc(-c2ccc3nccc(=O)n3c2)cc1NS(=O)(=O)c1ccc(F)cc1F,c8bf3c2ca79f875b,2
,,,COc1ncc(-c2nc(C(=O)NC(=N)N)c(N)nc2N)cn1,670b3593dedeebb9,3
,,,COc1ncc(-c2nc(C(=O)NC(=N)N)c(N)nc2N2CCCCCC2)cn1,124af85de01b5023,4
,,,CS(=O)(=O)N1CCN(C(=O)c2cnc3ccc(F)cc3c2-c2ccc(C3(C#N)CC3)cc2)CC1,a36f1919fe0d6de2,5
,,,CS(=O)(=O)N1CCN(C(=O)c2cnc3ccc(F)cc3c2N2CCC(C#N)(c3ccccc3)CC2)CC1,203bab8fcaabfdf8,8
,,,CS(=O)(=O)Nc1nnc2cc(COc3cc(Cl)cc(Cl)c3)c(C3CC3)cn12,07aa80a9c8b0c942,7
,,,CS(=O)(=O)Nc1nnc2cc(OCC34CC5CC(CC(C5)C3)C4)c(C3CC3)cn12,ee8696d3a2924db9,9
,,,CS(=O)(=O)c1ccc(COc2ccc(Cl)cc2CN2CCN(C(=O)CNC(=O)C3CC34CCC(F)(F)CC4)CC2)cc1,2186d12cbdf11f96,7
,,,CS(=O)(=O)c1ccc(Oc2cc(F)cc(C#N)c2)c2c1[C@H](O)C(F)(F)C2,8a9d939444edc47c,14
belzutifan,DTXSID201334517,1672668-24-4,CS(=O)(=O)c1ccc(Oc2cc(F)cc(C#N)c2)c2c1[C@H](O)[C@H](F)[C@@H]2F,bfcc0d63653801ec,6
,,,CSCC[C@H](NC(=O)[C@@H]1CCCN1C(=O)CNC(=O)[C@H](CCCCN)NC(=O)[C@H](Cc1c[nH]cn1)NC(=O)[C@H](CO)NC(=O)[C@H](CC(C)C)NC(=O)[C@H](CCCNC(=N)N)NC(=O)[C@@H]1CCCN1C(=O)[C@H](CCCNC(=N)N)NC(=O)[C@H](CCC(N)=O)NC(=O)[C@H](CCCNC(=N)N)NC(=O)[C@H](CCCNC(=N)N)NC(=O)[C@H](Cc1ccccc1)NC(=O)[C@@H](N)CCCCN)C(=O)N1CCCC1C(=O)N[C@@H](Cc1ccccc1)C(=O)O,4efef0769f1324dd,1
,,,CSc1cc(C)[nH]c(=O)c1CNC(=O)c1c(C)n([C@H](C)C2CCN(CC(F)(F)F)CC2)c2ccccc12,c48ede0fb9d40cfa,2
,,,CSc1cc(C)[nH]c(=O)c1CNC(=O)c1c(C)n([C@H](C)[C@H]2CC[C@H](N3CC(OC4CC4)C3)CC2)c2ncccc12,a7a96f2275238b21,3
linrodostat,DTXSID801358838,1923833-60-6,C[C@@H](C(=O)Nc1ccc(Cl)cc1)[C@H]1CC[C@@H](c2ccnc3ccc(F)cc32)CC1,6dcb0bdcd3cf1829,9
,,,C[C@@H](NC(=O)c1ccc(Cl)cc1)[C@H]1[C@@H]2C[C@@H](n3cnc4cc(F)c(F)cc43)C[C@@H]21,2b74b034dee873de,10
,,,C[C@@H](Nc1nc2c(cnn2C2CCCC2)c(=O)[nH]1)C(=O)N1CC[C@H](F)C1,f48e024e55d33e8d,7
,,,C[C@@H]1CC2c3ccccc3NC2[C@@H](c2c(F)cc(/C=C/C(=O)O)cc2F)N1CC(C)(C)F,e8578d75975df1eb,4
,,,C[C@@H]1CCC(=O)NC(C(=O)NCCS(=O)(=O)O)CNC(=O)CC[C@@H](C)[C@H]2CC[C@H]3[C@@H]4[C@@H](O)C[C@@H]5C[C@@H](CC[C@]5(C)[C@H]4CC[C@]23C)n2cc(nn2)CO[C@@H]2CC[C@@]3(C)[C@@H](C2)C[C@H](O)[C@@H]2[C@@H]3CC[C@]3(C)[C@@H]1CC[C@@H]23,7caffe39860f0624,1
,,,C[C@@H]1CN(C(=O)[C@H](C)N2CCC(n3c(=O)[nH]c4ccccc43)CC2)C[C@@H](C)N1,58f3a52769ebe42d,4
,,,C[C@@H]1CN(c2ccc(S(C)(=O)=O)cc2F)CCN1c1nccc(C(=O)NC2C3CC4CC2CC(O)(C4)C3)n1,60902eae073221d1,1
,,,C[C@@H]1CN(c2ncc(Cl)c(Nc3ccc4c(c3)n(CCC(C)(C)O)c(=O)n4C)n2)C[C@H](C)C1(F)F,6bdc935a8addeac4,3
,,,C[C@@H]1Cc2nn3c(c2CN1C(=O)Nc1ccc(F)c(C#N)c1)C(=O)N(C)C[C@@H](F)C3,f5fb3f34c21c04d8,9
,,,C[C@@H]1OCC2(CCN(c3cnc(Sc4ccnc(N)c4Cl)c(N)n3)CC2)[C@@H]1N,8ff28ba13928455a,8
,,,C[C@@H]1OCC2(CCN(c3nc(N)c(Sc4cccc(Cl)c4Cl)c(=O)n3C)CC2)[C@@H]1N,ed65b379e6c25b58,4
,,,C[C@@H]1O[C@@H](NC(=O)c2ccccc2)[C@@H](O)[C@H](O)[C@@H]1O,626418127ed96144,4
,,,C[C@@H]1O[C@@H](NS(=O)(=O)c2ccccc2)[C@@H](O)[C@H](O)[C@@H]1O,22bc4983bb8b923f,3
,,,C[C@@H]1O[C@@H](NS(=O)(=O)c2cccs2)[C@@H](O)[C@H](O)[C@@H]1O,a27e6635a42fe387,3
,,,C[C@@H]1O[C@H](CNS(=O)(=O)c2ccc(C#Cc3ccccc3)s2)[C@@H](O)[C@H](O)[C@@H]1O,6e78b32b83d87a31,2
,,,C[C@@H]1O[C@H](CNS(=O)(=O)c2cccs2)[C@@H](O)[C@H](O)[C@@H]1O,825e84ad95f65af4,4
,,,C[C@@H]1O[C@H](NC(=O)/C=C/c2ccccc2)[C@@H](O)[C@H](O)[C@@H]1O,802dec5f0aa362b0,7
,,,C[C@@H]1O[C@H](NC(=O)c2ccc(C(F)(F)F)cc2)[C@@H](O)[C@H](O)[C@@H]1O,ac6a4fcdf1636b58,5
,,,C[C@@H]1O[C@H](NC(=O)c2ccc([N+](=O)[O-])cc2)[C@@H](O)[C@H](O)[C@@H]1O,8aafe16485b9a6f6,5
,,,C[C@@H]1O[C@H](NC(=O)c2ccc3ccccc3c2)[C@@H](O)[C@H](O)[C@@H]1O,839f40e8f49bf819,7
,,,C[C@@H]1O[C@H](NC(=O)c2cccc(-c3ccccc3)c2)[C@@H](O)[C@H](O)[C@@H]1O,8256f97b33a13e58,4
,,,C[C@@H]1O[C@H](NC(=O)c2ccccc2)[C@@H](O)[C@H](O)[C@@H]1O,6684d999cbed88a7,6
,,,C[C@@H]1O[C@H](NC(=O)c2cccs2)[C@@H](O)[C@H](O)[C@@H]1O,820643e5ca87cdf9,6
,,,C[C@@](CCN1Cc2cc(C#CC#CC3(CO)CC3)cn2C1=O)(C(=O)NO)S(C)(=O)=O,d364e0fc7b561551,9
,,,C[C@@](CCN1Cc2cc(C#CC#CC3(N)CC3)cn2C1=O)(C(=O)NO)S(C)(=O)=O,014c2afd6964c9c3,3
,,,C[C@@](CCN1Cc2cc(C#CC#CC3CN(CCF)C3)cn2C1=O)(C(=O)NO)S(C)(=O)=O,99c71e8c0e855f37,8
,,,C[C@@](CCN1Cc2cc(C#CC#CC3CN(CCO)C3)cn2C1=O)(C(=O)NO)S(C)(=O)=O,f44cef2a0110d8fb,3
,,,C[C@@](CCN1Cc2cc(C#CC#C[C@@H]3C[C@@]3(F)CO)cn2C1=O)(C(=O)NO)S(C)(=O)=O,d91a8729e8814dc8,6
,,,C[C@@](CCN1Cc2cc(C#CC#C[C@H]3C[C@@H]3CO)cn2C1=O)(C(=O)NO)S(C)(=O)=O,105ddb53423dcf53,1
,,,C[C@@](CCN1Cc2cc(C#CC#C[C@H]3C[C@@H]3[C@@H](O)CO)cn2C1=O)(C(=O)NO)S(C)(=O)=O,1fb0a3c9361a2ee7,9
,,,C[C@@](C[C@H]1CN(c2ccc(C#CC3CC3)cc2)C(=O)O1)(C(=O)NO)S(C)(=O)=O,a46640a554324b4b,5
,,,C[C@@]12CCCN1C(=O)[C@H](Cc1ccc(O)cc1)NC(=O)[C@H](Cc1cnc[nH]1)NC(=O)[C@H](CC(=O)O)NC(=O)[C@H](Cc1c[nH]c3ccc(F)cc13)NC(=O)[C@H](Cc1c[nH]c3ccc(F)cc13)NC(=O)CNC(=O)[C@H](CCCCN)NC(=O)CCSCc1cccc(c1)CSC[C@@H](C(N)=O)NC2=O,a83526b1f6b67f25,3
"cyclohexaneacetamide, n-(4-chlorophenyl)-4-(6-fluoro-4-quinolinyl)-α-methyl-, cis-(αs)-",DTXSID701125511,2227198-92-5,C[C@H](C(=O)Nc1ccc(Cl)cc1)[C@H]1CC[C@@H](c2ccnc3ccc(F)cc32)CC1,14e2f3eeacb920be,8
,,,C[C@H](C(=O)Nc1ccc(Cl)cc1)[C@H]1CC[C@]2(CC1)COc1cc(C(F)(F)F)ccc12,76c123ba888a96e4,1
,,,C[C@H](CC[C@](C)(O)C(F)(F)F)[C@H]1CC[C@H]2[C@@H]3CC=C4C[C@@](C)(O)CC[C@]4(C)[C@H]3CC[C@]12C,336c51d5c4695213,4
,,,C[C@H](CN[C@@H](C(=O)Nc1ccc(-c2cnn(C)c2)cn1)c1ccccc1)c1ccc(C#N)cc1,db5ff6e3473d47dc,1
,,,C[C@H](N(Cc1ccc(F)cc1)C(=O)CN1C(=O)N[C@]2(C[C@@H](F)c3cc(-c4cnn(C)c4)ccc32)C1=O)C(F)(F)F,c5e8270e9bdc7915,8
,,,C[C@H](N)[C@@H]1CCN(c2c(F)cc3cc(C(=O)O)c(=O)n4c3c2OC[C@@H]4C)C1,4127afe6275bc665,7
,,,C[C@H](NC(=O)c1cc(C(F)(F)F)nn1C)c1nc(-c2ccnc(C(F)(F)F)c2)no1,cece5421ff43ee34,8
,,,C[C@H](NS(=O)(=O)c1ccc(-c2sc(-c3nnc(C(C)(C)O)o3)nc2C(=O)N2CCC(F)(F)CC2)c(Cl)c1Cl)C(F)(F)F,9b7141bc464afc84,2
,,,C[C@H](NS(=O)(=O)c1ccc(-c2sc(C(=O)NCC(C)(C)O)nc2C(=O)N2CC(F)(F)C[C@@H]2C)c(Cl)c1Cl)C(F)(F)F,143ee2e03f2f84d6,8
,,,C[C@H](NS(=O)(=O)c1ccc(-c2sc(C(=O)NCC(C)(C)O)nc2C(=O)N2CCC(F)(F)C2)c(Cl)c1Cl)C(F)(F)F,4c9408efd33222f1,15
,,,C[C@H](NS(=O)(=O)c1ccc(-c2sc(C(=O)NCC(C)(C)O)nc2C(=O)N2CCC(F)(F)CC2)c(Cl)c1Cl)C(F)(F)F,44c247c1658ffd72,5
,,,C[C@H](NS(=O)(=O)c1ccc(-c2sc(C(=O)NCC(C)(C)O)nc2C(=O)N2CCC(F)CC2)c(Cl)c1Cl)C(F)(F)F,184499e1490afa22,3
,,,C[C@H](NS(=O)(=O)c1ccc(-c2sc(C(=O)NCC(C)(C)O)nc2C(=O)N2CCCC[C@@H]2C)c(Cl)c1Cl)C(F)(F)F,4963b66857171d4a,4
,,,C[C@H](NS(=O)(=O)c1ccc(-c2sc(C(=O)NCC(C)(C)O)nc2C(=O)N2CC[C@H](F)C[C@@H]2C)c(Cl)c1Cl)C(F)(F)F,33e3527e844626cf,7
,,,C[C@H](Nc1nc(N)nc(N)c1C#N)c1c(-c2ccccc2)c(=O)n2cc(F)ccc2c1-c1ccc(F)cc1,b09e36a11abf76e6,5
,,,C[C@H](Oc1ccc(-c2cc3c(C4=CCNCC4)ncnc3[nH]2)cc1)c1ccccc1,e8b48261f46e0436,10
,,,C[C@H]1CN(C(=O)CC[C@@]2(C3CC3)NC(=O)NC2=O)CCN1c1cc(F)cc(F)c1,aab96fb8e44fee16,2
,,,C[C@H]1CN(Cc2cc(Cl)cc(NC(=O)CC(CCC(=O)O)c3ccccc3)c2Cl)CCN1C(=O)C1CCCC1,07509e2349b66098,2
,,,C[C@H]1COC[C@H](C)N1c1c(NC(=O)Nc2ccnc(C(F)(F)F)c2)cnc2cc(Cl)nn12,aa2869031b8d2d85,4
,,,C[C@H]1COc2c(N3CC[C@@H](C4(N)CC4)C3)c(F)cc3cc(C(=O)O)c(=O)n1c23,9d1ddef018e6daf8,9
,,,C[C@H]1COc2c(N3C[C@H]4CC(F)(F)C[C@@H](N)[C@H]4C3)c(F)cc3cc(C(=O)O)c(=O)n1c23,72e1c91869f5eb3b,3
,,,C[C@H]1C[C@@H](N2C(=N)N[C@](C)(c3cccc(NC(=O)c4cccc(C#N)c4)c3Cl)CC2=O)CCO1,9127d494aca5896c,4
,,,C[C@H]1C[C@@H](N2C(=N)N[C@](C)(c3cccc(Nc4ccc(C5CC5)nc4)c3Cl)CC2=O)CCO1,04ea04c3769b3854,5
,,,C[C@H]1C[C@@H](O)CN(c2ncc(Cl)c(Nc3ccc4c(c3)c3c(c(=O)n4C)OCC(F)(F)[C@H](C4CC4)N3)n2)C1,9d5fc8086ad1424a,1
,,,C[C@H]1C[C@@H](Oc2cc(Cl)cc(NC(=O)CC(CCC(=O)O)c3ccccc3)c2Cl)CCN1C(=O)C1CCCC1,bc8f50622e2fe486,2
,,,C[C@H]1Cn2cnc(C(=O)N[C@H](C)C(F)(F)F)c2CN1C(=O)Nc1ccc(F)c(C#N)c1,157cafdbe92cba85,3
,,,C[C@H]1NC(=O)[C@H](CCCCN)NC(=O)CCSCc2cccc(c2)CSCCNC(=O)[C@]2(C)CCCN2C(=O)[C@H](Cc2ccc(O)cc2)NC(=O)[C@H](Cc2cnc[nH]2)NC(=O)[C@H](CC(=O)O)NC(=O)[C@H](Cc2c[nH]c3ccc(F)cc23)NC(=O)[C@H](Cc2c[nH]c3ccc(F)cc23)NC1=O,22a2648f8615aeee,4
,,,C[C@H]1NC(=O)[C@H](CCCCN)NC(=O)CCSCc2cccc(c2)CSC[C@@H](C(N)=O)NC(=O)[C@]2(C)CCCN2C(=O)[C@H](Cc2ccc(O)cc2)NC(=O)[C@H]([C@@H](C)O)NC(=O)[C@@H]2C[C@H](F)CN2C(=O)[C@H](Cc2c[nH]c3ccc(F)cc23)NC(=O)[C@H](Cc2c[nH]c3ccc(F)cc23)NC1=O,c82524f92907d09e,1
,,,C[C@H]1OC(=O)N(c2nc(-c3cnc(N)nc3C(F)(F)F)cc(N3CCOCC3)n2)[C@H]1CO,478eeea8969168c9,2
aztreonam,DTXSID0022640,78110-38-0,C[C@H]1[C@H](NC(=O)/C(=N\OC(C)(C)C(=O)O)c2csc(N)n2)C(=O)N1S(=O)(=O)O,91ab463b629f697f,2
,,,C[C@H]1c2cccc(C(N)=O)c2C(=O)N1C1CCN(C2CCCCC2)CC1,4e22198798d243c1,1
,,,C[C@]1(CN2Cc3nc(-c4ccc(F)cc4)sc3C2)CN=C(N)O1,6294a217af3aa254,11
,,,C[C@]1(CO)Cc2cc(NC(=O)c3cnn4cccnc34)c(N3CCOCC3)cc2O1,da70368463253b81,2
delamanid,DTXSID60218326,681492-22-8,C[C@]1(COc2ccc(N3CCC(Oc4ccc(OC(F)(F)F)cc4)CC3)cc2)Cn2cc([N+](=O)[O-])nc2O1,6cc235aa4228802c,2
,,,Cc1[nH]c2c(-c3ccccc3)c(-c3ccccc3)nn2c(=O)c1-c1ccc2ncccc2c1,03e170136d4050a6,4
,,,Cc1c(-c2c(Cl)cc(C(N)=O)c3[nH]c4cc(C(C)(C)O)ccc4c23)cccc1-n1c(=O)cc2c(Cl)cccn2c1=O,5f24ab4cbb224c0f,11
,,,Cc1c(C(=O)Nc2ccc(F)c(C#N)c2)sc(N)c1C(N)=O,21c495f575e56b78,4
,,,Cc1c(C(=O)Nc2ccc(F)c(C(F)F)c2)sc(N)c1C(N)=O,527b71eb5359cd8b,4
,,,Cc1c(C(=O)Nc2ccc(F)c(Cl)c2)sc(N)c1C(N)=O,d19ef1d3c7832dee,3
,,,Cc1c(C(=O)Nc2ccc(F)c(F)c2)sc(N)c1C(N)=O,80e38c17f0e14232,3
,,,Cc1c(C(=O)Nc2ccccc2)sc(N)c1C(N)=O,cc2b43e9af78fc66,2
,,,Cc1c(C(F)(F)F)oc2ncnc(SCC(=O)N3CC(=O)N(C)C3)c12,7d2269e405abbc89,7
,,,Cc1c(C2(c3ccc(C(F)(F)F)c(C#N)c3)CC2)c[nH]c1C(=O)NC(C)c1nc[nH]n1,e9ec8d9429b87dff,11
,,,Cc1c(C2(c3ccc(C(F)(F)F)nc3)CC2)c[nH]c1C(=O)NC(C)c1nc[nH]n1,0da065251268daca,10
,,,Cc1c(CN2CCN(C(=O)C3CCCC3)[C@@H](C)C2)cc(F)cc1NC(=O)CC(CCC(=O)O)c1ccccc1,ac05aae2d09b417a,6
,,,Cc1c(Cc2ccc(C(F)(F)F)nc2)c[nH]c1C(=O)NC(C)c1cn[nH]c1,1f4ec9691b7599ff,11
,,,Cc1c(Cc2ccc(C(F)(F)F)nc2)c[nH]c1C(=O)NC(C)c1cnn(C)c1,acf1291b06d898b1,7
,,,Cc1c(Cc2ccc(C(F)(F)F)nc2)c[nH]c1C(=O)NC1CC1,a50587df7316cf51,6
,,,Cc1c(F)cncc1-c1ccc2nc(NC(=O)[C@@H]3C[C@@H]3F)sc2c1,82864db2e8415df7,4
,,,Cc1c(N2CC3CC3(N)C2)c(F)cc2c(CN)c(F)c(=O)n(C3CC3)c12,5d1fd78585dafa26,15
,,,Cc1c(N2CCC(C3(N)CC3)C2)c(F)cc2c(CC(=O)N(C)C)cc(=O)n(C3CC3)c12,a1f1dc319044e911,13
,,,Cc1c(N2CCC(C3(N)CC3)C2)c(F)cc2c(Cc3n[nH]c(=O)o3)cc(=O)n(C3CC3)c12,1a887723cfb26e7c,18
,,,Cc1c(N2CCC(C3(N)CC3)C2)c(F)cc2cc(C(=O)O)c(=O)n(C3CC3)c12,3823abf87d1ed568,15
,,,Cc1c(N2CC[C@@H](C3(N)CC3)C2)c(F)cc2cc(C(=O)O)c(=O)n(C3CC3)c12,c577ce41aa797ce5,13
,,,Cc1c(N2CC[C@@H]([C@H](C)N)C2)c(F)cc2c(CN)cc(=O)n(C3CC3)c12,098209780f099c58,10
,,,Cc1c(N2CC[C@@H]([C@H](C)N)C2)c(F)cc2cc(C(=O)O)c(=O)n(C3CC3)c12,8d9a8587a15850e2,8
,,,Cc1c(N2CC[C@@H]([C@H](C)N)C2)c(F)cc2ccc(=O)n(C3CC3)c12,81359e8c21e7cc62,11
,,,Cc1c(NS(C)(=O)=O)cccc1N(Cc1ccc(Oc2ccc(F)c(OCC(=O)O)c2)cc1)Cc1ccc(F)cc1F,8751c6d411f2853a,2
,,,Cc1cc(-c2ccc3c(c2)CC[C@H]3N2CCC(N(C)C(=O)N[C@@H](C)c3ccc(C#CC4CC4)c(Cl)c3Cl)CC2)ncn1,138a1d41728a85af,1
,,,Cc1cc(-c2ccccn2)cc(C(=O)NNS(=O)(=O)c2ccccc2)c1F,048488e82431dc5b,7
,,,Cc1cc(-c2cnc([C@H](C)Nc3nccc(N4C(=O)OC[C@@H]4C(C)C)n3)nc2)ccc1F,dddfece1c8ce7d24,8
,,,Cc1cc(-c2ncc(CNC(=O)c3ccc4c(c3)[nH]c3ccccc34)cc2F)ccn1,fcb6962407db97b6,1
,,,Cc1cc(-c2ncccn2)cc(C(=O)NNS(=O)(=O)c2ccccc2)c1F,ab45edb584ac3b2b,4
,,,Cc1cc(-n2cccn2)cc(C(=O)NNS(=O)(=O)c2ccccc2)c1F,80c0c6a3c76c8f4a,7
,,,Cc1cc(-n2nccn2)cc(C(=O)NNS(=O)(=O)c2ccccc2)c1F,ad3f82e95e2e218a,6
,,,Cc1cc(C(=O)O)nc(N2CCC(COc3ccccc3C(F)(F)F)C2)n1,26110a95384c277d,1
,,,Cc1cc(C(C)NC(=O)c2[nH]cc(Cc3ccc(C(F)(F)F)nc3)c2C)no1,cd3ca43cb0e3389f,7
,,,Cc1cc(C)c(S(=O)(=O)NC[C@H]2O[C@@H](C)[C@@H](O)[C@@H](O)[C@@H]2O)c(C)c1,5a85e0bc22ea7c51,3
,,,Cc1cc(Cl)cc(-c2ccnc3cc(CN4C(=O)C5C(C4=O)C5(C)C)sc23)c1C[C@@H]1CNCCO1,46d27acd5ce7db1f,3
,,,Cc1cc(Cl)ccc1COc1ccnn1-c1cc(C(=O)O)ccn1,9126b89065ef2e3b,8
,,,Cc1cc(NC(=O)[C@H](O)c2cc(F)cc(F)c2)ccc1-c1cnc(N)c(C(=O)NC(C)C)c1,82ea1a368aea94bf,10
,,,Cc1cc(NC(=O)[C@H](O)c2cc(F)cc(F)c2)ccc1-c1cnc(N)c(C(=O)NC2CC2)c1,9010918b668d1677,15
,,,Cc1cc(NC(=O)[C@H](O)c2cccc(Cl)c2)ccc1-c1cnc(N)c(C(=O)NC(C)C)c1,3a7cc1b3917ca9f2,15
,,,Cc1cc(NC(=O)c2sc(N)c(C(N)=O)c2C)ccc1F,c7cc78c0920a0b87,3
,,,Cc1cc(NC2CCc3cc(Br)ccc3C2)n2nc(C(C)(F)F)nc2n1,65ae20e14660bf19,11
,,,Cc1cc(NC2CCc3cc(Cl)ccc3C2)n2nc(C(C)(F)F)nc2n1,51a03d493fb8917d,8
,,,Cc1cc(NC2CCc3ccc(Br)cc3C2)n2nc(C(C)(F)F)nc2n1,61776e22778cad71,7
,,,Cc1cc(NC2Cc3cc(F)c(F)cc3C2)n2nc(C(C)(F)F)nc2n1,f7097cb729661b53,8
,,,Cc1cc(N[C@H]2CCc3ccc(Cl)cc3C2)n2nc(C(C)(F)F)nc2n1,ef2b414392c62b3f,9
,,,Cc1cc(OC(C)C)cc(C(=O)NNS(=O)(=O)c2ccccc2F)c1,2ff4cd7781598c23,9
,,,Cc1cc(S(=O)(=O)NC[C@H]2O[C@@H](C)[C@@H](O)[C@@H](O)[C@@H]2O)c(C)s1,d590779d5a1f350a,1
,,,Cc1cc([C@H](C)Nc2nccc(N3C(=O)OC[C@@H]3[C@H](C)F)n2)ncc1-c1ccnc(C(F)(F)F)c1,c44d49605a9daad5,6
,,,Cc1cc2c(cc(C(=O)N[C@H](CO)c3ccc(S(=O)(=O)CC(=O)O)cc3)n2C)c(Cl)c1Cl,8e3038e3e6e44795,4
,,,Cc1cc2cccc(NC(=O)c3ccccc3NS(=O)(=O)C3CC3)c2o1,3b34d7d27358f18d,2
,,,Cc1ccc(-c2cc(C(F)(F)F)ccc2[C@H]2CCOc3cc(S(=O)(=O)Nc4ncccn4)ccc32)cn1,750a3ca20bb640a6,9
,,,Cc1ccc(-n2ccc(C(F)(F)F)c2COc2c(F)cc(CCC(=O)O)cc2F)cc1,8c74104021442e75,8
,,,Cc1ccc(C(=O)Nc2cc(F)cc(CN3CCN(C(=O)C4CCCC4)[C@@H](C)C3)c2C)cn1,5fe58a7dbc2e5de2,3
,,,Cc1ccc(C(=O)Nc2cn3ncnc3c(CN3CCN(C(=O)C4CCCC4)[C@@H](C)C3)c2C)cn1,e727e80c87ca0a0f,7
,,,Cc1ccc(C(=O)Nc2cn3ncnc3c(CN3CCN(C(=O)CC(C(F)(F)F)C(F)(F)F)[C@@H](C)C3)c2C)cn1,d5ece9c60c20925c,3
,,,Cc1ccc(C(=O)Nc2cn3ncnc3c(O[C@H]3CCN(C(=O)CC(C(F)(F)F)C(F)(F)F)[C@@H](C)C3)c2C)cn1,931ad5b17431bf25,4
"4-[5-(4,7-dimethyl-1-benzofuran-2-yl)-1,2,4-oxadiazol-3-yl]benzoic acid",DTXSID401336569,1952276-71-9,Cc1ccc(C)c2oc(-c3nc(-c4ccc(C(=O)O)cc4)no3)cc12,55de6940ae50a623,4
,,,Cc1ccc(S(=O)(=O)Cc2nc(-c3ccc(C(=O)NCc4cccnc4)cc3)oc2C)cc1,705744c8e9da75a3,19
,,,Cc1ccc(S(=O)(=O)NC[C@H]2O[C@@H](C)[C@@H](O)[C@@H](O)[C@@H]2O)s1,b3125a8fa564c5f9,1
,,,Cc1ccc(Sc2ccc3n[nH]c(=O)n3n2)cc1,69a40c944d27f7ad,2
,,,Cc1ccc2c(c1)C(=O)N1CCCCC1c1cc3nc(N4CCC4)cc(n3n1)N(C)CCNC(=O)CO2,7f5c9f7d6f4a034e,3
,,,Cc1ccc2c(c1)C(=O)N1CCCC[C@H]1c1cc3nc([C@H]4C[C@H](O)C4)cc(n3n1)N(C)CCNC(=O)CO2,858dce20912bbf0b,2
,,,Cc1ccc2nc(N3CCC(NC4CCOCC4)CC3)c(-c3nc(C)no3)cc2c1,c4b78ffb1c0d40e0,5
,,,Cc1cccc(C(=O)N[C@H]2O[C@@H](C)[C@@H](O)[C@@H](O)[C@@H]2O)c1,962e0d4cf34ceefb,8
,,,Cc1cn2c(-c3cn[nH]c3)cnc2c(Nc2cc(C(NC(C)(C)C)c3ccccn3)ns2)n1,48cb1c83291a6b78,4
,,,Cc1cn2c(-c3cn[nH]c3)cnc2c(Nc2cc(Cc3ccccn3)ns2)n1,807bc3835749be99,4
,,,Cc1cnc(-c2ccc(OC(F)(F)F)cc2)n1Cc1ccccc1OCCC[C@@H](C)CC(=O)O,62f30d634073fec4,3
,,,Cc1cnc(-c2ccccc2C(F)(F)F)nc1NCc1ccccn1,d5e8cb6f7aa0815c,9
,,,Cc1n[nH]c(C)c1N1CCN(c2cc(C(=O)O)ccc2F)CC1,a66846db064a982c,5
,,,Cc1nc(-c2cccc(CN(C)c3ccc4[nH]nc(C(=O)O)c4c3)c2)sc1C,aebbcb32ccc95299,5
,,,Cc1nc(-c2cnc(NC(C)C)n(C)c2=O)ccc1Oc1ccnc(-c2cnn(C)c2)c1,cf674510bd1d9c35,10
,,,Cc1nc(C)c(C(=O)Nc2ccc(F)c(-c3nc4ncc(-c5ncccc5C)cn4n3)c2)o1,2d17fb581743c05c,7
,,,Cc1nc(CN(C)[C@H]2CCCc3cccnc32)cc(N2CCN(C)CC2)n1,a54bf52f0bbd4a91,6
,,,Cc1nc(CN2CCC[C@H]2c2ncccc2C)cc(N2CCN(C)CC2)n1,128f75ffb1323e43,3
,,,Cc1nc(N2CCC3(CC2)CO[C@@H](C)[C@H]3N)c(Cl)c(=O)n1-c1cccc(Cl)c1Cl,b1ad6abbc8b89247,7
,,,Cc1nc(N2CCC3(CC2)CO[C@@H](C)[C@H]3N)cc(=O)n1-c1cccc(Cl)c1Cl,5600fe25b0f4a15e,16
,,,Cc1nc(NC(=O)NC(=O)C(C)(C)C)ccc1Oc1ccnc(-c2cnn(C)c2)c1,2ab5b35f669e0cce,3
,,,Cc1nc(N[C@H](C)c2cc(N)cc(C(F)(F)F)c2)c2cc(O[C@H]3CCOC3)c(O)cc2n1,0f599cd4a7df517d,4
,,,Cc1nc(N[C@H](C)c2cccc(C(F)F)c2F)c2cc3c(cc2n1)OCC[C@H]1CN(C(=O)C2(C#N)CC2)CCN31,adcf61b939b39f4d,3
,,,Cc1nc(N[C@H](C)c2cccc(C(F)F)c2F)c2cc3c(cc2n1)OCC[C@H]1CN(C(=O)[C@@H]2CCOC2)CCN31,87e8035332a0973e,4
,,,Cc1nc(N[C@H](C)c2cccc(C(F)F)c2F)c2cc3c(cc2n1)OCC[C@H]1CN(CC(F)(F)F)CCN31,8b882d803f1f4bf9,9
,,,Cc1nc(N[C@H](C)c2cccc(C(F)F)c2F)c2cc3c(cc2n1)OCC[C@H]1CN(c2ccnn2C)CCN31,91372165faad0b12,6
,,,Cc1ncccc1-c1cnc(NCc2c(F)ccc3c2CCO3)n2cnnc12,499ce8d8ff4e9023,4
,,,Cc1nn(-c2cccc3cc(Cc4cccc(C(F)(F)F)c4)sc23)c(CO)c1C(=O)NCCO,b8377d1afd28d98d,3
,,,Cc1nn(-c2nc(-c3ccc(Cl)c(Cl)c3)c(SC(C)C)s2)c(C(=O)O)c1-c1cc(Cl)cc(Cl)c1,784e728d19737c16,12
,,,Cc1nnc2n1-c1ccc(-c3ccc(N)nc3)cc1N(c1ccc(Cl)cc1)CC2C,0a7c5e1e044a378e,5
,,,Cc1nnc2n1-c1ccc(-c3ccc(N)nc3)cc1N(c1ccc(Cl)cc1)C[C@H]2C,84d5b7d8f118f47f,3
,,,Cc1nnc2n1-c1ccc(-c3cnn(C)c3)cc1N(c1ccc(Cl)cc1)CC2,adedf26c0e28e4bb,4
,,,Cc1nnc2n1-c1ccccc1N(c1ccc(Cl)cc1)CC2,e116f2ddb325170f,2
,,,Cc1nnc2n1-c1ccccc1N(c1ccc(Cl)cc1)CC2C,beac8ed278ed6b51,4
,,,Cc1noc2c1-c1ccc(-c3ccc(=O)n(C)c3)cc1N(c1ccc(C#N)cc1)CC2C,453d87935c2b823f,12
,,,Cc1noc2c1-c1ccc(-c3ccc(N)nc3)cc1N(c1ccc(C#N)cc1)CC2C,27df85301d1c72aa,10
,,,Cc1noc2c1-c1ccc(-c3cnn(C)c3)cc1N(c1ccc(C#N)cc1)CC2CC(N)=O,8a5007f0c59c0fc9,9
,,,Cc1noc2c1-c1ccc(-c3cnn(CC(N)=O)c3)cc1N(c1ccc(C#N)cc1)CC2C,197775555cc113c5,10
,,,Cc1oncc1S(=O)(=O)NC[C@H]1O[C@@H](C)[C@@H](O)[C@@H](O)[C@@H]1O,fe94898c1bb9b9b4,4
,,,Clc1cc(-c2nnn[nH]2)ccc1-c1ccc(-n2ccnc2)cc1,4c34134790422c46,8
,,,Clc1ccc(Nc2nc3ccccc3c3[nH]c(C4CCC=CCC4)nc23)cc1Cl,4594eec71a32566f,6
,,,Cn1c(N2CCOCC2)nc2cc(N3CCC(CO)CC3)c(NC(=O)c3cnn4cccnc34)cc21,8ac4b42dd7e6840c,2
"(r)-6-[[1-(cyclopropylcarbonyl)pyrrolidin-3-yl]methyl]-5-[4′-(1-methyl-1h-pyrazol-4-yl)[1,1′-biphenyl]-4-yl]-4,6-diazaspiro[2.4]hept-4-en-7-one",DTXSID101100828,1579514-16-1,Cn1cc(-c2ccc(-c3ccc(C4=NC5(CC5)C(=O)N4C[C@@H]4CCN(C(=O)C5CC5)C4)cc3)cc2)cn1,f04175586d8764dc,6
,,,Cn1cc(-c2ccc(N3CCC([C@H]4c5c(F)cccc5-c5cncn54)CC3)cc2)cn1,5beb14da9c477506,3
,,,Cn1cc(-c2ccc(NC(=O)[C@H](NCCc3ccc(C#N)cc3)c3ccccc3)nc2)cn1,97623d5eeeb64225,2
,,,Cn1cc(-c2ccc3c(C(=O)[C@H](NCCc4ccc(C#N)cc4)c4ccccc4)c[nH]c3c2)cn1,cca59e23b70f4a31,1
,,,Cn1nccc1-c1cc(C(F)(F)F)ccc1[C@H]1CCOc2cc(S(=O)(=O)Nc3ncccn3)ccc21,740a593284fd3ec4,8
,,,Cn1nccc1-c1cc(C(F)(F)F)ccc1[C@H]1CCc2cc(S(=O)(=O)Nc3ncccn3)ccc21,78493c7de86f7599,3
,,,Cn1nccc1[C@H]1CCCC[C@@H]1Oc1cc(F)c(S(=O)(=O)Nc2ccncn2)cc1Cl,07ee78722adac8f6,1
talazoparib,DTXSID001025928,1207456-01-6,Cn1ncnc1[C@H]1c2n[nH]c(=O)c3cc(F)cc(c23)N[C@@H]1c1ccc(F)cc1,5b6aef3f1206e0d4,3
,,,Cn1nncc1-c1cnn([C@H](CCOC(F)F)c2ccc(-c3c(-n4cc(Cl)nn4)ccc(Cl)c3F)c[n+]2[O-])c1,e7b83daabbadbec2,4
,,,FC(F)(F)c1c(Cl)ccc(-n2ccnn2)c1Cl,626e00a3bb09b9d8,4
,,,FC(F)(F)c1cccc2c1nnn2CC1CC1,2fed74fd2bc2db89,6
,,,FC(F)(F)c1ccccc1-c1nc(NCc2ccccn2)c2cccnc2n1,c08a4cff04320c01,5
,,,Fc1cc(Cl)ccc1-c1ccc(Cn2nnc3ccccc32)cn1,674171e797c947cc,9
,,,N#Cc1cc(F)cc(Oc2ccc(S(=O)(=O)C(F)F)c3c2CC(F)(F)[C@H]3O)c1,e83895edf15296f6,10
,,,N#Cc1cc(F)cc(Oc2ccc(S(=O)(=O)CF)c3c2CC(F)(F)[C@H]3O)c1,51b751612e1bf258,16
,,,N#Cc1cc(F)cc(Oc2ccc3c(c2C(F)F)[C@@H](O)C(F)(F)S3(=O)=O)c1,608c361facd72a73,10
,,,N#Cc1ccc(-c2cnc3ccc(-c4ccc(C(=O)N5CCOCC5)cc4)cn23)cc1,e28a87ec2581543a,6
,,,N#Cc1ccc(-c2cnc3ccc(-c4ccc(C(=O)N5CCOCC5)cc4)nn23)cc1,60077d7bab465cf6,4
,,,N#Cc1ccc(-n2ccnc2)c(NC(=O)c2cnc(-c3ccccc3)s2)c1,59f8d04970fde4f2,9
,,,N#Cc1ccc(N2CCN([C@H]3C=C(c4cc5ncccc5c(=O)[nH]4)CC3)CC2)cc1,be65c0c5052c8c3f,2
,,,N#Cc1ccc(S[C@H]2O[C@H](CO)[C@H](O)[C@H](n3cc(-c4cc(F)c(F)c(F)c4)nn3)[C@H]2O)cc1Cl,4d7fedc664e703de,2
,,,N#Cc1ccc2nnc(C(=O)N3CCC(c4cccc(F)c4C(F)(F)F)CC3)n2c1,5dc45d80c4f41bf3,10
,,,N#Cc1ccc2nnc(C(=O)N3CCC(c4ccccc4C(F)(F)F)CC3)n2c1,c310113738716a03,1
,,,N#Cc1cccnc1N1CCN(C(=O)c2cc(Cc3n[nH]c(=O)c4ccccc34)cc(F)c2F)CC1,49e9e2a115c3b346,14
,,,N=C(N)NC(=O)c1nc(-c2cc3ccccc3o2)c(N)nc1N,64610422795d50c2,1
,,,N=C(N)NC(=O)c1nc(-c2cc3ccccc3o2)c(N2CCCCCC2)nc1N,61c12fd81858fb9e,3
amiloride,DTXSID9043853,2609-46-3,N=C(N)NC(=O)c1nc(Cl)c(N)nc1N,4717fcf1f5885444,1
"5-(n,n-hexamethylene)amiloride",DTXSID10162188,1428-95-1,N=C(N)NC(=O)c1nc(Cl)c(N2CCCCCC2)nc1N,e9ee114ef6cd793f,3
,,,NC(=O)c1ccc2c(c1)CCCN2Cc1ccc(C(=O)NO)cc1,96977b2bed83cfff,18
,,,NCCCC[C@@H]1NC(=O)CCSCc2cccc(c2)CSC[C@@H](C(N)=O)NC(=O)[C@@H]2CCCN2C(=O)[C@H](Cc2ccc(O)cc2)NC(=O)[C@H](Cc2cnc[nH]2)NC(=O)[C@H](CC(=O)O)NC(=O)[C@H](Cc2c[nH]c3ccc(F)cc23)NC(=O)[C@H](Cc2c[nH]c3ccc(F)cc23)NC(=O)CNC1=O,19f28c1defc187a7,2
,,,NS(=O)(=O)CC(=O)NCCSc1nonc1/C(=N/O)Nc1cccc(Cl)c1,afa2ba5b047eab90,1
epacadostat,DTXSID201318248,1204669-58-8,NS(=O)(=O)NCCNc1nonc1/C(=N/O)Nc1ccc(F)c(Br)c1,1788d7b820ff6e36,2
,,,N[C@@H]1CC[C@@H](n2cc(-c3ccc4cc[nH]c4c3)c(C(F)(F)F)n2)C1,c8bd0671ad8b8984,18
,,,N[C@H]1CCN(c2cc3c(cc2F)n2ncnc2c(=O)n3C2CC2)C1,afacd2230e198de6,10
,,,Nc1cc(SCc2ccccc2F)c2nn[nH]c2n1,8a0eb65239f79848,10
,,,Nc1ccc(-c2cc(N[C@H]3CCCCNC3)c3ccncc3c2)c(F)c1,c88fc3af7152adf0,5
,,,Nc1ccc(Cl)cc1CN1CCN(C(=O)CNC(=O)CC2CCC(F)(F)CC2)CC1,283960e6e8dec530,4
,,,Nc1n[nH]c2cc(-c3ccc(=O)n(Cc4cccc(Cl)c4)c3)ccc12,c7b7720f5c34f113,8
,,,Nc1n[nH]c2cc(-c3ccc(=O)n(Cc4ccccc4F)c3)ccc12,84cd8475848b3f0b,8
,,,Nc1nc(-c2cccc(-n3ccc4cc(C5CC5)cc(F)c4c3=O)c2CO)c2cc(C3=CCN(C4COC4)CC3)[nH]c2n1,7c3e8d2ec0c7f9d7,5
,,,Nc1nc(/C(=N/OC2(C(=O)O)CC2)C(=O)N[C@@H]2C(=O)N(S(=O)(=O)O)[C@@H]2CN2CCOC2=O)cs1,9d54db620047c70f,5
,,,Nc1nc(Nc2ccc(F)cc2)nc(Oc2ccc(F)cc2)n1,80602a51226137ec,7
,,,Nc1nc(OCc2ccccc2)c2[nH]nnc2n1,b5ef0b5c88bb411b,3
,,,Nc1nc2c(c(=O)[nH]1)C(c1cccc(OC(F)(F)F)c1)CC(=O)N2,2cfcedacfc8172cd,9
,,,Nc1ncc(-c2cc([C@H]3[C@@H]4CN(C5COC5)C[C@@H]43)n(CC3CC3)n2)cc1C(F)(F)F,a59a665562d1c267,10
,,,Nc1nccc(N2CC[C@H](NC(=O)Nc3ccc(Cl)c(C(F)(F)F)c3)C2)n1,2e44f8234e56b2e7,8
,,,Nc1ncn(Cc2c(Cl)cncc2Cl)c2ncnc1-2,0ba75fb905cabaa2,4
,,,O=C(C(c1ccc(Cl)cc1)c1cccnc1)N1CCN(c2ccc(C(F)(F)F)cc2)CC1,c3a5476364a6439f,18
,,,O=C(CC12CC3CC(CC(C3)C1)C2)NCC(=O)N1CCN(Cc2ccccc2OCc2ccc(-c3ncco3)cc2)CC1,06009e7f24a27ecf,5
,,,O=C(CC1CC(Cc2ccccc2)C1)N[C@H]1CC[C@H](O)CC1,5ab653bd99f47c2a,3
,,,O=C(CC1CC1CCc1ccccc1)N[C@H]1CC[C@H](O)CC1,5c75cf240a83b92c,7
,,,O=C(CCCCCc1ccccc1)NC1CCC(O)CC1,d68d15b59205bd8f,4
,,,O=C(CCCCCc1ccccc1)N[C@H]1CC[C@@H](O)CC1,09953688594dcd46,3
,,,O=C(CCCCCc1ccccc1)N[C@H]1CC[C@H](O)CC1,6ca43f520fc73310,4
,,,O=C(CCCCCc1ccccn1)NC1CCC(O)CC1,31ec4baec56802fd,6
,,,O=C(CCCCCc1cccnc1)NC1CCC(O)CC1,76adb177439a285b,6
,,,O=C(CCCCCc1ccncc1)NC1CCC(O)CC1,1710cd1eb93e7f19,3
,,,O=C(CCCCCc1ccncn1)NC1CCC(O)CC1,3740f82774286a54,9
,,,O=C(CCCCOc1ccccc1)N[C@H]1CC[C@H](O)CC1,8dc898d9dfd9dd30,1
,,,O=C(CCCOCc1ccccc1)N[C@H]1CC[C@H](O)CC1,d2a4269330828dcf,4
,,,O=C(CCOCCc1ccccc1)N[C@H]1CC[C@H](O)CC1,b2a34a5998604787,3
,,,O=C(COCCCc1ccccc1)N[C@H]1CC[C@H](O)CC1,ef6f1f87ba188021,3
,,,O=C(Cc1ccc(Cl)c(Cl)c1)N1CCN(c2ccc3nncn3n2)CC1,a326e9d348cdc297,4
,,,O=C(Cc1ccccc1)Nc1ccc(-c2nc3cc(NC(=O)Cc4ccccc4)ccc3[nH]2)cc1,5c893fe08a41f7f2,10
,,,O=C(NCC1(O)CCCC(F)(F)C1)c1c(Cl)ccc2nc(N3CC[C@H](F)C3)ccc12,ea2e7c8d1da1064b,6
,,,O=C(NCC1CCC(F)(F)CC1)c1c(Cl)ccc2nc(N3CC[C@H](F)C3)ccc12,bf32d7b5e9b66e61,6
,,,O=C(NCC1CCOCC1)c1n[nH]c2ccc(-c3cncc(CO)c3)cc12,6f1821687110c5e3,2
,,,O=C(NCCN1CCCC1)c1cc(-c2ccc(CN3CCOCC3)cc2)nc2ccc(F)cc12,9c298dc8c2b5497d,5
,,,O=C(NCCN1CCCC1)c1cc(-c2ccc(CN3CCOCC3)cc2Cl)nc2ccc(F)cc12,0a5156c0be45e3dd,2
,,,O=C(NCCN1CCCC1)c1cc(-c2ccc(S(=O)(=O)N3CCOCC3)cc2)nc2ccc(F)cc12,b71a82e7af99a94a,3
,,,O=C(NCCN1CCCC1)c1cc(NCCC2CCOCC2)nc2ccc(Cl)cc12,db66fec27dca08cd,1
,,,O=C(NCCN1CCCC1)c1cc(NCCCCN2CCOCC2)nc2ccc(Cl)cc12,0a48ad61370e4622,3
,,,O=C(NCCN1CCCC1)c1cc(NCCCN2CCOCC2)nc2ccc(F)cc12,a1acda3366293989,2
sar-125844,DTXSID901031348,1116743-46-4,O=C(NCCN1CCOCC1)Nc1nc2ccc(Sc3nnc4ccc(-c5ccc(F)cc5)nn34)cc2s1,8b829aa7d7f113e8,5
,,,O=C(NC[C@H](O)CN1CCc2ccccc2C1)c1cc(NC2COC2)ncn1,2361a03065eeaee4,1
"benzoic acid, 3-fluoro-5-(2-pyridinyl)-, 2-[(2-fluorophenyl)sulfonyl]hydrazide",DTXSID701137401,2055397-28-7,O=C(NNS(=O)(=O)c1ccccc1F)c1cc(F)cc(-c2ccccn2)c1,d011d51213b91428,12
,,,O=C(NNS(=O)(=O)c1ccccc1F)c1cc(F)cc(-n2cccn2)c1,ef7a481fbbf1dbb7,8
,,,O=C(NNS(=O)(=O)c1ccccc1F)c1cccc(-n2cccn2)c1,9c7ed7fda257348c,9
,,,O=C(N[C@H]1CC[C@H](O)CC1)C1CC(CCc2ccccc2)C1,ee59338289beb3cf,4
,,,O=C(N[C@H]1CC[C@H](O)CC1)C1CC1CCCc1ccccc1,6bd0b8141d025f31,2
,,,O=C(N[C@H]1CC[C@H](O)CC1)C1CCC(CCCc2ccccc2)C1,8eb141a9eb0e53b3,1
,,,O=C(N[C@H]1CC[C@H](O)CC1)C1CCC(CCc2ccccc2)C1,22a9abb10449c3dd,5
,,,O=C(N[C@H]1CC[C@H](O)CC1)C1CCC(CCc2ccccc2)CC1,06bef5bb12e07448,2
,,,O=C(N[C@H]1CC[C@H](O)CC1)C1CCC(Cc2ccccc2)CC1,d70a619e98aeb764,2
,,,O=C(N[C@H]1CC[C@H](O)CC1)C1CCCC(CCc2ccccc2)C1,914dcd934a6cb2a3,3
,,,O=C(N[C@H]1CC[C@H](O)CC1)OCCCCc1ccccc1,32933d209a40b372,3
,,,O=C(Nc1c2c(cc3c1CCC3)CCC2)NS(=O)(=O)c1cnn2c1OCCC2,ed2e21644e172017,15
,,,O=C(Nc1cc2sc(N3CCOCC3)nc2cc1N1CCC(CO)CC1)c1cnn2cccnc12,703d2f7246ed1876,2
,,,O=C(Nc1cc2sc(N3CCOCC3)nc2cc1N1CCOCC1)c1cnn2cccnc12,f49d903a0696317a,1
,,,O=C(Nc1ccc(C2CCC3(CC2)CC(C(=O)O)C3)cc1)c1nnc(Nc2ccc(F)c(F)c2)o1,576bff2b0d300ad0,2
,,,O=C(Nc1ccc(Cl)c(C(F)(F)F)c1)N[C@H]1CCN(c2ccc(C(F)(F)F)nc2)C1,2afd74d2b4adbc70,13
,,,O=C(Nc1ccc(Cl)c(C(F)(F)F)c1)N[C@H]1CCN(c2ccnc(NC3CC3)n2)C1,5bfe19706d8ca394,3
,,,O=C(Nc1ccc(Cl)c(C(F)(F)F)c1)N[C@H]1CCN(c2ccncn2)C1,fc0131a88c549be5,12
,,,O=C(Nc1ccc(Cl)cc1)C(=O)N1CCC(c2ccnc3ccc(F)cc23)CC1,15be1011d3c72dde,4
,,,O=C(Nc1ccc(Cl)cc1)C(=O)N1CC[C@H](c2ccnc3ccc(F)cc23)[C@@H](O)C1,a04394d071139581,7
,,,O=C(Nc1ccc(N2CCC3(CC2)CC(C(=O)O)C3)nc1)c1nnc(Nc2ccc(F)c(F)c2)o1,3a4f67fef2d99181,4
,,,O=C(Nc1ccc(OC(F)(F)Cl)cc1)c1cnc(N2CC[C@@H](O)C2)c(-c2cc[nH]n2)c1,26c81cce6d6b7931,13
,,,O=C(Nc1ccc(OC(F)(F)F)cc1)c1cnc(N2CC[C@H](O)C2)c(-c2cncnc2)c1,fbc3a42aa30cdb4c,15
,,,O=C(Nc1ccccc1OCC(F)(F)F)c1ccccc1NS(=O)(=O)C1CC1,a9b2b3be5adcf015,9
,,,O=C(O)CC1CCC2(CC1)CCC(c1ccc(NC(=O)c3nnc(Nc4ccc(F)c(F)c4)o3)cn1)CC2,c0c7c9fe91947239,2
,,,O=C(O)CC1CCC2(CC1)CCN(c1ccc(NC(=O)c3nnc(Nc4ccc(F)c(F)c4)o3)cn1)CC2,8fed0e64a10e7172,3
,,,O=C(O)CCc1cc(F)c(OCc2c(-c3ccc(Cl)cc3F)nsc2C(F)(F)F)c(F)c1,19121711d6c0cf3e,4
,,,O=C(O)CCc1cc(F)c(OCc2c(C(F)(F)F)ccn2-c2ccc(Cl)cc2)c(F)c1,4cc190e32617d7fc,5
,,,O=C(O)C[C@H]1CCCN(C[C@@H](O)c2ccc(-c3noc(-c4onc(-c5ccccc5)c4C(F)(F)F)n3)cc2)C1,bad2ef5a09d188e0,4
,,,O=C(O)C[C@]1(CC(F)(F)F)CCc2cc(-c3cnc(NC(=O)Nc4ccc(F)c(F)c4)cn3)ccc2C1=O,db5fcdafdd5bd7da,4
,,,O=C(O)Cc1ccc(Cc2cc(-c3cccc(Cl)c3)nc(C(F)(F)F)c2)cc1,7b496eb33cbbaef0,15
,,,O=C(O)Cc1ccccc1NC(=O)c1cccc(-c2ccc(Cl)c(O[C@@H]3CCCNC3)c2)c1F,878f0e4b1196dc4e,2
,,,O=C(O)Cc1ccccc1NC(=O)c1cccc(-c2ccc(Cl)c(O[C@H]3CCCNC3)c2)c1F,9e894169a1af7176,1
,,,O=C(O)[C@H]1C2CCC(CC2)[C@@H]1Nc1nc(-c2c[nH]c3c(F)cc(F)cc23)ncc1F,84ac69f8d8687cdf,6
,,,O=C(O)c1cc(-c2ccc(-c3cc(CO)on3)cc2)c2ccc(-c3ccc(C(F)(F)F)cc3)cc2c1,11d69819e411d2c6,18
,,,O=C(O)c1cc(-c2ccc([C@@H]3C[C@@H]4C[C@H]3NC4=O)cc2)c2ccc(-c3ccc(C(F)(F)F)cc3)cc2c1,a2de2700e7d940c2,15
,,,O=C(O)c1cc(-c2ccc([C@H]3C[C@H]4C[C@@H]3CN4)cc2)c2ccc(-c3ccc(C(F)(F)F)cc3)cc2c1,b8189ab27d30b09a,13
,,,O=C(O)c1ccc(-n2cc(C(=O)c3c(Cl)cccc3Cl)c3cccc(F)c32)cc1,d75db345139bc446,6
,,,O=C(O)c1nn(Cc2ccc(Cl)c(Cl)c2)c(=O)c2cc(Oc3ccccc3)ccc12,1f34017df1d381ee,13
,,,O=C1CCC(N2C(=O)c3ccc(NS(=O)(=O)c4ccccc4OC(F)(F)F)cc3C2=O)C(=O)N1,d3c9577c3b11f13e,12
,,,O=C1CCN(C(=O)Nc2ccc(F)c(Cl)c2)C2CCCCC12,a3b93d927916fd2b,3
,,,O=C1NC(c2ccc(N3CCOCC3)cc2)(c2cccc(Oc3ccc(F)cc3)n2)CC(O)=C1Sc1ccccc1Cl,37eabae55f88b870,3
,,,O=C1NC(c2ccccc2)(c2ccccc2)CC(O)=C1Sc1ccccc1Cl,f2a25b97b1d93904,8
,,,O=C1NCc2nc(-c3c(F)cccc3F)cc(Nc3ccc(C(=O)N4CCCC4)cc3)c21,f3728fb5b2d42a96,13
,,,O=C1NCc2ncc(-c3ccc(-c4cncc(NS(=O)(=O)c5ccc(F)cc5F)c4)s3)cc21,524d2bd52fa99ac5,10
,,,O=C1N[C@](c2ccc(N3CCOCC3)cc2)(c2ccsc2)CC(O)=C1Sc1ccccc1Cl,bef13735ae851e96,2
,,,O=C1N[C@](c2cccc(Nc3ccc(F)cc3)n2)(c2cccc(Nc3ccc(F)c(F)c3)n2)CC(O)=C1Sc1ccccc1Cl,66dd6cecfbdd637e,2
,,,O=C1c2c(O)c(=O)ccn2N(C(c2ccccc2)c2ccccc2)[C@@H]2COCCN12,795133f8dcb619c0,3
,,,O=C1c2nc3cccc(C(F)(F)F)c3n2CCN1CC1CCC1,6bbc6594095c957a,13
,,,O=S(=O)(Nc1ncccn1)c1ccc2c(c1)OCC[C@@H]2c1ccc(C(F)(F)F)cc1-c1ccc(F)nc1,357cd9111d5cba1e,8
,,,O=S(=O)(Nc1ncccn1)c1ccc2c(c1)OCC[C@@H]2c1ccc(C(F)(F)F)cc1N1CCOCC1,fa3b561627946e74,8
,,,O=S(=O)(Nc1nnc2cc(OCC34CC5CC(CC(C5)C3)C4)c(C3CC3)cn12)C1CC1,635af00a5f2f4fe2,6
,,,O=S(=O)(c1ccc(Oc2cncc(Cl)c2)c2c1[C@H](O)C(F)(F)C2)C(F)F,0fb37d6691498fc6,15
,,,O=S1(=O)CC2(OCCO2)c2cc3nccc(Nc4ccc5scnc5c4)c3cc21,4b64ca2af880a046,18
,,,O=c1[nH]nc(-c2ccc(Cl)c(C(F)(F)F)c2)o1,7e55b8ed57ccfb2a,2
,,,O=c1c2nc([N+](=O)[O-])cn2ccn1Cc1cccc(C(F)(F)F)c1,877be4459331f667,4
,,,O=c1cc(CC2CCCCO2)[nH]c2nc(Nc3c4c(cc5c3CCC5)CCC4)nn12,37e9d096dc368532,1
,,,O=c1nc(OC[C@@H]2COCCO2)cc2n1CCc1cc(C#CC3CC3)ccc1-2,cff85a9834d3d3e7,1
,,,O=c1nc(OC[C@H]2COCCO2)cc2n1CCc1cc(C#CC3CC3)ccc1-2,e3b8d92543cba9a5,3
,,,OCCOCc1cn(CCNc2nonc2/C(=N/O)Nc2ccc(F)c(Br)c2)nn1,da03b8a5e1a7604a,6
,,,O[C@@H]1CCCC[C@H]1CNc1cc(Br)cc2[nH]ncc12,1401521ec79d8c7e,4
,,,O[C@@H]1[C@H](O)[C@@H]2C[C@@H]2[C@H]1n1cnc2c(NC(C3CC3)C3CC3)nc(Cl)nc21,52e249a3f6c690d5,6
,,,S=c1cc(CC2CCCCO2)[nH]c2nc(Nc3c4c(cc5c3CCC5)CCC4)nn12,69fd44d3e562ffa7,7
,,,S=c1cc(Cc2ccccn2)[nH]c2nc(Nc3c4c(cc5c3CCC5)CCC4)nn12,4614848c0787f68b,11
,,,[2H]C([2H])(O)C1(C([2H])([2H])O[C@]2(c3ccc(Cl)cc3)c3c(F)cc(C(C)(C)O)cc3C(=O)N2Cc2ccc(C#N)cn2)CC1,3ca3bf8d6df008ff,5
,,,[2H]C([2H])(O)C1(C([2H])([2H])O[C@]2(c3ccc(Cl)cc3)c3c(F)cc(C(C)(C)O)cc3C(=O)N2Cc2ccc(Cl)cn2)CC1,478a0f193ed5fa32,5
,,,[2H]C([2H])(O)C1(C([2H])([2H])O[C@]2(c3ccc(Cl)cc3)c3ccc(C(C)(C)O)cc3C(=O)N2Cc2ccc(Cl)cc2)CC1,da88bd2819d69bb6,5
,,,[2H]C([2H])(Oc1cc(F)cc(F)c1C([2H])([2H])C([2H])([2H])[2H])C(=O)N(Cc1nnc(N)o1)Cc1ccc(S(N)(=O)=O)cc1F,2ddf159645098b72,5
,,,[2H]C([2H])(c1cc(Cl)ccc1N)N1CCN(C(=O)CNC(=O)C2CC23CCC(F)(F)CC3)CC1,a9c59637531341a7,2
,,,[2H]C([2H])(c1cc(Cl)ccc1NCc1ccc(S(C)(=O)=O)cc1)N1CCN(C(=O)CNC(=O)C2CC23CCC(F)(F)CC3)CC1,028adf57709d8b52,1
,,,c1cc2c3c(c1)C1(CCC1)CN3CCNC2,e78973a94210f15b,6
,,,c1cc2cc(-c3cncc4ccc(O[C@H]5CCNC5)cc34)cnc2[nH]1,3e96577f429ed403,10
,,,c1cncc(-c2cc(N3CCC(CN4CCOCC4)CC3)nc(-c3ccncc3)n2)c1,ed9184c59c495c81,3
,,,c1cncc(-c2cc(N3CCC(N4CCOCC4)CC3)nc(-c3ccncc3)n2)c1,1de525be953d1453,3
,,,c1cncc(-c2cc(N3CCc4ccccc4C3)nc(-c3ccncc3)n2)c1,a5402cce545db363,14
,,,C[C@@H]1CCCCn2ncc(-c3nc(Nc4ccc(N5CCN(C)CC5)cn4)ncc3F)c21,c7b9b19eaf557dd3,6
,,,O=C(c1cc(F)cc(Cl)c1)N1CCn2nc(-c3ccc(F)cn3)cc2C1,1ec7ad33cb4e5cbc,9
,,,CCN1CC2(C1)CN(c1ccc(Nc3ncc(F)c(-c4cnn5c4[C@H](C)CCCC5)n3)nc1)C2,7b2e854e40678b02,8
,,,Brc1ccc2c(c1)CCCc1nnc(C3CCN(c4ccccn4)CC3)n1-2,be43947f292485cb,5
,,,Brc1ccc2c(c1)CCCc1nnc([C@H]3CC[C@H](Oc4ccccn4)CC3)n1-2,302344d313a44559,5
,,,C#CCN(Cc1ccc(F)cc1)c1cc(C)c(NC(=O)OC)c(C)c1,6dd40614aa69ab73,16
,,,C#CCn1c(=O)n(CC#N)c(=O)c2cc(S(=O)(=O)NC3(C)CC3)ccc21,d05885dd74b4b878,20
,,,C#Cc1ccc([C@H](C)NC(=O)N(C)C2CCN(C3CCc4cc(-c5cc(C)ncn5)ccc43)CC2)c(Cl)c1Cl,d93f9a656c31fc3b,2
,,,C#Cc1ccc2c(c1)CCCc1nnc(C3CCN(c4ccccn4)CC3)n1-2,c773a1e2ccc785b0,6
,,,C#Cc1cccc(C(=O)NCCNC(=O)[C@H](CC(=O)NC(C)(C)C)NS(=O)(=O)c2ccc(C)cc2)c1,559d7824ac678f98,5
,,,C#Cc1cccc(N2C(=O)CSC2c2cccc(C(=O)NCCCCc3ccccc3)c2)c1,e909a1b786b87396,7
,,,C#Cc1nc(Nc2cccc(CC(N)=O)c2)nc2[nH]cnc12,8ad985aba5787542,12
,,,C/C=C/c1cnc(C(=O)NCCOC)cc1Nc1ccccc1F,f7cad259c25c6dc3,13
,,,C=C(C)[C@@H]1CCC(C)=C[C@H]1c1c(O)cc(CCCCC)cc1O,73501b72ba4a2230,6
,,,C=C(C)[C@@H]1CCC(C)=C[C@H]1c1c(O)cc([Si](C)(C)CCCCCC)cc1O,715e4af2fdee6df5,6
,,,C=CC(=O)N1CC(c2ccc(-c3nc(Nc4cc(C)[nH]n4)cc(N4CCN(C)CC4)n3)cc2)C1,cdd9b3ca9d558d63,5
,,,C=CC(=O)N1CC2(CCN(c3nc(Nc4cc(C(C)C)[nH]n4)cc(N4CCN(C)CC4)n3)CC2)C1,07e23cba76d431c6,2
,,,C=CC(=O)N1CCC(C2CCN(c3nc(Nc4cc(C(C)C)[nH]n4)cc(N4CCN(C)CC4)n3)CC2)C1,a8c73e30b9fe2744,3
poziotinib,DTXSID80148853,1092364-38-9,C=CC(=O)N1CCC(Oc2cc3c(Nc4ccc(Cl)c(Cl)c4F)ncnc3cc2OC)CC1,0e57d8d81857fa13,1
,,,C=CC(=O)N1CCC(c2ccc(-c3nc(Nc4cc(C(C)C)[nH]n4)cc(N4CCN(C)CC4)n3)cc2)CC1,9c9cf78b06b9cfc3,1
,,,C=CC(=O)N1CCC(c2ccc(-c3nc(Nc4cc(C)[nH]n4)cc(N4CCN(C)CC4)n3)cc2)C1,21199052096b827f,4
,,,C=CC(=O)N1CCC(c2ccc(-c3nc(Nc4cc(C)[nH]n4)cc(N4CCN(C)CC4)n3)cc2)CC1,a06b57cab2a67c01,4
,,,C=CC(=O)N1CCC(c2ccc(-c3nc(Nc4cc(C5COC5)[nH]n4)cc(N4CCN(C)CC4)n3)cc2)CC1,81e33c54724a0a45,6
,,,C=CC(=O)N1CCC2(CCN(c3nc(Nc4cc(C(C)C)[nH]n4)cc(N4CCN(C)CC4)n3)CC2)C1,b76bb3bdd4ea16d9,3
,,,C=CC(=O)NC12CCC(/C=C/c3nc(Nc4cc(C)[nH]n4)cc(N4CCN(C)CC4)n3)(CC1)CC2,62ef1e9a26e75f3f,11
,,,C=CC(=O)Nc1ccc(/C=C/c2nc(Nc3cc(C(C)C)[nH]n3)cc(N3CCN(C)CC3)n2)cc1,17c113a291f59cb6,7
,,,C=CC(=O)Nc1ccc(CCc2nc(Nc3cc(C)[nH]n3)cc(N3CCN(C)CC3)n2)cc1,6958e3b6aa10b485,6
,,,C=CC(=O)Nc1ccc2nccc(Oc3ccc(C(=O)Nc4cc(CC)ccn4)cc3)c2c1,8d6c56de7cf3934a,2
,,,C=CC(=O)Nc1cccc(-c2c[nH]c3ncnc(Nc4ccc(OCc5ccccn5)c(Cl)c4)c23)c1,d6492051caff2f1a,5
,,,CC(=O)N1CCc2c(c(-c3cccc4cc(-c5cn(C)nc5C#N)ncc34)nn2C2CCOCC2)C1,a3c657bf63065158,5
,,,CC(=O)N1CCc2c(c(-c3cccc4cc(-c5cn(C)nc5C(F)F)ncc34)nn2C2CCOCC2)C1,1eae263a70b8514f,6
,,,CC(=O)N1CCc2c(c(-c3cccc4cc(-c5cnn(C)c5C#N)ncc34)nn2C2CCOCC2)C1,cce56beea2a7530f,6
,,,CC(=O)N1CCc2c(c(-c3cccc4cc(-c5cnn(C)c5C(F)F)ncc34)nn2C2CCOCC2)C1,854bc268a766230b,6
,,,CC(=O)N1Cc2cc(Cl)ccc2N(C(=O)N2CCN(c3ccccc3C)CC2)C1,e298aadb0399173f,8
,,,CC(=O)N[C@H]1Cc2cccc(c2)Oc2cccc(c2)C[C@@H](C(=O)NCC(F)(F)F)NC(=O)[C@H](CCc2ccccc2)NC1=O,cca97d3c0490a339,3
,,,CC(=O)Nc1nc(-c2ccc(F)cc2)c(-c2ccnc(Nc3ccc(N4CCNCC4)cc3)n2)s1,7e18032c61082ff0,3
,,,CC(C(=O)Nc1ccc(Cl)cc1)C1CCC2(CC1)c1ccc(C(F)(F)F)cc1CN2C,02ca0e0e5a123bbb,9
,,,CC(C(=O)Nc1ccc(Cl)cc1)N1CCC2(CC1)COc1cc(C(F)(F)F)ccc12,7e9f1ea7f906735e,12
,,,CC(C(=O)Nc1ccc(Cl)cc1)N1CCC2(CCc3ccccc32)CC1,5d568916988cee15,9
,,,CC(C(=O)O)c1nn(Cc2cn3cc(OCC4CC4)c(Cl)cc3n2)c2ccccc2c1=O,da7fc85dc6abb372,12
,,,CC(C)(C(=O)Nc1ccc(Cl)cc1)N1CCC2(CC1)COc1cc(C(F)(F)F)ccc12,e1f431bc237049b1,5
,,,CC(C)(C)CN/C(=N\O)c1ccccc1-c1ccccc1,a0d413e36f7a6932,6
,,,CC(C)(C)OC(=O)N1CCCC(c2cn3cccnc3n2)C1,fe9c06c12f5bc1de,7
,,,CC(C)(C)c1cc(C(=O)N2CCCC(c3cc4ncccc4[nH]3)C2)on1,67e3656ee8881444,6
,,,CC(C)(O)c1ccc(N2Cc3c(cc(C4(C)COC4)nc3-c3ccccc3OCC(F)(F)F)C2=O)cc1,d1fdb10906891aec,21
,,,CC(C)(O)c1ccc(N2Cc3c(cc(C4(C)COC4)nc3-c3ccccc3OCC(F)F)C2=O)cc1,3222fd8ff7a94c48,17
,,,CC(C)(O)c1ccc(N2Cc3c(cc(C4CCCCC4)nc3-c3ccccc3OCC(F)F)C2=O)cc1,a36ac2048f2c78bd,4
,,,CC(C)(O)c1ccc(N2Cc3c(cc(C4CCCOC4)nc3-c3ccccc3OCC(F)F)C2=O)cc1,2796cfc07295df77,3
,,,CC(C)(O)c1ccc(N2Cc3c(cc(C4CCOCC4)nc3-c3ccccc3OCC(F)F)C2=O)cc1,ea33e789ee636f03,6
,,,CC(C)(O)c1ccc(N2Cc3c(ccnc3-c3ccccc3OCC(F)(F)F)C2=O)cc1,edc379e581401e68,18
,,,CC(C)(O)c1ccc(N2Cc3c(ccnc3-c3ccccc3OCC(F)F)C2=O)cc1,754f306b4e232895,12
,,,CC(C)(c1cc(-c2cnc(N)cc2F)nc(N2CCOCC2)n1)S(C)(=O)=O,5a315f7928c9f18b,10
,,,CC(C)CS(=O)(=O)N[C@H]1CC[C@H](Nc2ncc3c(N4CCOCC4)n[nH]c3n2)CC1,233a9fbe8f5e0ce0,2
,,,CC(C)CS(=O)(=O)N[C@H]1CC[C@H](Nc2ncc3c(Oc4ccccc4)n[nH]c3n2)CC1,3b9d522fc891acec,6
,,,CC(C)CSc1nncc(-c2cnnc(SCC(C)C)n2)n1,92b580578ca28687,13
,,,CC(C)C[C@@H]1NC(=O)[C@H](Cc2c[nH]c3ccccc23)NC(=O)[C@@H](CCCN)NC(=O)[C@H](CC(=O)NCc2ccccc2)NC(=O)[C@H](C(C)C)NC(=O)[C@@H](CC(C)C)NC1=O,c02b29234117959b,2
,,,CC(C)C[C@H](NC(=O)Nc1ccc(Br)cc1)C(=O)Nc1cccnc1,218879736b198679,10
,,,CC(C)Cc1n[nH]c2nc(N[C@H]3CC[C@H](NC(=O)Cc4ccccc4)CC3)ncc12,6696b12c1209e439,15
,,,CC(C)Oc1cc(-c2cccnc2)ccc1C(N)=O,86db1f76745c8b60,7
,,,CC(C)[C@H](Nc1cc(-c2ccc3ccn(C)c3c2)c2nccnc2c1)c1cccnc1,5e42ea3963fb5fbf,11
,,,CC(C)c1c(-c2cnn(-c3ccccc3)c2)[nH]c2c(C#N)cnn2c1=O,e6f1050c25872c8b,6
,,,CC(C)c1c(-c2cnn(C(C)C)c2)[nH]c2c(C#N)cnn2c1=O,7d170241d1fcacb6,9
,,,CC(C)c1c(-c2cnn(C)c2)[nH]c2c(C#N)cnn2c1=O,b1c095b3546419c4,6
,,,CC(C)c1cc(C(=O)N2CC=C(c3cc4ncccc4[nH]3)CC2)on1,d34d76b963802dc3,15
,,,CC(C)c1cc(C(=O)N2CCC(O)(c3cc4ncccc4[nH]3)CC2)on1,dd52e05d94ebca2e,9
,,,CC(C)c1cc(C(=O)N2CCCC(O)(c3cc4ncccc4[nH]3)C2)on1,8bafc53fb46db8d5,9
,,,CC(C)c1cc(C(=O)N2CCCC(c3cc4ncccc4[nH]3)C2)on1,28fa9f76a94c8c26,7
,,,CC(C)c1cnc(NC(=O)CCCOc2ccccc2)s1,3529af2b655f1202,4
,,,CC(C)n1cc(NC(=O)C(NC(=O)Nc2ccc(Br)cc2)C2CCCC2)cn1,5ab1a31d5e4c3799,11
,,,CC(C)n1cc(NC(=O)C2(NC(=O)Nc3ccc(Br)cc3)CCCC2)cn1,e6015b4117ed2369,9
,,,CC(c1ccc(C(F)(F)F)cc1C(F)(F)F)n1cc(NC(=O)c2cc(-c3ccco3)on2)cn1,1d290a4849caf104,5
,,,CC(c1ccc(C(F)(F)F)cc1C(F)(F)F)n1cc(NC(=O)c2cnc(-c3ccccn3)s2)cn1,bb6b57cfcfcfebaa,9
,,,CC(c1ccc(C(F)(F)F)cc1C(F)(F)F)n1cc(NC(=O)c2nnc(-c3cnccn3)s2)cn1,e3d9d0b8c51f0fd9,5
,,,CC/C(=C\c1ccccc1)[C@@H]1C[C@H]1NC1CC2(C1)CN(C(C)=O)C2,22c34a1cc627b572,8
,,,CC/C(=C\c1ccccc1)[C@@H]1C[C@H]1NC1CC2(C1)CN(C1COC1)C2,bf76532a1ecfc883,11
,,,CC/C(=C\c1ccccc1)[C@@H]1C[C@H]1NC1CC2(C1)CN(CC(F)F)C2,de8f2a6b48454c6a,13
,,,CC/C(=C\c1ccccc1)[C@@H]1C[C@H]1NC1CC2(C1)CN(CCO)C2,1eedbb50e05cc253,11
,,,CC/C(=C\c1ccccc1)[C@@H]1C[C@H]1NC1CC2(C1)CN(S(C)(=O)=O)C2,4804a71ef8190ecc,21
,,,CC/C(=C\c1ccccc1)[C@@H]1C[C@H]1NC1CC2(CCN(CCO)CC2)C1,5b60594b3c173c82,6
,,,CC/C(=C\c1ccccc1)[C@@H]1C[C@H]1NC1CC2(CNC2)C1,b08759e9934fa0a0,19
,,,CC/C(=C\c1ccccc1)[C@@H]1C[C@H]1NC1CCN(CCO)CC1,68126fc0a7cfcfdb,2
,,,CC1(C)C(=O)N(c2ccc(F)c(C(F)(F)F)c2)C(=O)N1S(=O)(=O)c1ccccc1,1f31134b7fb834d9,7
,,,CC1(C)CC(=O)N(c2ccc(F)c(C(F)(F)F)c2)C1=O,fec9433672a02dd8,4
,,,CC1(C)CN(C(=O)C(=O)Nc2ccc(Cl)cc2)CCC1c1ccnc2ccc(F)cc12,7f77c7b6b772a6ff,2
,,,CC1(C)CNC(=O)N(c2ccc(F)c(C(F)(F)F)c2)C1=O,4d310ea93b0c0ec5,8
,,,CC1(C)Cc2cccc(c2)OCCCC[C@@H](C(=O)NC2CCCC2)NC(=O)[C@H](CCN2CCOCC2)NC1=O,36244e1f034ee486,2
,,,CC1(C)NC(=O)N(Cc2ccc(F)c(C(F)(F)F)c2)C1=O,8f40ec75ff5563d4,4
,,,CC1(C)OC(=O)N(c2ccc(F)c(C(F)(F)F)c2)C1=O,c145a19642ea3425,4
,,,CC1(NS(=O)(=O)c2ccc3c(c2)c(=O)n(CC#N)c(=O)n3CC2CC2)CC1,db61c4f7e6dc16cd,20
,,,CC1CCc2cc(Cl)ccc2C1NC(=O)c1ccc(C(F)(F)F)[nH]c1=O,8b8b2724e844519d,9
,,,CC1CN(c2cccnc2)C(=O)c2ccc(Cl)cc21,01c2fcb0a7c0da08,12
,,,CC1NC(=O)N(c2ccc(F)c(C(F)F)c2)C1=O,ee47e36c46dc42e1,6
,,,CC1c2cc(Cl)ccc2C(=O)N1c1cccnc1,5c85cc13c04c2eae,4
,,,CCC(C(=O)Nc1ccc(Cl)cc1)N1CCC2(CCOc3cc(C(F)(F)F)ccc32)CC1,a9056c829ee94235,7
,,,CCC(C)(NC(=O)c1cc(F)cc2cc(-c3ccc(Cl)cc3)oc12)C(=O)O,baae30d476900c11,3
,,,CCC(c1ccc(C(F)(F)F)cc1C(C)(F)F)n1cc(NC(=O)c2cc(-c3ccccn3)on2)cn1,94d17a9c7352785f,4
,,,CCC1CCc2cc(C)ccc2C1NC(=O)c1ccc(C(F)(F)F)[nH]c1=O,71d9542a85edb42b,11
,,,CCC1CCc2cc(Cl)ccc2C1NC(=O)c1ccc(C(F)(F)F)[nH]c1=O,9ca5a7410fe4ec9e,14
,,,CCC1CCc2cc(OC)ccc2C1NC(=O)c1ccc(C(F)(F)F)[nH]c1=O,e377e5e314788a55,15
,,,CCC1Cc2cc(C#N)c(OC)cc2-c2cc(=O)c(C(=O)O)cn21,fb734e3348e76ff0,6
,,,CCC1Cc2cc(C)ccc2C(NC(=O)c2ccc(C(F)(F)F)[nH]c2=O)C1,c5ca59b793404237,9
,,,CCC1Cc2cc(C)ccc2C1NC(=O)c1ccc(C(F)(F)F)[nH]c1=O,3d7d914781cac574,15
,,,CCC1Cc2cc(OC(C)C)c(OC)cc2-c2cc(=O)c(C(=O)O)cn21,3eb6c23c6d91bf39,3
,,,CCC1Cc2cc(OC)c(C3CC3)cc2-c2cc(=O)c(C(=O)O)cn21,77ee31f9c28aaff0,4
,,,CCC1Cc2cc(OC)ccc2C(NC(=O)c2ccc(C(F)(F)F)[nH]c2=O)C1,ad2543301da4d4d4,15
,,,CCC1Cc2cc(OC)ccc2C1NC(=O)c1ccc(C(F)(F)F)[nH]c1=O,4ca81ff261dafb89,13
,,,CCC1Cc2cc(OCC(C)C)c(OC)cc2-c2cc(=O)c(C(=O)O)cn21,3b279ceecb4ab536,8
,,,CCC1Cc2cc(OCC(F)F)c(OC)cc2-c2cc(=O)c(C(=O)O)cn21,ae4e9a0314f2e0f0,9
,,,CCC1Cc2cc(OCC3CC3)c(OC)cc2-c2cc(=O)c(C(=O)O)cn21,2d8e669b0221ab1c,9
,,,CCC1Cc2cc(OCCC3CCCCC3)c(OC)cc2-c2cc(=O)c(C(=O)O)cn21,e21bc136da287978,3
,,,CCC1Cc2cc(OCCCO)c(OC)cc2-c2cc(=O)c(C(=O)O)cn21,a54b4d5284feeae7,5
,,,CCC1Cc2cc(OCCCOC)c(OC)cc2-c2cc(=O)c(C(=O)O)cn21,a69c8eb7cb52065e,6
,,,CCC1Cc2cc(OCCN3CCCC3)c(OC)cc2-c2cc(=O)c(C(=O)O)cn21,f4c4d3ceb30194ec,4
,,,CCC1Cc2cc(OCCN3CCCC3=O)c(OC)cc2-c2cc(=O)c(C(=O)O)cn21,60fa9a18253b0485,7
,,,CCC1Cc2cc(OCCN3CCOCC3)c(OC)cc2-c2cc(=O)c(C(=O)O)cn21,eb522c2aa4d1cdd8,5
,,,CCC1Cc2cc(OCCO)c(OC)cc2-c2cc(=O)c(C(=O)O)cn21,88b3d6aa5bc80534,6
,,,CCC1Cc2cc(OCc3ccccc3)c(OC)cc2-c2cc(=O)c(C(=O)O)cn21,659f7ea37578a6b6,8
,,,CCC1c2cc(Cl)ccc2C(=O)N1c1cccnc1,1cc3d23d9add5774,9
,,,CCCC(Oc1cc(N(C)c2nc(C)nc3ccccc23)ccc1OC)C(=O)NO,9e3bedf8559f7e10,5
,,,CCCC1=Cc2cc(C)ccc2C1NC(=O)c1ccc(C(F)(F)F)[nH]c1=O,7acb6f48b5dde9a5,15
,,,CCCC1CCc2cc(C)ccc2C1NC(=O)c1ccc(C(F)(F)F)[nH]c1=O,58b8990bfe6d6528,11
,,,CCCC1CCc2cc(Cl)ccc2C1NC(=O)c1ccc(C(F)(F)F)[nH]c1=O,564450823b69a077,11
,,,CCCC1CCc2cc(OC)ccc2C1NC(=O)c1ccc(C(F)(F)F)[nH]c1=O,13921e584042aa88,13
,,,CCCC1Cc2cc(C)ccc2C(NC(=O)c2ccc(C(F)(F)F)[nH]c2=O)C1,89299926610f6b57,13
,,,CCCC1Cc2ccc(C)cc2C1NC(=O)c1ccc(C(F)(F)F)[nH]c1=O,c2db43e3e8fd5c5f,15
,,,CCCCC(Oc1cc(N(C)c2nc(C)nc3ccccc23)ccc1OC)C(=O)NO,3ca37d33e03275a8,8
"(1s,4s,5s)-4-[4-(1,1-dimethylheptyl)-2,6-dimethoxyphenyl]-6,6-dimethylbicyclo[3.1.1]hept-2-ene-2-methanol",DTXSID801017327,256934-39-1,CCCCCCC(C)(C)c1cc(OC)c([C@H]2C=C(CO)[C@H]3C[C@@H]2C3(C)C)c(OC)c1,2f028d540bb56992,10
,,,CCCCCC[Si](C)(C)c1cc(OC)c([C@H]2C=C(CO)[C@H]3C[C@@H]2C3(C)C)c(OC)c1,a966d4c08696c65c,6
,,,CCCCCOc1cc(C)c(C)cc1S(=O)(=O)NC1CCCC1,eb20e4d536cbd11d,8
,,,CCCCCOc1cc(C)c(Cl)cc1S(=O)(=O)NCc1cccs1,73218266e1652f69,6
,,,CCCCNC(=O)C[C@@H]1NC(=O)[C@H](C(C)C)NC(=O)[C@@H](CC(C)C)NC(=O)[C@H](CC(C)C)NC(=O)[C@H](Cc2c[nH]c3ccccc23)NC(=O)[C@@H](CCCN)NC1=O,c0c07cda2ab27ac2,1
,,,CCCCSc1nncc(-c2cnnc(SCCCC)n2)n1,3ee44068e33ddedc,12
,,,CCCN(CCC)Cc1c(C(=O)N/N=C/c2ccc(N(CC)CC)cc2O)nnn1-c1nonc1N,df6525ec79d03360,3
,,,CCCOc1cc2c(cc1OC)-c1cc(=O)c(C(=O)O)cn1C(CC)C2,07e66559ed7c343c,9
,,,CCCOc1cc2c(cc1OCC)C1CC(O)C(CC(C)C)CN1CC2,f65e268f8992fb82,4
,,,CCC[C@@H]1C[C@@H](NC(=O)c2ccc(C(F)(F)F)[nH]c2=O)c2cc(C)ccc2N1,0d9c2176a39f57a3,9
,,,CCC[C@@H]1C[C@H](NC(=O)c2ccc(C(F)(F)F)[nH]c2=O)c2ccc(C)cc2N1,ba8162bb92706625,11
,,,CCC[C@H]1C[C@@H](NC(=O)c2ccc(C(F)(F)F)[nH]c2=O)c2cc(C)ccc2N1,52f028fbb0fcbb40,7
,,,CCC[C@H]1Oc2cc(C)ccc2[C@@H]1NC(=O)c1ccc(C(F)(F)F)[nH]c1=O,e98339299c535675,12
,,,CCC[C@H]1Oc2ccc(C)cc2[C@@H]1NC(=O)c1ccc(C(F)(F)F)[nH]c1=O,75aaa3823611c71e,13
,,,CCCc1cc2c(cc1OC)-c1cc(=O)c(C(=O)O)cn1C(CC)C2,1c8c5b8f33b756ac,12
,,,CCN(C(=O)CCc1nc2ncccc2[nH]1)c1ccccc1,1b91246e422e1c12,6
,,,CCN(C)C(=O)c1cc2c(-c3cc(S(C)(=O)=O)ccc3Oc3ccc(F)cc3F)cn(C)c(=O)c2[nH]1,9e318cca3d2163b4,7
,,,CCN(CC)Cc1c(C(=O)N/N=C/c2ccc(N(CC)CC)cc2O)nnn1-c1nonc1N,5657d19bdf326e23,1
,,,CCN(CC)c1ccc(/C=N/NC(=O)Cn2nnc(-c3ccccc3)n2)c(O)c1,902d7dbfc38ac06c,1
,,,CCN(CC)c1ccc(/C=N/NC(=O)c2cc(C)n[nH]2)c(O)c1,77ca82a2346bcebe,3
,,,CCN(CC)c1ccc(/C=N\NC(=O)c2nnn(-c3nonc3N)c2CN2CCCCCC2)c(O)c1,9a92ce17ff3a980b,2
,,,CCN1C(=O)N(c2ccc(F)c(C(F)(F)F)c2)C(=O)C1(C)C,29ca215dfde6ebe2,8
,,,CCN1CCN(CCCn2cnc3c(N4CCN(CC)CC4)ncnc32)CC1,76d6cff9b07b7d0b,2
,,,CCN1CCN(c2ccc(Nc3ncc(Cl)c(Nc4cccc(C(F)(F)F)c4)n3)nc2)CC1,a58d84a54535e066,2
,,,CCN1CCN(c2nc(NCc3ccc(CN(C)C)cc3)nc3c2ncn3CCCN2CCCC2)CC1,679f54ced1a75a64,5
,,,CCN1CCN(c2nc(NCc3ccc(F)cc3)nc3c2ncn3CCCN2CCCC2)CC1,e8f8782acfa48692,2
,,,CCN1CCN(c2nc(NCc3ccc(OC)cc3)nc3c2ncn3CCCN2CCCC2)CC1,98e962372faed8b4,4
abbv-744,DTXSID101022541,2138861-99-9,CCNC(=O)c1cc2c(-c3cc(C(C)(C)O)ccc3Oc3c(C)cc(F)cc3C)cn(C)c(=O)c2[nH]1,ae728c171c9e8ea2,17
,,,CCNC(=O)c1cc2c(-c3cc(C(C)(C)O)ccc3Oc3c(C)cccc3C)cn(C)c(=O)c2[nH]1,ffbc5f7cd2f0112e,12
,,,CCNC(=O)c1cc2c(-c3cc(C4(O)COC4)ccc3Oc3c(C)cc(F)cc3C)cn(C)c(=O)c2[nH]1,413906f1d3171b60,8
,,,CCNC(=O)c1cc2c(-c3cc(CO)ccc3Oc3c(C)cccc3C)cn(C)c(=O)c2[nH]1,f6a0fc8e65542770,16
,,,CCNC(=O)c1cc2c(-c3cc(NC(=O)OC)ccc3Oc3c(C)cc(F)cc3C)cn(C)c(=O)c2[nH]1,32f9eec24dcfabf4,8
,,,CCNC(=O)c1cc2c(-c3cc(NC(C)=O)ccc3Oc3c(C)cc(F)cc3C)cn(C)c(=O)c2[nH]1,de8721a90a20d503,11
,,,CCNC(=O)c1cc2c(-c3cc(NC(C)=O)ccc3Oc3c(C)cccc3C)cn(C)c(=O)c2[nH]1,9cee886d5af505de,9
,,,CCNC(=O)c1cc2c(-c3cc(NS(=O)(=O)CC)ccc3Oc3c(C)cc(F)cc3C)cn(C)c(=O)c2[nH]1,aaba7a110e627a15,3
,,,CCNC(=O)c1cc2c(-c3cc(NS(=O)(=O)CC)ccc3Oc3c(C)cccc3C)cn(C)c(=O)c2[nH]1,ce8118f97c8cf7f4,3
,,,CCNC(=O)c1cc2c(-c3cc(S(=O)(=O)C4CC4)ccc3Oc3c(C)cccc3C)cn(C)c(=O)c2[nH]1,fcf853a233cc7ce4,12
,,,CCNC(=O)c1cc2c(-c3cc(S(=O)(=O)CC)ccc3-c3cccc4cc[nH]c34)cn(C)c(=O)c2[nH]1,efbf5d564be36efd,6
,,,CCNC(=O)c1cc2c(-c3cc(S(=O)(=O)CC)ccc3-c3ccccc3C)cn(C)c(=O)c2[nH]1,91423b44e53046e2,10
,,,CCNC(=O)c1cc2c(-c3cc(S(=O)(=O)CC)ccc3-n3ccc4cccc(C)c43)cn(C)c(=O)c2[nH]1,737d4ade7f374d82,13
,,,CCNC(=O)c1cc2c(-c3cc(S(=O)(=O)CC)ccc3-n3ccc4ccccc43)cn(C)c(=O)c2[nH]1,290cd08999e7fc06,13
,,,CCNC(=O)c1cc2c(-c3cc(S(=O)(=O)CC)ccc3Oc3c(C)cc(Cl)cc3C)cn(C)c(=O)c2[nH]1,6e067fb9d5ca71bb,13
,,,CCNC(=O)c1cc2c(-c3cc(S(=O)(=O)CC)ccc3Oc3c(C)cc(F)cc3C)cn(C)c(=O)c2[nH]1,3d641122fafd3fca,15
,,,CCNC(=O)c1cc2c(-c3cc(S(=O)(=O)CC)ccc3Oc3c(C)cccc3Br)cn(C)c(=O)c2[nH]1,9f587a45dacb549c,12
,,,CCNC(=O)c1cc2c(-c3cc(S(=O)(=O)CC)ccc3Oc3c(C)cccc3C#N)cn(C)c(=O)c2[nH]1,ca6c1442d4873897,4
,,,CCNC(=O)c1cc2c(-c3cc(S(=O)(=O)CC)ccc3Oc3c(C)cccc3C(F)(F)F)cn(C)c(=O)c2[nH]1,162ecccd5ded8939,10
,,,CCNC(=O)c1cc2c(-c3cc(S(=O)(=O)CC)ccc3Oc3c(C)cccc3C(F)F)cn(C)c(=O)c2[nH]1,18da5314358fd222,6
,,,CCNC(=O)c1cc2c(-c3cc(S(=O)(=O)CC)ccc3Oc3c(C)cccc3C)cn(C)c(=O)c2[nH]1,520f9e4f974aee57,7
,,,CCNC(=O)c1cc2c(-c3cc(S(=O)(=O)CC)ccc3Oc3cc(C)cc(C)c3)cn(C)c(=O)c2[nH]1,7663d671b042f856,10
,,,CCNC(=O)c1cc2c(-c3cc(S(=O)(=O)CC)ccc3Oc3ccccc3C)cn(C)c(=O)c2[nH]1,192c26298f0aba79,7
,,,CCNC(=O)c1cc2c(-c3cc(S(=O)(=O)CC)ccc3Oc3ccccc3Cl)cn(C)c(=O)c2[nH]1,d80dab1b60aa4d93,6
,,,CCNC(=O)c1cc2c(-c3cc(S(C)(=O)=O)ccc3Nc3c(C)cccc3C)cn(C)c(=O)c2[nH]1,f3aee43c9a7fbfd3,11
,,,CCNC(=O)c1cc2c(-c3cc(S(C)(=O)=O)ccc3Oc3c(C)cccc3C)cn(C)c(=O)c2[nH]1,9a167edc5877f076,14
,,,CCNC(=O)c1ccc(Oc2c(C)cccc2C)c(-c2cn(C)c(=O)c3[nH]c(C(=O)NCC)cc23)c1,7d5b98e79b4c0301,18
,,,CCOCCOc1cc2c(cc1OC)-c1cc(=O)c(C(=O)O)cn1C(CC)C2,6ce9dc471c81de13,11
,,,CCOc1cc(-c2nnc(C)n2C)ccc1Nc1ncc2cc(C)nc(NCC(C)(C)C)c2n1,a8d7293594c7bbdc,11
,,,CCOc1cc(-c2nnc(CCN(C)C)n2C)ccc1Nc1ncc2cc(C)nc(NCC(C)(C)C)c2n1,600f346d20d07539,10
,,,CCOc1cc(-c2nnc3n2CCC3)ccc1Nc1ncc2cc(C)nc(NCC(C)(C)C)c2n1,7bbd298527b73db6,9
,,,CCOc1cc(-c2nncn2C)ccc1Nc1ncc2cc(C)nc(N3CC(C)(C#N)C3)c2n1,313116a347f84412,15
,,,CCOc1cc(C(O)(CCN(C)C)C(c2cc(OC)nc(OC)c2)c2cc3cc(Br)ccc3nc2OC)cc(OC(C)C)n1,99c01770d6b53f68,2
,,,CCOc1cc(C(O)(CCN(C)C)C(c2cc3cc(Br)ccc3nc2OC)c2ccnc(OC)c2OC)cc(OC(C)C)n1,1aecf08e407cf815,1
,,,CCOc1cc(NC(=O)NCc2cc(C)c(-c3cn(C)nc3C(F)(F)F)cn2)cc(Cl)n1,544abdd76c7eac3a,17
,,,CCOc1cc(NC(=O)NCc2cc(C)c(N3CC(C)OC(C)C3)cn2)cc(Cl)n1,19a650ad3be352a1,6
,,,CCOc1cc(NC(=O)NCc2cc(C)c(Nc3cn(C)nc3C)cn2)cc(C(F)(F)F)n1,ea08a4a09adecaac,13
,,,CCOc1cc2c(cc1OC)-c1cc(=O)c(C(=O)O)cn1C(CC)C2,7faf93db66015588,9
,,,CCOc1cc2c(cc1OC)C1CC(O)C(CC(C)C)CN1CC2,db7c75a3217a8372,5
,,,CCOc1cc2cn(Cc3nn(CC(=O)O)c(=O)c4ccccc34)nc2cc1Cl,66f02850828396e0,8
neratinib,DTXSID70220132,698387-09-6,CCOc1cc2ncc(C#N)c(Nc3ccc(OCc4ccccn4)c(Cl)c3)c2cc1NC(=O)/C=C/CN(C)C,8184e06902311cde,5
,,,CCOc1nc2nc(N3CCN(C)CC3)c3nncn3c2cc1Cl,e5a30c42e94269a9,5
,,,CCP(=O)(OC)c1ccc2oc(-c3ccc(Cl)cc3)nc2c1,1b2c9fd85320953e,13
,,,CCP(=O)(OC)c1ccc2oc(-c3cnc4ccccc4c3)nc2c1,ca4fa8ce4df6d0da,14
,,,CCP(=O)(OC)c1ccc2oc(/C=C/c3ccccc3)nc2c1,e29b919e4b249833,19
,,,CCS(=O)(=O)c1ccc(CC(=O)Nc2cnc(O[C@@H](C)c3ccccc3)c(Cl)c2)cc1,af378025c0b2bcec,23
,,,CC[C@@H](C(=O)Nc1ccc(Cl)cc1)N1CCC2(CC1)COc1cc(C(F)(F)F)ccc12,2642eafb5d4ec893,4
,,,CC[C@@H](c1nc2cccc(F)c2c(=O)n1C1CC1)n1nc(-c2ccc(OC)c(F)c2)c2c(N)ncnc21,e61530103d3b95c3,9
,,,CC[C@@H]1Oc2cc(C)ccc2[C@H]1NC(=O)c1ccc(C(F)(F)F)[nH]c1=O,1bdcbb207dd307a4,7
,,,CC[C@H](C(=O)Nc1ccc(Cl)cc1)N1CCC2(CC1)COc1cc(C(F)(F)F)ccc12,00ccbfb38015a2c2,5
,,,CC[C@H](C(=O)Nc1ccc(Cl)cn1)[C@H]1CC[C@]2(CC1)COc1cc(C(F)(F)F)ccc12,4858a33a7fced81d,4
,,,CCc1c(OC)cc(C(=O)c2cccc(-c3ccc(C)c(O)c3)n2)cc1OC,e60b4bed9ac0da80,15
,,,CCc1cc(C(O)(CCN(C)C)C(c2cc3cc(Br)ccc3nc2OC)c2cccc(OC)c2F)cc(CC)n1,89fb4e7f1e54f0f5,1
,,,CCc1cc(C(O)(CCN(C)C)C(c2cc3cc(C#N)ccc3nc2OC)c2cccc(OC)c2F)cc(CC)n1,ab419d52db019b58,3
"1-(6-ethyl-8-fluoro-4-methyl-3-(3-methyl-1,2,4-oxadiazol-5-yl)quinolin-2-yl)-n-(tetrahydro-2h-pyran-4-yl)piperidin-4-amine",DTXSID401104655,2244614-14-8,CCc1cc(F)c2nc(N3CCC(NC4CCOCC4)CC3)c(-c3nc(C)no3)c(C)c2c1,efa50947bdc5cc9e,4
,,,CCc1cc(F)c2nc(N3CCC(N[C@@H]4CCOC4)CC3)c(-c3nc(C)no3)cc2c1,1b792ffa635895c5,8
,,,CCc1cc(O)c(F)cc1-c1cc(NC2CCN(C)CC2)c2nc(N)ncc2c1,fc4af71b962501c1,1
,,,CCc1cc(O)c(F)cc1-c1cc(N[C@@H](C)CO)c2nc(N)ncc2c1,b7f9189473b95a35,9
,,,CCc1cc(O)c(F)cc1-c1cc(N[C@@H](C)CO)c2nc(NCCCCCN(C)C)ncc2c1,8937b26b79207c90,3
,,,CCc1cc2c(cc1OC)CC(CC)n1cc(C(=O)O)c(=O)cc1-2,6721e7a8990426f8,9
,,,CCc1ccc(N2CCN(C)CC2)c2c1CCN(C(=O)Nc1ccc(-c3ccc(C(F)(F)F)cc3)cn1)C2,2cad679de661a153,3
,,,CCc1ccc2c(c1)CCCc1nnc(C3CCN(c4ccccn4)CC3)n1-2,6b4511527ca0aefe,6
,,,CCc1ccc2nc(N3CCC(N[C@@H](C)C(C)C)CC3)c(-c3nc(C)no3)cc2c1,4c90921e69b2aa4c,2
,,,CCc1ccc2nc(NC(=O)C3CC3)sc2c1,bb498506638342ea,3
,,,CCc1ccccc1Oc1ncccc1/C(=N\O)NC1CCCCC1,d7bbb83154b93927,7
,,,CCn1c(=O)n(Cc2nnc(C)s2)c(=O)c2cc(S(=O)(=O)NC3(C)CC3)ccc21,42677c16f4457e02,22
,,,CN(C(=O)c1cc(-c2ccccn2)on1)c1cnn(Cc2ccc(C(F)(F)F)cc2C(F)(F)F)c1,320795e7d1019338,5
,,,CN(C(=O)c1ccccc1)c1cccc(-c2cc3ncccc3[nH]2)c1,2f09bcea04c7b881,8
afatinib,DTXSID20893451,850140-72-6,CN(C)C/C=C/C(=O)Nc1cc2c(Nc3ccc(F)c(Cl)c3)ncnc2cc1O[C@H]1CCOC1,7b094806ace09336,7
,,,CN(C)C1CCN(c2ccc(Nc3ncc(Cl)c(Nc4cccc(C(F)(F)F)c4)n3)nc2)CC1,a1a70d3e19e16d87,10
,,,CN(C)C1CN(Cc2ccc(NC(=O)c3ccc(OCCCl)c([N+](=O)[O-])c3)cc2C(F)(F)F)C1,ebb8cb45a780755c,12
,,,CN(C)CCn1cc(C(=O)N2CCC3(CC2)OCc2ccccc23)c2ccc(Cl)cc21,1fb913635e13054b,4
,,,CN(C)CCn1cc2cc(NC(=O)c3cccc(C(F)(F)F)n3)c(C(C)(C)O)cc2n1,7e83025b25ac2492,9
,,,CN(C)Cc1ccc(CNc2nc(N3CCN(C4CCCC4)CC3)c3ncn(CCCN4CCCC4)c3n2)cc1,64c3b22d709965fc,11
,,,CN(C)[C@@H]1CCN(c2ccc3c(C(=O)NCC4CCC(F)(F)CC4)c(Cl)ccc3n2)C1,5fd33a83436c92c4,3
,,,CN(C)[C@H]1CCN(c2ccc3c(C(=O)NCC4CCC(F)(F)CC4)c(Cl)ccc3n2)C1,89b0e244d2ae770d,8
,,,CN(CC#Cc1ccc2c(c1)CCn1c-2cc(OCC2COCCO2)nc1=O)Cc1ccccc1,e5ead9e41fc0bb20,3
,,,CN(CC(O)c1cc2ncccc2n1S(=O)(=O)c1ccccc1)C(=O)c1ccccc1,f5c6ae0d6d0b7d3f,5
,,,CN1C(=O)N(c2ccc(F)c(C(F)(F)F)c2)C(=O)C1(C)C,005ad542066f8d7f,4
,,,CN1CCC(C(=O)Nc2nc(-c3ccc(F)cc3)c(-c3ccnc(Nc4ccc(N5CCNCC5)cc4)n3)s2)CC1,e68d0d464cafdd4b,2
,,,CN1CCC(NC(=O)C(NC(=O)Nc2ccc(Br)cc2)C2CCCC2)CC1,9163d4498de380ee,6
,,,CN1CCC(NC(=O)C2(NC(=O)Nc3ccc(Br)cc3)CCCC2)CC1,5492ba2150f774ea,1
,,,CN1CCC(Nc2ccc(C(=O)Nc3cc(-c4ccc5ncn(Cc6ccccc6)c5c4)[nH]n3)cc2)CC1,b56ec58fb6bd51b4,2
,,,CN1CCC(c2nc(-c3ccc(F)c(NS(C)(=O)=O)c3)c(-c3ccnc(NCC4CC4)n3)s2)CC1,337a1039900832ab,6
,,,CN1CCC(c2nc(-c3ccc(F)cc3)c(-c3ccnc(Nc4ccc(N5CCNCC5)cc4)n3)s2)CC1,d8211b4804c74eaf,3
,,,CN1CCN(C(=O)C2CCN(c3ccccn3)CC2)c2ccc(Cl)cc21,0ac475b6e6e3594a,4
(5-chloro-1h-indol-2-yl)(4-methyl-1-piperazinyl)methanone,DTXSID20963461,459168-41-3,CN1CCN(C(=O)c2cc3cc(Cl)ccc3[nH]2)CC1,e7178ce59e9cfd2b,4
,,,CN1CCN(C(=O)c2ccc(/C=C3\SC(=S)N(c4cccc(C(F)(F)F)c4)C3=O)cc2)CC1,673a7d60729fdd6f,8
,,,CN1CCN(C(=O)c2ccc(/C=C3\SC(=S)N(c4cccc(OC(F)(F)F)c4)C3=O)cc2)CC1,099daffe24caed33,4
,,,CN1CCN(C(=O)c2ccc(/C=C3\SC(=S)N(c4cccc([N+](=O)[O-])c4)C3=O)cc2)CC1,0e5937f527a02c82,7
,,,CN1CCN(c2cc3ccc(Cl)cc3n3cnnc23)CC1,37a6ca35194a3a63,3
,,,CN1CCN(c2ccc(-c3ccn4c(-c5cccc6ncsc56)cnc4c3)cc2)CC1,ca11978e06b34765,6
,,,CN1CCN(c2ccc(-c3ccn4c(-c5csc6cncnc56)cnc4c3)cc2)CC1,1f57df6a4ee309de,6
,,,CN1CCN(c2ccc(Nc3ncc(Cl)c(Nc4cccc(C(F)(F)F)c4)n3)cc2)CC1,cb9a2653d95cb20b,2
,,,CN1CCN(c2ccc(Nc3ncc(Cl)c(Nc4cccc(C(F)(F)F)c4)n3)cn2)CC1,1220a5f9bc65f53f,7
,,,CN1CCN(c2ccc(Nc3ncc(Cl)c(Nc4cccc(C(F)(F)F)c4)n3)nc2)CC1,e20f6b0212b0e400,6
,,,CN1CCN(c2ccc(Nc3ncc(Cl)c(Nc4cccc(C(F)(F)F)c4)n3)nn2)CC1,12ed318b4e350dd0,3
,,,CN1CCN(c2ccc(Nc3nccc(-c4sc(C5CCNCC5)nc4-c4ccc(F)cc4)n3)cc2)CC1,69133a414d0a5f1a,3
,,,CN1CCN(c2cccc3c2CN(Cc2ccc(-c4ccc(Cl)cc4)cn2)CC3)CC1,4d6b5a2ea8301f6b,1
,,,CN1CCN(c2nc3ccc(Cl)cc3n3cnnc23)CC1,97da3e654f921335,4
,,,CN1CCN(c2nc3ccc([N+](=O)[O-])cc3n3cnnc23)CC1,88dcde1e819b4c0b,4
,,,CN1CCN(c2nc3ccccc3n3cnnc23)CC1,330a1cec80e148d7,4
,,,CN1CCN(c2nc3cccnc3n3cnnc23)CC1,c6d78e79afe10a04,4
,,,CN1CCN(c2nc3nc(C#N)c(Cl)cc3n3cnnc23)CC1,7f8d54ef0ac37eb6,3
,,,CN1CCN(c2nc3nc(Cl)c(Cl)cc3n3cnnc23)CC1,0bc963ae61ef1fae,3
,,,CN1CCN(c2nc3nc(OCC(F)(F)F)c(Cl)cc3n3cnnc23)CC1,53d86a224b0fc0ff,6
,,,CN1CCN(c2nc3ncc(Br)cc3n3cnnc23)CC1,6271745dc5f9e857,4
,,,CN1CCN(c2nc3ncc(C#N)cc3n3cnnc23)CC1,dbcdcaac7229198c,4
,,,CN1CCN(c2nc3ncc(C(F)(F)F)cc3n3cnnc23)CC1,5445777171195498,6
,,,CN1CCN(c2nc3ncc(Cl)cc3n3cnnc23)CC1,500d2416b2d6a434,3
,,,CN1CCN(c2nc3ncc(I)cc3n3cnnc23)CC1,96384725fabc02ba,3
,,,CN1CCN(c2nc3ncccc3n3cnnc23)CC1,115c326482b50884,3
,,,CN1CCN(c2ncc(Nc3ncc(Cl)c(Nc4cccc(C(F)(F)F)c4)n3)cn2)CC1,71866d9cc9ec8f62,7
"8-chloro-5,6-dihydro-5-methyl-1-[trans-4-(2-pyridinyloxy)cyclohexyl]-4h-[1,2,4]triazolo[4,3-a][1,4]benzodiazepine",DTXSID101107286,1228088-30-9,CN1Cc2cc(Cl)ccc2-n2c(nnc2[C@H]2CC[C@H](Oc3ccccn3)CC2)C1,8f3f808f4ec91684,7
,,,CNC(=O)Nc1cc2c(cc1F)[C@@]1(CC2)OC(=O)N(CC(=O)N2Cc3ccc(F)cc3CC[C@H]2C2CC2)C1=O,58fd20d450394ad9,2
,,,CNC(=O)Nc1ccc2c(c1)CC[C@@]21OC(=O)N(CC(=O)N2Cc3cc(F)ccc3OC[C@H]2C(F)(F)F)C1=O,8ae784fc3fbc13af,9
,,,CNC(=O)Nc1ccc2c(c1)CC[C@@]21OC(=O)N(CC(=O)N2Cc3cc(F)ccc3OC[C@H]2C2CC2)C1=O,17d05169db682a1b,5
,,,CNC(=O)Nc1ccc2c(c1)CC[C@@]21OC(=O)N(CC(=O)N2Cc3ccc(F)cc3CC[C@H]2C(F)(F)F)C1=O,889e15652888c0a0,4
,,,CNC(=O)Nc1ccc2c(c1)CC[C@@]21OC(=O)N(CC(=O)N2Cc3ccc(F)cc3CC[C@H]2C)C1=O,07cb980ca4d17f42,6
,,,CNC(=O)Nc1ccc2c(c1)CC[C@@]21OC(=O)N(CC(=O)N2Cc3ccc(F)cc3CC[C@H]2C2CC2)C1=O,0cae80e66f6a971c,2
,,,CNC(=O)Nc1ccc2c(c1)CC[C@@]21OC(=O)N(CC(=O)N2Cc3ccccc3CC[C@H]2C(C)C)C1=O,55fe3b30f41c5c4a,4
,,,CNC(=O)Nc1ccc2c(c1)CC[C@@]21OC(=O)N(CC(=O)N2Cc3ccccc3CC[C@H]2C(F)(F)F)C1=O,cd7c2924405402d0,3
,,,CNC(=O)Nc1ccc2c(c1)CC[C@@]21OC(=O)N(CC(=O)N2Cc3ccccc3CC[C@H]2C2CC2)C1=O,2ab873d86743b9cc,7
,,,CNC(=O)Nc1ccc2c(c1)CC[C@@]21OC(=O)N(CC(=O)N2Cc3ccccc3OC[C@H]2C)C1=O,3e5ef443c25ec817,11
,,,CNC(=O)Nc1ccc2c(c1)CC[C@]21NC(=O)N(CC(=O)N2Cc3cc(F)ccc3OC[C@H]2C(F)(F)F)C1=O,74771b04c50c8216,5
,,,CNC(=O)Nc1ccc2c(c1)CC[C@]21NC(=O)N(CC(=O)N2Cc3cc(F)ccc3OC[C@H]2C2CC2)C1=O,28cef04bd18173a8,9
,,,CNC(=O)c1cc2c(-c3cc(C(C)(C)O)ccc3Oc3c(C)cc(F)cc3C)cn(C)c(=O)c2[nH]1,fadf7cab1e6d1c0b,18
,,,COC(=O)C1=C(CN2CC(F)(F)C[C@H]2C(=O)O)NC(c2nccs2)=N[C@@]1(C)c1ccc(F)cc1,c77ef1e48b23eb99,6
,,,COC(=O)C1=C(CN2CC(F)(F)C[C@H]2C(=O)OC)NC(c2nccs2)=N[C@@]1(C)c1ccc(F)cc1,6f33a508b574ef42,3
,,,COC(=O)C1=C(CN2CCC[C@H]2C(=O)O)NC(c2nccs2)=N[C@@]1(C)c1ccc(F)cc1,dadd8dccd84e679e,5
,,,COC(=O)C1=C(CN2CCOC[C@H]2C(=O)O)NC(c2nccs2)=N[C@@]1(C)c1ccc(F)cc1,468279ca0d3ee201,3
,,,COC(=O)CC1Cc2cc(Cl)ccc2-n2c1nnc2[C@H]1CC[C@H](Oc2ccccn2)CC1,861dd73b5f13b1e3,3
,,,COC(=O)c1ccc2c(c1)NC(=O)/C2=C(\Nc1ccc(-n2c(C)ccc2CN2CCN(C)CC2)cc1)c1ccccc1,7be71d083c797e00,4
,,,COC(=O)c1sccc1Nc1nc(Nc2cc3c(cc2OC)CCN3C(=O)CN(C)C)ncc1C(F)(F)F,8daba6dc6576f7fd,2
,,,COCCCOc1cc2c(cc1OC)-c1cc(=O)c(C(=O)O)cn1C(C(C)(C)CO)C2,6e683b220b95ce0f,6
,,,COCCCOc1cc2c(cc1OC)-c1cc(=O)c(C(=O)O)cn1C(C(C)(C)O)C2,0f4d9aaf666e521d,10
,,,COCCCOc1cc2c(cc1OC)-c1cc(=O)c(C(=O)O)cn1C(C(C)C)C2,80279c4df4e0e370,9
,,,COCCCOc1cc2c(cc1OC)-c1cc(=O)c(C(=O)O)cn1C(CC(F)(F)F)C2,b80ed45c31c94d4e,6
,,,COCCCOc1cc2c(cc1OC)-c1cc(=O)c(C(=O)O)cn1C(COC)C2,786f265234b7fe0d,8
,,,COCCCOc1cc2c(cc1OC)-c1cc(=O)c(C(=O)O)cn1C(c1cccc(Cl)c1)C2,925ca615d7f2d76a,11
,,,COCCCOc1cc2c(cc1OC)-c1cc(=O)c(C(=O)O)cn1C(c1cccs1)C2,46b7da17d556f7bc,7
"(6r)-6,7-dihydro-10-methoxy-9-(3-methoxypropoxy)-6-(1-methylethyl)-2-oxo-2h-benzo[a]quinolizine-3-carboxylic acid",DTXSID801107394,2072057-18-0,COCCCOc1cc2c(cc1OC)-c1cc(=O)c(C(=O)O)cn1[C@@H](C(C)C)C2,163c17d045c02a33,3
,,,COCCCOc1cc2c(cc1OC)-c1cc(=O)c(C(=O)O)cn1[C@H](C(C)C)C2,3bc0c1e9a364ed6f,7
,,,COCCN(Cc1ccc(F)cc1)S(=O)(=O)c1cc(C(=O)N2CCOCC2)ccc1OC,a903790c6356a818,4
,,,COCCN(Cc1ccc(F)cc1)S(=O)(=O)c1ccccc1OC(F)(F)F,b4ff5e2a0d74bb49,6
,,,COCCOCN1CNc2cc(OC)c(S(=O)(=O)N(Cc3ccccc3)Cc3ccccc3)cc2S1(=O)=O,eaaa7a91b90ef8b7,5
,,,COCCOc1c(OC)cc(C(=O)c2cccc(-c3ccc(C)cc3)n2)cc1OC,bf28acf401ec0c93,7
,,,COCCOc1ccc(-c2ccc(C(=O)N[C@H]3CCc4c(C)ccc(N5CCN(C)CC5)c4C3)cc2)c(C)c1,d1e02d56e768bb9f,2
,,,COCCSc1nncc(-c2cnnc(SCCOC)n2)n1,355ce920833426b1,14
,,,CO[C@@H](CO)CNC(=O)c1cc(Nc2cccc(F)c2F)c2cc(Cl)ccc2n1,e9448837246e810e,2
,,,COc1cc(-c2cnc(C)n2C)ccc1Nc1ncc2cc(C)nc(NCC(C)(C)C)c2n1,5326e6bc71055621,6
,,,COc1cc(-c2cnc(C)n2C)ccc1Nc1ncc2ccnc(NCC(C)(C)C)c2n1,4064703cb4d04c56,10
,,,COc1cc(-c2n[nH]c3ccc(-c4ccc(C)c(O)c4)nc23)cc(OC)c1OC,cfee3b29319cd49b,15
,,,COc1cc(-c2nnc3n2CCC3)ccc1Nc1ncc2cc(C)nc(NCC(C)(C)C)c2n1,8516f71d1bb14c67,7
,,,COc1cc(-c2nncn2C)ccc1Nc1ncc2cc(C)nc(NCC(C)(C)C)c2n1,01d39100e2d8c360,7
,,,COc1cc(-c2nncn2C)ccc1Nc1ncc2ccnc(NCC(C)(C)C)c2n1,895bb3047385122e,7
,,,COc1cc(C(=O)N2CCCC(c3cc4ncccc4[nH]3)C2)on1,974122392353db75,4
,,,COc1cc(C(=O)N2CC[C@H](NC(=O)c3ccccc3OC(F)(F)F)c3c2cnn3C(C)C)cnc1OC,2d6f22b99f0a5e46,7
,,,COc1cc(C(=O)c2c[nH]c(-c3c[nH]c4cccc(C)c34)n2)cc(OC)c1OC,c229d72721a0dd96,10
,,,COc1cc(C(=O)c2c[nH]c(-c3c[nH]c4ccccc34)n2)cc(OC)c1OC,6c1c3d057029d5f1,8
,,,COc1cc(C(=O)c2c[nH]c(-c3c[nH]c4ccccc34)n2)cc2c1OC=CO2,293a2281605eeb33,13
,,,COc1cc(C(=O)c2c[nH]c(-c3c[nH]c4ccccc34)n2)cc2c1OCCCO2,7bac298a56c95edb,17
,,,COc1cc(C(=O)c2c[nH]c(-c3c[nH]c4ccccc34)n2)cc2c1OCCO2,a0619f98832f9452,11
,,,COc1cc(C(=O)c2c[nH]c(-c3c[nH]c4ccccc34)n2)cc2c1OCO2,0aa00034c21293dd,12
,,,COc1cc(C(=O)c2c[nH]c(-c3ccc(C)c(O)c3)n2)cc(OC)c1OC,e4b7e35986201195,4
,,,COc1cc(C(=O)c2c[nH]c(-c3ccc4cc[nH]c4c3)n2)cc(OC)c1OC,a51c95967617d8c2,3
,,,COc1cc(C(=O)c2c[nH]c(-c3cccc4[nH]ccc34)n2)cc(OC)c1OC,164f78c604739b28,7
,,,COc1cc(C(=O)c2cc(C)cc(-c3ccc(C)cc3)n2)cc(OC)c1OC,c36980a034a73aaa,7
,,,COc1cc(C(=O)c2cc(OC)c(OC)c(OC)c2)nc(-c2ccc(C)c(O)c2)c1,c5bb3e1e00c43375,6
,,,COc1cc(C(=O)c2cc(OC)c(OC)c(OC)c2)nc(-c2ccc(C)cc2)c1,a7e500b1ace1c072,10
,,,COc1cc(C(=O)c2cccc(-c3ccc(C(F)F)cc3)n2)cc(OC)c1OC,1231eaceace046d6,10
,,,COc1cc(C(=O)c2cccc(-c3ccc(C)c(O)c3)n2)cc(OC)c1OC,74fd303b3046f2f9,5
,,,COc1cc(C(=O)c2cccc(-c3ccc(C)cc3)n2)cc(OC)c1OC,5537b922e4949290,7
,,,COc1cc(C(=O)c2cccc(-c3ccc(C)cc3)n2)cc2c1OCCO2,bea01597a12f07dc,15
,,,COc1cc(C(=O)c2cccc(-c3ccc4c(c3)CCN4)n2)cc(OC)c1OC,edbd9694aee7663f,11
,,,COc1cc(C(=O)c2ccnc(-c3ccc(C)c(O)c3)n2)cc(OC)c1OC,5a3b1317c0d0463e,8
,,,COc1cc(C(=O)c2cncc(-c3ccc(C)c(O)c3)n2)cc(OC)c1OC,d3ce677cf05f4604,9
,,,COc1cc(C(=O)c2cncc(-c3ccc(C)cc3)n2)cc(OC)c1OC,0a1b75e00341086c,7
,,,COc1cc(C(=O)c2nc(-c3ccc(C(F)F)cc3)ccc2F)cc(OC)c1OC,1f71235a05550ec6,6
,,,COc1cc(C(=O)c2nc(-c3ccc(C)c(O)c3)ccc2F)cc(OC)c1OC,8b567a1b673b9d85,7
,,,COc1cc(C(=O)c2nc(-c3ccc(C)cc3)ccc2F)cc(OC)c1OC,4124d226d391c2c4,6
,,,COc1cc(C(O)(CCN(C)C)C(c2cc3cc(Br)ccc3nc2OC)c2cccc(OC)c2F)c(OC)cn1,e43e94a797db4fe3,3
,,,COc1cc(C(O)(CCN(C)C)C(c2cc3cc(Br)ccc3nc2OC)c2ccnc(OC)c2OC)c(OC)nc1OC,b5df8e7cd27bc5fc,7
,,,COc1cc(C(O)(CCN(C)C)C(c2cc3cc(Br)ccc3nc2OC)c2ccnc(OC)c2OC)cnc1OC,58582d39a4e959d4,2
,,,COc1cc(C)ccc1Oc1ncccc1/C(=N/O)NC1CCCCC1,36ec9475d4512f46,3
,,,COc1cc(Cl)c2nc(-c3cc(C)cc4c(=O)n(C)cnc34)sc2c1,c965ccb9d9f7f43f,2
,,,COc1cc(F)ccc1-c1cnc2sc(N3CCC(C)(N)CC3)nn12,a10633292daa17ee,3
,,,COc1cc(OC)c2c(=O)cc(-c3cc(C)c(OC[C@H](O)CN4CCN(C)CC4)c(C)c3)oc2c1,04e40070b2ed5547,5
,,,COc1cc(OC)c2cc(C(=O)N3CCCC(c4cc5ncccc5[nH]4)C3)[nH]c2c1,a65514192b31988d,4
,,,COc1cc(S(=O)(=O)N(Cc2ccccc2)Cc2ccccc2)c(OC)cc1C,ff106e771eda841e,10
,,,COc1cc2c(cc1-n1cnc3ccc(-c4ccnc5[nH]ccc45)cc31)CNC2,5f3ae697f1cf456c,16
,,,COc1cc2c(cc1OC)-c1cc(NCc3ccccc3)nc(=O)n1CC2,ca10a10794630425,11
,,,COc1cc2c(cc1OC)C1CC(O)(CO)C(CC(C)C)CN1CC2,453a278a421da246,4
"(2r,3r,11br)-9,10-dimethoxy-3-(2-methylpropyl)-1,3,4,6,7,11b-hexahydro-2h-pyrido[2,1-a]isoquinolin-2-ol",DTXSID30561896,85081-18-1,COc1cc2c(cc1OC)[C@H]1C[C@@H](O)[C@H](CC(C)C)CN1CC2,e4bcd6fd7cb0a01a,5
,,,COc1cc2c(cc1OCC(F)(F)F)CCN1CC(CC(C)C)C(O)CC21,a217b13a68d95bbb,3
,,,COc1cc2c(cc1OCC1CC1)CCN1CC(CC(C)C)C(O)CC21,4ab6b4697e5a3e40,6
,,,COc1ccc(-c2cc(Nc3ccnc(N4CCOCC4)n3)on2)cc1,4aae19fafbf3948c,11
,,,COc1ccc(-n2cc(-c3n[nH]c4cc(Cl)c(N[C@@H]5CCN(C6COC6)C5)cc34)cn2)cc1,15613d353abfb29f,15
,,,COc1ccc(-n2cc(-c3n[nH]c4cc(Cl)c(N[C@H]5CNCC56CC6)cc34)cn2)cc1,c058e235abbdecbd,16
,,,COc1ccc(/C(=N/O)NC2CCCCC2)cc1,ac5d2bf5a262ee0a,5
,,,COc1ccc(C#N)cc1S(=O)(=O)N(Cc1ccc(F)cc1)C1CCOCC1,79a55546fd4fb642,1
,,,COc1ccc(C(=O)N2CCC(NC(=O)c3ccccc3Cl)c3c2cnn3C)cc1OC,b87a0a37dd8d16c2,12
,,,COc1ccc(C(=O)N2CCC(NC(=O)c3ccccc3Cl)c3ccc(Cl)cc32)cc1OC,77fd23f0498caa78,5
,,,COc1ccc(C(=O)N2CCOCC2)cc1S(=O)(=O)N(Cc1ccc(C(F)(F)F)nc1)CC(C)(C)C,97db244f44e55da6,3
,,,COc1ccc(C(=O)N2CCOCC2)cc1S(=O)(=O)N(Cc1ccc(F)cc1)CC(C)C,5839b673dd9dc543,4
,,,COc1ccc(C(=O)N2CCOCC2)cc1S(=O)(=O)N(Cc1ccc(F)cc1)Cc1ccc(C(F)(F)F)nc1,a438cba998435a78,2
,,,COc1ccc(C(=O)N2CCOCC2)cc1S(=O)(=O)N(Cc1ccccc1)Cc1ccccc1,42d0a21722eb8183,1
,,,COc1ccc(C(=O)N2CCOCC2)cc1S(=O)(=O)N(Cc1ccccc1)Cc1cnc(C(F)(F)F)nc1,fcb0d5faf4e9dd3a,6
,,,COc1ccc(C(=O)N2CC[C@@H](NC(=O)c3ccccc3Cl)[C@@H](c3ccccc3)C2)cc1OC,c5576d48027bc7ad,12
,,,COc1ccc(C(=O)NC2COC2)cc1S(=O)(=O)N(Cc1ccc(F)cc1)Cc1ccc(F)cc1,94104818bfd8364e,2
,,,COc1ccc(C(N)=O)cc1S(=O)(=O)N(Cc1ccccc1)Cc1ccccc1,4886b943f3967e32,9
,,,COc1ccc(C(Nc2cc(-c3ccc4ccn(C)c4c3)c3nccnc3c2)c2cnnn2C)cn1,0297ba97221272e9,17
,,,COc1ccc(CN2CCC[C@H](OCc3ccc(F)c(F)c3)C2)cc1F,388354f67b6a3540,3
,,,COc1ccc(CN2CCO[C@H](COc3ccccc3)C2)cc1F,3e655f448d26b2e7,3
,,,COc1ccc(Cl)cc1S(=O)(=O)N(Cc1ccccc1)Cc1ccccc1,7a4664145667de2c,7
,,,COc1ccc(F)cc1N1C(=O)CSC1c1cccc(C(=O)NCCCCc2ccccc2)c1,f676abc4adad3c0a,11
,,,COc1ccc(F)cc1N1C(=O)CSC1c1cccc(C(=O)NCCCCn2cccn2)c1,58119d3c1c46c354,1
,,,COc1ccc(N(C)c2nc(C)nc3ccccc23)cc1,4db53fbdcb1a429b,4
,,,COc1ccc(N(C)c2nc(C)nc3ccccc23)cc1OC(C(=O)NO)C(C)C,c168d5b61aaa7dc4,11
,,,COc1ccc(N(C)c2nc(C)nc3ccccc23)cc1OC(C(=O)NO)c1ccccc1,81a2dbfa0b3c55f2,5
,,,COc1ccc(N(C)c2nc(C)nc3ccccc23)cc1OC(C)(C)C(=O)NO,be1cf37eec227f72,9
,,,COc1ccc(N(C)c2nc(C)nc3ccccc23)cc1OC(C)C(=O)NO,86759d1a6be9811b,9
,,,COc1ccc(N(C)c2nc(C)nc3ccccc23)cc1OC1(C(=O)NO)CCC1,769269d711f2e6f9,11
,,,COc1ccc(N2CCOCC2)cc1S(=O)(=O)N(Cc1ccc(F)cc1)Cc1ccc(F)cc1,e01325019222033c,8
,,,COc1ccc(NC(=O)N2CCN(c3nc(N)nc4c3cnn4C)[C@@H](C)C2)c(C)c1,fb4cff7637d91dcc,11
,,,COc1ccc(NC(=O)N2CCN(c3nc(N)nc4c3ncn4C)[C@@H](C)C2)c(C)c1,db50509a3fb5fbde,5
,,,COc1ccc(NC(=O)N2CCN(c3nc(N)nc4sc(-c5ccccc5)nc34)CC2)cc1,f5edebd25b2a1568,1
,,,COc1ccc(NC(=O)N2CCN(c3nc(N)nc4sc(-c5cccnc5)nc34)CC2)cc1,81813aee880098bd,2
,,,COc1ccc(NC(=O)N2CCN(c3nc(N)nc4scnc34)CC2)cc1,2bb54ac8778e82e4,9
,,,COc1ccc(NC(=O)N2CCN(c3nc(N)nc4scnc34)[C@@H](C)C2)cc1,399f8036c384aa2e,3
,,,COc1ccc(OC)c(S(=O)(=O)N(Cc2ccc(F)cc2)c2ccc(F)cc2)c1,1fb993882c688224,9
,,,COc1ccc(OC)c(S(=O)(=O)N(Cc2ccccc2)Cc2ccccc2)c1,2c5e085a9e1c81a4,11
,,,COc1ccc(OC)c2[nH]c(C(=O)N3CCCC(c4cc5ncccc5[nH]4)C3)cc12,cba408d24a53e282,7
,,,COc1ccc(S(=O)(=O)N(Cc2ccccc2)Cc2ccccc2)cc1,713bd26983410829,14
,,,COc1ccc(S(N)(=O)=O)cc1S(=O)(=O)N(Cc1ccccc1)Cc1ccccc1,2fcdcf4fd4682f8c,11
,,,COc1ccc([C@@H](Nc2cc(-c3ccc4ccn(C)c4c3)c3nccnc3c2)c2cccnc2)cn1,72eb62392a99c058,15
,,,COc1ccc([C@@H](Nc2cc(-c3ccc4ccn(C)c4c3)c3nccnc3c2)c2cccnc2)nn1,000577b73d68ff99,16
,,,COc1ccc([C@@H](Nc2cc(-c3ccc4ccn(C)c4c3)c3nccnc3c2)c2cnnn2C)cn1,d53b1eb3db0d82d8,15
,,,COc1ccc([C@H](C)NC(=O)N(C)C2CCN(C3CCc4cc(-c5cc(C)ncn5)ccc43)CC2)c(Cl)c1Cl,0f92df71a97d9a8d,5
,,,COc1ccc([C@H](C)NC(=O)N(C)C2CCN(C3CCc4cc(-n5nccn5)ccc43)CC2)c(Cl)c1Cl,50e73bda1e98e39f,5
,,,COc1ccc([C@H](C)NC(=O)N(C)C2CCN(C3CCc4cc(C)ccc43)CC2)c(Cl)c1Cl,b267cc5b5c0fd516,4
,,,COc1ccc([C@H](C)NC(=O)N(C)C2CCN(C3CCc4cc(Cl)ccc43)CC2)c(Cl)c1Cl,1903df68e8d068dc,5
,,,COc1ccc([C@H](C)NC(=O)N(C)C2CCN(C3CCc4cc(N)ccc43)CC2)c(Cl)c1Cl,4790ddca4f52f9d0,1
,,,COc1ccc([C@H](C)NC(=O)N(C)C2CCN(C3CCc4cc(O)ccc43)CC2)c(Cl)c1Cl,a321e7dd86d6a15d,7
,,,COc1ccc([C@H](Nc2cc(-c3ccc4ccn(C)c4c3)c3nccnc3c2)c2cccnc2)nn1,ab4d38c58fc758f1,5
,,,COc1ccc([C@H](Nc2cc(-c3ccc4ccn(C)c4c3)c3nccnc3c2)c2cnnn2C)cn1,67c0a76eb8247113,14
,,,COc1ccc([S+](C)[O-])cc1S(=O)(=O)N(Cc1ccccc1)Cc1ccccc1,220e111efb09d2ab,12
,,,COc1ccc2[nH]c(C3CCCN(C(=O)c4ccc(F)cc4)C3)cc2n1,47d76ccda00902c7,3
,,,COc1ccc2c(c1)CCCC2NC(=O)c1ccc(C(F)(F)F)[nH]c1=O,c8d33688c6fc838d,11
,,,COc1ccc2c(c1)CCn1c-2cc(OCC2CCCCO2)nc1=O,8605f31c63151046,4
,,,COc1ccc2c(c1)CCn1c-2cc(OCC2CCCO2)nc1=O,6c79476fc44fa336,16
,,,COc1ccc2c(c1)NC(=O)CN2c1nc(C)nc2c1CCC2,9687ac2c9307c4c4,10
,,,COc1ccc2c(c1)NC(=O)CN2c1nc(Cl)nc2cccnc12,4d9ee15bde2338f6,6
,,,COc1ccc2c(c1)Oc1cc(OC)ccc1C2NC(=O)c1ccc(C(F)F)[nH]c1=O,9a1d667722b66a8f,7
,,,COc1ccc2c(c1)Oc1cnccc1C2NC(=O)c1ccc(C(F)(F)F)[nH]c1=O,3dfc00bb5c4ff2e0,11
,,,COc1ccc2c(c1)Sc1ccccc1C2NC(=O)c1ccc(C(F)F)[nH]c1=O,7a48df9514b0dd9d,9
,,,COc1ccc2cc(C(=O)N3CCCC(c4cc5ncccc5[nH]4)C3)[nH]c2c1,525ee3d0a42ae2f0,1
,,,COc1cccc(/C(=N/O)NC2CCCCC2)c1,f55d8770cd9bd9ec,5
,,,COc1cccc(C(=O)N2CCCC(c3cc4ncccc4[nH]3)C2)c1OC,a8701e4cc3be4fcb,5
,,,COc1cccc(C(=O)NCCNC(=O)[C@H](CC(=O)NC(C)(C)C)NS(=O)(=O)c2ccc(C)cc2)c1,1f6a58b9d809a4e2,2
,,,COc1cccc(C(O)(CCN(C)C)C(c2cc3cc(Br)ccc3nc2OC)c2cccc3c2OCO3)n1,2cacec7f1daf4780,1
,,,COc1cccc(C(c2cc3cc(Br)ccc3nc2OC)C(O)(CCN(C)C)c2cc(C)cnc2C)c1OC,9a45cc520a5d875a,2
,,,COc1cccc(C(c2cc3cc(Br)ccc3nc2OC)C(O)(CCN(C)C)c2ccc(C)nc2)c1F,0e60aed8f822b69a,5
,,,COc1cccc(C(c2cc3cc(Br)ccc3nc2OC)C(O)(CCN(C)C)c2cccc(C)n2)c1F,e5395270a0aca623,1
,,,COc1cccc(C(c2cc3cc(Br)ccc3nc2OC)C(O)(CCN(C)C)c2cnc(C)cc2C)c1OC,7594e4fbfac46b4f,2
,,,COc1cccc(C(c2cc3cc(C#N)ccc3nc2OC)C(O)(CCN(C)C)c2cc(C)nc(C)c2)c1F,55592955626de2a3,3
,,,COc1cccc(C(c2cc3cc(C#N)ccc3nc2OC)C(O)(CCN(C)C)c2cc(C)nc(C)c2)c1OC,2aa986c4866a29d8,1
,,,COc1ccccc1/C(=N/O)NC1CCCCC1,28cb8b3e870f8466,3
,,,COc1cnc(OC)c(C(O)(CCN(C)C)C(c2cc3cc(Br)ccc3nc2OC)c2cccc(OC)c2F)c1,dd0d185a7d59af12,4
,,,COc1nc(N[C@H]2CC[C@H](NS(=O)(=O)CCC(C)C)CC2)nc2[nH]nc(N3CCOC[C@H]3C)c12,b7ed29838fc9bf0a,1
,,,COc1nc2cc(Cl)ccc2n2c(C3CCN(c4ccccn4)CC3)nnc12,f31c7fe83b523c5f,5
,,,COc1nc2ccc(Br)cc2cc1C(c1cccc(C)c1)C(O)(CCN(C)C)c1cccnc1C,43acca9b1d34b095,4
,,,COc1nc2ccc(Br)cc2cc1C(c1cccc(C)c1)C(O)(CCN(C)C)c1cccnc1OC,a51b6cccb7235768,1
,,,COc1nc2ccc(Br)cc2cc1C(c1cccc2c1OCO2)C(O)(CCN(C)C)c1cccnc1C,c4c152708629e665,5
,,,COc1nc2ccc(Br)cc2cc1C(c1cccc2c1OCO2)C(O)(CCN(C)C)c1cccnc1OC,a0bd657c9193f9e6,11
,,,COc1nc2ccc(C#N)cc2cc1C(c1cccc(C)c1)C(O)(CCN(C)C)c1cccnc1OC,44cba8adbc476148,2
,,,COc1nc2ccc(C#N)cc2cc1C(c1cccc(F)c1)C(O)(CCN(C)C)c1cncc(C)c1,dbd22a3072c58cef,1
,,,CS(=O)(=O)C1(c2cc(-c3cnc(N)cc3C(F)(F)F)nc(N3CCOCC3)n2)CC1,2dad3c7590450a3a,4
,,,CS(=O)(=O)C1(c2cc(-c3cnc(N)cc3F)nc(N3CCOCC3)n2)CC1,464b591747d7671b,8
lapatinib,DTXSID7046675,231277-92-2,CS(=O)(=O)CCNCc1ccc(-c2ccc3ncnc(Nc4ccc(OCc5cccc(F)c5)c(Cl)c4)c3c2)o1,2c8d08d584312048,4
,,,CS(=O)(=O)c1ccc(-c2ccc([C@H](Cn3ccnc3)NC(=O)c3ccc(-c4nnc(-c5ccccc5)o4)cc3)c(Cl)c2)cc1,9aa12fc50d0d7303,17
,,,CS(=O)(=O)c1ccc(-c2nnc(-c3ccc(C(=O)N[C@@H](Cn4ccnc4)c4ccc(Cl)cc4Cl)cc3)o2)cc1Cl,9208968a6edebfd8,16
,,,CS(=O)(=O)c1ccc2c(c1)CC[C@@H]([C@H]1c3ccccc3-c3cncn31)[C@@H]2O,d514b5a8ed5ba3a2,4
,,,CS(=O)(=O)c1ccc2c(c1)[C@@H](O)[C@H]([C@H]1c3ccccc3-c3cncn31)CC2,57d8956fc989a9a0,4
,,,CSc1nncc(-c2cnnc(OCCN(C)C)n2)n1,f5768a2f18821394,14
,,,CSc1nncc(-c2cnnc(SCCCO)n2)n1,3549606db7b28718,12
,,,CSc1nncc(-c2cnnc(SCCN(C)C)n2)n1,79cb69d65544da9b,13
,,,C[C@@H](C(=O)Nc1ccc(Cl)cc1)[C@H]1CC[C@@]2(CC1)COc1cc(C(F)(F)F)ccc12,a626dbea46f86416,10
,,,C[C@@H](C(=O)Nc1ccc(Cl)cc1)[C@H]1CC[C@]2(CC1)COc1cc(C(F)(F)F)ccc12,fd0bd4eb82fe06a7,4
,,,C[C@@H](c1ccc(C(F)(F)F)cc1C(F)(F)F)n1cc(NC(=O)c2cc(-c3ccccn3)on2)cn1,1fe94d71124a4fed,3
,,,C[C@@H](c1ccc(C(F)(F)F)cc1C(F)(F)F)n1cc(NC(=O)c2cc(-c3ccco3)on2)cn1,8f92b692a916f70e,5
,,,C[C@@H]1CCC[C@@](O)(CNC(=O)c2c(Cl)ccc3nc(N4CCC(N(C)C)C4)ccc23)C1,34798b04db6644e7,3
,,,C[C@@H]1CCC[C@@](O)(CNC(=O)c2c(Cl)ccc3nc(N4CC[C@@H](C(C)(C)O)C4)ccc23)C1,df9e8a6b4d745b73,3
,,,C[C@@H]1CCc2ncc(F)cc2[C@H]2CCCN2c2ccn3ncc(c3n2)C(=O)N1,c1df709eb4b45ef0,2
,,,C[C@@H]1CN(c2sc(C(F)(F)F)nc2-c2nc3cc(OCCO)ccc3[nH]2)CCN1C(=O)Cn1cnc2cccnc21,f18342effe7b0c14,3
,,,C[C@@H]1CN(c2sc(C(F)(F)F)nc2-c2nc3ccccc3[nH]2)CCN1C(=O)Cn1cccn1,627da8fac3d87750,5
,,,C[C@@H]1CN(c2sc(C(F)(F)F)nc2-c2nc3ccccc3[nH]2)CCN1C(=O)Cn1cnc2cccnc21,babbf7338c6ab183,1
,,,C[C@@H]1COCCN1c1nc(N2CCOC[C@@H]2C)nc2[nH]c(-c3cccc4[nH]ccc34)nc12,5ce2b41a88034ef8,1
,,,C[C@@H]1COCCN1c1nc(N2CCOC[C@@H]2C)nc2sc(-c3cc[nH]n3)nc12,68869a3aaa9f50f3,2
,,,C[C@@H]1O[C@H](CNS(=O)(=O)c2ccc(CCn3cc(CN4CCN(c5cc6c(cc5F)c(=O)c(C(=O)O)cn6C5CC5)CC4)nn3)s2)[C@@H](O)[C@H](O)[C@@H]1O,f5e8dea035e150e0,2
,,,C[C@H](C(=O)Nc1ccc(Cl)cc1)[C@H]1CC[C@@]2(CC1)COc1cc(C(F)(F)F)ccc12,9c200394fe2b31e9,8
,,,C[C@H](C(=O)Nc1ccc(Cl)cc1)[C@H]1CC[C@]2(CC1)COc1nc(C(F)(F)F)ccc12,deb7575770985e4b,7
,,,C[C@H](C(=O)Nc1ccc(Cl)cc1)[C@H]1CC[C@]2(CC1)COc1ncc(C(F)(F)F)cc12,54995adfbedd859f,3
,,,C[C@H](CC(=O)N1CCC(O)(Cn2cnc(NCCN3CCCC3)cc2=O)CC1)c1ccccc1,36f6e3ed7b199083,6
,,,C[C@H](CC(=O)N1CCC(O)(Cn2cnc3c(-c4ccc(CN)cc4)n(C)nc3c2=O)CC1)c1ccccc1,0c9da01c691bca7e,8
,,,C[C@H](CC(=O)N1CCC(O)(Cn2cnc3c(-c4ccc(CO)cc4)n(C)nc3c2=O)CC1)c1ccccc1,6a8806f3bf323c75,9
,,,C[C@H](CC(=O)N1CCC(O)(Cn2cnc3c(-c4ccccc4)n(C)nc3c2=O)CC1)c1ccccc1,a21724c6ddcdc664,10
,,,C[C@H](NC(=O)[C@@H](CC(=O)N1CCC(N2CCCCC2)CC1)N1C(=O)[C@@H](N2C(=O)OC[C@@H]2c2ccccc2)[C@H]1/C=C/c1ccccc1)c1ccccc1,da8ba985890ef28d,2
,,,C[C@H](NC(=O)c1c(CCc2ccc(F)cc2)sc2c1CCC2)c1ccc(C(=O)O)cc1,36b50f21a5488dd6,12
,,,C[C@H](Nc1ncc(F)c(N2CCOC2=O)n1)c1cn(-c2ccc(Cl)cc2)cn1,a48074c30e9c201f,3
,,,C[C@H]([C@H](O)C1CCCCC1)[C@H]1c2ccccc2-c2cncn21,1a874a830b89ec37,8
,,,C[C@H](c1ccc(C(F)(F)F)cc1C(F)(F)F)n1cc(NC(=O)c2cc(-c3ccccn3)no2)cn1,d851126a2de2955c,2
,,,C[C@H](c1ccc(C(F)(F)F)cc1C(F)(F)F)n1cc(NC(=O)c2cc(-c3ncccn3)on2)cn1,d9e044a084283090,5
,,,C[C@H](c1ccc(C(F)(F)F)cc1C(F)(F)F)n1cc(NC(=O)c2cn(-c3ccccn3)nn2)cn1,adc58cf5c8c880ec,3
,,,C[C@H](c1ccc(C(F)(F)F)cc1C(F)(F)F)n1cc(NC(=O)c2cnc(-c3ccccn3)s2)cn1,3c9bb171f2c4383a,5
,,,C[C@H](c1ccc(C(F)(F)F)cc1C(F)(F)F)n1cc(NC(=O)c2nnc(-c3ccccn3)s2)cn1,9da72a177ffa1228,3
,,,C[C@H](c1ccc(C(F)(F)F)cc1C(F)(F)F)n1cc(NC(=O)c2nnc(-c3cnccn3)s2)cn1,93c72b36b6cc5bc4,3
,,,C[C@H](c1ccc(F)cc1C(F)(F)F)n1cc(NC(=O)c2cc(-c3ccccn3)on2)cn1,d5dd2c461c6c55e8,5
,,,C[C@H]1CCC[C@@](O)(CNC(=O)c2c(Cl)ccc3nc(N4CC[C@@H](F)C4)ccc23)C1,f4260b334815263a,5
repotrectinib,DTXSID001358953,1802220-02-5,C[C@H]1CNC(=O)c2cnn3ccc(nc23)N[C@H](C)c2cc(F)ccc2O1,4dda0343141eb7b0,2
,,,C[C@H]1COCCN1c1nc(-c2cnc(N)cc2F)cc(C(C)(C)S(C)(=O)=O)n1,36487a63d5c1ac61,6
,,,C[C@H]1COCCN1c1nc(-c2cnc(N)cc2F)cc(C2(S(C)(=O)=O)CC2)n1,99cafc85e16e9a9e,3
,,,C[C@H]1c2cccc(C(C)(C)O)c2C[C@H](CO)N1C(=O)Cc1c(Cl)cccc1Cl,8d32fc4a48923715,6
,,,C[C@H]1c2cccc(CC(C)(C)O)c2C[C@H](CO)N1C(=O)Cc1c(Cl)cccc1Cl,a20cb8e1ae7be7e1,7
,,,C[C@H]1c2cccc(CCC(C)(C)O)c2C[C@H](CO)N1C(=O)Cc1c(Cl)cccc1Cl,95d73e7f1443ef02,6
,,,C[C@]12CCCN1CC1=NNC(=O)c3cc(F)cc4[nH]c2c1c34,b34266db918b5df8,3
,,,Cc1[nH]ncc1-c1cncc(-c2ccc(C(N)=O)c(OC(C)C)c2)c1,f8898c0d57ffb3a9,6
,,,Cc1c(-c2cncc(-c3ccc(C(N)=O)c(OC(C)C)c3)c2)cnn1C,3b1e7a52014eef5c,6
,,,Cc1c(Br)cnc2nc(N3CCN(C)CC3)c3nncn3c12,79fa76366f9aea54,4
,,,Cc1c(CCSCCO)cc(-c2ccc(S(C)(=O)=O)cc2)n1-c1ccc(F)cc1,bb44ef7863a3c301,9
,,,Cc1c(CCSCCO[N+](=O)[O-])cc(-c2ccc(S(C)(=O)=O)cc2)n1-c1ccc(F)cc1,2f2fd14b1186569b,12
,,,Cc1c(CC[S+]([O-])CCO)cc(-c2ccc(S(C)(=O)=O)cc2)n1-c1ccc(F)cc1,9c36388fcb10592e,1
,,,Cc1c(CC[S+]([O-])CCO[N+](=O)[O-])cc(-c2ccc(S(C)(=O)=O)cc2)n1-c1ccc(F)cc1,286b837369211e2e,13
,,,Cc1c(Cl)cccc1NC(=O)CN1CCC(OCc2ccc(F)c(F)c2)CC1,daafa7af1eea5c93,2
,,,Cc1c(NC(=O)c2cc(-c3ccccn3)on2)cnn1[C@H](C)c1ccc(C(F)(F)F)cc1C(F)(F)F,7924264ab732d3ed,4
,,,Cc1c(NC(=O)c2cc(-c3ccco3)on2)cnn1Cc1ccc(C(F)(F)F)cc1C(F)(F)F,9f6261b85448d571,6
,,,Cc1cc(-c2ccc3c(c2)CCC3N2CCC(N(C)C(=O)N[C@@H](C)c3ccc(C#CC4CC4)c(Cl)c3Cl)CC2)ncn1,02e53d396d76f444,10
,,,Cc1cc(-c2cnc3cc(-c4ccc(C5COCCN5)cc4)ccn23)c2cc(F)cc(F)c2n1,699731e54d440dea,3
,,,Cc1cc(-c2cnc3cc(-c4ccc(C5COCCN5)cc4)ccn23)c2cc(F)ccc2n1,840f39c22c7d4db8,5
,,,Cc1cc(-c2cnc3cc(-c4ccc(C5COCCN5)cc4)ccn23)c2ccccc2n1,af5df6bbaebf234b,8
,,,Cc1cc(-c2cnc3cc(-c4ccc(N5CC6(C5)CC(F)(F)C6)nc4)ccn23)c2ccccc2n1,9dc43fcfe7b327c6,8
,,,Cc1cc(-c2cnc3cc(-c4ccc(N5CCN(C(C)C)CC5)cc4)ccn23)c2cc(F)ccc2n1,bff4c4c9142aa445,7
,,,Cc1cc(-c2cnc3cc(-c4ccc(N5CCN(C)CC5)cc4)ccn23)c2cc(F)cc(F)c2n1,f084ac8708b7009e,7
,,,Cc1cc(-c2cnc3cc(-c4ccc(N5CCN(C)CC5)cc4)ccn23)c2cc(F)ccc2n1,c052fe190a16051d,7
,,,Cc1cc(-c2cnc3cc(-c4ccc(N5CCN(C)CC5)cc4)ccn23)c2ncnn2c1,95b18d0cc4049bb6,6
,,,Cc1cc(-c2cnc3cc(-c4ccc(N5CCNCC5)cc4)ccn23)c2cc(F)cc(F)c2n1,c3c0c959a62b8d7a,9
,,,Cc1cc(-c2cnc3cc(-c4ccc(N5CCNCC5)cc4)ccn23)c2cc(F)ccc2n1,792c11bea3dcc253,7
,,,Cc1cc(-c2cnc3cc(-c4ccc(N5CCNCC5)cc4)ccn23)c2ccccc2n1,02dbf9c6d1009b3c,11
,,,Cc1cc(-c2cnc3cc(-c4ccc(N5C[C@@H](C)O[C@@H](C)C5)nc4)ccn23)c2ccccc2n1,200d5840c6a681de,6
,,,Cc1cc(-c2nc3c(Cl)cc(OCCNS(=O)(=O)c4ccc(C(F)(F)F)cc4)cc3s2)c2ncn(C)c(=O)c2c1,72fb6a522e826d9b,11
,,,Cc1cc(=O)n(-c2ccc(N3CCC(Cc4ccc(Cl)c(F)c4)CC3)c(Cl)c2)c(C)n1,4940a9d12d0fa4a3,5
,,,Cc1cc(C(F)(F)F)cc(N2C(=O)[C@@H](O)C[C@H]2C(=O)N(C)c2ccc(F)c(Cl)c2)n1,73dec9eb1a9e0a69,4
,,,Cc1cc(C(F)(F)F)cc(N2C(=O)[C@@H](O)[C@@H](O)[C@H]2C(=O)N(C)c2ccc(F)c(Cl)c2)n1,2ec1101993c857f8,4
,,,Cc1cc(Cl)ccc1-c1ccc(C(=O)N[C@@H]2CCc3c(C)ccc(N4CCN(C)CC4)c3C2)cc1,9889672b8aeabf2a,4
,,,Cc1cc(Cl)ccc1-c1ccc(C(=O)N[C@H]2CCc3c(C)ccc(-c4cccnc4)c3C2)nc1,ec2749694ec263ee,12
,,,Cc1cc(Cl)ccc1-c1ccc(C(=O)N[C@H]2CCc3c(C)ccc(-c4ccn[nH]4)c3C2)nc1,c7c552cc42fde4b3,8
,,,Cc1cc(Cl)ccc1-c1ccc(C(=O)N[C@H]2CCc3c(C)ccc(-c4ccncc4)c3C2)nc1,525847746226ea94,12
,,,Cc1cc(Cl)ccc1-c1ccc(C(=O)N[C@H]2CCc3c(C)ccc(N4CCC(N(C)C)CC4)c3C2)nc1,502d3cf2e8948ec6,3
,,,Cc1cc(Cl)ccc1-c1ccc(C(=O)N[C@H]2CCc3c(C)ccc(N4CCN(C)CC4)c3C2)cc1,4714509a5b4abc1f,7
,,,Cc1cc(Cl)ccc1-c1ccc(C(=O)N[C@H]2CCc3c(C)ccc(N4CCN(C)CC4)c3C2)cn1,dfd0310a2b43b003,3
,,,Cc1cc(Cl)ccc1-c1ccc(C(=O)N[C@H]2CCc3c(C)ccc(N4CCN(C)CC4)c3C2)nc1,6745a670637b0f7a,3
,,,Cc1cc(Cl)ccc1-c1ccc(C(=O)N[C@H]2CCc3c(C)ccc(N4CCN(C)CC4)c3C2)s1,f1846b36edc8ef1a,4
,,,Cc1cc(Cl)ccc1-c1ccc(C(=O)N[C@H]2CCc3cccc(N4CCN(C)CC4)c3C2)nc1,eefd12d77383ec29,3
,,,Cc1cc(Cl)ccc1-c1cnc(C(=O)N[C@H]2CCc3c(C)ccc(N4CCN(C)CC4)c3C2)cn1,011a4a8af3f5898d,3
,,,Cc1cc(Cl)ccc1-c1ncc(C(=O)N[C@H]2CCc3c(C)ccc(N4CCN(C)CC4)c3C2)cn1,3d487ab44a529a6d,5
,,,Cc1cc(Cn2c(=O)c3cc(S(=O)(=O)NC4(C)CC4)ccc3n(CC3COC3)c2=O)on1,4c5139c20050227a,21
,,,Cc1cc(Cn2c(=O)n(Cc3nnc(C)s3)c(=O)c3cc(S(=O)(=O)NC4(C)CC4)ccc32)n(C)n1,aa95d333bccf52ed,7
,,,Cc1cc(F)c(C(=O)NCCCC(C)(C)C)cc1-c1ccc2c(=O)n(C)ncc2c1,9364328ff0008698,11
,,,Cc1cc(F)c(NC(=O)NCCC(C)(C)C)cc1-c1ccc2c(=O)n(C)ncc2c1,b3caad3c20feee18,10
,,,Cc1cc(F)c(NC(=O)c2cccc(C(C)(C)C#N)c2)cc1-c1ccc2c(=O)n(C)ncc2c1,0162dd6d25cbca7a,14
,,,Cc1cc(F)c(NC(=O)c2cccc(C(C)(C)C#N)c2)cc1-c1cnc2c(=O)n(C)ncc2c1,6f12c0a840826649,15
,,,Cc1cc(F)cc(C)c1Oc1ccc(C(C)(C)O)cc1-c1cn(C)c(=O)c2[nH]c(C(=O)NC3(C)CC3(F)F)cc12,9640f6aa67121097,14
,,,Cc1cc(F)cc(C)c1Oc1ccc(C(C)(C)O)cc1-c1cn(C)c(=O)c2[nH]c(C(=O)NC3CC3)cc12,7a940f9acc0823a3,11
,,,Cc1cc(NC(=O)CN2CCC(OCc3ccc(F)c(F)c3)CC2)ccc1F,fa4cbaae74cc2f09,3
,,,Cc1cc(NC(=O)Cn2cc(-c3ccccc3)nn2)n(C2CCCCC2)n1,ba3f23e42180dd35,5
,,,Cc1cc(NC(=O)Cn2nnc(-c3ccc(Cl)c(Cl)c3)n2)n(C2CCCCC2)n1,13088024b18cfe95,6
,,,Cc1cc(NC(=O)Cn2nnc(-c3cccc(F)c3)n2)n(C2CCCCC2)n1,903bc25cc97d95f0,5
,,,Cc1cc(NC(=O)Cn2nnc(-c3ccccc3)n2)n(C2CCC(F)(F)CC2)n1,07b7c045cd5e5a9d,4
,,,Cc1cc(NC(=O)Cn2nnc(-c3ccccc3)n2)n(C2CCCCC2)n1,88e1661faa7879c8,7
,,,Cc1cc(NC(=O)Cn2nncc2-c2ccccc2)n(C2CCCCC2)n1,3db8e5e8bf81e1bc,2
,,,Cc1cc(Nc2cc(C)[nH]n2)nc(N2CCC3(CC2)OCCN([C@@H](C)c2ccc(-n4cc(F)cn4)nc2)C3=O)n1,441f3a9da7f6e0af,3
,,,Cc1cc(Nc2cc(C)[nH]n2)nc(N2CCC3(CCCN([C@@H](C)c4ccc(-n5cc(F)cn5)nc4)C3=O)CC2)n1,685e8d54330802d1,5
,,,Cc1cc(Nc2cc(C)[nH]n2)nc(N2CCC3(CCCN([C@@H](C)c4cnc(-n5cc(F)cn5)cn4)C3=O)CC2)n1,5d4aa61138fe81d7,1
,,,Cc1cc(Nc2nc(Nc3ccccc3S(=O)(=O)C(C)C)c3c(C)[nH]nc3n2)c(OC(C)C)cc1C1CCN(C)CC1,b6280e054ee92d2c,3
,,,Cc1cc(Nc2nc(Nc3ccccc3S(=O)(=O)C(C)C)c3cc[nH]c3n2)c(OC(C)C)cc1C1CCN(C)CC1,6472aef95233a9cb,1
,,,Cc1cc(Nc2nc(Nc3ccccc3S(=O)(=O)C(C)C)c3cc[nH]c3n2)c(OC(C)C)cc1C1CCNCC1,0c2c60930b95f34d,6
,,,Cc1cc(Nc2nc(Nc3ccccc3S(=O)(=O)C(C)C)c3cn[nH]c3n2)c(OC(C)C)cc1C1CCN(C)CC1,cc45866b69bd519a,5
,,,Cc1cc(Nc2nccc(-c3sc(C4CCNCC4)nc3-c3ccc(F)cc3)n2)cc(C)n1,91da81242263b883,3
,,,Cc1cc(Nc2nccc(-c3sc(C4CCNCC4)nc3-c3ccc(F)cc3)n2)ccn1,95a281927d122ef9,3
,,,Cc1cc(Nc2nccc(-c3sc(C4CCNCC4)nc3C3CC3)n2)ccn1,495c18201b16f57e,7
,,,Cc1cc(Nc2nn(C3CC3)c3ccc(S(=O)(=O)N4CCOCC4)cc23)ccc1F,f0a8b42086857bd0,5
,,,Cc1cc(Nc2nn(C3CC3)c3cnc(S(=O)(=O)N4CCOCC4)cc23)ccc1F,76f66deef207b2bc,3
,,,Cc1cc([C@H]2CC[C@H](c3nnc4n3-c3ccc(Br)cc3CCC4)CC2)no1,eeb91e9ad8789f18,1
,,,Cc1cc([C@H]2CC[C@H](c3nnc4n3-c3ccc(Cl)cc3C3CC43)CC2)no1,7afcf1d035fddd6a,9
,,,Cc1cc([C@H]2CC[C@H](c3nnc4n3-c3ccc(Cl)cc3CC4)CC2)no1,01cd5c9f8ebdc4fb,2
,,,Cc1cc([C@H]2CC[C@H](c3nnc4n3-c3ccc(Cl)cc3CCC4)CC2)no1,a678b20777d279f6,2
,,,Cc1cc([C@H]2CC[C@H](c3nnc4n3-c3ccccc3CCC4)CC2)no1,68a22b328d8d2951,2
,,,Cc1cc2c(Nc3ccccc3)cc(C(=O)NC3CC3)nc2cn1,86dea277076b94b3,4
,,,Cc1cc2c(Nc3ccccc3F)cc(C(=O)NC3CC3)nc2cn1,92fbd1222ebf9083,5
,,,Cc1cc2c(Nc3ccccc3F)cc(C(=O)NCC(C)(C)C#N)nc2cn1,73f4fd26a39cc1d3,9
,,,Cc1ccc(-c2cc(C(=O)Nc3cnn(Cc4ccc(C(F)(F)F)cc4C(F)(F)F)c3)no2)o1,eb7ecd037d5113a5,12
,,,Cc1ccc(-n2c(C(=O)NC3CC3)cc3cccnc32)cc1Cl,26eef5fe7c1b4ff9,8
,,,Cc1ccc(-n2c(C(=O)NC3CC3)nc3cccnc32)cc1Cl,4af255bd2d619b25,4
,,,Cc1ccc(C(CC2CC2)NC(=O)c2ccc(C(F)(F)F)[nH]c2=O)cc1,37481574e6c5c5e4,12
,,,Cc1ccc(C(CC2CCC2)NC(=O)c2ccc(C(F)(F)F)[nH]c2=O)cc1,8b910ed3111cb9e1,12
,,,Cc1ccc(C(NC(=O)c2ccc(C(F)(F)F)[nH]c2=O)c2ccc(C)cc2)cc1,04da1a612a528a66,4
,,,Cc1ccc(CNC(=O)[C@@H]2Cc3cccc(c3)Oc3cccc(c3)C[C@H](N)C(=O)N[C@@H](CCc3ccccc3)C(=O)N2)cc1,ea396f0b7a92b722,3
,,,Cc1ccc(N2CCN(C)CC2)c2c1CC[C@H](NC(=O)c1ccc(-c3cc(C(F)(F)F)cc(C(F)(F)F)c3)cn1)C2,f93b88ec38f345b0,5
,,,Cc1ccc(N2CCN(C)CC2)c2c1CC[C@H](NC(=O)c1ccc(-c3ccccc3)cn1)C2,959c1e31bf91b8da,4
,,,Cc1ccc(NC(=O)C2(NC(=O)Nc3ccc(Br)cc3)CCCC2)cn1,9cdd266cffa60248,5
"4-[5-amino-2-(pyridin-3-yl)[1,3]thiazolo[5,4-d]pyrimidin-7-yl]-n-(4-methylphenyl)piperazine-1-carboxamide",DTXSID70677344,1245319-54-3,Cc1ccc(NC(=O)N2CCN(c3nc(N)nc4sc(-c5cccnc5)nc34)CC2)cc1,8a1ced8a766567da,1
,,,Cc1ccc(S(=O)(=O)N[C@@H](CC(=O)NC(C)(C)C)C(=O)NCCNC(=O)c2ccc(F)cc2)cc1,aeed2c9b2cbab83e,6
,,,Cc1ccc(S(=O)(=O)N[C@@H](CC(=O)NC(C)(C)C)C(=O)NCCNC(=O)c2ccccc2)cc1,6ddda5a23f6a6e9a,5
,,,Cc1ccc(S(=O)(=O)N[C@@H](CC(=O)NC(C)(C)C)C(=O)NCCNC(=O)c2ccccc2F)cc1,8b70add6250802bb,9
,,,Cc1ccc2c(c1)CCC(C)C2NC(=O)c1ccc(C(F)(F)F)[nH]c1=O,964a17a90c96358d,11
,,,Cc1ccc2c(c1)CCCC2NC(=O)c1ccc(C(F)(F)F)[nH]c1=O,1025777742a72d8f,6
,,,Cc1ccc2c(c1)OCCC2NC(=O)c1ccc(C(F)(F)F)[nH]c1=O,2609966fd4200a31,3
,,,Cc1ccc2c(c1)Oc1cccc(Cl)c1C2NC(=O)c1ccc(C(F)(F)F)[nH]c1=O,605fd84d8595ac21,8
,,,Cc1ccc2c(c1)SC(C)CC2NC(=O)c1ccc(C(F)(F)F)[nH]c1=O,d3c7b3ff2f25c422,9
,,,Cc1ccc2c(c1)Sc1cc(C)ccc1C2NC(=O)c1cc(-c2ccccc2)c(C(F)(F)F)[nH]c1=O,963777da478aef46,7
,,,Cc1ccc2c(c1)Sc1cc(C)ccc1C2NC(=O)c1ccc(C(F)(F)F)[nH]c1=O,e6e332d6d9472403,3
,,,Cc1ccc2nc(C(=O)N3CCCC3)cc(Nc3ccccc3)c2c1,6010542b7b3adf48,8
,,,Cc1ccc2nc(C(=O)NC3CCCC3)cc(Nc3ccccc3)c2c1,82734e4b5a40a99b,9
,,,Cc1ccc2nc(C(=O)NCCC#N)cc(Nc3ccccc3F)c2c1,5b808f1101cc26a6,10
,,,Cc1ccc2nc(N3CCCc4cc(F)ccc4C3)cc(NCCN)c2c1,ea2050a402895e6a,15
,,,Cc1ccc2nc(N3CCCc4ccc(F)cc4C3)cc(NC3(CN)COC3)c2c1,361a5deeaef5fba1,13
,,,Cc1ccc2nc(N3CCCc4ccc(F)cc4C3)cc(NCC3(N)COC3)c2c1,2ae907501206301d,5
,,,Cc1ccc2nc(N3CCCc4ccc(F)cc4C3)cc(NCCN)c2c1,791de58bf68f8b70,13
,,,Cc1ccc2nc(N3CCCc4ccc(F)cc4C3)cc(NCCO)c2c1,704146e60eeea6e5,8
,,,Cc1ccc2nc(N3CCN(C)CC3)c3nncn3c2c1,a890a80199b0258e,4
,,,Cc1ccc2nc(N3CCNc4ccccc4C3)cc(NCCN)c2c1,9eb35bfb06cc8566,6
,,,Cc1ccc2nc(N3CCS(=O)(=O)c4ccccc4C3)cc(NCCN)c2c1,9b727cbbec8b796e,7
,,,Cc1cccc(C(NC(=O)c2ccc(C(F)(F)F)[nH]c2=O)c2ccccc2)c1,42c1966819c21ce0,11
,,,Cc1cccc(C)c1Oc1ccc(C(C)(C)O)cc1-c1cn(C)c(=O)c2[nH]c(C(=O)NC(C)(C)C)cc12,7d4faed802bf76eb,12
,,,Cc1ccccc1N1CCN(C(=O)C2CN(C(=O)C3CCCC3)Cc3cc(Cl)ccc32)CC1,c6a44f33233d53ab,6
,,,Cc1ccccc1N1CCN(C(=O)N2CCNc3cc(Cl)ccc32)CC1,45392e91d528f493,4
,,,Cc1ccccc1N1CCN(C(=O)N2C[C@@H](C(=O)C3CCCC3)Cc3cc(Cl)ccc32)CC1,72702217935ea834,5
,,,Cc1ccccc1N1CCN(C(=O)N2C[C@@H](C(=O)N3CCCC3)Cc3cc(Cl)ccc32)CC1,9d1b038510ba88c6,4
,,,Cc1ccnc(N2C(=O)CSC2c2cccc(C(=O)NCCCCn3cccn3)c2)c1,04cb368cde48a1d4,2
,,,Cc1ccoc1C(=O)N1CCCC(c2cc3ncccc3[nH]2)C1,010817cd84b6cc4b,5
,,,Cc1cnc(NC(=O)CCCOc2cccc(C#N)c2)s1,a93d43965fd68dbc,4
,,,Cc1cnc(NC(=O)CCCOc2ccccc2)s1,ef42be24f484f911,3
,,,Cc1cnc(NC(=O)CCCOc2cncc(Cl)c2)s1,87e6d0f2bba7e65b,5
,,,Cc1cnc(Nc2ccc(N3CCC(N(C)CCO)CC3)c(F)c2)nc1-c1cnn(C(C)C)c1,b78dffd2c67313bb,1
,,,Cc1cnc2nc(N3CCN(C)CC3)c3nncn3c2c1,557d6b103d325dad,4
,,,Cc1cncc(NC(=O)C2(NC(=O)Nc3ccc(Br)cc3)CCCC2)c1,f3e5e43d10e73ec7,6
,,,Cc1nc(-c2cccc(CNc3ccc4[nH]nc(C(=O)O)c4c3)c2O)sc1C,bb9221f9aa8b6c1f,9
,,,Cc1nc(C)c(C(=O)N2CCCC(c3cc4ncccc4[nH]3)C2)s1,5a6499383ab3f070,9
,,,Cc1nc(C)n(CC(=O)N2CCN(c3sc(C(F)(F)F)nc3-c3nc4c(F)cccc4[nH]3)C[C@H]2C)n1,5cb17f48f4b0b004,1
,,,Cc1nc(C)n(CC(=O)N2CCN(c3sc(C(F)(F)F)nc3-c3nc4ccc(C5CCOCC5)cc4[nH]3)C[C@H]2C)n1,ee4d7cd11754f5ae,6
,,,Cc1nc(C)n(CC(=O)N2CCN(c3sc(C(F)(F)F)nc3-c3nc4ccc(N5CCOCC5)cc4[nH]3)C[C@H]2C)n1,0e978f4fa3b3b1dd,2
,,,Cc1nc(C)n(CC(=O)N2CCN(c3sc(C(F)(F)F)nc3-c3nc4ccccc4[nH]3)C[C@H]2C)n1,7cbe7d19e9fc192f,3
,,,Cc1nc(CN2CCC(OCc3ccc(Cl)c(F)c3)CC2)c2ccccn12,8ae1cc9b637b4569,1
,,,Cc1nc(CN2CCC(OCc3cccc(C(F)(F)F)c3)CC2)c2ccccn12,f45cb1cca249e09d,1
,,,Cc1nn(C(C)c2ccc(C(F)(F)F)cc2C(F)(F)F)cc1NC(=O)c1nnc(-c2ccccn2)s1,3ace779e5c003ceb,4
,,,Cc1nn(C)cc1NC(=O)C(NC(=O)Nc1ccc(Br)cc1)C1CCCC1,43ed56ac0ad26a22,7
,,,Cc1nn(C)cc1NC(=O)C1(NC(=O)Nc2ccc(Br)cc2)CCCC1,369a1c58cf9388ad,3
,,,Cc1nn(CC(=O)N2CCN(c3sc(C(F)(F)F)nc3-c3nc4ccccc4[nH]3)C[C@H]2C)cc1CN(C)C,8179d4f8db6d81f1,3
,,,Cc1nn([C@@H](C)c2ccc(C(F)(F)F)cc2C(F)(F)F)cc1NC(=O)c1cc(-c2ccccn2)on1,baa2a170430ab2a1,4
,,,Cc1nn([C@H](C)c2ccc(C(F)(F)F)cc2C(F)(F)F)cc1NC(=O)c1cc(-c2ccccn2)on1,bacc677d22fce432,2
,,,Cc1noc2c1-c1ccc(-c3ccc(N)nc3)cc1N(c1ccc(C#N)cc1)CC2,f8fdddd2a473071e,6
,,,Cc1noc2c1-c1ccccc1N(c1ccc(C#N)cc1)CC2,e45f9c4dfd2794db,2
,,,Clc1ccc2c(c1)CCCc1nnc(C3CCN(c4ccccn4)CC3)n1-2,7535362303733733,3
,,,Clc1ccc2c(c1)CCCc1nnc([C@H]3CC[C@H](Oc4ccccn4)CC3)n1-2,902046b7b16709ef,1
,,,Clc1ccc2c(c1)CCc1nnc(C3CCN(c4ccccn4)CC3)n1-2,edeffe5a75523f00,6
,,,Clc1ccc2c(c1)CCc1nnc([C@H]3CC[C@H](Oc4ccccn4)CC3)n1-2,c5f890fe01e9a676,2
,,,Cn1c(-c2cc3c(s2)CNCC3)nc2c(C(N)=O)cc(F)cc21,5810f73636c69847,5
,,,Cn1cc(-c2ccc(F)c(C(F)(F)F)c2)nc1C1CCN(c2ncnc(N)c2-c2ccc(F)cc2)CC1,d140ff87490b002e,5
,,,Cn1cc(-c2ccc3c(c2)CC[C@@]32OC(=O)N(CC(=O)N3Cc4cc(F)ccc4OC[C@H]3C(F)(F)F)C2=O)cn1,f31925428f2e6f4f,4
,,,Cn1cc(-c2ccc3c(c2)CC[C@@]32OC(=O)N(CC(=O)N3Cc4cc(F)ccc4OC[C@H]3C3CC3)C2=O)cn1,a2613ff3c06e2315,8
,,,Cn1cc(-c2ccc3c(c2)CC[C@]32NC(=O)N(CC(=O)N3Cc4cc(F)ccc4OC[C@H]3C(F)(F)F)C2=O)cn1,607f6256d1b86ebb,5
,,,Cn1cc(-c2ccc3c(c2)CC[C@]32NC(=O)N(CC(=O)N3Cc4cc(F)ccc4OC[C@H]3C3CC3)C2=O)cn1,1aa365dfaf5c84a0,6
,,,Cn1cc(-c2n[nH]c3cc(Cl)c(N[C@@H]4CCN(C5COC5)C4)cc23)cn1,bcec315b3760f64c,8
,,,Cn1cc(CNC(=O)[C@@H]2CCCCOc3cccc(c3)C[C@H](N3CCCC3=O)C(=O)N[C@@H](CCc3ccccc3)C(=O)N2)cn1,de79f0e3043678c6,1
,,,Cn1cc(Cn2c(=O)c3cc(S(=O)(=O)NC4(C)CC4)ccc3n(CC3COC3)c2=O)cn1,3bf173c9eba903d7,23
,,,Cn1cc([C@@H](Nc2cc(-c3ccc4ccn(C)c4c3)c3nccnc3c2)c2cccnc2)cn1,c30d477b14f307bb,19
,,,Cn1cc([C@@H](Nc2cc(-c3ccc4ccn(C)c4c3)c3nccnc3c2)c2cnnn2C)cn1,5e7a155545835383,20
,,,Cn1cc([C@@H](Nc2cc(-c3ccc4ccn(C)c4c3)c3nccnc3c2)c2nccn2C)cn1,1017ceb655e0854d,9
,,,Cn1cc([C@@H](Nc2cc(-c3ccc4ocnc4c3)c3nccnc3c2)c2cnnn2C)cn1,a30b135a9647bd83,14
,,,Cn1cc([C@@H](Nc2cc(-c3cnc4ccn(C)c4c3)c3nccnc3c2)c2cccnc2)cn1,7ebbc6db615831e4,12
,,,Cn1cc([C@H](Nc2cc(-c3ccc4ccn(C)c4c3)c3nccnc3c2)c2cccnc2)cn1,4d99c88bbb339838,19
,,,Cn1cc([C@H](Nc2cc(-c3ccc4ccn(C)c4c3)c3nccnc3c2)c2cncn2C)cn1,b59c8a2886b56ae6,10
,,,Cn1cc([C@H](Nc2cc(-c3ccc4ccn(C)c4c3)c3nccnc3c2)c2cnnn2C)cn1,f851c901542acbbf,17
,,,Cn1cc([C@H](Nc2cc(-c3ccc4ccn(C)c4c3)c3nccnc3c2)c2nccn2C)cn1,89ea1572db67f7f2,4
,,,Cn1cc([C@H](Nc2cc(-c3ccc4ocnc4c3)c3nccnc3c2)c2cnnn2C)cn1,aa36e52aa07533fe,23
,,,Cn1cc([C@H](Nc2cc(-c3cnc4ccn(C)c4c3)c3nccnc3c2)c2cccnc2)cn1,d535bf795e92c20e,10
,,,Cn1cc2c3c(c[nH]c(=O)c31)-c1cc(CS(C)(=O)=O)ccc1N(c1ccc(F)cc1)C2,acf64582048411c9,10
,,,Cn1cc2c3c(c[nH]c(=O)c31)-c1cc(CS(C)(=O)=O)ccc1N(c1ccccn1)C2,714e641202b665f4,8
,,,Cn1cc2c3c(c[nH]c3c1=O)CN(C1CCC(F)(F)CC1)c1ccc(CS(C)(=O)=O)cc1-2,bc913aa3855dab93,6
,,,Cn1cc2c3c(c[nH]c3c1=O)CN(CC1CC1)c1ccc(CS(C)(=O)=O)cc1-2,739c8045a573bd60,12
,,,Cn1cc2c3c(c[nH]c3c1=O)CN(c1ccccn1)c1ccc(CS(C)(=O)=O)cc1-2,3f61913e5ddcd72b,7
,,,Cn1ccc([C@@H](Nc2cc(-c3ccc4ccn(C)c4c3)c3nccnc3c2)c2cnnn2C)n1,4df20a3a2341ca00,8
,,,Cn1ccc([C@H](Nc2cc(-c3ccc4ccn(C)c4c3)c3nccnc3c2)c2cnnn2C)n1,e66c9c5edf99ad18,10
,,,Cn1ccc2ccc(-c3cc(NC(c4cccnc4)c4ccc(=O)[nH]c4)cc4nccnc34)cc21,a4b8bd8dcbc176e3,13
,,,Cn1ccc2ccc(-c3cc(N[C@@H](c4cccnc4)c4ccc(=O)[nH]c4)cc4nccnc34)cc21,837f78b4eb795449,15
,,,Cn1ccc2ccc(-c3cc(N[C@H](c4cccnc4)c4ccc(=O)[nH]c4)cc4nccnc34)cc21,a478d9e3a232b76e,14
,,,Cn1cccc(S(=O)(=O)N(Cc2ccc(F)cc2)Cc2ccc(F)cc2)c1=O,392dacbd140d8047,2
,,,Cn1cnc2cc(CN3CCC(OCc4cccc(C(F)(F)F)c4)CC3)ccc21,ee6f1a07e19ea5ed,5
,,,Cn1nc2c(=O)n(CC3(O)CCN(C(=O)C[C@H](c4ccccc4)C(F)(F)F)CC3)cnc2c1-c1ccc(CN)cc1,bc29a00381223676,1
,,,Cn1ncc2cc(CN3CCC(OCc4ccc(Cl)c(F)c4)CC3)ccc21,fe57404ceb881ca2,3
,,,Cn1ncc2cc(CN3CCC(OCc4ccc(F)c(F)c4)CC3)ccc21,86bb2796421e2f4f,5
,,,Cn1ncc2cc(CN3CCC(OCc4cccc(C(F)(F)F)c4)CC3)ccc21,8702af72fcf41a4d,5
,,,Cn1nccc1C(=O)N1CCCC(c2cc3ncccc3[nH]2)C1,e899cd13cfea14b3,3
,,,FC(F)(F)Oc1cccc(Nc2nc(Nc3ccccc3)ncc2Cl)c1,c0c8cbbd64f8e37f,10
,,,FC(F)(F)c1cccc(COC2CCN(Cc3cc4ccc(Cl)cc4[nH]3)CC2)c1,950ba3082597c588,4
,,,FC(F)(F)c1cccc(COC2CCN(Cc3ccc4[nH]cnc4c3)CC2)c1,c87b9491c8a55fa2,3
,,,FC(F)(F)c1cccc(COC2CCN(Cc3cn4ccccc4n3)CC2)c1,6561b8c0a984e580,2
,,,FC(F)(F)c1cccc(Nc2nc(Nc3ccc(-c4ccsc4)cn3)ncc2Cl)c1,427c429ed5a637cd,15
,,,FC(F)(F)c1cccc(Nc2nc(Nc3ccc(N4CCNCC4)cn3)ncc2Cl)c1,3df432719a57fecc,4
,,,FC(F)(F)c1cccc(Nc2nc(Nc3ccccc3)ncc2Cl)c1,37ff8f0255b7b9db,8
,,,FC(F)(F)c1cccc(Nc2nc(Nc3ccccn3)ncc2Cl)c1,36eae921e2883037,12
,,,FC(F)(F)c1cccc(Nc2nc(Nc3cccnc3)ncc2Cl)c1,6a25f060b5e021c9,9
,,,FC(F)(F)c1cccc(Nc2nc(Nc3cccnn3)ncc2Cl)c1,6a4a3eeb7bb8f169,7
,,,FC(F)(F)c1cccc(Nc2nc(Nc3cncnc3)ncc2Cl)c1,7b51efd3c363bb69,9
,,,FC(F)(F)n1cc(-c2n[nH]c3cc(Cl)c(N[C@@H]4CCN(C5COC5)C4)cc23)cn1,9180f272c6b79f97,15
,,,Fc1cc(COC2CCN(Cc3ccc4[nH]cnc4c3)CC2)ccc1Cl,937961cac07ae35e,5
,,,Fc1cc(COC2CCN(Cc3cn4ccccc4n3)CC2)ccc1Cl,c8d8522b4bf83367,4
,,,Fc1cc(COC2CCN(Cc3ncc4ccccn34)CC2)ccc1Cl,ca729e86b6e04cd2,5
,,,Fc1ccc(-c2nc(C3CCNCC3)sc2-c2ccnc(NCc3ccncc3)n2)cc1,4da42ce611b1bce0,7
,,,Fc1ccc(-c2nc(C3CCNCC3)sc2-c2ccnc(Nc3cccnn3)n2)cc1,9ee78361ff87feec,7
,,,Fc1ccc(-c2nc(C3CCNCC3)sc2-c2ccnc(Nc3ccncn3)n2)cc1,28a760f673416d36,4
,,,Fc1ccc(-c2nc(C3CCNCC3)sc2-c2ccnc(Nc3cnccn3)n2)cc1,0810df552ef963ba,3
,,,Fc1ccc(-c2nc(C3CCNCC3)sc2-c2ccnc(Nc3nncs3)n2)cc1,d64cd1a362c1c6a7,2
,,,Fc1ccc(-c2nc(N3CCCC3)sc2-c2ccnc(Nc3ccc(N4CCNCC4)cc3)n2)cc1,e1a50da47632cf28,2
,,,Fc1ccc(-c2nc(N3CCOCC3)sc2-c2ccnc(Nc3ccc(N4CCNCC4)cc3)n2)cc1,783b4da1c63b5638,1
,,,Fc1ccc(CNc2nc(N3CCN(C4CCCC4)CC3)c3ncn(CCCN4CCCC4)c3n2)cc1,e75429f60d17a57b,4
,,,Fc1ccc(COC2CCN(Cc3cc4ccc(Cl)cc4[nH]3)CC2)cc1F,3ae7f35d284a3959,6
,,,Fc1ccc(CO[C@H]2CCCN(Cc3cn4ccccc4n3)C2)cc1F,2cb498f95849b1a2,4
,,,Fc1ccc(CO[C@H]2CCCN(Cc3ncn4ccccc34)C2)cc1F,f72be86a97c65501,1
,,,Fc1cccc(COC2CCN(Cc3ncn4ccccc34)CC2)c1,80b81a607d16e9e1,4
,,,N#Cc1ccc(NC(=O)C(=O)N2CCC(c3ccnc4ccc(F)cc34)CC2)cc1,c46f97ac9b5df72f,4
,,,N#Cc1ccc(O)c(S(=O)(=O)N(Cc2ccc(F)cc2)Cc2ccc(F)cc2)c1,80f13846a3bd9af8,8
vilazodone,DTXSID80870086,163521-12-8,N#Cc1ccc2[nH]cc(CCCCN3CCN(c4ccc5oc(C(N)=O)cc5c4)CC3)c2c1,e73113c195e9a619,3
,,,N#Cc1ccc2c(c1)CN(c1cccnc1)C2=O,8b7f80376bbd3137,2
,,,N#Cc1ccc2c(c1)[C@@H](O)[C@H]([C@H]1c3ccccc3-c3cncn31)CC2,e5a386335e4f700b,4
,,,N#Cc1ccccc1-c1ccc2c(c1)CCn1c-2cc(OCC2COCCO2)nc1=O,81f354f93df0e49b,5
,,,N#Cc1cnc(NC(=O)CCCOc2cccc(C(F)(F)F)c2)s1,f9a592cf03782433,4
,,,N#Cc1cnc(NC(=O)CCCOc2cccc(Cl)c2)s1,f5cf0b62df6cf1bc,4
,,,N#Cc1cnc(NC(=O)CCCOc2ccccc2)s1,0fb8dae988f69d97,5
,,,N#Cc1cnc2cc(C3CCCN(C(=O)c4cc(C(F)(F)F)no4)C3)[nH]c2c1,edeed5c2b90265d8,5
,,,N=C(N)NC(=O)c1nc(-c2cc3ccccc3s2)c(N)nc1N,d8b916ccea6a345e,4
,,,N=C(N)NC(=O)c1nc(-c2cc3ccccc3s2)c(N2CCCCCC2)nc1N,1726c182688d22b9,4
,,,N=C(N)NC(=O)c1nc(-c2ccc(C(F)(F)F)cc2)c(N)nc1N,d76185da6114016c,4
,,,N=C(N)NC(=O)c1nc(-c2ccc(C(F)(F)F)cc2)c(N2CCCCCC2)nc1N,8e5d07c04ba7e0dc,4
,,,N=C(N)NC(=O)c1nc(-c2ccco2)c(N)nc1N,1af0c689eff8bb05,1
,,,N=C(N)NC(=O)c1nc(-c2ccco2)c(N2CCCCCC2)nc1N,8b5943e00fbdabf2,2
,,,N=C(N)NC(=O)c1nc(-c2cncnc2)c(N2CCCCCC2)nc1N,45aac4228d70f1ed,4
,,,NC(=O)c1c(N)ncnc1N1CCC(c2nc(-c3ccc(F)c(C(F)(F)F)c3)cn2CCN2CCC2)CC1,24bb8b22087d1976,9
,,,NC(=O)c1cc(F)cc2[nH]c(-c3cc4c(s3)CNCC4)nc12,97dce24f9894e4f9,4
,,,NC(=O)c1ccc(C(=O)N2CCC(CNCCCc3c[nH]c4ccc(F)cc34)CC2)cc1,60b1555f9434dd79,1
,,,NC(=O)c1ccc2c(c1)[C@@H](O)[C@H]([C@H]1c3ccccc3-c3cncn31)CC2,171210390af85108,5
,,,NC(=O)c1cccc(C(=O)N2CCC(CNCCCc3c[nH]c4ccc(F)cc34)CC2)c1,fef7361b3f8b0f13,4
,,,NC(=O)c1ccccc1C(=O)N1CCC(CNCCCc2c[nH]c3ccc(F)cc23)CC1,ac37c99ee652ea62,7
,,,NC(=O)c1sc(N2CCOCC2)cc1OCCc1ccccc1,c3ff003093305b99,3
,,,NC1CCN(c2ccc(Nc3ncc(Cl)c(Nc4cccc(C(F)(F)F)c4)n3)nc2)CC1,ca9bb1553d665078,4
,,,NCCNc1cc(N2CCCc3ccccc3C2)nc2ccccc12,734488c1af4225bf,16
,,,NCCNc1cc(N2CCOc3ccccc3C2)nc2ccccc12,14ad197786c094f8,11
,,,Nc1nc(-c2ccc(F)cc2)c(-c2ccnc(Nc3ccc(N4CCNCC4)cc3)n2)s1,97fa388a3b683de3,4
,,,Nc1nc(N2CCN(C(=O)COc3ccc(Cl)cc3)CC2)c2nc(-c3cccnc3)sc2n1,2ee9a4ccf154da73,1
,,,Nc1ncc(-c2cccc(N3CCNCC3)c2)cc1C(=O)Nc1ccncc1,d51b55b81e671e9d,4
,,,O=C(C1CCN(c2ccccn2)CC1)N1CCNc2cc(Cl)ccc21,b53f1464ae5dfb9a,4
,,,O=C(CCCN1CCCCC1)Nc1cnc(-c2ccc(F)cc2)s1,bf4f38537f4e9304,4
,,,O=C(CCCN1CCCCCC1)Nc1cnc(-c2ccc(F)c(F)c2)s1,de0ccaef93e3ca69,3
,,,O=C(CCCN1CCCCCC1)Nc1cnc(-c2ccc(F)cc2)s1,dc49c2eda5323095,5
,,,O=C(CCCN1CCCCCC1)Nc1cnc(-c2ccc(F)cc2F)s1,7d305c77aed31cd8,8
,,,O=C(CCCOc1cccc(C(F)(F)F)c1)Nc1ncc(C(F)(F)F)s1,bd335b781024d6d2,6
,,,O=C(CCCOc1ccccc1)Nc1ncc(Cl)s1,dbb1c0492532c861,8
,,,O=C(CF)CNC(=O)[C@H](Cc1ccccc1)NC(=O)c1cccc2ccccc12,e9c7f7ad57516132,4
,,,O=C(CF)CNC(=O)[C@H](Cc1ccccc1)NC(=O)c1cnnc2ccccc12,dfdabd8c659ecfe5,1
,,,O=C(CNC(=O)Nc1ccc(Br)cc1)Nc1cccnc1,934766730e61a392,4
,,,O=C(Cn1cc(CN2CCN(c3cc4c(cc3F)c(=O)c(C(=O)O)cn4C3CC3)CC2)nn1)Nc1ccc(S[C@@H]2O[C@H](CO)[C@H](O)[C@H](O)[C@H]2O)cc1,180bfea11fb013ce,2
,,,O=C(NC(c1ccccc1)c1ccccc1)c1ccc(C(F)(F)F)[nH]c1=O,6fe744178da7c325,4
,,,O=C(NC1(C(F)(F)F)CC1)[C@@H]1CCCCOc2cccc(c2)C[C@H](N2CCCC2=O)C(=O)N[C@@H](CCc2ccccc2)C(=O)N1,9c77791e9bf93cdb,3
,,,O=C(NC1CC1)c1nc2cccnc2n1-c1ccc(Cl)c(Cl)c1,6bb39742fec5f318,5
,,,O=C(NC1CCCC1)[C@@H]1CCCCOc2cccc(c2)CC2(COC2)C(=O)N[C@@H](CCN2CCOCC2)C(=O)N1,60b15f85a27b6bc6,4
,,,O=C(NC1CCCC1)[C@@H]1CCCCOc2cccc(c2)C[C@H](N2CCCC2=O)C(=O)N[C@@H](CCN2CCC(F)(F)CC2)C(=O)N1,f8c1b03b2a5b9d24,2
,,,O=C(NC1CCCC1)[C@@H]1CCCCOc2cccc(c2)C[C@H](N2CCCC2=O)C(=O)N[C@@H](CCN2CCOCC2)C(=O)N1,b65aa10e6994a717,1
,,,O=C(NC1CCCC1)[C@@H]1CCCCOc2cccc(c2)C[C@H](N2CCCC2=O)C(=O)N[C@@H](CCc2ccccc2)C(=O)N1,4ec62396d3fb38f9,1
,,,O=C(NC1CCCC1)[C@@H]1CCCCOc2cccc(c2)C[C@H](N2CCCC2=O)C(=O)N[C@@H](COc2ccccc2)C(=O)N1,6b548203634fc428,2
,,,O=C(NC1c2ccc(Cl)cc2Oc2cccc(Cl)c21)c1ccc(C(F)(F)F)[nH]c1=O,d84895574293d06e,7
,,,O=C(NCC(F)(F)F)[C@@H]1CCCCOc2cccc(c2)C[C@H](N2CCCC2=O)C(=O)N[C@@H](CCc2ccccc2)C(=O)N1,67f23e5079d302cf,4
,,,O=C(NCC(F)(F)F)[C@@H]1COCCOc2cccc(c2)C[C@H](N2CCCC2=O)C(=O)N[C@@H](CCc2ccccc2)C(=O)N1,71b38376f80b9139,4
,,,O=C(NCC(F)F)[C@@H]1CCCCOc2cccc(c2)C[C@H](N2CCCC2=O)C(=O)N[C@@H](CCc2ccccc2)C(=O)N1,b8716109360108e3,1
,,,O=C(NCC1CC1)[C@@H]1CCCCOc2cccc(c2)C[C@H](N2CCCC2=O)C(=O)N[C@@H](CCc2ccccc2)C(=O)N1,226405d026473073,5
,,,O=C(NCC1CCC(F)(F)CC1)c1c(Cl)ccc2nc(N3CCC(CCO)C3)ccc12,546abfdf5288afc4,3
,,,O=C(NCC1CCC(F)(F)CC1)c1c(Cl)ccc2nc(N3CCC(NCCO)C3)ccc12,1fad66e560754371,5
,,,O=C(NCC1CCC(F)(F)CC1)c1c(Cl)ccc2nc(N3CCCC3)ccc12,4709634fed966527,6
,,,O=C(NCC1CCC(F)(F)CC1)c1c(Cl)ccc2nc(N3CC[C@@H](F)C3)ccc12,0ac5b0212c36e846,9
,,,O=C(NCC1CCCC(F)(F)C1)c1c(Cl)ccc2nc(N3CC[C@@H](F)C3)ccc12,738352022230edf4,7
,,,O=C(NCCCCc1ccccc1)c1cccc(C2SCC(=O)N2c2cccc(-c3c[nH]nn3)c2)c1,a3983251590fd957,8
,,,O=C(NCCCCc1ccccc1)c1cccc(C2SCC(=O)N2c2ccccn2)c1,0d6fba8f233f2cc6,9
,,,O=C(NCCCCn1cccn1)c1cccc(C2SCC(=O)N2c2cc(F)ccn2)c1,e6f5487551dc11f3,2
,,,O=C(NCCCCn1cccn1)c1cccc(C2SCC(=O)N2c2ccccn2)c1,f856cc60493b7f02,1
,,,O=C(NC[C@]1(O)CCCC(F)(F)C1)c1c(Cl)ccc2nc(N3CC[C@@H](F)C3)ccc12,5c8f2e473b902e85,3
,,,O=C(NCc1ccccc1)[C@@H](c1ccccc1)N1CCN(C(=O)c2cc(F)ccc2Cl)CC1,89a6d03f157017f1,5
,,,O=C(NO)c1ccc(CN(Cc2nnnn2Cc2ccccc2)C(=O)c2ccccc2C(F)(F)F)cc1,52097780865d16cf,4
,,,O=C(N[C@@H](Cn1ccnc1)c1c(F)cc(-c2ccc(F)cc2)cc1F)c1ccc(-c2nnc(-c3ccccc3)o2)cc1,105de02e1131bc61,17
,,,O=C(N[C@@H](Cn1ccnc1)c1ccc(-c2ccc(F)cc2)cc1Cl)c1ccc(-c2nnc(-c3ccccc3)o2)cc1,4b260c67d6cda146,21
,,,O=C(N[C@@H](Cn1ccnc1)c1ccc(-c2ccc(F)cc2)cc1Cl)c1ccc(-c2nnc(-c3ccccn3)o2)cc1,11f537e7f9928980,12
,,,O=C(N[C@@H](Cn1ccnc1)c1ccc(-c2ccc(F)cc2)cc1Cl)c1ccc(-c2nnc(-c3ccncc3)o2)cc1,e011dda92e31eecf,21
,,,O=C(N[C@@H](Cn1ccnc1)c1ccc(-c2ccc(F)cc2)cc1F)c1ccc(-c2nnc(-c3ccccc3)o2)cc1,8575af97638e3a82,16
,,,O=C(N[C@@H](Cn1ccnc1)c1ccc(-c2ccccc2)cc1Cl)c1ccc(-c2nnc(-c3ccccc3)o2)cc1,74c343a587169e17,5
,,,O=C(N[C@@H](Cn1ccnc1)c1ccc(Cl)cc1Cl)c1ccc(-c2nnc(-c3cc(-c4ccccn4)ccc3F)o2)cc1,0b333318cf064aac,13
,,,O=C(N[C@@H](Cn1ccnc1)c1ccc(Cl)cc1Cl)c1ccc(-c2nnc(-c3cc(F)cc(-c4ccccn4)c3)o2)cc1,ffa04ee3faddb29f,22
,,,O=C(N[C@@H](Cn1ccnc1)c1ccc(Cl)cc1Cl)c1ccc(-c2nnc(-c3cc(F)cc(-c4ncncc4F)c3)o2)cc1,15b0239a781f28f1,22
,,,O=C(N[C@@H](Cn1ccnc1)c1ccc(Cl)cc1Cl)c1ccc(-c2nnc(-c3cc(F)cc(OCC(F)(F)F)c3)o2)cc1,07f633ec1f71ea51,18
,,,O=C(N[C@@H](Cn1ccnc1)c1ccc(Cl)cc1Cl)c1ccc(-c2nnc(-c3ccc(-c4ccccn4)cc3)o2)cc1,365310d18079df8c,22
,,,O=C(N[C@@H](Cn1ccnc1)c1ccc(Cl)cc1Cl)c1ccc(-c2nnc(-c3ccc(-c4ccccn4)cc3F)o2)cc1,1c9d123b6a4b2e00,17
,,,O=C(N[C@@H](Cn1ccnc1)c1ccc(Cl)cc1Cl)c1ccc(-c2nnc(-c3ccc(C(F)(F)F)c(F)c3)o2)cc1,8ab1c6863635d0aa,19
,,,O=C(N[C@@H](Cn1ccnc1)c1ccc(Cl)cc1Cl)c1ccc(-c2nnc(-c3ccc(Cl)c(Cl)c3)o2)cc1,063c8585818a6f5b,20
,,,O=C(N[C@@H](Cn1ccnc1)c1ccc(Cl)cc1Cl)c1ccc(-c2nnc(-c3ccc(F)c(F)c3)o2)cc1,94d6b22dec346787,18
,,,O=C(N[C@@H](Cn1ccnc1)c1ccc(Cl)cc1Cl)c1ccc(-c2nnc(-c3ccc(OCC(F)(F)F)cc3F)o2)cc1,61bd8ef9924b455f,17
,,,O=C(N[C@@H](Cn1ccnc1)c1ccc(Cl)cc1Cl)c1ccc(-c2nnc(-c3cccc(-c4ccccn4)c3)o2)cc1,a8eb7e64350c9154,20
,,,O=C(N[C@@H](Cn1ccnc1)c1ccc(Cl)cc1Cl)c1ccc(-c2nnc(-c3cccc(Br)c3)o2)cc1,dd56be0d9cab2f8f,19
"n-[(1r)-1-(2,4-dichlorophenyl)-2-(1h-imidazol-1-yl)ethyl]-4-(5-phenyl-1,3,4-oxadiazol-2-yl)benzamide",DTXSID101045347,1246770-52-4,O=C(N[C@@H](Cn1ccnc1)c1ccc(Cl)cc1Cl)c1ccc(-c2nnc(-c3ccccc3)o2)cc1,b72625b86bc7a54a,20
,,,O=C(Nc1cc2c(Nc3ccc(F)c(Cl)c3)ncnc2cc1OCCCN1CCOCC1)c1cc([N+](=O)[O-])ccc1F,f3933f9ded332502,8
,,,O=C(Nc1ccc(-c2cc3ncccc3[nH]2)cc1)c1ccccc1,7599d4b7d3cc5bc8,13
,,,O=C(Nc1ccc(Br)cc1)NC(C(=O)NC1CCOCC1)C1CCCC1,d18fd5a3f0572ed9,5
,,,O=C(Nc1ccc(Br)cc1)NC(C(=O)NC1CNC1)C1CCCC1,7544df15131721a6,13
,,,O=C(Nc1ccc(Br)cc1)NC(C(=O)NCC1CCCO1)C1CCCC1,c2becaa901452214,7
,,,O=C(Nc1ccc(Br)cc1)NC(C(=O)Nc1cccnc1)C1CC1,609651ae66d51fa0,11
,,,O=C(Nc1ccc(Br)cc1)NC(C(=O)Nc1cccnc1)C1CCCC1,0e1b1b4c0d06ecee,10
,,,O=C(Nc1ccc(Br)cc1)NC(C(=O)Nc1cccnc1)C1CCOCC1,064a897055f35ed7,5
,,,O=C(Nc1ccc(Br)cc1)NC(C(=O)Nc1cccnn1)C1CCCC1,40060f680e24b8e7,6
,,,O=C(Nc1ccc(Br)cc1)NC(C(=O)Nc1cncnc1)C1CCCC1,d30275a6e968a02b,12
,,,O=C(Nc1ccc(Br)cc1)NC(CC1CCCCC1)C(=O)Nc1cccnc1,b9f2ed394984618b,5
,,,O=C(Nc1ccc(Br)cc1)NC1(C(=O)NCc2nn[nH]n2)CCCC1,ec8eee71061288f4,2
,,,O=C(Nc1ccc(Br)cc1)NC1(C(=O)Nc2ccc(Cl)nc2)CCCC1,7574febe7978dcf9,8
,,,O=C(Nc1ccc(Br)cc1)NC1(C(=O)Nc2ccccn2)CCCC1,e760edee7afcbedc,7
,,,O=C(Nc1ccc(Br)cc1)NC1(C(=O)Nc2cccnc2)CCCC1,d5fd90a761bc742c,10
,,,O=C(Nc1ccc(Br)cc1)NC1(C(=O)Nc2cncnc2)CCCC1,e3b1b4ee7d28dfa5,4
,,,O=C(Nc1ccc(Br)cc1)N[C@@H](CC1CC1)C(=O)Nc1cccnc1,365467cab3c6bf87,15
,,,O=C(Nc1ccc(C(F)(F)F)cc1)C(=O)N1CCC(c2ccnc3ccc(F)cc23)CC1,f0fbb5b2b3e14fb6,7
,,,O=C(Nc1ccc(C(F)F)cc1)C(=O)N1CCC(c2ccnc3ccc(F)cc23)CC1,67801663ed3ada51,5
,,,O=C(Nc1ccc(Cl)cc1)C(=O)N1CCC(c2ccnc3cc(F)ccc23)CC1,83d46becc46a0052,6
,,,O=C(Nc1ccc(Cl)cc1)C(=O)N1CCC(c2ccnc3ccc(Cl)cc23)CC1,a77f84b8e1a57dc6,4
,,,O=C(Nc1ccc(Cl)cc1)C(=O)N1CCC(c2ccnc3ccc(F)cc23)C(F)(F)C1,9d6185a36c04227d,10
,,,O=C(Nc1ccc(Cl)cc1)C(=O)N1CCC2(CC1)COc1cc(C(F)F)ccc12,498657a4ba95ad7f,11
,,,O=C(Nc1ccc(Cl)cc1)C(=O)N1CC[C@@H](c2ccnc3ccc(F)cc23)[C@H](O)C1,218b777fb32de667,10
,,,O=C(Nc1ccc(Cl)cc1)C(CC1CC1)N1CCC2(CC1)COc1cc(C(F)(F)F)ccc12,04303ca4466feefd,15
,,,O=C(Nc1ccc(Cl)cc1F)C(=O)N1CCC(c2ccnc3ccc(F)cc23)CC1,ad6b0cf9cd8a76ba,3
,,,O=C(Nc1ccc(Cl)cc1F)C(=O)N1CCC=C(c2ccnc3ccc(F)cc23)CC1,2dc4eb4a038ae25b,10
,,,O=C(Nc1ccc(Cl)cc1F)C(=O)N1CCCC(c2ccnc3ccc(F)cc23)CC1,c30191fcbcc2aed7,3
,,,O=C(Nc1ccc(Cl)cn1)C(=O)N1CCC(c2cccc(Cl)c2Cl)CC1,4f8ac45bb1cf4681,2
,,,O=C(Nc1ccc(Cl)cn1)C(=O)N1CCC(c2ccnc(C(F)(F)F)c2Cl)CC1,03d6b5f0db0378a2,5
,,,O=C(Nc1ccc(Cl)cn1)C(=O)N1CCC(c2ccnc3ccc(F)cc23)CC1,ed32fdc1431550e2,6
,,,O=C(Nc1ccc(Cl)cn1)C(=O)N1CCC2(CC1)COc1cc(C(F)(F)F)ccc12,fa20f566016eb3e1,5
,,,O=C(Nc1ccc(OC(F)(F)F)cc1)c1cncc(-c2cccnc2)c1,02be9b8fc84644fe,15
,,,O=C(Nc1cccc(-c2cc3ncccc3[nH]2)c1)c1ccccc1,daf7d82bdc69a3af,13
,,,O=C(Nc1cnn(Cc2ccc(C(F)(F)F)cc2C(F)(F)F)c1)c1cc(-c2ccccn2)on1,b2dd46927f572814,9
,,,O=C(Nc1cnn(Cc2ccc(C(F)(F)F)cc2C(F)(F)F)c1)c1cc(-c2ccco2)on1,0543dc0907b6b34c,11
,,,O=C(Nc1cnn(Cc2ccc(C(F)(F)F)cc2C(F)(F)F)c1)c1cc(-c2cccs2)on1,6da074fdbd26f932,13
,,,O=C(Nc1cnn(Cc2ccc(C(F)(F)F)cc2C(F)(F)F)c1)c1cc(-c2cnccn2)on1,c65b4b10f3187650,9
,,,O=C(Nc1cnn(Cc2ccc(C(F)(F)F)cc2C(F)(F)F)c1)c1cc(-c2ncccn2)on1,62f876eb391225a6,4
,,,O=C(Nc1nc2cc(F)c(C(F)(F)F)cc2s1)C1CC1,893e35f11b4cec14,2
,,,O=C(Nc1nc2ccc(C(F)(F)F)cc2s1)C1CC1,1da299fffa35712e,3
,,,O=C(Nc1nc2ccc(Cl)cc2s1)C1CC1,3ec2feddf34ba0c4,2
,,,O=C(Nc1nc2ccc([N+](=O)[O-])cc2s1)C1CC1,a10fba477ae2d48b,2
,,,O=C(O)COc1ccc([C@H]2CC[C@]3(CC2)OOC2(O3)C3CC4CC2CC(C3)C4(F)F)cc1,744d04818dfd5464,3
,,,O=C(O)c1cc([C@H]2CC[C@]3(CC2)OOC2(O3)C3CC4CC(C3)CC2C4)ccc1O,847e41865f04463c,6
,,,O=C(O)c1ccc(/C=C2\SC(=S)N(c3cccc(C(F)(F)F)c3)C2=O)cc1,44bf6cf938c68a05,7
,,,O=C(O)c1cccc([C@H]2CC[C@]3(CC2)OOC2(O3)C3CC4CC(C3)CC2C4)c1,02285cc777752e0f,1
,,,O=C(c1cc(C(F)(F)F)n[nH]1)N1CCCC(c2cc3ncccc3[nH]2)C1,442b2bc6c68e96b5,4
,,,O=C(c1cc(C(F)(F)F)no1)N1CCC(c2cc3ncccc3[nH]2)C1,be78bc4bc1affaa0,14
,,,O=C(c1cc(C(F)(F)F)no1)N1CCCC(c2cc3nc(NCc4ccccc4)ccc3[nH]2)C1,6530ade24bd9157e,4
,,,O=C(c1cc(C(F)(F)F)no1)N1CCCC(c2cc3ncc(-c4ccccc4)cc3[nH]2)C1,bb001d237af587b7,6
,,,O=C(c1cc(C(F)(F)F)no1)N1CCCC(c2cc3ncc(Br)cc3[nH]2)C1,448d67c002126362,3
,,,O=C(c1cc(C(F)(F)F)no1)N1CCCC(c2cc3ncccc3[nH]2)C1,81accc26adddcb44,4
,,,O=C(c1cc(C(F)(F)F)no1)N1CCOC(c2cc3ncccc3[nH]2)C1,e939749c0c5de0c2,5
,,,O=C(c1cc(C2CC2)no1)N1CCCC(c2cc3ncccc3[nH]2)C1,9e027fb87f0d52b8,3
,,,O=C(c1cc(C2CC2)on1)N1CCCC(c2cc3ncccc3[nH]2)C1,c3a23c986a67f44e,5
,,,O=C(c1cc2cccnc2n1-c1cc(F)c(Cl)c(F)c1)N1CC(F)(F)C1,f83f2e53a2833ed1,4
,,,O=C(c1ccc(-c2nc3ccccc3o2)cc1)N1CCN(C(=O)C2(O)CC2)CC1,a0d995d136a93b82,2
,,,O=C(c1ccc(/C=C2\SC(=S)N(c3cccc(C(F)(F)F)c3)C2=O)cc1)N1CCC(O)CC1,61be27bc401ef6cd,13
,,,O=C(c1ccc(/C=C2\SC(=S)N(c3cccc(OC(F)(F)F)c3)C2=O)cc1)N1CCOCC1,8b88d2f3853690f1,6
,,,O=C(c1ccc(C(F)(F)F)nc1)N1CCCC(c2cc3ncccc3[nH]2)C1,a990fa93195ccc80,8
,,,O=C(c1ccc(Cl)c(Cl)c1)N1CCC(CNCCCc2c[nH]c3ccc(F)cc23)CC1,0ccf437360af4315,2
,,,O=C(c1ccc(F)c(Cl)c1)N1CCC(CNCCCCc2c[nH]c3ccc(F)cc23)CC1,a7e3c615677f354a,2
,,,O=C(c1ccc(F)c(Cl)c1)N1CCC(CNCCCc2c[nH]c3ccc(F)cc23)CC1,c7247b09d6f24314,1
,,,O=C(c1ccc(F)cc1)N1CC=C(c2cc3ncccc3[nH]2)CC1,7a293f130201a6d4,9
,,,O=C(c1ccc(F)cc1)N1CCC(c2cc3ncccc3[nH]2)C1,3d93342c4dce6ff3,8
,,,O=C(c1ccc(F)cc1)N1CCCC(c2cc3nc(C(F)(F)F)ccc3[nH]2)C1,d23081bb8460c4f0,1
,,,O=C(c1ccc(F)cc1)N1CCCC(c2cc3nc(Cl)ccc3[nH]2)C1,7b5d839172d79ca3,1
,,,O=C(c1ccc(F)cc1)N1CCCC(c2cc3nc(N4CCCC4)ccc3[nH]2)C1,505baab186b80f72,2
,,,O=C(c1ccc(F)cc1)N1CCCC(c2cc3ncc(Cl)cc3[nH]2)C1,1a2451047f9cb1c2,1
,,,O=C(c1ccc(F)cc1)N1CCCC(c2cc3ncccc3[nH]2)C1,129b6fb703005bca,2
,,,O=C(c1ccc2c(c1)OCCO2)c1c[nH]c(-c2c[nH]c3ccccc23)n1,13c057fbbdcac2ea,11
,,,O=C(c1ccc2c(c1)OCO2)c1c[nH]c(-c2c[nH]c3ccccc23)n1,6e6ff5b64b8d0c36,7
,,,O=C(c1cccc(Cl)c1)N1CCC(CNCCCc2c[nH]c3ccc(F)cc23)CC1,36cf4232aae5cbc4,3
,,,O=C(c1ccccc1)N1C=C(c2cc3ncccc3[nH]2)CCC1,52714b6661fe2b05,7
,,,O=C(c1ccccc1)N1CC=C(c2cc3ccccc3[nH]2)CC1,a78ef3765cb19405,7
,,,O=C(c1ccccc1)N1CCC(O)(c2cc3ncccc3[nH]2)CC1,b43010ea36cb62b3,9
,,,O=C(c1ccccc1)N1CCCC(c2cc3ncccc3[nH]2)C1,ed047b15a5cc8885,3
,,,O=C(c1ccccc1)N1CCCC(c2cc3ncccn3n2)C1,b47d797fbaa0b33c,9
,,,O=C(c1ccccc1)N1CCCC(c2cn3nc(Cl)ccc3n2)C1,56206d23ee65ea2b,6
,,,O=C(c1nc2cccnc2n1-c1ccc(Cl)c(Cl)c1)N1CC(C(F)(F)F)C1,f317e0086c499164,8
,,,O=C(c1nc2cccnc2n1-c1ccc(Cl)c(Cl)c1)N1CC(F)(F)C1,751653ae48e66075,4
,,,O=C(c1nc2cccnc2n1-c1ccc(Cl)c(Cl)c1)N1CCC1,359bf339c420fc86,4
,,,O=C1C2CCCN2C(=O)N1c1ccc(F)c(C(F)(F)F)c1,17dedccaf2a79641,8
,,,O=C1NC2(CC2)COc2ncc(F)cc2[C@H]2CCCCN2c2ccn3ncc1c3n2,882aa7d580fe36ad,6
,,,O=C1NC2(CC2)COc2ncc(F)cc2[C@H]2CNCCN2c2ccn3ncc1c3n2,10a39568483feac1,5
,,,O=C1NC2(CC2)COc2ncc(F)cc2[C@H]2COCCN2c2ccn3ncc1c3n2,ba9bafc4a759436b,6
,,,O=C1NC2(CCCC2)C(=O)N1c1ccc(F)c(C(F)(F)F)c1,e300a7f18625cdcb,8
,,,O=C1NC2(CCCCC2)C(=O)N1c1ccc(F)c(C(F)(F)F)c1,f087d1f1c13ca8b2,6
,,,O=C1N[C@H](c2ccccc2)C(=O)N1c1ccc(F)c(C(F)F)c1,cdb8557f516a3468,2
,,,O=C1N[C@H](c2nnc(C(F)(F)F)[nH]2)CCCCOc2cccc(c2)C[C@H](N2CCCC2=O)C(=O)N[C@H]1CCc1ccccc1,fc8fdc740231d514,1
,,,O=C1c2ccc(Cl)cc2CN1c1cccnc1,a72a54b6ccfc1245,2
,,,O=C1c2ccccc2CN1CCc1cc2ncccc2[nH]1,a44dcbd7511b88c2,4
,,,O=S(=O)(Nc1cccc(F)n1)c1cc(F)c(OC2CCN(CC(F)(F)F)CC2c2ccc(F)c(F)c2)cc1F,e5f0c19bd76d825d,13
,,,O=S(=O)(Nc1cccc(F)n1)c1cc(F)c(O[C@H]2CCN(CC(F)(F)F)C[C@@H]2c2ccc(F)c(F)c2)c(F)c1,107d73b1230d8b50,2
,,,O=S(=O)(Nc1cccc(F)n1)c1cc(F)c(O[C@H]2CCN(CC(F)(F)F)C[C@@H]2c2ccc(F)c(F)c2)c(F)c1F,74fd40297a8761b6,4
,,,O=S(=O)(Nc1cccc(F)n1)c1cc(F)c(O[C@H]2CCN(CC(F)(F)F)C[C@@H]2c2ccc(F)c(F)c2)cc1F,b4bbe0d83bd0d71f,3
,,,O=S(=O)(Nc1cccc(F)n1)c1cc(F)c(O[C@H]2CCN(CC(F)(F)F)C[C@@H]2c2ccc(F)cc2)cc1F,355324ef7101ada2,9
,,,O=S(=O)(Nc1cccc(F)n1)c1cc(F)c(O[C@H]2CCN(CC(F)(F)F)C[C@@H]2c2ccc(F)cc2F)cc1F,1c46450b4d003358,9
,,,O=S(=O)(Nc1cccc(F)n1)c1cc(F)c(O[C@H]2CCN(CC(F)(F)F)C[C@@H]2c2cccc(F)c2)cc1F,f13fd1cc4cb4c786,4
,,,O=S(=O)(Nc1cccc(F)n1)c1cc(F)c(O[C@H]2CCN(CC(F)(F)F)C[C@@H]2c2ccccc2)cc1F,929df31a2d7a697e,7
,,,O=S(=O)(Nc1cccc(F)n1)c1cc(F)c(O[C@H]2CCN(CC(F)(F)F)C[C@@H]2c2ccccc2F)cc1F,9b07d6b9a4cd7db2,2
,,,O=S(=O)(Nc1cccc(F)n1)c1cnc(O[C@H]2CCN(CC(F)(F)F)C[C@@H]2c2ccc(F)c(F)c2)c(F)c1,ef882a1c075e3e6b,1
,,,O=S(=O)(Nc1cscn1)c1cc(F)c(O[C@H]2CCN(CC(F)(F)F)C[C@@H]2c2ccc(F)c(F)c2)cc1F,97fc73831c5f4349,4
,,,O=S(=O)(c1ccccc1OC(F)(F)F)N(Cc1ccccc1)Cc1ccccc1,d53ac5cff0b0b0ba,16
,,,O=c1[nH]nc(-c2ccc(Cl)c(C(F)(F)F)c2)s1,4ad08276ce398a5e,2
,,,O=c1ccc(-c2cc(C(F)(F)F)c3nn([C@H]4CCNC[C@@H]4F)cc3c2)c2n1CCC2,09aa13fe6e573211,5
,,,O=c1ccc2cnc3ccc(-c4ccc(N5CCNCC5)nc4)cc3c2n1-c1cccc(C(F)(F)F)c1,3a02d6854df2c23b,7
,,,O=c1nc(N2CC3CCC2CN3CC2CCCCC2)sc2c([N+](=O)[O-])cc(C(F)(F)F)cc12,d8cc7d5aac85d551,6
,,,O=c1nc(N2CCC3(CC2)CC3)sc2c([N+](=O)[O-])cc(C(F)(F)F)cc12,651d7d1cc4c994ed,5
,,,O=c1nc(N2CCN(CC3CCCCC3)CC2)sc2c([N+](=O)[O-])cc(C(F)(F)F)cc12,94e4819dbf4c8bec,3
,,,O=c1nc(N2C[C@@H]3[C@H](C2)[C@H]3NCC2CCCCC2)sc2c([N+](=O)[O-])cc(C(F)(F)F)cc12,7543a3404f5df437,6
,,,O=c1nc(N2C[C@H]3C[C@@H]2CN3CC2CCCCC2)sc2c([N+](=O)[O-])cc(C(F)(F)F)cc12,705c4525b725dfac,4
,,,O=c1nc(OCC2COCCO2)cc2n1CCc1cc(C#CC3CC3)ccc1-2,6300c491cdb5f9b0,3
,,,O=c1nc(OCC2COCCO2)cc2n1CCc1cc(CCc3ccccn3)ccc1-2,15d6c6b68ff024f9,4
,,,OC(CNc1nccc(-c2sc(C3CCNCC3)nc2-c2ccc(F)cc2)n1)c1ccncc1,4a28d37cb484ba25,1
,,,OC1(c2cc3ncccc3[nH]2)CCN(Cc2ccccc2)CC1,bfe775357bd44408,9
,,,OC1Cc2cc(Cl)ccc2-n2c(nnc2[C@H]2CC[C@H](Oc3ccccn3)CC2)C1,63674b27e6ce53ec,4
,,,OCCCSc1nncc(-c2cnnc(SCCCO)n2)n1,0d718a0aa8f6e963,5
,,,OCc1cn(-c2ccc(Cl)c(C(F)(F)F)c2Cl)nn1,e44e0c4314f12867,8
,,,OCc1cn(-c2ccc(Cl)c(Cl)c2)nn1,cd2c663e13452619,6
,,,O[C@@H](C[C@H]1c2ccccc2-c2cncn21)C1CCCCC1,bf0a7133f2cc14ca,3
,,,O[C@@H]1CCCC[C@H]1[C@H]1c2ccccc2-c2cncn21,ef943230a69fd278,2
,,,O[C@@H]1CCC[C@H]1[C@H]1c2ccccc2-c2cncn21,57bb44e871119542,8
,,,O[C@@H]1CC[C@H]1[C@H]1c2ccccc2-c2cncn21,3cd9f63cc26bbbcc,6
,,,O[C@@H]1Cc2cc(Cl)ccc2-n2c(nnc2[C@H]2CC[C@H](Oc3ccccn3)CC2)C1,36c112022997bca1,5
,,,O[C@@H]1c2ccccc2CC[C@H]1[C@H]1c2ccccc2-c2cncn21,787e3376a5ca3cbd,2
,,,O[C@@H]1c2ccncc2CC[C@H]1[C@H]1c2ccccc2-c2cncn21,a762febe8e56b428,2
,,,O[C@@H]1c2cnccc2CC[C@H]1[C@H]1c2ccccc2-c2cncn21,82a8901969d99789,3
,,,O[C@H]1Cc2cc(Cl)ccc2-n2c(nnc2[C@H]2CC[C@H](Oc3ccccn3)CC2)C1,868a8adef29e2b80,3
,,,[2H]c1c([2H])c([2H])c(-c2ccc([C@H](Cn3ccnc3)NC(=O)c3ccc(-c4nnc(-c5ccccc5)o4)cc3)c(Cl)c2)c([2H])c1[2H],ec1210c363896c26,20
,,,c1ccc(N2CCC(c3nnc4n3-c3ccccc3CCC4)CC2)nc1,9a1c13f2b0336126,7
,,,c1ccc(O[C@H]2CC[C@H](c3nnc4n3-c3ccccc3CCC4)CC2)nc1,25da4bbd758a62cf,6
,,,c1ccc2c(c1)-c1cncn1[C@H]2C1CCCCC1,9303c6f88665eec2,1
,,,c1nnc(SC2CCCC2)nc1-c1cnnc(SC2CCCC2)n1,6b6e6cad52cef7ea,10
