Molecule Name,DTXSID,CASRN,SMILES,id,nconf
,,,CC(C)C[C@@H]1NC(=O)[C@H](Cc2ccc(O)cc2)NC(=O)[C@@H]2CCCN2C(=O)[C@@H](CC(C)C)NC(=O)[C@@H](CC(C)C)N(C)C(=O)[C@@H](CC(C)C)N(C)C1=O,12dab3508c0b7d25,1
,,,COC(=O)N[C@H](C(=O)NN(Cc1ccc(Br)cc1)C[C@@](O)(Cc1ccccc1)C(=O)N[C@H]1c2ccccc2C[C@H]1O)C(C)(C)C,5092384cb7f7a6ae,1
,,,Cc1cc(Cc2ccc(C(=O)NC3CN(CC(C)(C)C)CC3C(=O)NO)cc2)c2ccccc2n1,a9d3320627acb54b,9
,,,CNCC1(c2ccc(N3CCc4c(C(N)=O)nn(-c5ccc(OC)cc5)c4C3=O)cc2)CC1,20e9dbaad1c38d1b,14
,,,Brc1ccc(C2(Cc3cccnc3)c3ccccc3-c3nccn32)cc1,dcd3a453a1ca217c,8
,,,CS(=O)(=O)Nc1ccc2c(c1)S(=O)(=O)N=C(C1=C(O)C3C4CCC(C4)C3N(Cc3ccc(F)cc3)C1=O)N2,867fd6add7f0e6e7,6
,,,CCn1c(Cc2nc(N3CCOCC3)cc(=O)[nH]2)nc2ccccc21,c3437c577c68785a,7
,,,CCCCCC1CN(C(=O)c2ccccc2)CCN1C(=O)C(=O)c1c[nH]c2cccc(F)c12,e5c281cd8e810ac4,3
,,,O=C(NC1(C(=O)N[C@H](Cc2ccccc2)C(=O)NCCC(=O)N2CCN(C3CCOCC3)CC2)CCCC1)c1cc2ccccc2s1,d3842963a8aa065d,7
,,,CCc1ccc(NC(=O)c2ccnn2CCc2ccncc2)cc1,447c7d6ebd16e531,3
,,,N#Cc1ccccc1Cn1c(N2CCC[C@@H](N)C2)nc2c(Br)cnc-2c1O,e853d124e62a79bc,6
,,,O=C(O)c1ccccc1-c1ccc(CN2CCC(COC(=O)c3c4n(c5ccccc35)CCCO4)CC2)cc1,3674d3e81a15eb22,4
,,,Cc1cc(C=CC#N)cc(C)c1Nc1ccnc(Nc2ccc(C#N)cc2)n1,1573626e182ccbbb,15
,,,CC(C)COC1C(C)C(n2ccc(N)nc2=O)OC1(CO)N=[N+]=[N-],055c8492a316e68a,6
,,,NC(CC(=O)N1CCCC1c1noc(C2(C(F)(F)F)CC2)n1)Cc1cc(F)c(F)cc1F,cf9939489753c4a7,8
,,,COc1ccc(NC(=O)c2c(C)[nH]n(-c3ccccn3)c2=O)cc1F,b180bbee3718ed4e,2
,,,Cn1cc(-c2cnc(Nc3cccc(Cn4nc(-c5cnn(C)c5)ccc4=O)c3)nc2)cn1,6fddd67d7d502ab7,8
,,,O=C(CCc1ncc(-c2ccccc2)o1)NC1OC(CO)C(O)C(O)C1O,6aa1c080bb9a3426,2
,,,O=C(NC(Cc1ccccc1)C(=O)NCCC(O)(P(=O)(O)O)P(=O)(O)O)C1CCCN1,ec3de79875bc36ba,2
,,,COc1c(-c2nc3cc(NS(C)(=O)=O)ccc3o2)cc(-c2ccc[nH]c2=O)cc1C(C)(C)C,1fb0ab9a5e5965da,10
,,,NC(CC(=O)N1CCCC1c1nc(-c2ncc(F)cc2F)no1)Cc1cc(F)c(F)cc1F,64213447759f0029,3
,,,Cc1cc(COc2ccc(NC(=O)C3CCN(C(=O)OC4CC4)CC3C(=O)NO)cc2)c2ccccc2n1,f20854d2d6251337,3
,,,N=C(N)c1cccc(CC(CC(=O)N2CCC(C(=O)O)CC2)NS(=O)(=O)c2ccc3ccccc3c2)c1,240861b740eb286f,3
,,,N=C(N)NCCCC(NC(=O)C(CCCNC(=N)N)NC(=O)C(CCCNC(=N)N)NC(=O)C(CCCNC(=N)N)NC(=O)C(CCCNC(=N)N)NC(=O)C(CCCNC(=N)N)NC(=O)C(CCCNC(=N)N)NC(=O)CCCNC(=S)Nc1ccc(-c2c3ccc(=O)cc-3oc3ccccc23)c(C(=O)O)c1)C(N)=O,8721707b589d05f4,1
,,,c1cn2cc(-c3ccc4c[nH]nc4c3)nc(Nc3ccc(N4CCOCC4)cc3)c2n1,ba15458bf322c3c2,6
,,,COc1ccc2c(OC3CC4C(=O)NC5(C(=O)NS(=O)(=O)C6CC6)CC5C=CCCCCN(C)C(=O)C4C3)cc(-c3csc(NC(C)C)n3)nc2c1,74e0a1902ec23545,1
,,,CN1C(=O)CC(N2CCN(CCCN3c4ccccc4Sc4ccc(CC(=O)O)cc43)CC2)N(C)C1=O,a253589f35520d86,1
,,,NC(=O)c1cncc(-c2ccc(C3CCC(CCO)CC3)cc2)n1,0b9f474375d51686,14
,,,CC(C)CC1CN(C(=O)c2ccccc2)CCN1C(=O)C(=O)c1c[nH]c2cccc(F)c12,bf59e24e8a2dc7ce,4
,,,CC[C@H](C)[C@H](NC(=O)[C@H](CCC(N)=O)NC(=O)[C@H](CCCCN)NC(=O)[C@H](CCCN=C(N)N)NC(=O)[C@H](CC(C)C)NC(=O)[C@H](CCCN=C(N)N)NC(=O)[C@@H](NC(=O)[C@H](Cc1ccc(O)cc1)NC(=O)[C@H](CC(N)=O)NC(=O)[C@H](CC(=O)O)NC(=O)[C@@H](NC(=O)[C@H](Cc1ccccc1)NC(=O)[C@@H](NC(=O)[C@H](C)NC(=O)[C@H](CC(=O)O)NC(=O)[C@H](CO)NC(=O)[C@@H](N)Cc1c[nH]cn1)C(C)C)[C@@H](C)O)[C@@H](C)O)C(=O)N[C@@H](C)C(=O)N[C@H](C(=O)N[C@@H](CCCCN)C(=O)N[C@@H](CCCCN)C(=O)N[C@@H](Cc1ccc(O)cc1)C(=O)N[C@@H](CC(C)C)C(=O)N[C@@H](CC(N)=O)C(=O)N[C@@H](CO)C(=O)N[C@H](C(=O)N[C@@H](CC(C)C)C(=O)N[C@@H](CC(N)=O)C(=O)NCC(=O)N[C@@H](CCCCN)C(=O)O)[C@@H](C)CC)C(C)C,4221835dc90fd00a,1
,,,CC(C)Oc1cccc(-c2ccnc(N3CCC(C(N)=O)CC3)n2)c1,c54601838dce5dd2,6
,,,CC(C)CC1NC(=O)C(CC(C)C)N(C)C(=O)C(Cc2ccc(O)cc2)NC(=O)C2CCCN2C(=O)C2CCCN2C(=O)C(CC(C)C)NC1=O,ed53cb8e861ee585,4
,,,COC(=O)N1CCC(CN2CC(c3ccccc3)N(C3CCN(C4(C)CCN(C(=O)c5c(C)ncnc5C)CC4)CC3)C2=O)CC1,39acd8113a80fee5,7
,,,CCOC(=O)N1CCN(CCCCCCCN2C3CCC2CC(NC(=O)c2cc4ccccc4n(C(C)C)c2=O)C3)CC1,eaae433b138a3a22,4
,,,O=C(Nc1ccccc1)c1ccc(N2CCN(C(=O)c3ccccc3C(F)(F)F)CC2)nn1,c2eba4d6b892cc15,6
,,,CC(=O)c1ccc2c(c1)N1C(=O)OCC1CC2,480819e98a2b425d,3
,,,COc1cc(C)ccc1S(=O)(=O)NC(=O)C(c1ccc2c(c1)OCO2)c1cn(C)c2cc(CO)ccc12,ef1b6cc3fa45c32d,3
,,,Cn1c(=O)c2nc[nH]c2n(C)c1=O,d1a569f3c977be63,2
,,,COc1cc(Oc2ccc(C3NC(=O)C(NC(=O)OC(C)(C)C)CCCCCC=CCCCS(=O)(=O)NC(=O)c4ccccc4NC3=O)cc2)nc(-c2ccccc2)n1,f5da4d6bbbe61978,6
,,,COc1ccccc1C(=O)C=Cc1ncccc1C(F)(F)F,75826605fba91eec,8
,,,COc1ccc(-n2nc(C(F)(F)F)c3c2C(=O)N(c2ccc(C4(C5=NCCO5)CC4)cc2)CC3)cc1,ee74f578cb9bc31d,16
,,,Cc1cc(COc2ccc(NC(=O)C3C(C(=O)NO)CCCN3C)cc2)c2ccccc2n1,80921e10a05af139,6
,,,Cc1nc(-n2ccc(OCc3cscn3)cc2=O)sc1C(=O)NCc1ccccc1,67d1ec9347691483,7
,,,O=c1c2cccnc2n(Cc2ccccc2)c(=O)n1Cc1ccccc1,eb8f212c15a25509,4
,,,CN1CCC(Oc2ccc(C(=O)Nc3[nH]nc4ccc(Cc5cc(F)cc(F)c5)cc34)c(NC3CCOCC3)c2)CC1,aebbfe85b2b66c51,2
,,,COc1cc2c(cc1OC)CN(C(=O)c1ccc(-c3ccc(O)cc3)cc1)CC2,4741423973733a51,15
,,,CN(Cc1ccc(F)cc1)C(=O)[C@@]1(c2ccc(Cl)c(Cl)c2)C[C@H]1CN1CCN(C(=O)CN2CCOCC2)CC1,2cf3ad15c94b6b43,5
,,,N#Cc1ccc2nc(NC(Cc3ccc(C4CC(=O)NS4(=O)=O)cc3)c3nc4ccccc4[nH]3)sc2c1,9d1390c74a42da0c,4
,,,CNC(=O)c1cc(Oc2ccc3oc(Nc4ccc(Oc5ccccc5)cc4)nc3c2)ccn1,a4f203da4d1cd2e0,20
,,,CC(C)c1nc2ccccc2n1Cc1ccc(C(=O)N[C@@H]2CCC[C@@H]2C(=O)NO)cc1,6a3e3740bece83a1,14
,,,O=C1Cc2cc(C(=O)N[C@H]3C[C@H]4CC[C@@H](C3)N4S(=O)(=O)N3CCC(NCc4ccccc4)CC3)c(Cl)cc2N1,073ee3c98375fd1d,5
,,,CO[C@H]1C[C@H]2OC[C@@]2(OC(C)=O)[C@H]2[C@H](OC(=O)c3ccccc3)[C@]3(O)C[C@H](OC(=O)[C@H](O)[C@H](CC(C)C)NC(=O)OC(C)(C)C)C(C)=C([C@@H](OC(=O)N(C)C)C(=O)[C@]12C)C3(C)C,31bacb2c8bfdc35d,2
,,,COC(=O)N1CCc2c(nc(C)n2[C@H]2C[C@H]3CC[C@@H](C2)N3CC[C@H](NC(C)=O)c2cccc(F)c2)C1,a6a1725cecd4380c,2
,,,Cc1c(-c2ccccn2)cccc1S(=O)(=O)NC(CCCc1ccc(N)cn1)C(=O)N1CCC(=C(F)F)CC1,20cdd7b71b0647e4,4
,,,CC(C)c1cccc(Nc2nc3cc(Oc4ccnc(C(=O)NCCN5CCOCC5)c4)ccc3o2)c1,86055de6c32473b5,6
,,,CC(=O)Nc1ccc(O)cc1OCC(N)CN1CCC2(CC1)Cc1ccccc1O2,bd9ccf496f24885d,2
,,,O=C(C=C1CCN(C(=O)c2ccccc2O)CC1)NC1CCN(Cc2ccc3cc(F)ccc3c2)C1,44c9051e9374bc62,1
,,,COc1ccc2c(O[C@@H]3C[C@H]4C(=O)N[C@]5(C(=O)NS(=O)(=O)C6CC6)C[C@H]5/C=C\CCCCNC(=O)N4C3)cc(-c3nc(C(C)C)cs3)nc2c1,856977f18f97b335,4
,,,Cc1c(Nc2c(C#N)cncc2C=CCCN2CCCC(N)C2)ccc2[nH]ccc12,a13af875a7430981,3
,,,COc1cccc(/C=C2\CNC/C(=C\c3cccc(OC)c3OC)C2=O)c1OC,6f07f81e461f797d,6
,,,CC(O)C1NC(=O)C(CCCCN)NC(=O)C(Cc2c[nH]c3ccccc23)N(C)C(=O)C(Cc2ccccc2)NC(=O)C2CCCN2C(=O)C(Cc2ccccc2)NC1=O,4e9f39b4736fff0c,4
,,,COc1cc2c(cc1OC)CN(Cc1coc(-c3ccc4cc(Br)ccc4c3)n1)CC2,9e2435497c266f95,7
,,,O=C(OCC1CCN(Cc2ccc(-c3ccccc3-c3nn[nH]n3)cc2)CC1)c1c2n(c3ccccc13)CCCO2,e0f007ad9eef6b72,4
,,,COc1cccc(-c2cccc(C3(c4ccncc4)N=C(C)C(N)=N3)c2)c1,afdf2c55367ba780,14
,,,CC(O)C1NC(=O)C(CCCCN)NC(=O)C(Cc2c[nH]c3ccccc23)NC(=O)C(Cc2ccccc2)NC(=O)C2CCCN2C(=O)C(Cc2ccccc2)NC1=O,4de54197b7d3311b,2
,,,CC1CN(C(=O)c2ccccc2)C(C)CN1C(=O)C(=O)c1c[nH]c2cccc(F)c12,bba99407217ee73b,6
,,,CC(C)C[C@H](CO)Nc1nc(SCc2ccccn2)nc2nc(N)sc12,ff839ae5007e6d77,3
,,,N#Cc1ccccc1Cn1c(N2CCC[C@@H](N)C2)nc2nc(-c3ccc(C(F)(F)F)cc3)cc-2c1O,eac9efe2f71f6894,5
,,,NC[C@@H](NC(=O)C[C@H]1CNC(=O)c2cc(-c3cccc(F)c3)cn21)C1CCCCC1,d77ee785648071f5,3
,,,CCc1cc(-c2c[nH]c3ncc(-c4cnn(CC(C)C)c4)cc23)nc(N)n1,09d1c1234bfb9113,24
,,,CCC(=O)N(C)c1cc2c(NCc3ccc(OC)c(Cl)c3)ncnc2c(CCO)c1OC,0373a6deccf74c73,8
,,,COc1cc2nc(N3CCN(C(=O)c4occc4Cl)CC3)nc(N)c2cc1OC,42481d09bc8da60b,6
,,,CC(C)c1ccc2c(c1)CCC1C(C)(CNS(=O)(=O)c3c(F)c(F)c(F)c(F)c3F)CCCC21C,e6c3aceeb308410c,1
,,,CC[C@H](C)[C@@H]1NC(=O)[C@@H]2CCCN2C(=O)[C@H](CC(C)C)NC(=O)[C@@H]2CCCN2C(=O)[C@H](Cc2ccccc2)NC(=O)[C@H](C)NC(=O)c2csc1n2,0e0df7b28608a55b,2
,,,Cc1cc(COc2ccc(C(=O)NC3CNCCC3C(=O)NO)cc2)c2ccccc2n1,182314274de4ba3e,1
,,,CC(=O)N1CCN(C2CC(n3cc(-c4cccc(OCC56CCC(CC5)O6)c4)c4c(N)ncnc43)C2)CC1,72a938c4a5602d39,4
,,,Cn1cncc1CN1CC(N(CC2CCN(C(=O)Nc3ccc(Br)cc3)CC2)S(=O)(=O)c2ccccn2)Cc2cc(C#N)ccc21,caec5e8517408e35,2
,,,CC(C)NCC(COc1ccc(CCOCC2CC2)cc1)OC(=O)C1CC1,94e83eff8fc7ddea,7
,,,CCCCOC(=O)COc1ccc(C(=O)CN2CCN(C3CCNCC3)CC2=O)cc1,08e487a6d8e8beed,1
,,,Cc1cc(COc2ccc(C(=O)NC3CCCCC3C(=O)NO)cc2)c2ccccc2n1,f4d36210545bd7dd,3
,,,CN(C(=O)COc1ccccc1)c1ccc(C(O)(C(F)(F)F)C(F)(F)F)cc1,d25e01a60cfecb02,5
,,,O=[N+]([O-])c1cn2c(n1)OCC(OCc1ccc(N3CCSCC3)cc1)C2,1d0510f6ba745104,7
,,,O=C(O)CCCN1CC(C(=O)O)Oc2c(C=Cc3ccc(OCCCCc4ccccc4)cc3)cccc21,d7b811e39c78b3e6,5
,,,CCc1cc(-c2ccc(C(F)(F)F)o2)n(-c2ccc3c(c2)nc(-c2cc(C(=O)N4CCCC4)ccc2O)n3Cc2cc(C)c(=O)n(C)c2)n1,c4cbc72cffae5fb8,3
,,,CO/C(O)=C1/C(C)=NC(C)=C(C(=O)OCCN(C)Cc2ccccc2)C1c1cccc([N+](=O)[O-])c1,3de34972f3a84184,5
,,,COc1cc(OC2CC3C(=O)NC4(C(=O)NS(=O)(=O)C5CC5)CC4C=CCCCCCC(NC(=O)OC(C)(C)C)C(=O)N3C2)c2ccc(OC)c(C)c2n1,ac47206d04bf15dc,3
,,,Cc1cc(COc2ccc(C(=O)NC3(CC(=O)NO)CCN(c4ccccc4)CC3)cc2)c2ccccc2n1,0a205e8c4d7e0107,2
,,,CCc1c(CCCC(=O)O)cccc1-c1nnc(-c2ccc(OC(C)C)c(C#N)c2)o1,d34d983d4df8b819,16
,,,Cc1c(F)cccc1Cc1c(C(=O)N2CCNCC2)c2cnccc2n1-c1ccccc1,f6d7d950ae72177b,2
,,,CCC(C(=O)O)c1ccc2c(c1)N(CCCN1CCCN(c3cc(=O)n(C)c(=O)n3C)CC1)c1ccccc1S2,c5068d0b2e4555a2,1
,,,C=CCN(C(=O)C1(c2cccs2)CC1CN)C1CC1,5f754ef90c2377b3,10
,,,O=C(c1ccc(F)cc1OCC(O)CN1CCC2(CC1)Cc1cc(Cl)ccc1O2)N1CCC(O)C1,e033b97313a7c441,6
,,,CCC1CC(n2c(=O)nc(-c3ccc(NC)nc3)c3oc4ncc(-c5cnn(C)c5)cc4c32)CCO1,542aa3dff8d433df,1
,,,COc1ccc(Nc2nnc(-c3cccnc3CCc3ccncc3)o2)cc1OC,10a8d7e2f3f61cec,5
,,,CN(C)CCNc1cnc2nnn(Cc3ccc4ncccc4c3)c2n1,ab7a7da9daac70d0,11
,,,COc1ccc(-n2nc(C(N)=O)c3c2C(=O)N(c2ccc(C4(CS(C)(=O)=O)CC4)cc2)CC3)cc1,73ff4406abca0968,14
,,,Cc1[nH]n(-c2ccccn2)c(=O)c1C(=O)Nc1ccc(C(F)(F)F)cc1,dbc3365bb1498eeb,2
,,,COc1ccc(CC(=O)NC(=N)NC(CC2CCCCC2)C(=O)NCc2ccc(-c3nnn[nH]3)cc2)cc1OC,6f29ecb8dcedc917,2
,,,Fc1cccc2c1OC1CNCC1O2,0fd8ea36e86e2402,6
,,,COc1cccc(-c2c(C)n(Cc3c(F)cccc3F)c(=O)n(CC(NCCCC(=O)O)c3ccccc3)c2=O)c1F,ae303b6d17b3041d,2
,,,O=c1n(Cc2nc3ccccc3n2CCCCO)c2cnccc2n1C1CCCC1,c4c6107112a06b24,7
,,,Cc1cnc(NCC(F)(F)c2ccccc2)c(=O)n1CC(=O)NCCONC(=N)N,82a41e1a20c54b09,4
,,,Cc1cc(C(=O)N2CCN(c3ccc(C(=O)NCCC4CC4)nn3)CC2)c(C(F)(F)F)o1,21a2683cc75270a4,8
,,,CN(C)CC(C)(C)Cn1c(CC(C)(C)C)nc2cc(C=CC(=O)NO)ccc21,c88d03e2d2c36c5c,5
,,,C[C@H]1Cn2c(nnc2C2CCC2)CN1C(=O)c1cccc(C(F)(F)c2nnc(O)c3ccccc23)c1,a44888d791ce936a,3
,,,Cc1c(-c2ccc(=O)n(Cc3ccc(F)cc3F)n2)c2cc(F)ccc2n1CC(=O)O,fa0c7d1b5f108b4d,22
,,,C[C@@H](O)[C@@H]1NC(=O)[C@H](CCCCN)NC(=O)[C@@H](Cc2c[nH]c3ccccc23)NC(=O)[C@H](Cc2ccccc2)NC(=O)[C@@H]2CCCN2C(=O)[C@H](Cc2ccccc2)NC1=O,772ccec90d68d9c0,1
,,,O=C(O)[C@@H]1CCCN1CCOc1ccc(-c2ccccc2)cc1Sc1cccc(F)c1,bfbda00d91061afa,6
,,,COc1ccc(C2(c3cccc(Br)c3)N=C(N)N3CC(F)(F)CN=C32)cc1,b0bc001901e37f82,14
,,,NC(=O)CN1CCNC(=O)CCCC(=O)N[C@@H](Cc2ccccc2)C(=O)N[C@H](Cc2ccccc2)C(=O)N[C@@H](CCCN=C(N)N)C(=O)N[C@@H](Cc2c[nH]c3ccccc23)C1=O,045630a2d0ef40e0,2
,,,O=C(OC1CC(n2cc(F)c(=O)[nH]c2=O)OC1CO)c1ccc([N+](=O)[O-])cc1,5d11d7cd4a958d1d,6
,,,CN(C)c1ncc(-c2nc(=O)n(CCC3CCCO3)c3c2oc2ncc(-c4cnn(C)c4)cc23)cn1,f482340972b35c7c,10
,,,CC(=Cc1cc(F)c(OCCCF)cc1F)C(=O)NC1C(O)C(O)C2OCOC2C1OCc1ccccc1C#N,e4979a6bd5ffbefa,4
,,,O=C(Nc1cnc(-c2ccncc2)c(-c2cccnc2)n1)C1CC1,f01c2e23391d8533,6
,,,CNC(=O)[C@@H](NC(=O)[C@@](O)(CCCN(Cc1ccc(Br)cc1)NC(=O)[C@@H](NC(=O)OC)C(C)(C)C)Cc1ccccc1)C(C)(C)C,c90b3858c1bcae03,1
,,,O=C(Cc1nc(N2CCOCC2)cc(=O)[nH]1)Nc1cccc(Br)c1,6bddf3e15b4db8fa,6
,,,COc1ccc2c(O[C@@H]3C[C@H]4C(=O)N[C@]5(C(=O)NS(=O)(=O)C6CC6)C[C@H]5/C=C\CCCCN(C)C(=O)N4C3)nc(-c3ccc(F)cc3)nc2c1C,49866b96a4317277,3
,,,CC(C)CN1C(=O)CN(Cc2ccc(-c3cccc(CN4CCCCC4)n3)cc2)C1=O,4d7feb85f8a6e507,5
,,,O=C(NC1(C(=O)N[C@H](Cc2ccccc2)C(=O)NCC2CCN(CC3CCOCC3)CC2)CCCC1)c1cc2ccc(F)cc2s1,25936655eebb39bd,1
,,,CC(O)C1NC(=O)C(CCCCN)NC(=O)C(Cc2c[nH]c3ccccc23)NC(=O)C(Cc2ccccc2)NC(=O)C2CCCN2C(=O)C(Cc2ccccc2)N(C)C1=O,67b245e1ced0864e,1
,,,O=C(Nc1ccc(O[C@H]2CC[C@@H](C(=O)O)CC2)cc1F)c1nnc(Nc2cc(F)c(F)cc2F)o1,829740915c02226c,4
,,,Cc1cccc(NC(=O)Cc2nc(N3CCOCC3)cc(=O)[nH]2)c1,98b6d71aa43304c3,4
,,,O=C1CCCCN1c1ccc(COC2COc3nc([N+](=O)[O-])cn3C2)cn1,0808da9bc2da75b6,3
,,,CCCCN1C(=O)N(Cc2ccc3[nH]nc(N)c3c2)C(Cc2ccccc2)C(O)C(O)C1Cc1ccccc1,eac33cd27b869055,3
,,,CC(Nc1cc(F)cc(F)c1)c1cc(C(=O)N(C)C)cn2c(=O)cc(N3CCOCC3)nc12,becdfc2df4ad0ea2,7
,,,Cc1ccccc1C[C@H](NC(=O)[C@@H](N)Cc1ccccc1)C(N)=O,a5025e4931bbdab2,11
,,,CC1(C)C2=C3CC4C5=[N+](CCC4OC3CCN2c2ccc(CC(=O)NCCCCCCN(CCOc3ccc(NS(C)(=O)=O)cc3)CCc3ccc(NS(C)(=O)=O)cc3)cc21)c1ccc(S(=O)(=O)[O-])cc1C5(C)C,6120f0b3ad8a77c9,3
,,,COc1cccc(C(=O)Cn2c(=O)c3c(c(C#N)c(N4CCCC(N)C4)n3Cc3ccccc3)n(C)c2=O)c1,c2830c91eae54b87,2
,,,C=CC1CC1(NC(=O)C1CC(n2cc(-c3ccccc3)nn2)CN1C(=O)C(NC(=O)OC1CCCC1)C(C)(C)C)C(=O)NS(=O)(=O)C1CC1,49f4017670398284,1
,,,O=C(O)c1cn(Cc2ccc(-c3ccccc3)cc2)c2c(c1=O)C(O)CCC2,9031ed328678fffb,11
,,,O=C(Nc1nnc(Cc2cc(F)cc(F)c2)s1)c1ccc(OC2CCC(C(=O)O)CC2)cc1,38ce61e4ff717741,1
,,,C=CC1CC1(NC(=O)C1CC(Oc2cc(OCC)nc3c(Br)c(OC)ccc23)CN1C(=O)C(CC(=O)NC(C)(C)C)C(C)(C)C)C(=O)NS(=O)(=O)C1CC1,72c5d3edc7582dcd,2
,,,COc1cc(NC(=O)Cc2nc(N3CCOCC3)cc(=O)[nH]2)ccc1F,9b91d25de5b6bfe6,7
,,,COc1ccc(-n2nc(C(F)(F)F)c3c2C(=O)N(c2ccc(C4(N(C)CCO)CC4)cc2)CC3)cc1,d3d72dff5eee03fa,4
,,,COc1ccc(-c2ccc(OCCN3CCC[C@H]3C(=O)O)c(Sc3cccc(F)c3)c2)cc1,0c5abfe9d7200b3f,7
,,,NC(=O)n1nc(NCC(=O)NC2CN([C@H]3CC[C@@H](c4ccc5c(c4)OCO5)CC3)C2)c2cc(C(F)(F)F)ccc21,e1ded535c91de620,1
,,,N=C(N)NOCCNC(=O)Cn1c(Cl)cnc(NCC(F)(F)c2ccccc2)c1=O,0d934efccfbee195,1
,,,CC#Cc1cncc(-c2cccc(C3(c4ccnc(C(F)F)c4)N=C(N)c4c(F)cccc43)c2)c1,30f3ea967ae821ee,17
,,,CCCCCCCCC(NC(=O)[C@@H](N)CCC(=O)O)C(=O)N[C@@H](Cc1c[nH]c2ccccc12)C(N)=O,43501222df8446e0,3
,,,CC(=O)NC(Cc1ccccc1)C(=O)N(C)C(Cc1ccccc1)C(=O)NC(Cc1ccccc1)C(N)=O,4d17fba5991c6a43,2
,,,Cc1nc2c(cnn2-c2ccccc2)c(=O)n1-c1ccc(Br)cc1,7eeffc10f7bf8fe4,2
,,,CCN1CCN(c2cc3c(cc2F)c(=O)c(C(=O)O)cn3C2CC2)CC1C,8d460e7dc0a9d03d,11
,,,CC(C)CCN1C(=O)C(C2=NS(=O)(=O)c3cc(NS(C)(=O)=O)ccc3N2)=C(O)C2CCCC21,c6fb7050deaadb5f,2
,,,Cn1cc(-c2ccc(Cn3cc(C(=O)O)c(=O)c4c3CCCC4O)cc2)cn1,3378d3bed3d8afac,16
,,,c1cnc(CCc2ccncc2)c(-c2nnc(Nc3cnc4ccccc4c3)o2)c1,9865bf73d18f8ceb,6
,,,CC(C)C(NC(=O)c1ccc(C(=O)N2CCOCC2)cc1)C(=O)N1CCCC1C(=O)NC(C(=O)C(F)(F)C(F)(F)F)C(C)C,07864123e3cc8153,2
,,,O=C(NC1(C(=O)N[C@H](Cc2ccccc2)C(=O)NCC2CCN(C3CCOCC3)CC2)CCCC1)c1cc2ccccc2s1,b4c383a813999393,3
,,,Cc1cc(C(C)Nc2ccccc2C(=O)NS(C)(=O)=O)c2nc(N3CCOCC3)cc(=O)n2c1,da72590f0d9a47d0,5
,,,Nc1noc2ccc(-n3nc(C(F)(F)F)cc3C(=O)Nc3ccc(-c4ccccc4CN4CCCC4)cc3F)cc12,dd8136a1dfcef5aa,9
,,,Cc1noc(C)c1CCC1CCN(S(=O)(=O)CC2(N(O)C=O)CCOCC2)CC1,36b770e92900be30,1
,,,NC(=O)C(Cc1c[nH]c2ccccc12)NC(=O)C(N)CCC(=O)O,8448fa9b85fe73b7,3
,,,NCC1CC1(C(=O)C1NCc2ccccc21)c1ccsc1,4b5de390afef7f54,6
,,,O=C(OC1CC(n2cc(F)c(=O)[nH]c2=O)OC1CO)c1cccnc1,4016e1fcf481ccfd,5
,,,Cc1ncnc(C)c1C(=O)N1CCC(C)(N2CCC(N3C(=O)N(C4CCOCC4)CC3c3ccccc3)CC2)CC1,0989a25e4c937d80,1
,,,N=C(N)SCc1ccccc1C(=O)c1cc([N+](=O)[O-])ccc1CSC(=N)N,9b8884860574cad3,8
,,,CN(C(=O)[C@@H](N)Cc1ccccc1)[C@@H](Cc1ccccc1)C(N)=O,aaa8a8e342387c1d,6
,,,O=c1[nH]ccc2cc(OC3CCCNC3)ccc12,323e422c90c7f0fb,6
,,,CC(C)(C)c1cc(NC(=O)N2CCCN(C(=O)C3CCOCC3)CC2)no1,20eb68065efd8778,2
,,,Cc1nc(C(=O)N2c3cccc(O)c3N=C3CC(C)(C)CC(O)=C3[C@@H]2c2ccc(OCc3ccccc3)cc2F)c(C)o1,dffdee345ac9cf4c,2
,,,Cc1nc(-n2cnn(Cc3ccc(F)cc3)c2=O)sc1C(=O)NCc1cocn1,9c6c63c765d9d905,2
,,,COc1ccc(-n2nc(C#N)c3c2C(=O)N(c2ccc(C4(CS(C)(=O)=O)CC4)cc2)CC3)cc1,1b7909479fac4f88,22
,,,CNC(=O)c1cc(Oc2ccc3sc(Nc4ccc(OC(F)(F)F)cc4)nc3c2)ccn1,b6a67c4a0f4c1413,18
,,,COc1cc2c(cc1OC)CN(CCC=C1CCCCC1)CC2,d1a1b0209c54bd5e,5
,,,COC(=O)[C@H](C)NP(=O)(OC[C@H]1O[C@@H](n2ccc3c(-c4cccs4)ncnc32)[C@H](O)[C@@H]1O)Oc1ccccc1,cf645233e0ed86d0,2
,,,COC(=O)NC(CCN1C2CCC1CC(n1c(C)nc3c1CN(C(=O)OC)CC3)C2)c1cccc(F)c1,3f0e8ec84ecf7688,1
,,,CCN(CC(=O)NC1CC1)C(=O)c1ccc2c(c1)c1c(n2C)CC[C@@H](C2CCOCC2)C1,6aa494200c35a88c,1
,,,CN1CCN(c2ccc(C3CC(c4ccc([N+](=O)[O-])o4)=NO3)cc2)C(=O)C1,fdbbedb8c217bd7e,14
,,,CC(C)c1nc2ccccc2n1Cc1ccc(C(=O)NC2CCOCC2C(=O)NO)cc1,a4b8fac61d77f332,13
,,,Cc1ncnc(C)c1C(=O)N1CC2CN(CCC(c3cccc(F)c3)C3CCN(S(C)(=O)=O)CC3)CC2C1,ed67db201f6fbfc0,3
,,,CCCCS(=O)(=O)N1CC(NC(=O)c2ccc(Cc3cc(C)nc4ccccc34)cc2)C(C(=O)NO)C1,1cb1bb0f1b5879bf,2
,,,Cn1cc(-c2ccc(Cc3[nH]nc4ccc(C(=O)N5CCC(F)(F)C5)cc34)cc2)cn1,ca7a509ca6f766af,8
,,,OC[C@H]1O[C@@H](n2ccc3c(-c4cccs4)ncnc32)[C@H](O)[C@@H]1O,d0261d23bfbb049c,11
,,,COCCOCCOC(=O)C(Cc1ccc(OC(=O)N(C)C)cc1)NC(=O)C1N(S(=O)(=O)c2cnn(C)c2)CSC1(C)C,80cbb12249318ba7,6
,,,COc1cccc(-n2c(=O)n(Cc3ccccc3OC(F)(F)F)c(=O)n(CC(N)c3ccccc3)c2=O)c1F,f9b62126ba884177,17
,,,CC(C)[C@H](NC(=O)[C@H](OCc1ccccc1)[C@H](O)[C@@H](O)[C@@H](OCc1ccccc1)C(=O)N[C@H]1c2ccccc2C[C@H]1O)C(=O)NCCF,e0162aa363acc018,4
,,,Cn1c(-c2ccoc2)c(C2CCCCC2)c2ccc(C(=O)NC(C)(C)C(=O)Nc3ccc(C=CC(=O)O)cc3)cc21,024391ac1434a886,4
,,,CCCCc1nc2cc(C=CC(=O)NO)ccc2n1CCN(CC)CC,c915575dd015762d,5
,,,NC1=NC(c2ccncc2)(c2cccc(-c3cncnc3)c2)c2cccc(F)c21,79cc7286bfbd5962,14
,,,CC(C)CC1NC(=O)C(Cc2ccccc2)N(C)C(=O)C(CC(=O)O)NC(=O)CNC(=O)C(CCCN=C(N)N)N(C)C(=O)CNC1=O,f78327ee3232d1af,1
,,,COc1cccc2c1C(=O)c1c(O)c3c(c(O)c1C2=O)CC(O)(C(=O)CO)CC3OC1CC(N)C(O)C(C)O1,39331eb2a9523b48,2
,,,N#Cc1ccc(OC[C@@H]2CCCN2C(=O)C[C@H](N)Cc2cc(F)c(F)cc2F)nc1,3f581c710366e7c2,12
,,,NC(=O)c1cc(C(=O)N2CCc3cc(-n4ccccc4=O)ccc32)n(-c2ccc3onc(N)c3c2)n1,4680ae643d597eca,1
,,,c1ccc(Cn2nnnc2C(c2ccc3occc3c2)N2CCCN(C3CCC3)CC2)cc1,6a5831e08e5e5867,8
,,,Cc1cc(COc2ccc(C(=O)N[C@@H]3CN(C(C)C)C[C@@H]3C(=O)NO)cc2)c2ccccc2n1,1765da657f0f31f6,10
,,,COc1ccc(N2N=C(S(C)(=O)=O)C3CCN(c4ccc(C5(CN6CCCC6)CC5)cc4)C(=O)C32)cc1,b06408b1544d6e40,9
,,,CC(NC(CCc1ccccc1)C(=O)O)C(=O)N1CCCC1C(=O)O,2e2c1497bf683fc3,1
,,,CCC(C)C1(NC(C)=O)CCN(C(CCc2ccccc2)C(=O)NC(Cc2cc(F)cc(F)c2)C(O)CNCc2cccc(OC)c2)C1=O,1c7013bbc99b1169,10
,,,CC(C)C(N)C(=O)OC1Cc2ccccc2C1NC(=O)C(Cc1ccccc1)CC(O)CN1CCN(Cc2cccnc2)CC1C(=O)NC(C)(C)C,1601fae89c14e3d2,1
,,,N#CC1CCCN1C(=O)C(N)Cc1ccc(-c2ccc(F)cc2F)cc1,cef925449b5c9de8,11
,,,CCN(CC)CCN(Cc1ccc(-c2ccc(C(F)(F)F)cc2)cc1)C(=O)Cn1cc(SC)c(=O)nc1SCc1ccc(F)cc1,6c756aa8d20fa412,2
,,,O=C(O)c1ccc2c(C3CCCCC3)c(-c3ccoc3)n(CC(=O)N3CCOCC3)c2c1,4fd32c414966faf3,1
,,,CC(C)CC(CO)Nc1nc(SCc2ccccn2)nc2nc(N)sc12,ed6ae9a6c7ef04a4,2
,,,Cc1[nH]n(-c2ccccn2)c(=O)c1-c1ccc(C#N)cc1,980d6ec6bf1aa13d,2
,,,CS(=O)(=O)Nc1ccc2c(c1)S(=O)(=O)N=C(C1=C(O)C3CCCC3N(Cc3ccc(F)c(F)c3)C1=O)N2,607afdc608280351,6
,,,CO[C@H]1C(=O)[C@]2(C)CC[C@H]3OC[C@@]3(OC(C)=O)[C@H]2[C@H](OC(=O)c2ccccc2)[C@]2(O)C[C@H](OC(=O)[C@H](O)[C@@H](NC(=O)OC(C)(C)C)c3ccccc3)C(C)=C1C2(C)C,bbaa21d981812ad9,3
,,,Cc1cc(OC(F)(F)F)ccc1-c1c(Oc2ccc(C=CC(=O)O)cc2)c2ccccc2oc1=O,39df47eed94377ff,12
,,,Nc1ncnc2c1c(-c1cccc(OCC34CCC(CC3)O4)c1)cn2C1CC(CN2CC[S+]([O-])CC2)C1,bdc220c4bd3746d9,5
,,,O=C1CCC2(O)C3Cc4ccc(O)c5c4C2(CCN3CC2CC2)C1O5,e2f8108009ebde00,4
,,,COC(=O)OC1CC2OCC2(OC(C)=O)C2C(OC(=O)c3ccccc3)C3(O)CC(OC(=O)C(O)C(CC(C)C)NC(=O)OC(C)(C)C)C(C)=C(C(OC)C(=O)C12C)C3(C)C,6c5fdbb7e5830490,3
,,,O=C(c1ccc(F)cc1OCC(O)CN1CCC2(CC1)Cc1ccccc1O2)N1CCC(O)C1,e831d8779456bdf1,3
,,,Cn1cncc1CN1CC(N(CC2CCN(C(=O)OC(C)(C)C)CC2)S(=O)(=O)c2ccccn2)Cc2cc(C#N)ccc21,2e32280d2cecafc5,2
,,,CC(C)C(C(=O)N(C)C(Cc1ccc(O)c(C(C)(C)C)c1)C(N)=O)N(C)C(=O)C(N)Cc1ccccc1,b62a45019219a07e,1
,,,CC(=O)N1N=C(c2cc(F)ccc2F)SC12c1cc(F)c(F)cc1OCC2CCN,b631449df167b18c,7
,,,CCC1(O)C(=O)OCc2c1cc1n(c2=O)Cc2cc3c(N(O)O)cccc3nc2-1,8efc37cccd30d4d4,9
,,,CC(C)(C)COc1ccc(-c2nc(N)nc(O)c2C#N)cc1OC(F)(F)F,d481aceee6093778,10
,,,CC(C)(C)COc1ccc(-c2nc(N)[nH]c(=O)c2C#N)cc1OC(F)(F)F,5fcb6294df8839f3,12
,,,CC1(C)CN(C(=O)Cc2nc(O)cc(N3CCOCC3)n2)c2ccccc21,f44cb7a4b0e4ad5e,4
,,,CCC1(CC)CNc2ccc(S(=O)(=O)Nc3ccc(F)cc3F)cc2C(=O)N1,7e92bfbfefc45a6b,8
,,,CSc1ccc(C(=O)NC2(C(=O)NC(Cc3ccccc3)C(=O)NCC3CCN(CC4CCOCC4)CC3)CCCC2)cc1,404863615dfaae35,6
,,,Nc1ccc2ccc(CCNCCc3cccc(F)c3)cc2n1,11e4c2b623a61a9f,4
,,,COC1CC2OCC2(OC(C)=O)C2C(OC(=O)c3ccccc3)C3(O)CC(OC(=O)C(O)C(CC(C)C)NC(=O)OC(C)(C)C)C(C)=C(C(OC(=O)N(C)C)C(=O)C12C)C3(C)C,c0016773117dba26,3
,,,COC1(C)CN(C(=O)c2ccc3c(N)ncc(-c4ccc(-c5cnn(C)c5)cc4)c3c2)C1,fc6fdf6c14453903,19
,,,CC(C)C[C@H](NC(=O)CNC(=O)[C@H](Cc1ccc(O)cc1)NC(=O)[C@H](CO)NC(=O)[C@H](Cc1c[nH]c2ccccc12)NC(=O)[C@H](Cc1c[nH]cn1)NC(=O)[C@H](CCC(=O)O)NC(=O)CCC(=O)N[C@@H]1O[C@H](CO)[C@@H](O[C@@H]2O[C@H](CO)[C@H](O)[C@H](O)[C@H]2O)[C@H](O)[C@H]1O)C(=O)N[C@@H](CCCN=C(N)N)C(=O)N1CCC[C@H]1C(=O)NCC(N)=O,100d259d6228c9d2,2
,,,CC(C)(C)CCN1C(=O)C(=C2NS(=O)(=O)c3ccccc32)C(=O)C1C(C)(C)C,1a34b00bbe2d5379,12
,,,CCCCCCC(N)C(=O)N[C@@H](CCC(N)=O)C(=O)N[C@@H](Cc1c[nH]cn1)C(=O)N1CCC[C@H]1C(=O)NC1O[C@H](C(N)=O)[C@@H](O)[C@H](O)[C@H]1O,6cb645bfac9ac6eb,1
,,,O=C(O)c1ccc2[nH]c(C(F)(F)F)nc2c1,84e70927bef92961,2
,,,CC(C)C[C@@H]1NC(=O)[C@H](Cc2c[nH]c3ccccc23)NC(=O)[C@@H]2CCCN2C(=O)[C@H]2CCCN2C(=O)[C@@H](CC(C)C)NC(=O)[C@H](CC(C)C)NC1=O,8900ef214d829747,1
,,,Cc1cc(CC(OC(=O)N2CCC(c3cc4ccccc4[nH]c3=O)CC2)c2cc(CN3CCCC3)ccn2)cc2cn[nH]c12,5bcb1994f3471c22,2
,,,Cc1cc(COc2ccc(C(=O)N[C@@H]3CC(=O)C[C@@H]3C(=O)NO)cc2)c2ccccc2n1,00f3bf9e81d5eef6,6
,,,CCSc1ccc(C(=O)NC2(C(=O)NC(Cc3ccccc3)C(=O)NCC3CCN(CC4CCOCC4)CC3)CCCC2)cc1,2aea18552e1c7871,1
,,,COC1C(=O)C2(C)CCC3OCC3(OC(C)=O)C2C(OC(=O)c2ccccc2)C2(O)CC(OC(=O)C(O)C(CC(C)C)NC(=O)OC(C)(C)C)C(C)=C1C2(C)C,3600def2a6f80fc6,3
,,,N#C[C@@H]1CCCN1C(=O)[C@@H](N)Cc1ccc(-c2ccccc2)cc1,b7353731e6724547,5
,,,Cc1ccc(S(=O)(=O)NC(=O)C(c2ccc3c(c2)OCO3)c2cn(C)c3cc(CO)ccc23)cc1,a1382a5eb6e16a3a,14
,,,CC(C)CC1C(=O)N(C)C(CC(C)C)C(=O)NC(Cc2ccc(O)cc2)C(=O)N(C)C(C)C(=O)N(C)CC(=O)NC(Cc2ccccc2)C(=O)N1C,cea0a5e6086157bc,1
,,,Cc1cn(CCCCN2CCN(c3cc(C(F)(F)F)nc(C(C)(C)C)n3)CC2)c(=O)[nH]c1=O,b21818f3e50af205,3
,,,Cc1cc(CC(NS(=O)(=O)c2ccccc2)c2nc3ccccc3[nH]2)ccc1C1CC(=O)NS1(=O)=O,6b2574252d3a8e7a,1
,,,COc1ccc(C2(c3cccc(-c4cncnc4)c3)N=C(N)N3CC(F)(F)CN=C32)cc1,a3f4fcb9d972553c,20
,,,Cc1cc(N2CCC(N3CCCC3C)C2)ccc1NC(=O)c1ccc2cc[nH]c2c1,5fc039922ca06e6c,19
,,,NC(=O)C(Cc1ccccc1)NC(=O)C(Cc1ccccc1)NC(=O)C(CCCN=C(N)N)NC(=O)C(N)Cc1ccc(O)cc1,aa7623f1a4497e5d,3
,,,c1cnc(OCC2CC(c3ccc(CN4CCCC4)cc3)C2)nc1,44a79aac9e899c67,17
,,,CC(N)(Cc1ccccc1)C(=O)NC(Cc1ccccc1)C(N)=O,6c067424723d7359,6
,,,CC(=O)NC(CC(C)C)C(=O)NCCc1ccccc1,fafe7b999447aa21,15
,,,Cc1ccc(-c2cnc(CCC(=O)NC3OC(CO)C(O)C(O)C3O)o2)cc1,b9a6ac159ad87cf2,8
,,,CS(=O)(=O)CCCOc1cccc2c1ccn2-c1ccnc(NC2CCC(C(=O)N3CCC(O)CC3)CC2)n1,59f1a3ee3d97e521,3
,,,Cc1cc(COc2ccc(NC(=O)[C@H]3CCN(S(C)(=O)=O)C[C@@H]3C(=O)NO)cc2)c2ccccc2n1,5e91ace8542d8967,4
,,,CC(C)(NC(=O)c1cc2ccccc2s1)C(=O)NC(Cc1ccccc1)C(=O)NCCCN1CCOCC1,e1d182d4523e17d2,2
,,,CCCCC(=O)NCCCC[C@@H]1NC(=O)[C@H]2CCCN2C(=O)[C@H](CCCN=C(N)N)NC(=O)[C@H](CCCCN)NC(=O)[C@H](CCCCN)NC1=O,abbbf77cf20466a7,1
,,,CC(=O)NC(Cc1c[nH]cn1)C(=O)NC(Cc1ccccc1)C(=O)N1CC(OCc2ccc3ccccc3c2)CC1C(=O)NCCN=C(N)N,1ba88ba903caabee,2
,,,CC(C)c1nnc2n1CC(C)N(C(=O)c1cccc(C(F)(F)c3n[nH]c(=O)c4ccccc34)c1)C2,a995210b6b83fb61,1
,,,Cc1ccnc2[nH]c(Cc3nc4ccc(C(N)=NO)cc4[nH]3)nc12,7a8a004cf0959420,7
,,,COc1ccc(-n2nc(C(N)=O)c3c2C(=O)N(c2ccc(C4(CC(N)=O)CC4)cc2)CC3)cc1,ad69f8232b5c94ab,14
,,,CN1CC(=O)NCC(=O)N([C@@H](Cc2ccccc2)C(N)=O)CCNC(=O)CCN[C@@H](Cc2ccccc2)C(=O)N(C)CC(=O)N(C)CC1=O,0e7bd28311a017ca,1
,,,O=C(Cc1ccccc1)N[C@H]1CO[C@@H](/C=C/c2ccccc2)OC1,777a58e7d653d565,7
,,,C[C@H]1Cn2c(nnc2C(C)(F)F)CN1C(=O)c1cccc(C(F)(F)c2nnc(O)c3ccccc23)c1,494e6d6209aa744b,5
,,,N[C@@H](CC(=O)N1CCC[C@H]1CNS(=O)(=O)C(F)(F)F)Cc1cc(F)c(F)cc1F,3b859ffa9883b7ec,4
,,,CC(C)CC(NC(=O)CNC(=O)C(Cc1ccc(O)cc1)NC(=O)C(CO)NC(=O)C(Cc1c[nH]c2ccccc12)NC(=O)C(Cc1c[nH]cn1)NC(=O)C1CCC(=O)N1)C(=O)NC(CCCN=C(N)N)C(=O)N1CCCC1C(=O)NCC(N)=O,ff4063be595b6034,3
,,,CC(C)(N)C(=O)N1CCn2c(nc(-c3cccc(F)c3)c2Nc2ccc(F)cc2)C1,bcae06214626229a,12
,,,CC(C)n1c(=O)c(C(=O)NC2CC3CCC(C2)N3CCCN2CCCC2C(N)=O)cc2ccccc21,08ebd390acdcbe1e,1
,,,O=C1C(=Cc2ccccc2F)CNCC1=Cc1ccccc1F,8920f3aae825b10f,7
,,,CCC(C)C1NC(=O)C(Cc2c[nH]c3ccccc23)NC(=O)C2CCCN2C(=O)C(C(C)CC)NC(=O)C(C(C)CC)NC(=O)C(CC(C)C)NC1=O,c2d31b8d528d5133,1
,,,COc1ccc(CCC2(C3CCCC3)CC(=O)C(Cc3nc4nc(C)cc(C)n4n3)=C(O)O2)cc1Cl,7aa556cb214e5587,2
,,,N#Cc1ccc2cc3c(=O)[nH]c(=O)nc-3n(-c3cccc(CO)c3)c2c1,451b5cc90d09751f,7
,,,O=C(NC1(C(=O)NC(Cc2ccccc2)C(=O)NCCCN2CCOCC2)CCCC1)c1ccc2ccccc2c1,b01aee1c38191e3f,3
,,,Cc1ccc(-c2cccc(S3(=O)=NC(=O)C(C)N3)c2)cc1,d194b4c57a3a2ebd,19
,,,CC(C)CC1NC(=O)C(CC(C)C)N(C)C(=O)C(CC(C)C)NC(=O)C(Cc2ccc(O)cc2)NC(=O)C2CCCN2C(=O)C(CC(C)C)NC1=O,803c8d64f57e5deb,1
,,,CC1c2nnc(-c3nc(C(F)(F)F)ns3)n2CCN1C(=O)c1ccc(F)cc1,bac09601828b5259,6
,,,Cn1c(N2CCCN(CCC=C3c4ccccc4CCc4ccc(CC(=O)O)cc43)CC2)cc(=O)n(C)c1=O,f7377b28e5dd57cb,4
,,,COc1ccc2c(O[C@@H]3C[C@H]4C(=O)N[C@]5(C(=O)NS(=O)(=O)C6(C)CC6)C[C@H]5/C=C\CCCCCNC(=O)N4C3)cc(-c3nc(C(C)C)cs3)nc2c1,80beaafd9104da24,3
,,,O=[N+]([O-])c1ccc(C2=NOC(c3ccc(N4CCOCC4)c(F)c3)C2)o1,0c4a9aa5559b69dd,9
,,,Cc1cc2c(O)n(Cc3ccccc3C#N)c(N3CCC[C@@H](N)C3)nc-2n1,32b292e1251a70b1,2
,,,Cn1ncc2cc(Cc3[nH]nc4ccc(C(=O)N5CCC(O)C5)cc34)ccc21,2665d4831d76b203,6
,,,Cn1c(N2CCN(CCN3c4ccccc4Sc4ccc(C(=O)O)cc43)CC2)cc(=O)n(C)c1=O,136c5d33d0710437,1
,,,COC(=O)NC(C(=O)NN(CCC1(Cc2ccccc2)C(=O)N(C2c3ccccc3CC2O)CC1O)Cc1ccc(Br)cc1)C(C)(C)C,d020f0c41e3388fd,2
,,,O=C(/C=C/c1ccc(Cl)cc1)NC1(C(=O)N[C@H](Cc2ccccc2)C(=O)NCC2CCN(CC3CCOCC3)CC2)CCCC1,c0ac2b10958ec849,3
,,,CCN(CC)CCN1CCN(C(=O)COCCN(C)S(=O)(=O)c2c(C)cc(OC)cc2C)CC1,7d7001fc56456840,2
,,,CN(CC1CCCN1C(=O)CC(N)Cc1cc(F)c(F)cc1F)c1ccc(C#N)cn1,645e5d548680f0ed,4
,,,Cc1nc(-n2cnn(Cc3ccc(F)cc3)c2=O)sc1C(=O)NCc1ccccn1,5d4d8670abd64b6b,2
,,,CN(C)C(=O)C(C)(C)COc1nnc(-c2ccc(NC(=O)c3ccc4ccccc4c3)cc2)n1C,16ebded7e3af009e,5
,,,Cn1c(N2CCCN(CCCN3c4ccccc4COc4ccc(CC(=O)O)cc43)CC2)cc(=O)n(C)c1=O,77b4961944b038b4,1
,,,Cc1cc(C#N)nc(C)c1C(=O)N1CC2CN(CCC3(c4ccccc4)CN(C(=O)C4CC(F)(F)C4)C3)CC2C1,6150d69ae251b5ee,8
,,,CC1CN(c2cc3c(cc2F)c(=O)c(C(=O)O)cn3C2CC2)CCN1C,2999b6011b8a6b38,9
,,,CS(=O)(=O)Nc1ccc2c(c1)S(=O)(=O)NC(C1=C(O)C3CCCCCC3N(Cc3ccc(F)cc3)C1=O)=N2,c828cb8e07bcb718,2
,,,COc1cccc(Oc2cc([N+](=O)[O-])ccc2NS(C)(=O)=O)c1,18f66c1a42f33e08,11
,,,COC(=O)NC1(c2ccccc2)CCN(CC2CC2(C(=O)N(C)Cc2ccccc2)c2ccc(Cl)c(Cl)c2)CC1,65941de0199137ed,3
,,,CN(C)C(=O)c1cccc(-c2cnc(N)c(-c3nc4c(N5CCNCC5)cccc4[nH]3)n2)c1,d356e626ac69fa96,5
,,,CCOC(=O)C1=C(C)NC(C)=C(C(=O)OC)C1c1cccc(N(O)O)c1,2988690adf2f1795,10
,,,CC(C)COc1ccc(-c2nc(N)[nH]c(=O)c2Cl)cc1C#N,d2a47f454cf65b79,9
,,,O=C1CC2OCC=C3CN4CCC56c7ccccc7N1C5C2C3CC46,0263085f419204d4,3
,,,CS(=O)(=O)c1ccc(Nc2nc3cc(C(N)=O)ccc3n2Cc2ccccc2C(F)(F)F)cc1,d0478714226ad030,13
,,,CC(=O)NC(Cc1ccccc1)C(O)CNC1CC(C)(C)Oc2ccc(CC(C)(C)C)cc21,e89f2895e94c4405,4
,,,CN(C)C(=O)c1cc2cc(C3(Cc4ccccc4)CCNC3)ccc2[nH]1,4cbfabbcc550d5af,9
,,,Cn1c(-c2ccccn2)c(C2CCCC2)c2ccc(C(=O)NC3(C(=O)Nc4ccc(C=CC(=O)O)cc4)CCC3)cc21,168f3f99bfee42e2,7
,,,CC(C)CN(C[C@@H](O)[C@H](Cc1ccccc1)NC(=O)OCc1cncs1)C(=O)c1ccc2ncsc2c1,b75ade47764b3cb7,5
,,,CC(C)NCC(O)COc1ccc(NC=O)cc1,12a5aa97290f032e,13
,,,C=CCc1cc(OC)c(OC(C)C(O)c2cc(O)cc(OC)c2)c(OC)c1,9c146137751058f6,3
,,,O=C1CSCCN1c1ccc(CO[C@@H]2COc3nc([N+](=O)[O-])cn3C2)cn1,65afc94b0831f80f,2
,,,COc1cc2c(c(OC)c1OC)-c1c(cc3c(c1OC)OCO3)CC(C)C(C)(O)C2,04e038530703a66f,5
,,,CN1C(=O)CC(N2CCCN(CCCN3c4ccccc4CCc4ccc(C(=O)O)cc43)CC2)N(C)C1=O,06c32a2c1bc629df,2
,,,CN(C)c1nc2sc3c(NCCN4CCOCC4)ncnc3c2c2c1COC(C)(C)C2,e4789b055a383264,6
,,,N#Cc1ccccc1Cn1c(N2CCCC(N)C2)nc2cc[nH]c2c1=O,e006cf16e2c1b264,4
,,,COC(=O)NC(C(=O)NN(Cc1ccccc1)CC(O)(Cc1ccccc1)C(=O)NC1c2ccccc2CC1O)C(C)(C)C,36ffe0c75372bb5e,5
,,,C=Cc1cc(C(NC(=O)NC(C)(C)C)C(=O)Nc2cccc(C(=O)NS(=O)(=O)c3ccc(C(F)(F)F)cc3)c2)ccc1Oc1cc(OC)nc(-c2ccccc2)n1,68f845ac59cfbbcc,1
,,,CC(C)(C)C1CN(C(=O)C(=O)c2c[nH]c3cccc(F)c23)CCN1C(=O)c1ccccc1,c8de68bf9ef6a55e,3
,,,CC(C)(C)CCN1C(=O)C(C2=NS(=O)(=O)c3ccccc32)=C(O)C1C(C)(C)C,e64414789afb2dd6,6
,,,CC(C)C[C@@H]1NC(=O)[C@H](CC(C)C)N(C)C(=O)[C@H](Cc2ccc(O)cc2)NC(=O)[C@@H]2CCCN2C(=O)[C@H]2CCCN2C(=O)[C@@H](CC(C)C)NC1=O,e2e80d62e98bde94,1
,,,O=C(NCC1CCOCC1)c1nc(OS(=O)(=O)CCC(F)(F)F)ccc1NC(=O)c1ccc(Cn2ccnn2)c2ccccc12,aca01d43997b60a3,2
,,,CC1(c2cccc(-c3cncnc3)c2)N=C(N)CCS1,45a6ea9505c6225d,18
,,,COc1cc(OC)c(C=CS(=O)(=O)Cc2cnc(OC)c(NS(C)(=O)=O)c2)c(OC)c1,41995fd202c1435f,5
,,,O=C(O)c1ccc2c(C3CCCCC3)c(-c3cccs3)n(CC(=O)N3CCC(N4CCCC4)CC3)c2c1,df2a6037ccf402f4,1
,,,Cc1ccc2cc(C(=O)NC3(C(=O)N[C@@H](CCCN4CCN(CC5CCOCC5)CC4)Cc4ccccc4)CCCC3)sc2c1,5fa244cba676b85c,7
,,,N#Cc1ccc(NCC2CCCN2C(=O)CC(N)Cc2cc(F)c(F)cc2F)nc1,f2d9ae5126f6accd,8
,,,Cn1cnc(S(=O)(=O)N(Cc2ccccn2)C2Cc3cc(C#N)ccc3N(Cc3cncn3C)C2)c1,f25d9c41214af3f0,4
,,,CCOc1nc(NC(=O)C2(NC(=O)c3ccc4c(C5CCCC5)c(-c5ncc(Cl)cn5)n(C)c4c3)CCC2)cnc1C=CC(=O)O,0fd53983cd71a969,6
,,,COc1cc(CNC(=O)[C@@H](CC2CCCCC2)N/C(N)=N/C(=O)Cc2ccc(OC)c(OC)c2)ccc1F,1bff5381f5b69199,4
,,,CC(C)c1nc2ccccc2n1Cc1ccc(C(=O)N[C@@H]2CCOC[C@@H]2C(=O)NO)cc1,dd0ab91c611c9f3a,3
,,,COc1ccc(-n2nc(C(F)(F)F)c3c2C(=O)N(c2ccc(C4(c5ncc[nH]5)CC4)cc2)CC3)cc1,2533170f389a2931,17
,,,CC(C)=CCn1c(N2CCCC(N)C2)c(C#N)c2c1c(=O)n(Cc1nccc3ccccc13)c(=O)n2C,c9ba8cf84dfa9185,6
,,,CS(=O)(=O)Nc1ccc2c(c1)S(=O)(=O)NC(C1=C(O)[C@H]3CCCC[C@H]3N(Cc3ccc(F)cc3)C1=O)=N2,168b405c7da20d33,2
,,,CC(C)C(N)C(=O)NC(Cc1ccccc1)C(=O)OCC1OC(n2cc(F)c(=O)[nH]c2=O)CC1O,44411553c0c3feec,14
,,,Nc1noc2ccc(-n3nc(C(F)(F)F)cc3C(=O)Nc3ccc(-c4ccccc4CN4CCCCC4)cc3F)cc12,1df8d5fefb4d1650,4
,,,Cc1[nH]n(-c2ccccn2)c(=O)c1C(=O)Nc1ccccc1C(F)(F)F,d4ce26eae49cca01,1
,,,COc1ccc(-c2c(C(=O)NC3CCN(Cc4ccccc4)CC3)noc2-c2cc(Cl)c(O)cc2O)cc1,ac5254d90442f2f4,2
,,,CN1CCN(c2cnc3nnn(Cc4ccc5ncccc5c4)c3n2)CC1,0c53510d87e089e9,5
,,,O=C1Cc2cc(C(=O)NC3CC4CCC(C3)N4S(=O)(=O)CC3CCN(CCCC(F)(F)F)CC3)c(Cl)cc2N1,5d80157cd82b9b78,4
,,,O=C(N[C@@H]1CCOC[C@@H]1C(=O)NO)c1ccc(Cc2c(C(F)(F)F)nn3ccccc23)cc1,0c77f93469c62c25,14
,,,Cn1c(N2CCCN(CCCN3c4ccccc4CCc4ccc(C(=O)O)cc43)CC2)cc(=O)n(C)c1=O,8f42ff0ad82f4683,2
,,,O=C(Cc1cccc2ccccc12)Nc1cn(C2CC(NC(=O)c3ccccn3)C2)cn1,acc36c366dd8fcdd,10
,,,CC#CCn1c(N2CCCC(N)C2)c(C#N)c2ncn(Cc3nccc4ccccc34)c(=O)c21,b99ebba1898f55af,3
,,,Cc1oc(=O)oc1COC(=O)N1CCC(N2CCN(CC(=O)c3ccc(OCC(=O)OC4CCCCC4)cc3)C(=O)C2)CC1,6d7bafdf2cc39138,3
,,,Nc1ncnc2c1c(C(=O)c1cccc(NC(=O)Nc3c(F)cccc3F)c1)cn2C1CCCC1,4e5d1dd8095d594d,10
,,,O=C(OC1Cc2c(O)cc(O)cc2OC1c1ccc(O)c(O)c1)c1cc(O)c(O)c(O)c1,228c7d9b49e0f2a4,6
,,,CC(C)(COc1ccc(-c2ccc(NC(=O)c3ccc4ccccc4c3)cc2)cn1)C(=O)O,6b795f5c72b83c17,22
,,,Cc1cc(NC(=O)c2ccc3ccccc3c2)ccc1-c1cnc(OCC(C)(C)C(=O)O)nc1,0e495f0a132f115a,21
,,,O=C(c1ccccc1C(F)(F)F)N(CC1CCC1)C1CCNC1,ba4175eb1b09bcfd,7
,,,COc1ccc(-n2nc(C#N)c3c2C(=O)N(c2ccc(C4(N(C)C)CC4)cc2)CC3)cc1,7cfe390c89fe8ce8,10
,,,O=C(Cc1cccc2ccccc12)Nc1cn([C@H]2C[C@@H](NC(=O)c3ccccn3)C2)cn1,aa1fd839a8006e2a,7
,,,O=C(Cc1nc(N2CCOCC2)cc(=O)[nH]1)N1CCc2c(-c3cccnc3)cccc21,76e4f0f15ffb27f0,9
,,,CS(=O)(=O)NCc1ccc(-n2nc(C(F)(F)F)c3c2CCCC3)cc1,1f95c5893f056fab,14
,,,CCC1(O)CC2CN(CCc3c([nH]c4ccccc34)C(C(=O)OC)(c3cc4c(cc3OC)N(C)C3C(O)(C(=O)OC)C(OC(C)=O)C5(CC)C=CCN6CCC43C65)C2)C1,e26342cfe8d5436b,2
,,,CCN(CCO)C(=O)c1cc2ccccn2c1-c1cccc(OC)n1,075a320fe354c906,9
,,,O=C1NCC2(CCCNC2)c2[nH]c(-c3ccnc(-c4cc5ccccc5o4)n3)cc21,983614916303e788,3
,,,CC(C)CC1C(=O)NCC(=O)N(C)C(CCCNC(=N)N)C(=O)NCC(=O)NC(CC(=O)O)C(=O)N(C)C(Cc2ccccc2)C(=O)N1C,d585009d5bf5bea0,1
,,,COc1ccc2c(OC3CC4C(=O)NC5(C(=O)NS(=O)(=O)C6CC6)CC5C=CCCCCN(C)C(=O)C4C3)cc(-c3cccc(C(C)C)n3)nc2c1C,7175130b0b1f57a2,2
,,,Cc1cc(NC(=O)c2ccc3ccccc3c2)ccc1-c1ccc(OCC(C)(C)C(=O)O)nn1,414df5d4da76fc4e,6
,,,O=c1cc(N2CCOCC2)nc(Cc2nc3cc(F)ccc3[nH]2)[nH]1,35bb803e87398467,4
,,,CC(C)n1c(=O)c(C(=O)NC2CC3CCC(C2)N3CCCN2CCCCC2)cc2ccccc21,ffebf6187795e435,2
,,,Cc1cc(COc2ccc(C(=O)N[C@@H]3COCC[C@@H]3C(=O)NO)cc2)c2ccccc2n1,a8df1cc776fac870,2
,,,CN(C(=O)c1ccncc1)c1ccc(C(O)(C(F)(F)F)C(F)(F)F)cc1,50082bed453bdccc,10
,,,CCCOC(=O)NC1CCCCCC=CC2CC2(C(=O)NS(=O)(=O)C2CC2)NC(=O)C2CC(Oc3cc(OCC)nc4c(C)c(OC)ccc34)CN2C1=O,07cbc404ade68bff,1
,,,CS(=O)(=O)Nc1cccc(-n2c3nc(=O)[nH]c(=O)c-3cc3ccc(C#N)cc32)c1,4dfec62b388a78ff,2
,,,CC1Cc2ccccc2C=C1c1cccnc1,fa991ab7f5edb036,11
,,,CC(C)CCn1c(=O)c(C2=CS(=O)(=O)c3cc(N(C)S(C)(=O)=O)ccc3N2)c(O)c2cccn21,32994f12fd4cd273,4
,,,O=C(NC1CCCCC1)c1cccnc1NC1CCCCC1,7200153ada5737cc,3
,,,Cn1c(OCC(C)(C)C(=O)Nc2ccccc2)nnc1-c1ccc(NC(=O)c2ccc3ccccc3c2)cc1,f15d6dfe8f7a8a35,12
,,,COc1ccc(-n2nc(C(N)=O)c3c2C(=O)N(c2ccc(C4(CN5CCCC5)CC4)cc2)CC3)cc1,c5b7e80af0643b6b,18
,,,CCOC(=O)N1CCC(CN(C2Cc3cc(C#N)ccc3N(Cc3cncn3C)C2)S(=O)(=O)c2ccccn2)CC1,c7875398c83ce029,1
,,,CC(=O)c1sc(NC(=O)NC2CN(C(C)=O)CCC2CN2CCCC(Cc3ccc(F)cc3)C2)nc1C,6c01c5ec9679b9aa,1
,,,O=C(N[C@H](C/C=C/c1ccccc1)C(=O)O)c1ccc2ccccc2c1,505af4293b971810,8
,,,CNC(=O)C(Cc1ccccc1)NC(=O)C(C)NC(C)=O,5e8c55ffdeb730f4,5
,,,COc1ccc(NC(=O)C(=O)c2cn(CC3CCCO3)c3ccccc23)cn1,35e8190818683595,10
,,,Nc1nc(F)nc2c1ncn2C1OC(CO)CC1O,9de3ce719f57cad8,10
,,,Oc1ccc(-c2ccc(-c3cccc(O)c3)s2)cc1,9636056cbead04af,16
,,,CCc1nc(N)nc(N)c1-c1ccc2c(c1)N(CCCOC)C(=O)C(CC)(c1cc(F)cc(F)c1)O2,4fb1273809edab00,16
,,,CCCCCCCCCCCCC(N)C(=O)NC(CCCCCCCCCCCC)C(=O)NC(CCC(=O)O)C(=O)NC(Cc1c[nH]c2ccccc12)C(N)=O,07c23a187778f9de,3
,,,CC(C)(F)c1nc2ccccc2n1Cc1ccc(C(=O)NC2CCOCC2C(=O)NO)cc1,8fb70eda358fa850,9
,,,CC(=O)NC(CC1CCCCC1)C(=O)NCCc1ccccc1,4e37c140374d740a,5
,,,CCS(=O)(=O)CCCn1c(Cn2c(=O)n(CC(F)(F)F)c3ccncc32)nc2ccccc21,e310f5a4b0da1bdf,5
,,,O=C(Cc1nc(N2CCOCC2)cc(=O)[nH]1)Nc1ccc(F)c(Br)c1,dcdb76ef8ac7a0e4,4
,,,Oc1ncnc2c(-n3cc(CCN4CCC(c5cccc(C(F)(F)F)c5)CC4)cn3)nccc12,b232f76bb0c0e9ee,2
,,,CCCCc1ccc(C(=O)NC2(C(=O)N[C@H](Cc3ccccc3)C(=O)NCC3CCN(CC4CCOCC4)CC3)CCCC2)cc1,2ec9808c61e29c0a,1
,,,COc1ccc(OC2CN(c3c4c(nc5ccnn35)CCNCC4)C2)cc1,8759574a1a9bbec2,7
,,,COC(=O)NC(C(=O)NN(CCCC1(Cc2ccccc2)C(=O)N(C2c3ccccc3CC2O)CC1O)Cc1ccc(-c2ccccn2)cc1)C(C)(C)C,a5908efa666fe054,6
,,,CC(C)NCC(COc1cccc2ccccc12)OC(=O)C1CC1,178431724acdc6f7,11
,,,Cc1nc(-n2ccc(O)cc2=O)sc1C(=O)NCc1ccc(F)cc1,378b514f51d919d9,3
,,,CC(C)(C)N1CCN(c2ccc(N3CCN(C(=O)NC4C5CC6CC4CC(C(N)=O)(C6)C5)c4ccccc43)nc2)CC1,91a3043d721d98c9,6
,,,O=C1/C(=C/c2ccccc2F)CNC/C1=C\c1ccccc1F,dc345db160f210a9,9
,,,CC(C)C(NC(=O)N1CCOCC1)C(=O)N1CCCC1C(=O)NC(C(=O)C(F)(F)C(F)(F)F)C(C)C,327b9b101f55b223,1
,,,NCc1ccc(C(=O)Nc2ccncc2F)cc1-c1cccc(C(=O)Nc2ccccc2)c1,aa8b136ef75b1974,14
,,,COc1cc(C)c(S(=O)(=O)N(C)CCOCC(=O)N2CCC(N3CCN(C)CC3)CC2)c(C)c1,41a5f6617d40dab0,1
,,,N#Cc1ccccc1Cn1c(N2CCCC(N)C2)nc2ccnc-2c1O,25d476fe1ef6df90,4
,,,CCCCCCCCCCC(NC(=O)C(Cc1ccccc1)NC(=O)C(Cc1c[nH]c2ccccc12)NC(=O)C1CCCN1C(=O)C(N)Cc1ccc(O)cc1)C(N)=O,d9a0480ed1088a25,2
,,,Cc1c(Cl)nc(NC(=O)NC(C)(C)C)c(=O)n1C(C(=O)Nc1ccccc1C(=O)NS(=O)(=O)c1ccc(C(F)(F)F)cc1)c1ccccc1,0009a7b3e9aaf2a6,3
,,,Oc1cccc(-c2ccc3c(-c4cccnc4)c(O)ccc3c2)c1,1a42359ac32d7eb8,11
,,,NC(=O)C1CCN(c2ncc(-c3ccc4c(c3)OCCCO4)s2)CC1,d0c986a17ee49785,5
,,,O=C(NCc1ccccc1)c1ccc(N2CCN(C(=O)c3ccccc3C(F)(F)F)CC2)nn1,d108955e47b1cf0c,4
,,,CCCCCCCCCCC(NC(=O)[C@H](Cc1ccccc1)NC(=O)[C@H](Cc1c[nH]c2ccccc12)NC(=O)[C@@H]1CCCN1C(=O)[C@@H](N)Cc1ccc(O)cc1)C(N)=O,b69ff3bb0d26c244,1
,,,COc1ccc2c(OC3CC4C(=O)NC5(C(=O)NS(=O)(=O)C6CC6)CC5C=CCCCCCC(NC(=O)c5ccn(CC(F)(F)F)n5)C(=O)N4C3)cc(OC(C)C)nc2c1C,29cefe9426f3dc34,2
,,,CCC(C)C1NC(=O)C(Cc2ccc(O)cc2)NC(=O)C(Cc2ccccc2)NC(=O)CNC(=O)C(C(C)C)NC(=O)CNC1=O,ba4aa982bdff94bd,4
,,,COc1cccc(-c2cccc(C3(c4ccncc4)N=C(N)N4CCCN=C43)c2)c1F,529ac8085d3b0e6d,18
,,,CN1C(=O)CC(N2CCN(CCCN3c4ccccc4COc4ccc(C(=O)O)cc43)CC2)N(C)C1=O,fa6898cc3ced1b3e,2
,,,Cc1nn(-c2ccc3onc(N)c3c2)c2c1CCN(c1ccc(-c3ccccc3CN3CC[C@@H](O)C3)cc1)C2=O,66923a3b63167e8a,4
,,,c1ccc2c(N3CCNCC3)nc(-c3ccc4[nH]ncc4c3)nc2c1,15888af3789395c9,5
,,,NCCCCC(CC(=O)NC(CC(=O)O)Cc1ccccc1)NC(=O)CC(N)CO,07e07b19a4ef5e37,1
,,,CC(C)CC1NC(=O)C(C(C)C)NC(=O)C(Cc2c[nH]c3ccccc23)NC(=O)C(Cc2ccccc2)NC(=O)C(Cc2ccccc2)NC(=O)C2CCCN2C1=O,b31f3615615a563d,3
,,,CN(C)CCC=C1c2ccccc2COc2ccc(CC(=O)O)cc21,b99453632bfa2871,11
,,,Nc1noc2ccc(-n3nc(C(F)(F)F)cc3C(=O)N3CCc4cc(-c5ccccc5S(N)(=O)=O)ccc43)cc12,649ffa7afe8fb76d,2
,,,Cc1nc(-c2nnc3n2CCN(C(=O)c2ccc(-c4cccs4)cc2)C3C)cs1,eabf44886e688757,10
,,,NCC1CC1(C(=O)N1C=COc2ccccc21)c1ccsc1,a0b6acd1c4866464,8
,,,O=C1CCCCN1c1ccc(COC2COc3nc([N+](=O)[O-])cn3C2)cc1F,9ad4b3f74a104a0f,4
,,,CNC(=O)c1cc(Oc2ccc3oc(Nc4cccc(C(C)C)c4)nc3c2)ccn1,473535012b49311c,22
,,,CNc1cnc(-c2nc(=O)n(CCC3CCCO3)c3c2oc2ncc(-c4cnn(C)c4)cc23)cn1,5acc3f1d936a6966,7
,,,COCCN1C(=O)CNc2ncc(-c3ccc(-c4nc[nH]n4)nc3C)nc21,fc23685d1d8c89cf,17
,,,CC[C@H](C)[C@H](NC(=O)[C@H](CO)NC(=O)[C@H](CC(N)=O)NC(=O)[C@H](CC(C)C)NC(=O)[C@H](Cc1ccc(O)cc1)NC(=O)[C@H](CCCCN)NC(=O)[C@H](CCCCN)NC(=O)[C@@H](NC(=O)[C@H](C)NC(=O)[C@H](CCSC)NC(=O)[C@H](CCC(N)=O)NC(=O)[C@H](CCCCN)NC(=O)[C@H](CCCN=C(N)N)NC(=O)[C@H](CC(C)C)NC(=O)[C@H](CCCN=C(N)N)NC(=O)[C@@H](NC(=O)[C@H](Cc1ccc(O)cc1)NC(=O)[C@H](CC(N)=O)NC(=O)[C@H](CC(=O)O)NC(=O)[C@@H](NC(=O)[C@H](Cc1ccccc1)NC(=O)[C@@H](NC(=O)[C@H](C)NC(=O)[C@H](CC(=O)O)NC(=O)[C@H](CO)NC(=O)[C@@H](N)Cc1c[nH]cn1)C(C)C)[C@@H](C)O)[C@@H](C)O)C(C)C)C(=O)N[C@@H](CC(C)C)C(=O)N[C@@H](CC(N)=O)C(=O)O,8def14dfea3fd0f0,1
,,,O=C(Cc1nc(N2CCOCC2)cc(=O)[nH]1)N1CCc2c(F)cccc21,83d21399371bb617,6
,,,NC(=O)c1sc(N2CCOCC2)nc1CC(=O)N1CCc2ccccc21,e5bd9b3040c0c001,5
,,,Fc1ccc(Oc2nccc3[nH]ccc23)c(F)c1,5fa701b0e11571cb,3
,,,CCNC(=O)CC[C@@H](CO)N(C)C(=O)c1ccc2c(c1)c1c(n2C)CC[C@@H](C2CCOCC2)C1,41f8d6be50d2b324,2
,,,Fc1cccc(CCCNCCc2ccnc(-n3ccnc3)n2)c1,0fcb7e029b2a3305,3
,,,Cn1c(Br)c(Br)c2c(=O)n(Cc3ccccc3C#N)c(N3CCC[C@@H](N)C3)nc21,3e62f85198f3b004,5
,,,CC#CCn1c(N2CCCNCC2)c(C#N)c2ncn(Cc3nc(C)c4ccccc4n3)c(=O)c21,4892ac155c3bbf4e,5
,,,CCC1CC(n2c(=O)nc(-c3cnn(C)c3)c3oc4cc(C#N)c(-c5cnn(C)c5)cc4c32)CCO1,9a97cf471104ec40,4
,,,CC(C)(C)NC(=O)C1CC2CCCCC2CN1CC(O)C(Cc1ccccc1)NC(=O)C(CC(N)=O)NC(=O)c1ccc2ccccc2n1,8e42fe78f5e35a95,2
,,,Cc1c(F)c(N2CCNC(C)C2)cc2c1C(=O)C(C(=O)O)CN2C1CC1,0b778da8777d5d3a,7
,,,CCOC(=O)NC(=N)c1ccc2[nH]c(Cc3nc4ccccc4[nH]3)nc2c1,cc10a0b010bb233c,8
,,,COc1cc(Nc2nc3n(n2)CCC(=O)N3Cc2ccccc2C(F)(F)F)ccc1-n1cnc(C)n1,67dcfa0e84579f6b,9
,,,Cc1nsc(-c2nnc3n2CCN(C(=O)c2ccc(F)cc2)C3C)n1,5b820b6227a060a9,5
,,,N=C(N)NCCCC1NC(=O)C(Cc2ccccc2)NC(=O)C(Cc2ccccc2)NC(=O)CCC(=O)NCCN(CC(N)=O)C(=O)C(Cc2c[nH]c3ccccc23)NC1=O,8b7b007a77f6cff7,3
,,,CN(CC(=O)NC1CC1)C(=O)c1ccc2c(c1)c1c(n2C)CC[C@@H](C2CCOCC2)C1,4ac242400ec8cde8,4
,,,COc1ccc2c(OC3CC4C(=O)NC5(C(=O)NS(=O)(=O)C6CC6)CC5C=CCCCCCC(NC(=O)c5cnn(C)n5)C(=O)N4C3)cc(OC(C)C)nc2c1C,a4d1d77a73f2e3ad,4
,,,C=C(c1ccccc1)C1OCC(N)CO1,a6e92d42bed6edf4,6
,,,CC(Cc1cccc(CC(=O)NC2Cc3ccccc3C2)c1)NCC(O)c1ccc(O)c(CO)c1,f9ceee936dfcd837,4
,,,COc1ccc2c(c1)C(=CCCN1CCc3cc(OC)c(OC)cc3C1)CCC2,d1059726363a1d32,4
,,,Cn1c(C(=O)NC2(C(=O)N[C@H](Cc3ccccc3)C(=O)NCCCN3CCOCC3)CCCC2)cc2ccccc21,c70060e789dde369,2
,,,NC[C@@H]1C[C@@]1(C(=O)N1C=COc2ccccc21)c1ccsc1,57f08776db0ff3bd,12
,,,CC[C@H](C)[C@@H]1NC(=O)[C@@H]2CCCN2C(=O)[C@H]([C@@H](C)CC)N(C)C(=O)[C@@H]2CCCN2C(=O)[C@H](Cc2ccccc2)NC(=O)[C@H](C)NC(=O)c2csc1n2,9aefa27fbcb5f23e,2
,,,Cc1cc(C)cc(Nc2nccc(-n3cc(C)c(CN4CCC(O)C4)c3)n2)c1,f843e5972054f98e,14
,,,C[C@@H]1CCCN1CCCOc1ccc(C2=NNC(=O)[C@H]3C[C@@H]23)cc1,cb5af8a6176fba48,19
,,,Cc1cc(C(=O)Nc2ccc(-c3ccccc3S(N)(=O)=O)cc2)n(-c2cccc(C(=N)N)c2)n1,b3178671084adf52,3
,,,Cc1cc(C#N)nc(C)c1C(=O)N1CC2CN(CCC(NC(=O)C3CCCC3)c3ccccc3)CC2C1,1374e895cf33f916,6
,,,CC(C)CCOC(=O)c1ccccc1-c1ccc(CN2CCC(COC(=O)c3c4n(c5ccccc35)CCCO4)CC2)cc1,b64fe0d6da946161,1
,,,CCCCCCCCC(N)C(=O)NC(CCC(=O)O)C(=O)NC(Cc1c[nH]c2ccccc12)C(N)=O,38d6989e32ef69a7,2
,,,Cn1cc(-c2ccc(Cc3[nH]nc4ccc(C(=O)N5CCOCC5)cc34)cc2)cn1,ce1d3899a0912ffd,3
,,,CC(C)C(NS(=O)(=O)c1ccc(-c2ccc(OCc3cccc(C#N)c3)cc2)cc1)C(=O)O,423539ecc6bae1cc,3
,,,COc1cc2c(cn1)c(C(=O)N1CCNCC1)c(Cc1cccc(F)c1C)n2-c1ccccc1,0e1669fe9a81daf3,5
,,,Cc1ccc2c(=O)c3cccc(CC(=O)OC4OC(C(=O)O)C(O)C(O)C4O)c3oc2c1C,8f1c223f1e135637,4
,,,O=C(NC(Cc1ccccc1)C(=O)NNC(=O)c1ccccc1)OCc1ccccc1,e6f593dc11421b38,17
,,,COc1ccc(CNc2ncnc3c(CCO)c(OC)c(NC(C)=O)cc23)cc1Cl,9f18cfb8a95165f4,8
,,,CO[C@H]1C[C@H]2OC[C@@]2(OC(C)=O)[C@H]2[C@H](OC(=O)c3ccccc3)[C@]34OC(=O)O[C@H]3[C@H](OC(=O)[C@H](O)[C@@H](NC(=O)OC(C)(C)C)c3ccccc3)C(C)=C([C@@H](OC(=O)N(C)C)C(=O)[C@]12C)C4(C)C,fcd0ac3a7c8d99d0,1
,,,Cc1nn(-c2ccnc(Nc3ccc4c(c3)c(Cl)c(C)n4C)n2)cc1CN1CC[C@@H](O)C1,efde438558b574d1,3
,,,Cc1ccc(F)cc1Oc1c(C(=O)N2CCNCC2)c2cc(O)cnc2n1-c1ccccc1,e2af98b2f97a7ec2,6
,,,Cc1cc(-c2nnn(Cc3ccc(C(=O)O)cc3)n2)cc(C(=O)NCc2ccc(F)c(F)c2)n1,49cef10532bfcf36,13
,,,O=C(Nc1ccc2c(c1)NC(=O)C(CCO)O2)C1CCN(c2cc(F)c(F)c(F)c2)CC1,c2d1a07fd4c9791f,4
,,,COc1cc2c(cc1OC)CN(CC/C=C1\CCCc3c(OC)cccc31)CC2,9ee639bef80fb8f7,7
,,,CNC(=O)CC[C@@H](CO)N(C)C(=O)c1ccc2c(c1)c1c(n2C)CC[C@@H](C2CCOCC2)C1,a20bc43fdacf0227,6
,,,CCCC(=O)c1cnn(-c2ccc(NC(=O)c3cn(CC(=O)N4CCN(CCF)CC4)c4ccc(C)cc34)cc2)c1C,058f066bce2500b1,1
,,,COc1ccc2c(OC3CC4C(=O)NC5(C(=O)NS(=O)(=O)C6CC6)CC5C=CCCCCN(C)C(=O)C4C3)cc(-n3ccc(C(C)C)n3)nc2c1C,4d4c8d143411e01f,2
,,,O=C(O)CCCN1CC(C(=O)O)Oc2c(/C=C/c3ccc(OCCCCc4ccccc4)cc3)cccc21,851035449c8aa934,7
,,,N=C(N)c1ccc2[nH]c(-c3ccccn3)nc2c1,d632e2e13bd38932,7
,,,Cc1cc(C(=O)Nc2ccc(-c3ccccc3S(C)(=O)=O)cc2)n(-c2cccc(CN)c2)n1,1befaa1b0576d0e4,3
,,,O=C(C(=O)N1CCN(C(=O)c2ccccc2)CC1)c1c[nH]c2c(-c3cnc[nH]3)ccc(F)c12,1890c2e3d5f68ba0,8
,,,CS(=O)(=O)c1ccccc1-c1ccc(NC(=O)c2cc(C(F)(F)F)nn2-c2cccc(C(=N)N)c2)c(F)c1,11668170c90d3580,5
,,,COc1ccc2cncc(Cc3nc4c(=O)n(C)c(=O)n(CC(C)C)c4[nH]3)c2c1,91e30eeb169b9824,10
,,,CNC(=O)c1cc(Oc2ccc3oc(Nc4ccccc4F)nc3c2)ccn1,b7127bafdeb776d4,6
,,,CCC(=O)N1CCC(CN(C2Cc3cc(C#N)ccc3N(Cc3cncn3C)C2)S(=O)(=O)c2ccccn2)CC1,0dc9e6ab344680ab,6
,,,CNC(=O)C=C(c1ccccc1)c1ccc2nc(N)n(S(=O)(=O)C(C)C)c2c1,9e042336f1e9a437,14
,,,COc1cccc(-c2cccc(C3(C)N=C(C)C(N)=N3)c2)c1,da576d10c10c248f,15
,,,COc1cc(Nc2nc3n(n2)CCC(=O)N3Cc2ccccc2C)ccc1-c1noc(C)n1,20002e152146e3e5,11
,,,c1ccc(CN(c2ccc3sccc3c2)C2CCNCC2)cc1,fa122d0cf94bf056,4
,,,COc1ccc(-c2cnc(N3CCN(C(=O)NC4C5CC6CC4CC(O)(C6)C5)c4ccccc43)nc2)cc1,4e2e8579e648c2cc,12
,,,COC(=O)N(C)CC(O)CN1CCC(CNC(=O)c2cccc3[nH]c(C(C)C)nc23)CC1,9e5dd0d31480660f,2
,,,C=CCNC(=O)C(NC(=O)C(O)(CCCN(Cc1ccc(Br)cc1)NC(=O)C(NC(=O)OC)C(C)(C)C)Cc1ccc(C=C)cc1)C(C)(C)C,ea0ffec63b9ce1ea,2
,,,COC(=O)NC(C(=O)NN(CCC(O)(Cc1ccccc1)C(=O)NC1c2ccccc2CC1O)Cc1ccc(-c2ccccn2)cc1)C(C)(C)C,cb808aaf88d5f235,7
,,,Cc1ccc2c(N)noc2c1-c1ccc2c(c1)NC(=O)C21CCOCC1,3d105231f992591c,2
,,,CC(C)N(C)C1CCC(N2CC(C)(C)C(NC(=O)c3cccc(C(F)(F)F)c3)C2=O)C(CS(=O)(=O)c2ccccc2)C1,4b139c239c2935a8,5
,,,CC(C)n1c(=O)c(C(=O)NC2CC3CCC(C2)N3CCCCCCCN2CCOCC2)cc2ccccc21,37ba808abb4bdc90,5
,,,CCOC(=O)N1CC(NC(=O)c2ccc(-n3ccccc3=O)cc2)C(NC(=O)c2ccc(Cl)s2)C1,56b00b6600bf15bc,3
,,,C=CC1CC1(NC(=O)C1CC(Oc2cc(-c3csc(NC(C)C)n3)nc3cc(OC)ccc23)CN1C(=O)C(NC(=O)OC1CCCC1)C(C)(C)C)P(=O)(O)Cc1cccc(C)c1,5bd6289aa2b7f88b,2
,,,CNCc1nnc(-c2ccc(N3CC(CNC(C)=S)OC3=O)cc2F)s1,a32f95a3fc10dd51,5
,,,CC(C)C(=O)Nc1ccc(N(O)O)c(C(F)(F)F)c1,894b2683fdda721f,11
,,,CC#CCn1c(N2CCCNCC2)c(C#N)c2c1c(=O)n(Cc1nccc3ccccc13)c(=O)n2C,ab9a7def50335d37,8
,,,COc1cccc(-c2c(C)n(Cc3c(F)cccc3F)c(=O)n(C[C@H](NCCCC(=O)O)c3ccccc3)c2=O)c1F,b6374d4efcc18204,2
,,,C=CC1CC1(NC(=O)C1CC(OC)(c2ccc(-c3cccnc3)cc2)CN1C(=O)C(NC(=O)OC1CCCC1)C(C)(C)C)C(=O)NS(=O)(=O)C1CC1,1a0fa6b869d8d63e,2
,,,CC(C)(C)CCn1nc(C2=CCCC2)c(O)c(C2=NS(=O)(=O)c3cc(NS(C)(=O)=O)ccc3N2)c1=O,94df1a0195d3816e,9
,,,COC(=O)O[C@H]1C[C@H]2OC[C@@]2(OC(C)=O)[C@H]2[C@H](OC(=O)c3ccccc3)[C@]3(O)C[C@H](OC(=O)[C@H](O)[C@H](CC(C)C)NC(=O)OC(C)(C)C)C(C)=C([C@@H](OC)C(=O)[C@]12C)C3(C)C,7499d1e72a7250df,1
,,,CC(C)CC1NC(=O)C(Cc2ccccc2)NC(=O)C(C(C)O)NC(=O)CNC(=O)C(C)NC(=O)C(Cc2ccc(O)cc2)NC1=O,91d102b4f148554d,1
,,,CC(C)(C)OC(=O)NC[C@H]1CC[C@H](CNC(=O)c2cc(N3CCC(CCN)CC3)nc3ccccc23)CC1,b66a9486553f636e,5
,,,C=CC1CC1(NC(=O)C1CC(Oc2cc(-c3csc(NC(C)C)n3)nc3cc(OC)ccc23)CN1C(=O)C(NC(=O)OC1CCCC1)C(C)(C)C)P(=O)(O)Cc1ccccc1C,4e355b006e2784b8,1
,,,Cc1cc(N2CCCC(N)C2)c2c(n1)n(C)c(=O)n2Cc1ccccc1C#N,56ab8366eb133876,7
,,,CC(C)(C)N1CCN(c2ccc(N3CCN(C(=O)NC4C5CC6CC4CC(O)(C6)C5)c4ccccc43)nc2)CC1,fd825fba73350054,1
,,,CN[C@@H](Cc1ccccc1)C(=O)N[C@@H](C)C(=O)N[C@@H](C)C(=O)NCC(=O)NCC(=O)N(C)[C@@H](Cc1ccccc1)C(N)=O,0048c0b790e4f776,2
,,,NCC(=O)N1CCn2c(nc(-c3ccc(F)cc3)c2Nc2ccc(F)c(F)c2)C1,314296fb4314f394,15
,,,CC(c1cc(C(=O)N(C)CCO)cc2c(=O)cc(N3CCOCC3)oc12)N(C)c1cc(F)cc(F)c1,b632bf770986300f,4
,,,CCCN1CCC(CC(=O)NO)(NC(=O)c2ccc(OCc3cc(C)nc4ccccc34)cc2)CC1,273ed64dbfb83750,6
,,,c1cc(C2CC(CN3CCOCC3)C2)ccc1CN1CCCC1,9c794456a81f63c2,7
,,,CCCCCCC(N)C(=O)NC(Cc1c(C)cc(O)cc1C)C(=O)N1CCCC1C(=O)NC(Cc1c[nH]c2ccccc12)C(=O)NC(Cc1ccccc1)C(N)=O,61cd9dd9200b2fb3,1
,,,N#Cc1cnc(NCC(F)(F)c2ccccc2)c(=O)n1CC(=O)NCCONC(=N)N,fd0d90937653ed63,2
,,,CCCCCCCCCCCCCCCCC(N)C(=O)NC(Cc1ccccc1)C(=O)NC(CSCNC(C)=O)C(=O)NC(C(=O)NC(Cc1c[nH]c2ccccc12)C(=O)NC(CCCCN)C(=O)NC(CSCNC(C)=O)C(=O)NC(C(N)=O)C(C)O)c1ccc(O)cc1,4b7b569f4668dee3,2
,,,CN(C)CCn1cc(-c2cnc3nnn(Cc4ccc5ncccc5c4)c3n2)cn1,4cf54d37521e36de,7
,,,Nc1cccc(-c2c(O)ccc3cc(-c4cccc(O)c4)ccc23)c1,bba35e3d3a3bb21a,10
,,,Cc1ncc(CNC(=O)c2sc(-n3cnn(Cc4ccc(F)cc4)c3=O)nc2C)s1,be2313d9fbeba25f,7
,,,CC(C)CCn1nc(-c2cccs2)c(O)c(C2=Nc3ccc(NS(C)(=O)=O)cc3S(=O)(=O)N2)c1=O,728e6c3fc0f6e246,11
,,,CN(Cc1ccc(F)cc1)C(=O)C1(c2ccc(Cl)c(Cl)c2)CC1CN1CCN(C(=O)CN2CCCC2)CC1,2ddd7ccd8fbec7f9,1
,,,CCCCCCCCC(N)C(=O)NC(CCCCCCCC)C(=O)NC(CCC(=O)O)C(=O)NC(Cc1c[nH]c2ccccc12)C(N)=O,4065653cfa1c17cd,3
,,,O=C(NCCCCC1CC1)c1ccc(N2CCN(C(=O)c3ccccc3C(F)(F)F)CC2)nn1,f351861fa8a2458c,9
,,,COc1ccc(-n2nc(C(N)=O)c3c2C(=O)N(c2ccc(C4(CCN5CCOCC5)CC4)cc2)CC3)cc1,7be40da99969de7c,1
,,,CC(C)(C)NC(=O)Nc1nc(Cl)c(-c2ccc(-c3cccnc3)cc2)n(CC(=O)Nc2ccccc2C(=O)NS(=O)(=O)c2ccc(C(F)(F)F)cc2)c1=O,11b68922acef0f34,1
,,,CC(C)S(=O)(=O)n1c(N)nc2ccc(C(=CC(N)=O)c3cccc(F)c3)cc21,5d1b3bd9debebb77,5
,,,C=C(c1ccccc1)[C@H]1OC[C@@H](N)[C@H](C)O1,91b2f5e3d940b254,4
,,,CCCCCCC(NC(=O)[C@H](Cc1ccccc1)NC(=O)[C@H](Cc1c[nH]c2ccccc12)NC(=O)[C@@H]1CCCN1C(=O)[C@H](Cc1ccc(O)cc1)NC(=O)CCC(=O)N[C@@H]1O[C@H](CO)[C@@H](O)[C@H](O)[C@H]1O)C(N)=O,3928ef5472bb8478,1
,,,C[S+]([O-])Cc1ccc(C(=O)Nc2cccnc2C(=O)NCC2CCOCC2)c2ccccc12,c5e1995af2d19321,5
,,,N#Cc1ccc(NC(=O)Nc2ccc(Cc3ccc(NC(=O)Nc4ccc(C#N)cc4)cc3)cc2)cc1,003e4009727a5003,12
,,,COC(=O)NC(C(=O)NN(CCC(O)(Cc1ccccc1)C(=O)NC1c2ccccc2CC1O)Cc1ccc(-c2cccnc2)cc1)C(C)(C)C,eaf775801119b1d8,4
,,,Cn1c(Br)c(Br)c2c(=O)n(Cc3ccccc3C#N)c(N3CCCC(N)C3)nc21,daf6d228a3b85fcd,6
,,,Cc1cc(COc2ccc(C(=O)NC3(CC(=O)NO)CCN(C(=O)CC(C)(C)C)CC3)cc2)c2ccccc2n1,5508907267ee9c6f,9
,,,CCC(C)C1NC(=O)C2CCCN2C(=O)C(Cc2ccccc2)N(C)C(=O)C(CC(C)C)NC(=O)c2csc(n2)C(C(C)CC)NC(=O)C2CCCN2C1=O,575b1abb8759d1e5,2
,,,Cn1c(-c2ccccn2)c(C2CCCCC2)c2ccc(C(=O)NC3(C(=O)Nc4ccc(C(=O)O)cc4)CCC3)cc21,44fab3e6a89397a9,2
,,,N=C(N)c1cccc(CC(CC(=O)N2CCNCC2)NS(=O)(=O)c2ccc3ccccc3c2)c1,0171f78341175d57,1
,,,CCOC1CCC(CN2CC(c3ccccc3)N(C3CCN(C4(C)CCN(C(=O)c5c(C)ncnc5C)CC4)CC3)C2=O)CC1,3aee9470c136b3c1,3
,,,CO[C@H]1C(=O)[C@@]2(C)[C@H]([C@H](OC(=O)c3ccccc3)[C@]34OC(=O)O[C@H]3[C@H](OC(=O)[C@H](O)[C@@H](NC(=O)OC(C)(C)C)c3ccccc3)C(C)=C1C4(C)C)[C@]1(OC(C)=O)CO[C@@H]1C[C@@H]2O,2b4bafaa34598d9f,2
,,,CC(CS(C)(=O)=O)Nc1ncc2cc(Oc3ccc(F)cc3F)c(=O)n(C)c2n1,703b1a08a4a5a1ae,11
,,,CCn1c(Cc2nc(O)cc(N3CCOCC3)n2)nc2ccccc21,953833c574ee83e6,6
,,,CC(C)(C)CCn1nc(N2CCCC2)c(O)c(C2=NS(=O)(=O)c3cc(NS(C)(=O)=O)ccc3N2)c1=O,523f8cf988ab22ef,8
,,,Cn1c(N2CCCN(CCCN3c4ccccc4Sc4ccc(CC(=O)O)cc43)CC2)cc(=O)n(C)c1=O,9bde41a7541f67fa,4
,,,Cc1cc(C(=O)Nc2ccc(-c3ccccc3S(C)(=O)=O)cc2F)n(-c2cccc(CN)c2)n1,b082b9a52c66f5e5,3
,,,CCC1CC(n2c(=O)nc(-c3cnn(C)c3)c3oc4cnc(-c5cnn(C)c5)cc4c32)CCO1,ccc6e706d3de37d9,5
,,,COc1cccc(C=C2CNCC(=Cc3cccc(OC)c3OC)C2=O)c1OC,162fe99ea8cb68c5,3
,,,Cc1cc(COc2ccc(C(=O)N[C@@H]3CN(C)C[C@@H]3C(=O)NO)cc2)c2ccccc2n1,761a8da1f17b95fb,14
,,,CCc1c(CCCC(=O)O)cccc1-c1nsc(-c2ccc(OC(C)C)c(C#N)c2)n1,0088950000e42f16,11
,,,COc1cc(C)c(S(=O)(=O)N(C)CCOCC(=O)N2CCC(C(C)(C)CN(C)C)CC2)c(C)c1,d803a6e3897c9a4e,5
,,,CC1(N)Cc2cccc(c2)CCC(c2ccccc2)NC(=O)c2cc(Br)cc(c2)COC1=O,5be43792348edb8a,3
,,,COc1ccc2c(c1)CCC(c1cccnc1)=C2,fce8270527f4e633,13
,,,Cc1cc(COc2ccc(C(=O)N[C@@H]3CN(CC(C)C)C[C@@H]3C(=O)NO)cc2)c2ccccc2n1,d40e14919c30e8ba,3
,,,O=C(O[C@H]1C[C@H](n2cc(F)c(=O)[nH]c2=O)O[C@@H]1CO)c1cccc(C(=O)O[C@H]2C[C@H](n3cc(F)c(=O)[nH]c3=O)O[C@@H]2CO)c1,22d8218b8faee839,3
,,,Cc1ccn(CCCCN2CCN(c3cc(C(F)(F)F)nc(C(C)(C)C)n3)CC2)c(=O)c1,291a7109649a6c62,11
,,,CC1(CS(=O)(=O)N2CCN(c3ncc(OCc4ccc(C(F)(F)F)o4)cn3)CC2)NC(=O)NC1=O,e57e9aca4e69c60d,3
,,,CCCCC(=O)NS(=O)(=O)c1ccccc1-c1ccc(Cn2c(CCC)nc(CC)c2C(=O)O)c(F)c1,5c4e09aca79563d3,3
,,,NC(CC(=O)N1CCCC1CNS(=O)(=O)C(F)(F)F)Cc1cc(F)c(F)cc1F,2aeffc3d5c66d9ab,2
,,,COc1cc(-c2ccc3nc(NC(C)=O)sc3c2)cnc1N,f1d408705932f3b5,4
,,,C=CCN(Cc1nccs1)C(=O)[C@@]1(c2cccs2)C[C@H]1CN,54fdff5866ed0f31,9
,,,Cc1nc2c(C(F)(F)F)nn(-c3ccc4onc(N)c4c3)c2c(=O)n1-c1ccc(-c2ccccc2CN(C)C)cc1,3407eb5e80fd5c64,17
,,,CN1C/C=C/CCOc2cccc(c2)-c2ccnc(n2)Nc2cccc(c2)C1,95c6350f778467b0,8
,,,Cc1cc(COc2ccc(C(=O)N[C@@H]3CCCC[C@@H]3C(=O)NO)cc2)c2ccccc2n1,13b1960bc0b4f0c2,3
,,,CN(C)C(=O)NS(=O)(=O)n1c(N)nc2ccc(C(C(N)=O)c3cccc(F)c3)cc21,52f5934d926b0314,9
,,,CC(C)CNC(=O)C(C)NCC(Cc1ccccc1)NC(=O)c1cc(CCC2CC2C)cc(N(C)S(C)(=O)=O)c1,f74de6e2b71c6bc4,3
,,,O=[N+]([O-])c1ccc(C2=NOC(c3ccc(N4CC[S+]([O-])CC4)cc3)C2)o1,36d1a0f554716c2c,5
,,,Cc1cc(COc2ccc(NC(=O)[C@H]3CCN(C(=O)OC4CC4)C[C@@H]3C(=O)NO)cc2)c2ccccc2n1,d304f8ef1265f795,5
,,,C[C@H](CO)Nc1cc(NS(=O)(=O)N2CCCC2)nc(SCc2cccc(F)c2F)n1,eea317690eb62657,5
,,,O=C(Cc1nc(N2CCOCC2)cc(=O)[nH]1)N1CCc2c(-c3ccncc3)cccc21,4be4b4848a9a371b,6
,,,CS(=O)(=O)N1CCN(c2ccc(N3CCN(C(=O)NC4C5CC6CC4CC(C(N)=O)(C6)C5)c4ccccc43)cc2)CC1,9e5820e7a0adebce,3
,,,O=C(NC1C2CC3CC1CC(O)(C3)C2)N1CCN(c2ccc(N3CCN(S(=O)(=O)C4CC4)CC3)cn2)c2ccccc21,240c28419445fdad,2
,,,COCC(C)Oc1cc(Oc2ccc(S(C)(=O)=O)cc2)cc(C(=O)Nc2nc(C)ns2)c1,b535f89f512128fc,6
,,,Cn1cc(-c2ccc(Cc3[nH]nc4ccc(C(=O)N5CC(O)C5)cc34)cc2)cn1,1c43e163c1336c7a,9
,,,CCCC(=O)c1cnn(-c2ccc(NC(=O)c3cn(CC(=O)N4CCN(C)CC4)c4cc(C)c(C)cc34)cc2)c1C,403504165db3f54b,2
,,,O=C1CC(c2ccc(CC(Nc3nc4ccccc4s3)c3nc4cc(C(F)(F)F)ccc4[nH]3)cc2)S(=O)(=O)N1,649d1bbdf46309a3,10
,,,CC(C)CC1NC(=O)C(Cc2ccccc2)NC(=O)C(CC(=O)O)NC(=O)CNC(=O)C(CCCN=C(N)N)N(C)C(=O)CNC1=O,63e1783d4c6adc58,1
,,,C1=C/COCc2cc(ccc2OCCN2CCCC2)Nc2nccc(n2)-c2ccc(o2)COC/1,f2f0fd1c4ab44cb5,2
,,,CCCCc1ccc(C(=O)NC2(C(=O)N[C@H](Cc3ccccc3)C(=O)NCC3CCN(CC4CCOCC4)CC3)CCCC2)nc1,ca997733e3845589,1
,,,CNC(=O)[C@@H](NC(=O)[C@H](OCc1ccccc1)[C@H](O)[C@@H](O)[C@@H](OCc1ccccc1)C(=O)N[C@H]1c2ccccc2C[C@H]1O)C(C)C,f3c281d8bde88c3c,2
,,,CN1CC(=O)N(C)CC(=O)N(C(Cc2ccccc2)C(N)=O)CCNC(=O)CCNC(Cc2ccccc2)C(=O)N(C)CC(=O)N(C)CC1=O,fb1c0175875a68cb,3
,,,O=C(CCC1=CCN(Cc2ccc(F)cc2)C1=O)NO,6b204b5d684db47e,9
,,,CC(NC(=O)C(N)Cc1ccccc1)C(=O)NC(CO)C(=O)O,51e79d3479d9ce8d,6
,,,COCCC1CC1c1cncc(OCC2CCCN2C)c1,786051c24b95c43e,11
,,,CC(C)n1c(=O)c(C(=O)NC2CC3CCC(C2)N3CCCCCCCN2CCCC2C(N)=O)cc2ccccc21,fb8eddc8394fd350,2
,,,O=C(NC1(C(=O)NC(Cc2ccccc2)C(=O)NCCCN2CCOCC2)CCCC1)c1cc2ccccc2o1,bbc4987f8f9bbf68,1
,,,CN1CCc2cc(-c3ccc4oc5c(-c6ccccc6)nc(=O)n(CCN6CCCC6C(N)=O)c5c4c3)ccc2C1,d2ad5fa926b8c4ea,6
,,,COC1C(=O)C2(C)C(OC(=O)N(C)C)CC3OCC3(OC(C)=O)C2C(OC(=O)c2ccccc2)C2(O)CC(OC(=O)C(O)C(NC(=O)OC(C)(C)C)c3ccccn3)C(C)=C1C2(C)C,b446122ece34c768,5
,,,C=CCc1ccccc1OCC(CNC(C)C)OC(=O)C1CC1,f5c73f01be313dd8,6
,,,CC1CN(c2cc(=O)c3cc(C(=O)N(C)C)cc(C(C)Nc4cc(F)cc(F)c4)c3o2)CCO1,acb2ae92c16fc94b,5
,,,FC(F)(F)c1cccc(Nc2nnc(-c3cccnc3CCc3ccncc3)o2)c1,509f8fa74be82838,5
,,,CCc1cc(-c2c[nH]c3ncc(-c4cnn(C5CCNCC5)c4)cc23)nc(N)n1,2b8d215042f726ac,3
,,,Cc1ccccc1C1(C#N)CCN(Cc2cc(C(=O)O)c(=O)n3ccccc23)CC1,a0653c160ac04d7b,7
,,,COc1ccc(-c2cnc(N3CCN(C(=O)NC4C5CC6CC4CC(C(N)=O)(C6)C5)c4ccccc43)nc2)cc1,d1fcc857c30d679a,12
,,,CC(=S)NCC1CN(c2ccc(-c3nnc(CNS(C)(=O)=O)s3)c(F)c2)C(=O)O1,0f6973a49bf73e22,6
,,,CNC(=O)[C@H](Cc1ccccc1)NC(=O)[C@@H](N)Cc1ccccc1,c3b93660a3a512af,3
,,,CC[C@H](C)[C@@H]1NC(=O)[C@@H]2CCCN2C(=O)[C@H](Cc2ccccc2)NC(=O)[C@H](C)N(C)C(=O)c2csc(n2)[C@H]([C@@H](C)CC)NC(=O)[C@@H]2CCCN2C1=O,4d79ec8adee1bfb7,2
,,,Cc1ccc(NC(=O)c2ccc3nc(-c4c(C)cc(OCC(=O)O)cc4C)[nH]c3c2)cc1C,fad726d6cc742cf4,23
,,,CC1=NC(Cc2ccccc2)(c2cccc(-c3cncnc3)c2)N=C1N,674384b750da992a,15
,,,CCCCCOc1cccc(NC(=O)OCCN2CCCC2)c1,a58b80ebb339e416,12
,,,O=[N+]([O-])c1ccc(C2=NOC(c3ccc(N4CCS(=O)CC4)cc3)C2)o1,009ef56413454496,4
,,,O=C(C[C@H]1CNC(=O)c2cc(-c3cccc(F)c3)cn21)N[C@H](CO)c1ccccc1,203813b4b0f4ba46,3
,,,CC1CN(c2nnc(C(F)(F)F)o2)CCN1c1ncc(OCc2ccncc2C#N)cn1,a2d12475108c3641,11
,,,Cc1cccc(C(=O)N[C@H]2C[C@@H](n3cnc(NC(=O)Cc4cccc5ccccc45)c3)C2)n1,7dbbff4d75140ef3,5
,,,CN(C)C1CCN(C[C@@H](NC(=O)C[C@H]2CNC(=O)c3cc(-c4cccc(Cl)c4)cn32)C2CCCCC2)CC1,c32fdcf63b1d9f77,1
,,,CCCC1N(C(=O)c2cnccc2C(F)(F)F)CCCC1(Oc1csc(C(F)(F)F)c1)C(=O)N1CCN(c2ccccc2OCC(=O)O)CC1,d6c73a6f3860479b,1
,,,CC(C)CC1C(=O)N2CCCC2C2(O)OC(NC(=O)C3C=C4c5cccc6[nH]c(Br)c(c56)CC4N(C)C3)(C(C)C)C(=O)N12,564cdce4c446cc40,2
,,,CO[C@H]1C(=O)[C@]2(C)[C@@H](OC(=O)N(C)C)C[C@H]3OC[C@@]3(OC(C)=O)[C@H]2[C@H](OC(=O)c2ccccc2)[C@]2(O)C[C@H](OC(=O)[C@H](O)[C@@H](NC(=O)OC(C)(C)C)c3ccccn3)C(C)=C1C2(C)C,b627ca63b2d0b909,1
,,,O=C(Nc1cccc(OC(F)(F)F)c1)c1nscc1NCc1ccncc1,65a1a352a54c7da0,7
,,,COc1ccccc1OCCNCC(O)OCc1cccc2[nH]c3ccccc3c12,92d11884838241a9,2
,,,Cc1ccc(NS(C)(=O)=O)c(C(=O)N2CCCCC2c2cc3nc(C)cc(C)n3n2)c1,b1ece487574111b3,4
,,,CN1CCN(S(=O)(=O)c2ccc(-c3cncc(C(=O)Nc4cccnc4)n3)cc2)CC1,65647fd1545cc925,3
,,,Cc1cc(COc2ccc(C(=O)NC3CN(Cc4ccco4)CC3C(=O)NO)cc2)c2ccccc2n1,a1c09a6e9c04f165,7
,,,CC(CO)Nc1cc(NS(=O)(=O)N2CCOCC2)nc(SCc2cccc(F)c2F)n1,1bba669ba355d169,3
,,,CCc1cc(-c2c[nH]c3ncc(-c4cnn(C)c4)cc23)nc(N)n1,fba189d5f55aba62,14
,,,Cc1cnc(NCCc2ccc(F)cc2)c(=O)n1CC(=O)NCCONC(=N)N,e857dbd69b51027f,2
,,,CC1OCCN(c2nc(-c3ccncc3F)cc(=O)n2C)C1C,de069975d6cf106a,7
,,,CCN(CC)C(=O)COC(=O)c1ccc2c(c1)nc(C(F)(F)F)n2C,2d2077c6782349c5,21
,,,Cc1ccc(Nc2nnc(-c3cccnc3CCc3ccncc3)o2)cc1C(F)(F)F,8aa1cde5a0cd1a47,6
,,,COc1ccc(-n2nc(C(F)(F)F)c3c2C(=O)N(c2ccc(C4(CN(C)C)CC4)cc2)CC3)cc1,a5196b6805e38b35,24
,,,Cn1c(-c2ccoc2)c(C2CCCC2)c2ccc(C(=O)NC3(C(=O)Nc4ccc(C=CC(=O)O)cc4)CCC3)cc21,eeec19b6c8e52ef6,15
,,,COCCn1cc(C(=O)C(=O)Nc2ccc(OC)nc2)c2ccccc21,da860087a1f922e6,11
,,,C=CC1CC1(NC(=O)C1CC(Oc2cc(-c3csc(NC(=O)C(C)C)n3)nc3c(Br)c(OC)ccc23)CN1C(=O)C(NC(=O)OC1CCCC1)C(C)(C)C)C(=O)O,2d0ca018b61c9d8c,2
,,,CC(=O)N[C@@H](Cc1ccccc1)[C@H](O)CN[C@H]1CC(C)(C)Cc2nn(CC(C)C)cc21,ce0173db94932532,3
,,,CC(C)CC1NC(=O)C(CC(C)C)NC(=O)C(Cc2ccc(O)cc2)N(C)C(=O)C2CCCN2C(=O)C(CC(C)C)NC(=O)C(CC(C)C)NC1=O,b49569e97891f4c0,1
,,,COc1ccc(CC(=O)/N=C(\N)N[C@H](CC2CCCCC2)C(=O)NCc2ccc(-c3nn[nH]n3)cc2)cc1OC,42bff0eacb543470,4
,,,COc1ccc2c3c1OC1C(O)C=CC4C(C2)N(C)CCC341,eebae638e86d37ce,5
,,,Cc1cc(Cn2c(=O)c(C3=CS(=O)(=O)c4ccccc4N3)c(O)c3cc(F)ccc32)ccc1F,a4fbfb1fed68c29f,11
,,,CC(C)CC1NC(=O)C(CC(C)C)NC(=O)C(Cc2c[nH]c3ccccc23)NC(=O)C2CCCN2C(=O)C(CC(C)C)NC(=O)C(CC(C)C)NC1=O,4a2d12151157bd58,3
,,,CC(C)CC1NC(=O)C(Cc2ccccc2)N(C)C(=O)C(CC(=O)O)NC(=O)CNC(=O)C(CCCNC(=N)N)NC(=O)CNC1=O,214c91b52caf1101,1
,,,CN(C)C(=O)c1cccc(-c2cnc(N)c(-c3nc4c(N5CCNCC5)cccc4[nH]3)c2)c1,ad573ad4776857ae,10
,,,CC(NP(=O)(OCC1OC(C#N)(c2ccc3c(N)ncnn23)C(C)(O)C1O)Oc1ccccc1)C(=O)OC(C)(C)C,eddb30437ff2d145,3
,,,Cc1cc(CC(CC(=O)N2CCC(N3Cc4cccc(F)c4NC3=O)CC2)c2ccccn2)cc2cn[nH]c12,1eded2864706259d,6
,,,CCc1nc(N)nc(N)c1-c1ccc2c(c1)N(CCNC(=O)CO)C(=O)C(C)(c1cc(F)cc(F)c1)O2,d817473da56d536d,2
,,,CN(C(=O)C(Cc1ccc(C(=N)N)cc1)NS(=O)(=O)c1ccc2ccccc2c1)C1CCCC1,6e6fd420c2be73b9,5
,,,COc1ccc(-n2nc(C(N)=O)c3c2C(=O)N(c2ccc(-c4ccccc4CN4CCCC4)cc2)CC3)cc1,85e940a2941a1633,1
,,,C[C@@H](NC(=O)CCC(=O)OCCNC(=S)Nc1ccc(-c2c3ccc(=O)cc-3oc3cc(O)ccc23)c(C(=O)O)c1)C(=O)NCCCC(=O)N[C@H](CCCNC(=N)N)C(=O)N[C@H](CCCNC(=N)N)C(=O)N[C@H](CCCNC(=N)N)C(=O)N[C@H](CCCNC(=N)N)C(=O)N[C@H](CCCNC(=N)N)C(=O)N[C@H](CCCNC(=N)N)C(=O)N[C@H](CCCNC(=N)N)C(N)=O,5208c41c4edcff4a,1
,,,C=CCCCC(C)(NC(=O)[C@H](CCC(N)=O)NC(=O)[C@H](CCCCN)NC(=O)[C@H](CCCN=C(N)N)NC(=O)C(C)(CCCC=C)NC(=O)[C@H](CCCN=C(N)N)NC(=O)[C@@H](NC(=O)[C@H](Cc1ccc(O)cc1)NC(=O)[C@H](CC(N)=O)NC(=O)[C@H](CC(=O)O)NC(=O)[C@@H](NC(=O)[C@H](Cc1ccccc1)NC(=O)[C@@H](NC(=O)[C@H](C)NC(=O)[C@H](CC(=O)O)NC(=O)[C@H](CO)NC(=O)[C@@H](N)Cc1c[nH]cn1)C(C)C)[C@@H](C)O)[C@@H](C)O)C(=O)N[C@@H](C)C(=O)N[C@H](C(=O)N[C@@H](CCCCN)C(=O)N[C@@H](CCCCN)C(=O)N[C@@H](Cc1ccc(O)cc1)C(=O)N[C@@H](CC(C)C)C(=O)N[C@@H](CC(N)=O)C(=O)N[C@@H](CO)C(=O)N[C@H](C(=O)N[C@@H](CC(C)C)C(=O)N[C@@H](CC(N)=O)C(=O)NCC(=O)N[C@@H](CCCCN)C(=O)O)[C@@H](C)CC)C(C)C,29fcffdba9baf964,1
,,,Cc1ccc(-c2ccc(C(=O)NC3(C(=O)N[C@H](Cc4ccccc4)C(=O)NCC4CCN(CC5CCOCC5)CC4)CCCC3)cc2)cc1,b1045fe9267e6751,1
,,,Cn1c(-c2ccncc2)c(C2CCCC2)c2ccc(C(=O)NC3(C(=O)Nc4ccc(C=CC(=O)O)cc4)CCCC3)cc21,1205e8017f487161,5
,,,O=C1CN(/N=C/c2ccc(-c3ccc([N+](=O)[O-])cc3)o2)C(=O)N1,460b1eecc5864526,3
,,,N=C(N)NCCCC(NC(=O)C(Cc1c[nH]c2ccccc12)NC(=O)CN)C(=O)NC(Cc1ccccc1)C(=O)NC(Cc1ccccc1)C(=O)O,7e3109dd166c413d,2
,,,CC#CCn1c(N2CCCC(N)C2)c(C#N)c2ncn(Cc3ccnc4ccccc34)c(=O)c21,1fe2041e75cb0609,6
,,,CC1Cn2c(nnc2C(C)(C)F)CN1C(=O)c1cccc(C(F)(F)c2n[nH]c(=O)c3ccccc23)c1,5f7486cf7b522ca3,7
,,,Cn1c(-c2csc(-c3cccnc3)n2)c(C2CCCCC2)c2ccc(C(=O)NC(C)(C)C(=O)Nc3ccc(C=CC(=O)O)cc3)cc21,91ccd427fe8bbcb2,10
,,,C1=CCOCc2cc(ccc2OCCN2CCCC2)Nc2nccc(n2)-c2ccc(o2)COC1,cbacb6a552e96ed8,6
,,,CCCOC(=O)c1cn(C2CC2)c2cc(N3CCNCC3)c(F)cc2c1=O,856f193545f32b1d,4
,,,Cn1cc(-c2ccc(-c3cnc(N)c4ccc(C(=O)N5CC(C)(F)C5)cc34)cc2)cn1,84c48cae11c00959,15
,,,CC(c1cc(C(=O)N(C)C)cc2c(=O)cc(N3CCOCC3)oc12)N(C)c1cc(F)cc(F)c1,f2be8eb5efa1cd43,4
,,,CN1CCCC/C=C\[C@@H]2C[C@@]2(C(=O)NS(=O)(=O)C2CC2)NC(=O)[C@@H]2C[C@@H](Oc3nc(-c4ccccc4)nc4ccccc34)C[C@H]2C1=O,49f3a175f22f4114,5
,,,COc1ccc(-n2nc(S(C)(=O)=O)c3c2C(=O)N(c2ccc(C4(Cn5ccnc5C)CC4)cc2)CC3)cc1,faed4fef42d5f607,20
,,,Cc1cnc(NCCc2cccc3ccccc23)c(=O)n1CC(=O)NCCONC(=N)N,b576ff1cb72247b4,5
,,,CC(Nc1ccc(F)c(F)c1)c1cc(C(=O)N(C)C)cc2c(=O)cc(N3CCOCC3)oc12,40642ca2709646c0,11
,,,Cc1ccc(C(=O)N2CCC(O)C2)c(OCC(O)CN2CCC3(CC2)Cc2cc(F)ccc2O3)c1,95e39a89a54d1d59,1
,,,CC(=O)NC(C(=O)NCCc1ccccc1)C(C)C,b87b9dec9b92c9ac,12
,,,N#Cc1c[nH]c2ccc(C3(Cc4ccccc4)CCNC3)cc12,9eb1033401909a5b,10
,,,COc1ccc(NC(C)=O)c(OCC(O)CN2CCC3(CC2)Cc2cc(Cl)ccc2O3)c1,7156bc88b436fe33,3
,,,Cc1ccc(NC(=O)c2c(C)[nH]n(-c3ccccn3)c2=O)cc1,e94f5ffeba89aa0c,2
,,,N#CCCCn1c(Cn2c(=O)n(CC(F)(F)F)c3ccncc32)nc2ccccc21,a7dd3506d7a39ff5,6
,,,CC[C@H](C)[C@@H]1NC(=O)[C@@H]2CCCN2C(=O)[C@H](Cc2ccccc2)N(C)C(=O)[C@H](C)NC(=O)c2csc(n2)[C@H]([C@@H](C)CC)NC(=O)[C@@H]2CCCN2C1=O,a813b64e3b57acc3,4
,,,C=CCC1C=C(C)CC(C)CC(OC)C2OC(O)(C(=O)C(=O)N3CCCCC3C(=O)OC(C(C)=CC3CCC(O)C(OC)C3)C(C)C(O)CC1=O)C(C)CC2OC,c4fe44924035be55,2
,,,COc1cc2c(cc1OC)CN(Cc1ccc3ccccc3c1)CC2,28f91d69d6772fe0,9
,,,COc1ccc2c(O[C@@H]3C[C@H]4C(=O)N[C@]5(C(=O)NS(=O)(=O)C6CC6)C[C@H]5/C=C\CCCCCNC(=O)N4C3)cc(-c3nccs3)nc2c1,58db8a646d5de944,3
,,,[SeH]c1nc([SeH])c2ccccc2n1,5625f3d596916510,1
,,,CC1Cn2c(nnc2C(C)(C)C)CN1C(=O)c1cccc(C(F)(F)c2n[nH]c(=O)c3ccccc23)c1,9a2313c758dc37d9,4
,,,CS(=O)(=O)Nc1ccc(-c2ccnc(Nc3ccc(CN4CCS(=O)(=O)CC4)cc3)n2)cc1,d0878e180e902593,2
,,,CC(C)CC1NC(=O)C(CC(C)C)N(C)C(=O)C(CC(C)C)NC(=O)C(Cc2ccc(O)cc2)N(C)C(=O)C2CCCN2C(=O)C(CC(C)C)NC1=O,d371c844a3efdb92,1
,,,Cc1c(C=CC(=O)NCC(=O)O)oc2ccc(Cl)c(C(=O)Oc3ccncc3C(=O)N3CCN(C4CC4)c4ccccc43)c12,c44efac80043a584,1
,,,CC(=O)NCC1CN(c2ccc(C(C)=O)cc2)C(=O)O1,d211d75715ff391d,4
,,,Cc1cc(COc2ccc(C(=O)NC3(CC(=O)NO)CCN(C(=O)OC(C)(C)C)CC3)cc2)c2ccccc2n1,4b5aba5b549105c5,8
,,,COc1cc(NC(=O)C2(NC(=O)c3ccc4c(C5CCCC5)c(-c5ccccn5)n(C)c4c3)CCC2)cc(OC)c1C=CC(=O)O,59188895548e2700,7
,,,COc1cccc(C(=O)Cn2cnc3c(C#N)c(N4CCNCC4)n(CC=C(C)C)c3c2=O)c1,c621a41130716349,4
,,,CC1(C)CC(=O)N(CCCCN2CCN(c3ncccn3)CC2)C(=O)C1O,554e53344e31ffc0,3
,,,N#Cc1ccc(CCNC(=O)C2CCCN(c3cc(N4CCC(C(=O)O)CC4)nc(C(F)(F)F)n3)C2)cc1,979ee5219cea64f2,1
,,,Cc1cc2c(O)n(Cc3ccccc3C#N)c(N3CCCC(N)C3)nc-2n1,c618b72c436c2695,1
,,,N[C@@H](CC(=O)N1CCC[C@H]1c1nc(-c2ncc(F)cc2F)no1)Cc1cc(F)c(F)cc1F,6526ebd931e66840,1
,,,COc1cc(Nc2nc(NC3CCCCC3N)n3ccnc3c2C(N)=O)cc(OC)c1,92ca81ce6065d417,1
,,,CC(C)c1nc2c(C(=O)NCC3CCN(CC4CCN(S(C)(=O)=O)CC4)CC3)cccc2[nH]1,831f8d0b0d9dd84e,2
,,,Cn1cnc(S(=O)(=O)N(Cc2ccc(C(F)(F)F)o2)C2Cc3cc(C#N)ccc3N(Cc3cncn3C)C2)c1,9e67e67d9ec62f13,2
,,,COc1cc(C(=O)C=Cc2ccc(F)cc2)cc(OC)c1OC,02cfe649694e84eb,9
,,,COc1cc2c(cc1OC)CN(CCCC1CCCc3cc(OC)c(OC)cc31)CC2,e726c7dae3fd0c1c,8
,,,CCCCOC(=O)c1ccccc1-c1ccc(CN2CCC(COC(=O)c3c4n(c5ccccc35)CCCO4)CC2)cc1,719c00e26c79306c,7
,,,Cc1cnc(NCCc2ccc(F)c(F)c2)c(=O)n1CC(=O)NCCON=C(N)N,d32fa322e7c24bf8,3
,,,Cc1nc(C)c(-c2ccc(C3CCC(CCO)CC3)cc2)nc1C(N)=O,3a111fe9a375a8a6,2
,,,N=C(N)SCc1ccccc1Sc1cc(F)c(F)cc1CSC(=N)N,d994594d0ab12e9a,6
,,,COc1cc(C=CC(=O)NC2OC(CO)C(O)C(O)C2O)cc(OC)c1,df47a14b669af640,1
,,,Cc1nc(-n2cnn(Cc3ccc(C(F)(F)F)cc3)c2=O)sc1C(=O)NCc1ccccn1,284b9baecbcf62fd,6
,,,CS(=O)(=O)Nc1ccc2c(c1)S(=O)(=O)NC(C1=C(O)[C@@H]3[C@H]4CC[C@H](C4)[C@@H]3N(Cc3ccc(F)c(F)c3)C1=O)=N2,dc820b537c0442bc,10
,,,F[C@@H]1CNCC[C@H]1n1cc(-c2ccc3c(c2)Cc2c[nH]nc2-3)c(-c2ccncc2)n1,0935b042ff8a1944,3
,,,Cc1ccc(-c2ccc(C(=O)NC3(C(=O)N[C@@H](CCCN4CCN(CC5CCOCC5)CC4)Cc4ccccc4)CCCC3)cc2)cc1,d8c42e90486ea7c7,2
,,,CNC(=O)C=C(c1ccc2nc(N)n(S(=O)(=O)C(C)C)c2c1)c1ccc(F)c(F)c1F,1f1ccfc8a4e10dd8,14
,,,C[C@@H]1CCCN1CCCOc1ccc(C2=NNC(=O)CC2)cc1,627ea2a5c1d4b0c4,13
,,,CCN(C)C(=O)C1CC(c2ccc(CN3CCCC3)c(F)c2)C1,b7cd0d268412e3f7,21
,,,Cc1[nH]c2cc(C3CCCCN3C(=O)c3ccccc3)nn2c(=O)c1C,b9dd9f51a2da4c71,7
,,,CCCCCN1C(=O)C(C)(c2ccc3c(c2)OCO3)c2ccccc21,3295eb4ee79594cb,14
,,,Cc1c[nH]c2c(Nc3nc(NC4CCCCC4N)cc4nc[nH]c(=O)c34)cccc12,dcc936682dd06282,3
,,,Cc1cc(COc2ccc(C(=O)NC3(CC(=O)NO)CCN(C(C)(C)C)CC3)cc2)c2ccccc2n1,9837450a7ca4dd7c,3
,,,CCC1CC(n2c(=O)nc(-c3cnn(C)c3)c3oc4ccc(-c5cn(C)cn5)nc4c32)CCO1,73f50b0e6ca54657,5
,,,CC(O)C1NC(=O)C(CCCCN)N(C)C(=O)C(Cc2c[nH]c3ccccc23)NC(=O)C(Cc2ccccc2)NC(=O)C2CCCN2C(=O)C(Cc2ccccc2)N(C)C1=O,53f20ddff547c1f6,1
,,,CC(C)C[C@@H]1NC(=O)[C@@H](CC(C)C)N(C)C(=O)[C@@H](CC(C)C)N(C)C(=O)[C@H](Cc2ccc(O)cc2)NC(=O)[C@@H]2CCCN2C(=O)[C@@H](CC(C)C)NC1=O,74a43bee5f722234,2
,,,CC(C)CC1NC(=O)C(Cc2ccc(O)cc2)N(C)C(=O)C2CCCN2C(=O)C(CC(C)C)NC(=O)C(CO)N(C)C(=O)C(CC(C)C)N(C)C1=O,1160050e61c0f3ae,2
,,,CCN1CCN(C(=O)NC(C(=O)NC2C(=O)N3C2SC(C)(C)C3C(=O)O)c2ccccc2)C(=O)C1=O,ca0d7c087fc37e0d,2
,,,Cc1cnc(NCCc2ccc(F)cc2)c(=O)n1CC(=O)NCCON=C(N)N,5bfde1784f087cfa,2
,,,CCC(=O)NCC1CN(c2ccc(-n3cc(C#N)cn3)c(F)c2)C(=O)O1,1812acc1c797d56a,3
,,,Cc1nc2ccccc2n1C1CC2CCC(C1)N2CCC(NC(=O)C1CCS(=O)(=O)CC1)c1cccc(F)c1,428b390d614ca5f2,6
,,,COc1ccc2c(c1)CCCC2CCCN1CCc2cc(OC)c(OC)cc2C1,26a1393e05a1bb93,1
,,,CC[C@H](C)[C@@H]1NC(=O)[C@@H]2CCCN2C(=O)[C@H](Cc2ccccc2)NC(=O)[C@H](C)NC(=O)c2csc(n2)[C@H]([C@@H](C)CC)NC(=O)[C@@H]2CCCN2C1=O,5a58e76045bf65c5,1
,,,Cn1cncc1CN1CC(N(CC2CCN(C(=O)c3ccco3)CC2)S(=O)(=O)c2ccccn2)Cc2cc(C#N)ccc21,5ac5312318fc4e06,4
,,,CC(C)C1=NC(c2ccccc2)(c2cccc(-c3cncnc3)c2)N=C1N,a573716fb9f6a40f,18
,,,Cc1c[nH]c2ncnc(N3CCN(C(=O)C(N)Cc4ccc(F)cc4)CC3)c12,8950b91ff05834e7,2
,,,CCCCn1c(-c2ccccc2)cn2c3c(=O)[nH]c(=O)n(C)c3nc12,e973e828c7ae87d9,14
,,,O=[N+]([O-])c1cn2c(n1)OC[C@@H](OCc1ccc(N3CCOCC3)c(F)c1)C2,9359cecee4d0ab16,2
,,,NS(=O)(=O)c1ccc(-n2cc(C3C(O)CC(O)C3CC=CCCCC(=O)O)nn2)cc1,8e76c688f0f15a6b,2
,,,COc1ccc(-n2nc(Cn3ccnn3)c3c2C(=O)N(c2ccc(-c4ccccc4CN4CCC(O)C4)cc2)CC3)cc1,484382cec13f795b,5
,,,COc1c(C)cc(C2(c3cccc(-c4cncnc4)c3)N=C(N)c3c(F)cccc32)cc1C#N,b94da66e99a2cb38,17
,,,CC(C)CC1CN(C(=O)C(=O)c2c[nH]c3cccc(F)c23)CCN1C(=O)c1ccccc1,5fcaf4556978efe1,6
,,,CC(C)(O)Cn1cc(-c2cnc3nnn(Cc4ccc5ncccc5c4)c3n2)cn1,3e92d92a608f90c8,6
,,,CC(C)C[C@@H]1NC(=O)[C@H](Cc2ccccc2)NC(=O)[C@H]([C@@H](C)O)NC(=O)CNC(=O)[C@H](C)NC(=O)[C@H](Cc2ccc(O)cc2)NC1=O,7e0c4b6622fc8727,1
,,,COC(=O)C(C)NP(=O)(OCC1OC(C#N)(c2ccc3c(N)ncnn23)C(C)(O)C1O)Oc1ccccc1,8f90566c34b22eb0,2
,,,Cc1ccc(C(=O)NC2CC2)cc1-c1ccn2c(C(C)(C)C)nnc2c1,71591b38c4fb83d0,7
,,,CC(=O)N[C@@H](CCN1[C@@H]2CC[C@H]1C[C@@H](n1c(C)nc3c1CCN(c1ccncn1)C3)C2)c1cccc(F)c1,a34af87b01c33fae,5
,,,CC(C)(C)n1c(=O)n(Cc2nc3ccccc3n2CCCC#N)c2cnccc21,8aa0479688e40979,11
,,,CNC(=O)C(Cc1ccc2ccccc2c1)N1CCN(C(=O)C(N)Cc2ccc(F)cc2)C(CCNC(=N)N)C1=O,0a4a83e2343afd85,9
,,,O=C(NC(Cc1ccccc1)c1nnc(-c2ccccc2)o1)OCc1ccccc1,b286e1ee578f223c,7
,,,CCCCOc1ncc(S(=O)(=O)N2CCN(CC)CC2)cc1-c1nc(O)c2nn(C3CN(C)C3)c(CC)c2n1,6bdee4b9f3ea4696,1
,,,CC(C)(C)c1nc2c(C(=O)NCC3CCN(CC(O)CN4CCN(S(C)(=O)=O)CC4)CC3)cccc2[nH]1,1f51ba1a52d4e0cc,2
,,,Oc1ncnc2c(-n3cc(CCN4CCC(c5cccs5)CC4)cn3)nccc12,053ba8b488c54dab,1
,,,Cc1c(Cc2ccccc2S(=O)(=O)c2ccccc2)c2c(n1CC(=O)O)CC(C)(C)NC2=O,714f5c70b849e6f4,3
,,,CC(=O)OC1C(=O)C2(C)C(O)CC3OCC3(OC(C)=O)C2C(OC(=O)c2ccccc2)C23OC(=O)OC2C(OC(=O)C(O)C(CC(C)C)NC(=O)OC(C)(C)C)C(C)=C1C3(C)C,028779d77ee09494,1
,,,CNc1c(C)c(C)nc2cc(C3CCCCN3C(=O)c3cc(C)ccc3NS(C)(=O)=O)nn12,84443db8ea4d8cc5,2
,,,O=C(O)CC(c1cccnc1)n1ccc2c(CCc3ccc4c(n3)NCCC4)cccc21,430248d3d9031ff7,3
,,,CC1CN(C(=O)c2ccccc2)CCN1C(=O)C(=O)c1c[nH]c2c(C(N)=O)ccc(F)c12,b2460bc984c191c3,3
,,,NC(=O)c1sc(N2CCOCC2)nc1CC(=O)N1CCc2c(Br)cccc21,f2db5574bb3b5aec,7
,,,Cc1[nH]n(-c2ccccn2)c(=O)c1-c1ccc(C(F)(F)F)cc1,ee2bafb518ca5cf2,4
,,,Cn1ncc(NCc2ccncc2)c1C(=O)Nc1ccc(OC(F)(F)F)cc1,3fd11a9667da17cd,11
,,,C=C(F)CN(CC)C(=O)C1(c2cccs2)CC1CN,60ee08ea56e154d5,6
,,,CN(C)C(=O)c1cccc(/N=c2\c(O)c(O)c2=Nc2ccccc2)c1O,4ab2ba536312877a,9
,,,CC1Cc2c(Cl)cccc2N1C(=O)Cc1nc(N2CCOCC2)sc1C(=O)O,010d23b09b5157c2,6
,,,CC(C)(C)c1nn2ccccc2c1Cc1ccc(C(=O)NC2CCOCC2C(=O)NO)cc1,3b32a967dcb62c3d,12
,,,COc1ccc(-n2nc(C(N)=O)cc2C(=O)Cc2ccc(-n3ccccc3=O)cc2F)cc1,0ca4494ec43bcf04,11
,,,COc1cc(Nc2nc(NC3CCCCC3N)n3cc(-c4ccccc4)nc3c2C(N)=O)cc(OC)c1,39c787da9ab3b321,3
,,,COc1ccc2c(O[C@@H]3C[C@H]4C(=O)N[C@]5(C(=O)NS(=O)(=O)C6CC6)C[C@H]5/C=C\CCCCCNC(=O)N4C3)cc(-c3nc(C(C)C)cs3)nc2c1Cl,c5dbbda9e0ef63f8,1
,,,CC(Cc1ccccc1)(NC(=O)[C@@H](N)Cc1ccccc1)C(N)=O,df3eaec4d85b3853,6
,,,C1=CCOCc2cc(ccc2OCCN2CCCC2)Nc2nccc(n2)-c2cccc(c2)COC1,b015616711d7fca5,5
,,,Cc1cc(CC(CC(=O)N2CCC(c3cc4ccccc4[nH]c3=O)CC2)c2ccccn2)cc2cn[nH]c12,723207da821b857b,7
,,,C=CC1CC1(NC(=O)C1CC(Oc2cc(-c3csc(NC(C)C)n3)nc3cc(OC)ccc23)CN1C(=O)C(NC(=O)OC1CCCC1)C(C)(C)C)P(=O)(O)Cc1cccc(OC)c1,e4fb47fa572e232d,5
,,,CC(C)n1c(=O)c(C(=O)NC2CC3CCC(C2)N3CCCCCCCN2CCN(S(C)(=O)=O)CC2)cc2ccccc21,8b6725e6fae57262,6
,,,C[C@@H]1O[C@H](c2ccc([N+](=O)[O-])cc2)OC[C@H]1NC(=O)Cc1ccccc1,a73f4e0b7898f0c6,8
,,,CN(C[C@@H]1CCCN1C(=O)C[C@H](N)Cc1cc(F)c(F)cc1F)S(=O)(=O)C(F)(F)F,c601472ed7a1ef7b,1
,,,COc1ccc(C(=O)NCc2cccc(C(=O)NCCc3ccncc3)c2)cc1OC,d1ddc9395ce5760f,6
,,,COc1cnn(C)c(=O)c1-c1ccc(CC(CO)NC(=O)c2c(Cl)cccc2Cl)cc1,0e6e39e3248a967d,6
,,,Cc1ccc2c(NC3CC3)noc2c1-c1ccc2c(c1)NC(=O)C21CCC(F)(F)CC1,c552b45d157d7276,4
,,,CC(C)C[C@H](CO)Nc1nc(S(=O)(=O)Cc2ccccc2)nc2nc(O)sc12,beb375f2e67daaf8,4
,,,Cc1cc(C#N)nc(C)c1C(=O)N1CCC(C)(N2CCC(N3C(=O)N(CC4CCOCC4)CC3c3ccccc3)CC2)CC1,d606f38036d4f9fc,1
,,,CN1CCN(Cc2ccccc2-c2ccc(NC(=O)c3cc(C(F)(F)F)nn3-c3ccc4onc(N)c4c3)c(F)c2)CC1,dd68de85a8ddf5fd,3
,,,COc1cc(C)c(S(=O)(=O)N(C)CCOCC(=O)N2CCN(C3CCN(C)CC3)CC2)c(C)c1,6effbb6cbc894fa8,4
,,,FC1CNCCC1n1cc(-c2ccc3c(c2)Cc2c[nH]nc2-3)c(-c2ccncc2)n1,8437aeb6c01d0eb4,6
,,,CCCCn1c(-c2c(C)ccc3[nH]ncc23)cn2c3c(=O)[nH]c(=O)n(C)c3nc12,cd71204afa21a58b,20
,,,COc1ccc2c(OC3CC4C(=O)NC5(C(=O)NS(=O)(=O)C6CC6)CC5C=CCCCCN(C)C(=O)C4C3)nc(-c3nc(C(C)C)cs3)nc2c1,f3414dcde36268ac,3
,,,COc1cncc(-c2cccc(C3(c4ccc(OC(F)F)cc4)N=C(N)N4CC(F)(F)CN=C43)c2)c1,9fb5ad82d5119e44,8
,,,C=CC1CC1(NC(=O)C1CC(Oc2cc(-c3csc(NC(C)C)n3)nc3cc(OC)ccc23)CN1C(=O)C(NC(=O)OC1CCCC1)C(C)(C)C)P(=O)(O)Cc1c(F)cccc1F,83eefe92d2555940,1
,,,CCOC(=O)c1[nH]cc2c1NC1=C(C(=O)CCC1)C2c1cccc(Oc2nc3ccccc3[nH]2)c1,8eddd30e02355c96,10
,,,COc1cc(/C=C/C(=O)/C(Cc2cn(CCCCCCNC(=O)CCNC(=O)CCNC(=O)CO[C@H]3CC[C@@]4(C)C(=CC[C@H]5[C@@H]6CC[C@H]([C@H](C)CCCC(C)C)[C@@]6(C)CC[C@@H]54)C3)nn2)=C(O)/C=C/c2ccc(O)c(OC)c2)ccc1O,ce80fa36c276f705,3
,,,CS(=O)(=O)c1ccccc1-c1ccc(NC(=O)c2cc(C(F)(F)F)nn2-c2cccc(CN)c2)cc1,d97262081d71fd58,5
,,,O=C(c1ccc(-c2ccc(OC3OC(CO)C(O)C(O)C3O)cc2)cc1)N1CCOCC1,1a3a7bd60ae41623,6
,,,C#CC[C@@H](C(=O)N[C@H](/C=C/C(=O)OC1CCC1)C[C@@H]1CCNC1=O)n1cccc(NC(=O)c2cc(C)on2)c1=O,603ee8cadb4c46b4,3
,,,Cn1cnc(S(=O)(=O)N(CCn2cccc2)C2Cc3cc(C#N)ccc3N(Cc3cncn3C)C2)c1,90696c8e5138a063,8
,,,COc1cccc(C(=O)Cn2cnc3c(C#N)c(N4CCCC(N)C4)n(Cc4ccccc4)c3c2=O)c1,8f272023acd723bc,9
,,,C[C@H]1[C@H](n2ccc(N)nc2=O)O[C@@](CO)(N=[N+]=[N-])[C@H]1O,798283a23db21a3d,3
,,,CC1OC(OC2C(=O)c3c(O)cc(O)cc3OC2c2ccc(O)c(O)c2)C(O)C(O)C1O,a1534c077406ea29,1
,,,CCc1nc(N)nc(N)c1-c1ccc2c(c1)N(CCCCO)C(=O)C(C)(c1cc(F)cc(F)c1)O2,d3b2cbc832a0aaeb,9
,,,NC(=O)C1CCN(c2nnc(-c3ccc4c(c3)OCCCO4)s2)CC1,45de7d8d2afaf754,3
,,,COCCCOc1cc(C(=O)N(C[C@@H]2CNC[C@H]2NC(=O)OCC2CCCCC2)C(C)C)ccc1OC,4b3f82c7a26b0b4a,3
,,,Cc1nn(-c2ccc3onc(N)c3c2)c2c1CCN(c1ccc(-c3ccccc3CN3CCC(O)C3)cc1)C2=O,8ea7847c52828178,1
,,,c1cnc2ccc(Cn3nnc4nccnc43)cc2c1,51aaf2d7116d9b79,4
,,,COc1ccc(C2=NC(c3ccc(Cl)cc3)C(c3ccc(Cl)cc3)N2C(=O)N2CCNC(=O)C2)c(OC(C)C)c1,d2ca760f4c3bf54a,5
,,,CC1COCCN1c1nc(-c2ccncc2F)cc(=O)n1C,b5b664e15aed00a4,9
,,,CN(C)Cc1nccn1-c1ccc(-c2ccc3c(C(N)=O)nn(-c4ccc5onc(N)c5c4)c3c2F)c(F)c1,bb0e2a778795e7d6,4
,,,CCCCCCCCC(N)C(=O)NC(Cc1ccc(O)cc1)C(=O)N1CCCC1C(=O)NC(Cc1c[nH]c2ccccc12)C(=O)NC(Cc1ccccc1)C(=O)NC(Cc1ccccc1)C(=O)NCC(=O)NC(CC(C)C)C(=O)NC(CCSC)C(N)=O,324ed2975b4b7cfd,1
,,,Cc1cccc(C(=O)N2c3cccc(O)c3N=C3CC(C)(C)CC(O)=C3C2c2ccc(OCc3ccccc3)cc2F)n1,2f721ced43dee719,1
,,,Cn1ncc2cc(Cc3n[nH]c4ccc(C(=O)N5CCC(O)C5)cc34)ccc21,dfae497174de1359,6
,,,CCCCN1C(=O)[C@H](CC2CCCCC2)NC(=O)C12CCN(Cc1ccc(Oc3ccc(C(=O)NC)cc3)cc1)CC2,91c9f400e22ca1fe,2
,,,CC(C)C[C@H]1NC(=O)[C@H](CC(C)C)N(C)C(=O)[C@H](CC(C)C)N(C)C(=O)[C@H](Cc2ccc(O)cc2)NC(=O)[C@@H]2CCCN2C(=O)[C@H]2CCCN2C1=O,fff50958b65ff446,1
,,,CC(C)CC1NC(=O)C(Cc2ccc(O)cc2)N(C)C(=O)C2CCCN2C(=O)C(CC(C)C)NC(=O)C(CC(C)C)N(C)C(=O)C(CC(C)C)NC1=O,f3fe59241a50e3db,3
,,,Cn1ncc2cc(Cc3[nH]nc4ccc(C(=O)N5CC[C@H](O)C5)cc34)ccc21,d7a7b3725b836110,3
,,,C=CCN1CCC23c4c5ccc(O)c4OC2C(=O)CCC3(O)C1C5,330d42714060af58,1
,,,COc1cc(C)ccc1S(=O)(=O)NC(=O)C(c1ccc2c(c1)OCO2)c1cn(C)c2cc(F)ccc12,583d221ce9ffa593,4
,,,O=C(NC1(C(=O)NC(Cc2ccccc2)C(=O)NCC2CCN(CC3CCOCC3)CC2)CCCC1)c1ccc(-n2cccc2)cc1Cl,a504c33e5a9a050f,1
,,,CN(CCc1cnn(-c2nccc3c(=O)[nH]cnc23)c1)Cc1ccc(S(C)(=O)=O)cc1,66a983c398465071,3
,,,COc1cccc(-c2cccc(C3(C4CCN(C(C)=O)CC4)N=C(C)C(N)=N3)c2)c1,0f5d71f058af9d4f,7
,,,CSc1cn2c(-c3cn[nH]c3)cnc2c(Nc2cc(C)ns2)n1,6797b04c7839d312,2
,,,CC(=O)NC(O)CNc1ccc(C(C)=O)cc1,d20004c47c5ce003,8
,,,CC(C)CC1NC(=O)C(CC(C)C)N(C)C(=O)C(CC(C)C)N(C)C(=O)C(Cc2ccc(O)cc2)NC(=O)C2CCCN2C(=O)C(CC(C)C)N(C)C1=O,67a36299dbbc886b,1
,,,Cc1cc(COc2ccc(C(=O)N[C@@H]3CN(C(=O)C(C)(C)C)C[C@@H]3C(=O)NO)cc2)c2ccccc2n1,6bcfb0eb502aa15e,3
,,,CCCCOC(=O)COc1ccc(C(=O)CNC(=O)c2cc3c(s2)CCNC3)cc1OCC(=O)OCCCC,a504c9fc45b05813,4
,,,COc1ccc(Cn2ccc(C)c(NC(=O)C(Cc3ccc(C(C)(C)C(=O)O)cc3)NC(=O)C(C)(C)c3ccc4ccccc4c3)c2=O)cc1,1ffde6b4519ead69,1
,,,CC(C)CC(CO)Nc1nc(OCc2ccccc2)nc2[nH]c(=O)sc12,feb7427ad5e6387a,3
,,,COc1ccc(CCNc2ncc(C)n(CC(=O)NCCONC(=N)N)c2=O)cc1OC,2f24e4f1afd255a1,2
,,,Nc1nonc1C(=NO)NCc1ccccc1,d1ed942d9d9cd1a5,4
,,,O=c1cc(C2CCNC(Cc3ccc(F)cc3)C2)o[nH]1,0b7426a56d6a1c27,9
,,,O=C(CN1CC(O)C(NC(=O)c2ccc(Cl)s2)C1)Nc1ccc(-n2ccccc2=O)cc1F,be23ac93c654b93c,1
,,,COC(=O)N[C@H](C(=O)NN(CC[C@@](O)(Cc1ccccc1)C(=O)N[C@H]1c2ccccc2C[C@H]1O)Cc1ccc(-c2ccccn2)cc1)C(C)(C)C,088f16503dd7909a,2
,,,O=C(Cc1nc(O)cc(N2CCOCC2)n1)Nc1ccc(F)cc1,9961cacbd0a3dbea,3
,,,CC(C)NCC(O)COc1cccc(NS(C)(=O)=O)c1,6185f8ecb12fd8d1,1
,,,NC(=O)c1ccccc1OCCCN1CCN(c2cccc3c2ccn3S(=O)(=O)c2ccccc2)CC1,1d4995029f0a0240,1
,,,Cc1c(-c2ccc(CC(NC(=O)c3c(F)cccc3F)C(=O)O)cc2)c(=O)n(C)c(=O)n1C,559271f86c8eac19,10
,,,CC#Cc1cncc(-c2cccc(C3(c4cc(C)c(=O)n(CC)c4)N=C(N)c4c(F)cccc43)c2)c1,9f2dfc58eeffc370,22
,,,O=C(NCCc1ccccc1)c1ccc(N2CCN(C(=O)c3ccccc3C(F)(F)F)CC2)nn1,de61994559025026,7
,,,CCOC(=O)COc1ccc(C(=O)CN2CCN(C3CCN(C(=O)OC(C)OC(C)=O)CC3)CC2=O)cc1,ba0ea2964291d7b2,1
,,,CN(c1ccncc1)c1ccc(-c2ccc3c(C(N)=O)nn(-c4ccc5onc(N)c5c4)c3c2F)c(F)c1,b7dcb8e70ac2b6e0,13
,,,CCN(C(=O)Cc1ccc(S(C)(=O)=O)cc1)C1CCN(CCC(c2cc(F)cc(F)c2)C2CCN(S(C)(=O)=O)CC2)CC1,1544f4e9cbf56c97,3
,,,O=C1Cc2cc(S(=O)(=O)N3CCN(c4ccc(O)cc4)CC3)ccc2N1,78cea7ddfefd40e5,3
,,,Cc1ccnc2nc(Cc3nc4cc(C(=N)N)ccc4[nH]3)[nH]c12,3e4f8f71d4ced81e,13
,,,O=C(Cc1nc(N2CCOCC2)cc(=O)[nH]1)N1CCc2ccccc21,c0100e9829615836,6
,,,CC(=O)N1CCCC(NC(=O)c2ccc3c(C4CCCCC4)c(-c4ccccn4)n(C)c3c2)(C(=O)Nc2ccc(C=CC(=O)O)cc2)C1,bff0d7bddf5c9994,1
,,,CCCCCCCCC(N)C(=O)N[C@@H](Cc1ccc(O)cc1)C(=O)N1CCC[C@H]1C(=O)N[C@@H](Cc1c[nH]c2ccccc12)C(=O)N[C@@H](Cc1ccccc1)C(=O)NCC(=O)N[C@@H](CC(C)C)C(=O)N[C@@H](CCSC)C(N)=O,8350bebd416a4f47,1
,,,COC(=O)NC(C(=O)N1CC(C)CC1c1nc(-c2ccc(-c3ccc(-c4ccc5[nH]c(C6CC(C)CN6C(=O)C(NC(=O)OC)C(C)C)nc5c4)cc3)cc2)c[nH]1)C(C)C,6385528421bab51b,2
,,,CCN1CCN(S(=O)(=O)c2cnc(OCCOC)c(-c3nc(O)c4nn5c(c4n3)C(C)CCC5)c2)CC1,f8649dda4ff80fcc,6
,,,CC(=O)N1CC2CC(C1)CN(C(=O)CN1CCCC(NS(=O)(=O)c3ccc4cc(Cl)ccc4c3)C1=O)C2,7f3b1a3bda0ddae7,4
,,,NCCCNC(=O)c1c(NC(=O)Cn2nc(C(F)(F)F)c3c2CCCC3)sc2c1CCCC2,b84a4a322d9bd47e,8
,,,N#Cc1ccccc1Cn1c(N2CCC[C@@H](N)C2)nc2c(-c3cccnc3)cnc-2c1O,f08876aded11077e,4
,,,CCCCc1ccc(Nc2nc3cc(Oc4ccnc(C(=O)NC)c4)ccc3o2)cc1,d7b6b80c03e82831,23
,,,Cn1c(N2CCOC3CCCC32)nc(-c2ccncc2F)cc1=O,d246d90107d8401c,5
,,,CNC(=O)C(Cc1ccccc1)NC(=O)C(CC(C)C)NC(C)=O,6caecd3df30c112b,3
,,,CC(C)COC(=O)N1CCC(CN(C2Cc3cc(C#N)ccc3N(Cc3cncn3C)C2)S(=O)(=O)c2ccccn2)CC1,92fc174b96299f36,3
,,,CC1(C)CCN(C(=O)N2CCC(c3cn[nH]c3)C2)c2ccccc21,886a715ff5ecd6e6,9
,,,O=C(NCCCNc1nc(Nc2ccc(N3CCOCC3)cc2)ncc1C1CC1)C1CCC1,a2e5ce1a30d012d5,3
,,,Cc1cc(CN(C)C(=O)c2ccc(Oc3ccc(C#CC4(O)CN5CCC4CC5)cc3)cc2)on1,a45c5b88119ea191,13
,,,CCC(=O)N(Cc1ccc(C(F)(F)F)cc1)c1cc(F)cc(-c2nnn[nH]2)c1,3bc53610a7add038,18
,,,Cc1cc(COc2ccc(NC(=O)[C@H]3NCCC[C@@H]3C(=O)NO)cc2)c2ccccc2n1,28b97ef151dcc2c4,5
,,,Cc1cc(COc2ccc(C(=O)NC3CC(=O)CC3C(=O)NO)cc2)c2ccccc2n1,6c4c0310561f4f59,6
,,,N#Cc1ccccc1Cn1c(N2CCC[C@@H](N)C2)nc2nc(-c3ccc(F)cc3)cc-2c1O,cba36a70adead9b5,4
,,,CNC(=O)c1cc(Oc2ccc3oc(Nc4cccc(C(F)(F)F)c4)nc3c2)ccn1,2b531bf3247657b9,18
,,,CNC(=O)C(c1ccc2nc(N)n(C3CCCC3)c2c1)c1ccccc1F,2f14d39ca34d89dc,16
,,,COCC(=O)OC1(CCN(C)CCCc2nc3ccccc3[nH]2)CCc2cc(F)ccc2C1C(C)C,9f645298eab86a60,1
,,,CC1CCN(C(=O)Nc2nc3c(s2)-c2nc(C(C)(C)C)ncc2CC3)C1C(N)=O,4c48545915051723,3
,,,COc1cc(C=C2CCCN(C(C)c3ccc(F)cc3)C2=O)ccc1-n1cnc(C)c1,84ecfd1df8804a13,5
,,,COc1ccc(-c2nc(=O)n(CCC3CCCO3)c3c2oc2ncc(-c4cnn(C)c4)cc23)nc1,a1cf39b69bec9f24,8
,,,CN(C)C(=O)Cn1cc(-c2nc(C(C)(c3ccc(-c4cnc(N)nc4)cc3)C3CC3)no2)cn1,a6932c0d358219c6,22
,,,CC[C@H](C)[C@@H]1NC(=O)c2csc(n2)[C@H]([C@@H](C)CC)NC(=O)[C@@H]2CCCN2C(=O)[C@H]([C@@H](C)CC)NC(=O)[C@@H]2CCCN2C(=O)[C@H](Cc2ccccc2)N(C)C1=O,a1c4317bde1f3453,1
,,,Cc1cc(COc2ccc(C(=O)NC3(CC(=O)NO)CCN(C(=O)C(C)(C)C)CC3)cc2)c2ccccc2n1,5f8ebda2023d843b,4
,,,Cn1cc(-c2ccc(Cc3[nH]nc4ccc(C(=O)N5CC[C@@H](O)C5)cc34)cc2)cn1,793f806b34f62dd9,2
,,,O=C(O[C@H]1C[C@H](n2cc(F)c(=O)[nH]c2=O)O[C@@H]1CO)c1ccccc1,87c69187b250eb2e,8
,,,Cn1c(Cc2nc(O)cc(N3CCOCC3)n2)nc2c(-c3ccccc3)cccc21,e6d5d58ba3115264,5
,,,O=C(NC1(C(=O)N[C@H](Cc2ccccc2)C(=O)NCCCN2CCOCC2)CCCC1)c1cc2ccccc2s1,39468f5c12aa590c,4
,,,N#Cc1ccnc(OCC2CCCN2C(=O)CC(N)Cc2cc(F)c(F)cc2F)c1,75b05b12d4b448ee,16
,,,COC(=O)c1ccc(C=CC(=O)NC2OC(CO)C(O)C(O)C2O)cc1,8c69cbddd4dc7baa,2
,,,CO[C@H]1C(=O)[C@]2(C)CC[C@H]3OC[C@@]3(OC(C)=O)[C@H]2[C@H](OC(=O)c2ccccc2)[C@]2(O)C[C@H](OC(=O)[C@H](O)[C@H](CC(C)C)NC(=O)OC(C)(C)C)C(C)=C1C2(C)C,096048f1a49d71b5,5
,,,CCN(CC)c1ccc2cc(C(=O)NC3(C(=O)NC(Cc4ccccc4)C(=O)NCC4CCN(CC5CCOCC5)CC4)CCCC3)sc2c1,aeb25fe737767c2f,2
,,,O=C(Nc1nnc(COC2CCCC2)s1)c1ccc(OC2CCC(C(=O)O)CC2)cc1,26baaa6e25379dd3,5
,,,CC(=O)Nc1cccc(-c2ccc(Cc3ocnc3C(=O)N[C@@H](Cc3ccccc3)C(=O)O)cc2)c1,9477f78b6e24c64d,4
,,,CC(C)C1(C)CC(=O)N(Cc2cccc(N3CC(c4ccccc4)CC3=O)c2)C(=N)N1,8fbf5789b9092481,12
,,,COC(=O)NC(C(=O)NN(CCC1(Cc2ccccc2)C(=O)N(C2c3ccccc3CC2O)CC1O)Cc1ccc(-c2cccnc2)cc1)C(C)(C)C,6ad3976d9f5d4f00,3
,,,CNC(=O)c1ccc(F)c2c(C(=O)C(=O)N3CCN(C(=O)c4ccccc4)CC3)c[nH]c12,4a6a010c33001661,3
,,,CCCS(=O)(=O)Nc1ccc(F)c(C(=O)Nc2cnc3cc(OC)nn3c2)c1F,0bfb2e2c6ddb5ff1,9
,,,Nc1noc2ccc(-n3nc(C(F)(F)F)cc3C(=O)Cc3ccc(N4CCCCC4=O)cc3)cc12,e8b5018b6215ab66,4
,,,N#Cc1ccccc1Cn1c(N2CCCC(N)C2)nc2c(Br)cnc-2c1O,a457297fa6b6bd0a,7
,,,CC(C)S(=O)(=O)n1c(N)nc2ccc(C(=NO)c3ccccc3)cc21,6a6bcffaf0362ce8,21
,,,CCOC(=O)CCN1CC(=O)N(C)c2ccc(OCc3ccc(C(=N)N)cc3)cc2C1=O,030d2cc980b6a4e4,6
,,,CC1(c2cccc(-c3cccnc3)c2)N=C(N)C(c2ccccc2)=N1,dda43d02e2633cfb,15
,,,Cn1c(-c2ccccn2)c(C2CCCCC2)c2ccc(C(=O)NC3(C(=O)Nc4ccc(C=CC(=O)O)cc4)CCNC3)cc21,192570b93ca67169,4
,,,COC1C(=O)C2(C)C(OC(=O)N(C)C)CC3OCC3(OC(C)=O)C2C(OC(=O)c2ccccc2)C2(O)CC(OC(=O)C(O)C(NC(=O)OC(C)(C)C)c3ccccc3)C(C)=C1C2(C)C,2c37bac1a1299c16,1
,,,O=C(NCc1cccnc1)c1cc(-n2cnn(Cc3ccc(F)cc3)c2=O)n[nH]1,34a5caa2c3a40bc8,6
,,,O=[N+]([O-])c1ccc(C2=NOC(c3ccc(N4CCOCC4)nc3)C2)o1,eea443e6bde4e01e,9
,,,O=C(Nc1nnc(Nc2ccccc2)s1)c1ccc(OC2CCC(C(=O)O)CC2)cc1,7d98765809dee830,5
,,,O=C(C=Cc1ccc2c(c1)C(=O)NC1(CCN(Cc3ccccc3)CC1)O2)NO,2251a94a5bae3895,2
,,,CNCc1ccccc1-c1ccc(N2CCc3c(C(N)=O)nn(-c4ccc(OC)cc4)c3C2=O)cc1,8f3103325dd5d558,15
,,,COC1CC2OCC2(OC(C)=O)C2C(OC(=O)c3ccccc3)C34OC(=O)OC3C(OC(=O)C(O)C(NC(=O)OC(C)(C)C)c3ccccn3)C(C)=C(C(OC(=O)N(C)C)C(=O)C12C)C4(C)C,f647b6e28710ac0a,2
,,,CC(C)(C)NC(=O)C1CC2CCCCC2CN1CC(OC(=O)CCCCC1SCC2NC(=O)NC21)C(Cc1ccccc1)NC(=O)C(CC(N)=O)NC(=O)c1ccc2ccccc2n1,7a7946a07220e73c,2
,,,CCCCCCC(N)C(=O)NC(Cc1ccc(O)cc1)C(=O)N1CCCC1C(=O)NC(Cc1c[nH]c2ccccc12)C(=O)NC(Cc1ccccc1)C(N)=O,9f4f913d02f4cbd2,3
,,,CC(C(=O)O)c1ccc2c(c1)N(CCCN1CCCN(c3cc(=O)n(C)c(=O)n3C)CC1)c1ccccc1S2,a378445ef0845209,2
,,,CC(C)C(NC(=O)C(OCc1ccccc1)C(O)C(O)C(OCc1ccccc1)C(=O)NC1c2ccccc2CC1O)C(=O)NCC(F)(F)F,0cff164e7c11844f,2
,,,CS(=O)(=O)Nc1ccc([N+](=O)[O-])cc1Oc1cccc(I)c1,02655836620185b8,9
,,,Nc1nc2c(ncn2COCCO)c(=O)[nH]1,85764ab38adc5075,12
,,,c1csc([C@]23CNC[C@H]2C3)c1,db4a5d60514f474a,6
,,,C[C@](N)(Cc1ccccc1)C(=O)N[C@@H](Cc1ccccc1)C(N)=O,22e047aa02f65b9f,8
,,,CC(=O)Nc1ccc(O)cc1OCC(N)CN1CCC2(CC1)Cc1cc(F)ccc1O2,ec523a90551031c1,4
,,,COC(=O)C(C)NP(=O)(OCC1C=CC(n2cc(C)c(=O)[nH]c2=O)O1)Oc1ccc(OC)cc1,ef87502c82ed2d8d,1
,,,CCCCCCCCC(N)C(=O)NC(CCCCCCCC)C(=O)N[C@@H](CCC(=O)O)C(=O)N[C@@H](Cc1c[nH]c2ccccc12)C(N)=O,a434c2d24995b587,6
,,,CC(C)C[C@@H]1NC(=O)[C@H](C(C)C)NC(=O)[C@H](Cc2c[nH]c3ccccc23)NC(=O)[C@H](Cc2ccccc2)NC(=O)[C@H](Cc2ccccc2)NC(=O)[C@@H]2CCCN2C1=O,73b4de55f6fcecd6,4
,,,CC(C)NC(C)C(O)c1cccc2ccccc12,de9a2e4ab35279b7,10
,,,CC1(c2cccc(-c3cncnc3)c2)N=C(N)c2ccccc2O1,29155f29c3ad3dbc,15
,,,N[C@@H](Cc1ccc(-c2ccccc2)cc1)C(=O)N1CCSC1,445398978d2b2357,13
,,,O=C1c2cc(OC(F)(F)F)ccc2-n2c1nc1ccccc1c2=O,b8999b9d037ff80b,2
,,,Cn1c(N2CCN(CCCN3c4ccccc4Sc4ccc(CCC(=O)O)cc43)CC2)cc(=O)n(C)c1=O,dfbc11a835dce4b9,4
,,,CCCS(=O)(=O)N1CCC(CNC(=O)c2cc(F)c(Cl)cc2Cl)(C(=O)N2CCOCC2)CC1,a8f5ed458afb6633,5
,,,COC(=O)NC(C(=O)NN(Cc1ccc(-c2cccnc2)cc1)CC(O)(Cc1ccccc1)C(=O)NC1c2ccccc2CC1O)C(C)(C)C,53007fae1df00b9a,5
,,,NS(=O)(=O)c1cccc(CN(c2ccc3[nH]ccc3c2)C2CCNCC2)c1,69c7d385f94b7252,2
,,,CC(C)C[C@@H]1NC(=O)[C@@H](CC(C)C)N(C)C(=O)[C@@H](CC(C)C)N(C)C(=O)[C@H](Cc2ccc(O)cc2)NC(=O)[C@@H]2CCCN2C(=O)[C@@H](CC(C)C)N(C)C1=O,6c4409fcfa9bbc11,2
,,,NC[C@@H]1C[C@@]1(C(=O)C1NCc2ccccc21)c1ccsc1,be1186b977fa2459,4
,,,Cc1cccc(C(=O)NC2CC(n3cnc(NC(=O)Cc4cccc5ccccc45)c3)C2)n1,9a81bac6afacf43f,4
,,,COc1ccc(-n2nc(C(N)=O)c3c2C(=O)N(c2ccc(C4(N(C)C)CC4)cc2)CC3)cc1,dfd9b487d137a4ab,7
,,,Cc1cnc(CS(=O)c2nc3ccccc3[nH]2)cc1OCC(F)(F)F,5774a86839e3d159,8
,,,CC#Cc1cncc(-c2cccc(C3(C4CC4)N=C(C)C(N)=N3)c2)c1,4e2ac81880d129ca,17
,,,CCCC1CN(C(=O)C(=O)c2c[nH]c3cccc(F)c23)CCN1C(=O)c1ccccc1,46f227fa060116b6,5
,,,CNC(=O)NC1(c2ccccc2)CCN(CC2CC2(C(=O)N(C)Cc2ccccc2)c2ccc(Cl)c(Cl)c2)CC1,df0b96093382b472,3
,,,CN1CC=CCCOc2cccc(c2)-c2ccnc(n2)Nc2cccc(c2)C1,12092aaf0dca4c7b,12
,,,CC(C)S(=O)(=O)CCCn1c(Cn2c(=O)n(C3CC3)c3ccncc32)nc2ccccc21,1c6c52a68cd8d557,4
,,,CCCC(=O)N1CCc2c(nc(C)n2[C@H]2C[C@H]3CC[C@@H](C2)N3CC[C@H](NC(C)=O)c2cccc(F)c2)C1,66f7a739e9756e63,4
,,,CCCCc1ccc(Nc2nc3cc(Oc4ccnc(C(=O)NC)c4)ccc3s2)cc1,b977f0114f8688a2,21
,,,CN(C)CCC(Oc1ccc(NC(=O)Nc2ccc3c(ccn3C)c2)cc1)c1ccccc1,6924f2bbc4655a78,13
,,,O=C1CC(c2ccc(CC(Nc3nc4cc(F)ccc4s3)c3nc4ccccc4[nH]3)cc2)S(=O)(=O)N1,18f16fecc4173077,11
,,,CCCC1CN(C(=O)c2ccccc2)CCN1C(=O)C(=O)c1c[nH]c2cccc(F)c12,bd828e4bbaad6d35,7
,,,COc1ccc2c(O[C@@H]3C[C@H]4C(=O)N[C@]5(C(=O)NS(=O)(=O)C6(C)CC6)C[C@H]5/C=C\CCCCCNC(=O)N4C3)cc(-c3nc(C(C)C)cs3)nc2c1Cl,53e87737bb3a39fb,2
,,,COC(=O)N[C@H](C(=O)NN(CC[C@@](O)(Cc1ccccc1)C(=O)N[C@H]1c2ccccc2C[C@H]1O)Cc1ccc(Br)cc1)C(C)(C)C,08e1f1438f81ccc4,1
,,,CCCCCCNC(=O)C1C(=O)N(O)C(=O)c2ccccc21,1321a6061dbf0af2,13
,,,CC(C)CC1NC(=O)C(C(C)C)NC(=O)C(Cc2c[nH]c3ccccc23)N(C)C(=O)C(Cc2ccccc2)NC(=O)C(Cc2ccccc2)NC(=O)C2CCCN2C1=O,85bf4f32d00c6c23,2
,,,CC(C)n1c(=O)c(C(=O)NC2CC3CCC(C2)N3CCCN2CCC(CNS(C)(=O)=O)CC2)cc2ccccc21,c9742015dd15f5d2,1
,,,O=C(O)CCCN1CC(c2nnn[nH]2)Oc2c(CCc3ccc(OCCCCc4ccccc4)cc3)cccc21,cfd0125087fb67b2,2
,,,CC(=O)N1CCC(Nc2ncc3cc(Oc4ccc(F)cc4F)c(=O)n(C)c3n2)CC1,b0a1eb9bb317f677,4
,,,Cn1cnc(S(=O)(=O)N(CCN(Cc2cncn2C)c2ccc(C#N)cc2)CC2CCN(C(=O)OC(C)(C)C)CC2)c1,1304558f8192807e,4
,,,COc1cc(C=C2CCCN3C2=NOCC3c2cc(F)c(F)c(F)c2)ccc1-n1cnc(C)c1,bd14110c29a2d7b7,15
,,,c1ccc(OC2CN(c3c4c(nc5ccnn35)CCNCC4)C2)nc1,f1e7263feb52701f,9
,,,COc1ccc(NC(=O)Nc2ccc(OC(CCN(C)C)c3ccccc3)cc2)cc1Cl,4ab1feb4ce97d76a,5
,,,Cc1[nH]n(-c2ccccn2)c(=O)c1C(=O)Nc1ccccc1[N+](=O)[O-],c372edecac4c4d4c,4
,,,COc1ccc(-c2c(C3CCCC3)c3ccc(C(=O)NC4(C(=O)Nc5ccc(C=CC(=O)O)cc5)CCC4)cc3n2C)cn1,9aab152f8dd626a2,10
,,,CCCc1cn(CC(=O)N(CCN(CC)CC)Cc2ccc(-c3ccc(C(F)(F)F)cc3)cc2)c(SCc2ccc(F)cc2)nc1=O,27335eb04e00c2be,7
,,,CN(Cc1ccccc1)C(=O)[C@@]1(c2ccc(Cl)c(Cl)c2)C[C@H]1CN1CCC(NS(C)(=O)=O)(c2ccccc2)CC1,b47f262cc787ab96,5
,,,CC(=O)NC(Cc1c[nH]c2ccccc12)C(=O)NC(C)C(=O)NCC(=O)NCC(=O)NC(CC(N)=O)C(=O)NC(C)C(N)=O,856eb0832f525dbb,2
,,,COC1C(=O)C2(C)C(OC)CC3OCC3(OC(C)=O)C2C(OC(=O)c2ccccc2)C23OC(=O)OC2C(OC(=O)C(O)C(NC(=O)OC(C)(C)C)c2ccccc2)C(C)=C1C3(C)C,3d734c1caf60250a,1
,,,COC(=O)C1C(O)C2(O)c3c(OC)cc(C#N)cc3OC2(c2ccc(OC)cc2)C1c1ccccc1,ff290bf43f4be450,3
,,,CCCC(=O)c1cnn(-c2ccc(NC(=O)c3cn(CC(=O)N4CCN(C)CC4)c4ccc(C(F)(F)F)cc34)cc2)c1C,872b3a4db57345c4,3
,,,CC(F)(F)c1nc2ccccc2n1Cc1ccc(C(=O)N[C@@H]2CCOC[C@@H]2C(=O)NO)cc1,bb3d98c1459d161d,1
,,,Cn1c(CCC(=O)O)nnc1-c1ccc(NC(=O)c2ccc3ccccc3c2)cc1,c63bce38467c83d8,13
,,,CC(C)C[C@@H]1NC(=O)[C@H](Cc2ccc(O)cc2)NC(=O)[C@H]2CCCN2C(=O)[C@H](CC(C)C)NC(=O)[C@H](CC(C)C)N(C)C(=O)[C@@H](CC(C)C)NC1=O,67e4e4ba596998a0,1
,,,CCOc1ncc(S(=O)(=O)N2CCN(CC)CC2)cc1-c1nc(O)c2nn(CCOC)c(CC)c2n1,09966debfa7b9cfe,3
,,,CSc1nc2cc(C(=O)N3CCC(C)CC3)ccc2[nH]1,9310f34f649a75da,6
,,,CC#Cc1cncc(-c2cccc([C@@]3(c4cc(C)c(=O)n(CC)c4)N=C(N)c4c(F)cc(F)cc43)c2)c1,6a0dc7c05650fc88,21
,,,CC(C)CC1NC(=O)C(Cc2ccccc2)N(C)C(=O)C(CC(=O)O)NC(=O)CNC(=O)C(CCCN=C(N)N)NC(=O)CNC1=O,4748671559daa846,2
,,,CC(C)n1c(N)nc2ccc(C(C(N)=O)c3cccc(F)c3F)cc21,fef57af514938fbb,15
,,,NCC1CC1(C(=O)N1Cc2ccccc2C1)c1cccs1,41ff6cdaba335dcf,17
,,,N#Cc1ccc(C2(Cc3ccccc3)c3ccccc3-c3nccn32)cc1,1b0e633ca89760a2,6
,,,CCCC1N(C(=O)c2cnccc2C(F)(F)F)CCCC1(Oc1csc(C(F)(F)F)c1)C(=O)N1CCN(c2ccccc2OCC(=O)NC)CC1,c95ff21545fca3ad,2
,,,CCc1nc2c(C)cc(C)nc2n1Cc1ccc(-c2c(-c3nn[nH]n3)cnc3ccccc23)cc1,3b32a8d1f02e8069,2
,,,O=C(O)C(Cc1ccccc1)NC(=O)C1CCCN1,280609a1def06feb,11
,,,COc1ccc(-c2cc(=O)c3c(O)cc(OC4OC(COC5OCC(O)C(O)C5O)C(O)C(O)C4O)cc3o2)cc1O,1d53fb946bfe369a,2
,,,COc1ccc(Cl)c(S(=O)(=O)Nc2ccc(-c3cnc4c(C)n[nH]c4n3)cc2)c1,7dcef9e54d1475f4,13
,,,COc1ccc(-c2cnc(N3CCN(C(=O)N4CCC(c5cn[nH]c5)C4)c4ccccc43)nc2)cc1,0f217a3724ed40e1,10
,,,CN(C)C(=O)Oc1ccc(CC(NC(=O)C2N(S(=O)(=O)c3ccn(C)n3)CSC2(C)C)C(=O)OCCOc2ccccc2)cc1,b84cf7e2b9610c7d,1
,,,COCc1c(C(C)C)nc(C(C)C)c(C=CC(O)CC(O)CC(=O)O)c1-c1ccc(F)cc1,013366f269bf0e5a,2
,,,Oc1c2c(nn1-c1nc3ccccc3[nH]1)CCc1ccccc1-2,7554e80c63b50f65,2
,,,CCS(=O)(=O)CCN1CCC(CC(=O)NO)(NC(=O)c2ccc(OCc3cc(C)nc4ccccc34)cc2)CC1,5aced442f72275b1,4
,,,COC(=O)C1C(O)C2(O)c3c(OC)cc(OC)cc3OC2(c2ccc(C#N)cc2)C1c1ccccc1,1be7b283abf8f835,5
,,,NC(CC(=O)N1CCCC1CNC(=O)C1CC1)Cc1cc(F)c(F)cc1F,08bc0c828a835bfe,4
,,,O=C(c1ccc(-n2nc(C(F)(F)F)c3c2CCCC3)cc1)N1CCCC1,3dc0449f96ba1b8b,9
,,,CC1Cc2cc(F)ccc2N1C(=O)Cc1nc(N2CCOCC2)sc1C(=O)O,51f5346613e4d5db,7
,,,CC1=C(C(=O)O)N2C(=O)C(NC(=O)C(N)c3ccccc3)C2SC1,21c6928e41f8ceea,12
,,,CCCCc1ccc(-c2nc(C)c(C(C)=NN=C(N)N)s2)cc1,25fcff4e050d413c,13
,,,CN(C)Cc1nccn1-c1ccc(CC(=O)c2cc(C(F)(F)F)nn2-c2ccc3onc(N)c3c2)cc1,400d160489fb8bb7,3
,,,CN(C)C(=O)NS(=O)(=O)n1c(N)nc2ccc(C(=CC(N)=O)c3cccc(F)c3)cc21,c7df8c5732cf1a7f,2
,,,COc1ccc(-n2nc(C(N)=O)c3c2C(=O)N(c2ccc(-c4ccccc4CN(CCO)CCO)cc2)CC3)cc1,f9a7433446fe1421,3
,,,CN1C(=O)CC(N2CCCN(CCCN3c4ccccc4CCc4ccc(CC(=O)O)cc43)CC2)N(C)C1=O,466a07509060f93a,2
,,,Cn1cc(-c2ccc(Cc3[nH]nc4ccc(C(=O)N5CC[C@H](O)C5)cc34)cc2)cn1,26fcaabc0468afc5,7
,,,CC(=O)OCOC(=O)c1ccccc1-c1ccc(CN2CCC(COC(=O)c3c4n(c5ccccc35)CCCO4)CC2)cc1,d1bd1362c6f530e6,5
,,,CC(C)n1c(=O)c(C(=O)NC2CC3CCC(C2)N3CC(O)CN(C)C(=O)N(C)C)cc2ccccc21,ac3e1d4dc58be9f8,7
,,,OCC1OC(Oc2ccc(-c3ccc(-c4nn[nH]n4)cc3)cc2)C(O)C(O)C1O,64c1fbaf6b378e7d,6
,,,O=C(N[C@@H]1CCC[C@@H]1C(=O)NO)c1ccc(Cn2c(C3CC3)nc3ccccc32)cc1,1c299aebd5afffdb,9
,,,CNC(=O)c1ccc(C(c2nnnn2Cc2ccccc2)N2CCCN(C3CCC3)CC2)cc1,5e39c69f3f56bc7e,8
,,,CCCCCCCCCCC(NC(=O)C(N)CCC(=O)O)C(=O)NC(Cc1c[nH]c2ccccc12)C(N)=O,81b7b160c1087598,2
,,,N=C(N)SCc1cc(F)ccc1Oc1ccc(F)cc1CSC(=N)N,16149033e5b583e3,7
,,,CCCCCCNC(=O)c1ccc(N2CCN(C(=O)c3ccccc3C(F)(F)F)CC2)nn1,225430865a86b645,9
,,,COc1ccc2c(O[C@@H]3C[C@H]4C(=O)N[C@]5(C(=O)NS(=O)(=O)C6CC6)C[C@H]5/C=C\CCCCCNC(=O)N4C3)nc(-c3ccccc3)nc2c1C,4ac3b9a7ce5cfabe,5
,,,COc1ccc(NC(=O)c2ccc(Cn3ccnn3)c3ccccc23)c(C(=O)NCC2CCC2)n1,f79f0b769831bf28,11
,,,COc1ccc2c(OC3CCN4C(=O)N(C)CCCCC=CC5CC5(C(=O)NS(=O)(=O)C5(C)CC5)NC(=O)C4C3)cc(-c3nc(C(F)(F)F)cs3)nc2c1C,7edbfae9c7dbd67d,4
,,,CC(=O)N1CC(NC(=O)c2ccc(OCc3cc(C)nc4ccccc34)cc2)C(C(=O)NO)C1,dd1bdceed2653c99,6
,,,CC1CN(C(=O)c2ccccc2)CCN1C(=O)C(=O)c1c[nH]c2cccnc12,f799f27b892b34e0,1
,,,CC(C)S(=O)(=O)n1c(N)nc2ccc(C(=CC(N)=O)c3ccc(F)cc3F)cc21,46a725bcfc06b658,6
,,,O=C(CN1CC(NC(=O)c2ccc(Cl)s2)C(OCCO)C1)Nc1ccc(-n2ccccc2=O)cc1F,679b2930f511fd12,3
,,,CN(C[C@@H]1CCCN1C(=O)C[C@H](N)Cc1cc(F)c(F)cc1F)c1ccc(C#N)cn1,f0b71e3932b50a85,4
,,,CC(C)(C)c1cccc(NC(=O)c2nscc2NCc2ccncc2)c1,ea5ae1e524d79d6d,7
,,,O=C(NC1CCN(C(=O)CCc2cccnc2)CC1)C(c1ccccc1)C1CCC(F)(F)CC1,686c34c1310e670f,5
,,,COC(=O)O[C@H]1C[C@H]2OC[C@@]2(OC(C)=O)[C@H]2[C@H](OC(=O)c3ccccc3)[C@]34OC(=O)O[C@H]3[C@H](OC(=O)[C@H](O)[C@H](CC(C)C)NC(=O)OC(C)(C)C)C(C)=C([C@@H](OC)C(=O)[C@]12C)C4(C)C,9dd246eec53708f3,2
,,,OCCNc1cnc2nnn(Cc3ccc4ncccc4c3)c2n1,53f3a633bdd2bde1,7
,,,O=C(Cc1nc(O)cc(N2CCOCC2)n1)Nc1ccccc1,c359fc1740c8d2e9,4
,,,CS(=O)(=O)Nc1ccc2c(c1)S(=O)(=O)N=C(c1c(O)c(C3=CCCC3)nn(CCC3CC3)c1=O)N2,c74fda149ca6755a,12
,,,Cc1ccc2c(c1)c(O)c(C1=CS(=O)(=O)c3ccccc3N1)c(=O)n2CCC1CC1,96fa14d3b8e13ea9,3
,,,COc1ccn(-c2nc(C)c(C(=O)NCc3ccccc3)s2)c(=O)c1,1d8a222850a88734,3
,,,CCOC(=O)c1cc(C#N)c(N2CC(C(=O)NS(=O)(=O)c3ccccc3)C2)nc1C,32602c8cf42a39bc,16
,,,Cc1cc(COc2ccc(C(=O)N[C@@H]3CN(C4CCC4)C[C@@H]3C(=O)NO)cc2)c2ccccc2n1,43802aee539d9215,9
,,,Cn1cc(-c2ccc(Cc3n[nH]c4ccc(C(=O)N5CC(F)(F)C5)cc34)cc2)cn1,06e466e19fa04eb3,8
,,,COc1ccc(-c2nc(Nc3cccc(NC(=O)N4CCCC4)c3)nc3[nH]cnc23)cc1,4689d0a87b2aac7a,18
,,,NCC1CCC(CNc2nc(NCc3ccccc3Cl)ncc2[N+](=O)[O-])CC1,4b62446a7a3c1e90,5
,,,COc1ccc(-n2nc(C(N)=O)c3c2C(=O)N(c2ccc(-c4ccccc4CN4CCC(O)C4)cc2)CC3)cc1,18ab57ee71c077bc,4
,,,CC(C(=O)Nc1ccc2cc[nH]c2c1)c1cccc(C(=O)c2ccccc2)c1,c329f7b9d85f5a44,7
,,,CC(C)(C)S(=O)(=O)CC(Cc1ccccc1)C(=O)NC(Cc1c[nH]cn1)C(=O)NC(CC1CCCCC1)C(O)C(O)C1CC1,6927a6974fa207d1,1
,,,NC(=S)NCC1CN(c2ccc(C3CCS(=O)(=O)CC3)c(F)c2)C(=O)O1,a014b1d14a9b38ad,4
,,,CCC(C)C1NC(=O)C2CCCN2C(=O)C(Cc2ccccc2)NC(=O)C(C)NC(=O)c2csc(n2)C(C(C)CC)NC(=O)C2CCCN2C1=O,a6dfc8c9f9f65bb1,2
,,,CCCCN1C(=O)C(C(O)C2CCCCC2)NC(=O)C12CCN(Cc1ccc(Oc3ccc(C(=O)O)cc3)cc1)CC2,8b88228455dbf31f,1
,,,Cc1ccc(NC(=O)c2ccc3nc(-c4c(C)cc(NCC(=O)O)cc4C)[nH]c3c2)cc1C,f2c295844faa4de8,24
,,,CN(C)Cc1ccccc1-c1ccc(NC(=O)c2cc(C(F)(F)F)nn2-c2ccc3onc(N)c3c2)c(F)c1,49f92293b4b64a93,7
,,,CCN1CCCC1CNC(=O)c1c(O)c(Cl)cc(Cl)c1OC,8d1880c387a5776d,5
,,,CCOc1cc(NC(=O)C2(NC(=O)c3ccc4c(C5CCCC5)c(-c5ncc(Cl)cn5)n(C)c4c3)CCC2)ncc1C=CC(=O)O,a17314fd8a7b1bbc,1
,,,COc1cc2c(cc1OC)CN(Cc1csc(-c3ccc4ccccc4c3)n1)CC2,0886f0456db45b5e,9
,,,CC(=O)Nc1ccc(F)cc1OCC(O)CN1CCC2(CC1)Cc1cc(F)ccc1O2,7840cbfbc37f2cc3,3
,,,COc1ccc(-c2ccc(OCCN3CCCC3C(=O)O)c(Sc3cccc(F)c3)c2)cc1,63732f05d533fc3a,7
,,,O=C(NC1CCN(C(=O)CCc2cccnc2)CC1)C(c1ccccc1)c1ccccc1,b589ad7381d44cea,2
,,,Oc1ccc(-c2ccc(OC3CCN(C4CCC4)CC3)cc2)nn1,5b869bd54d3934b9,3
,,,NC(=O)n1nc(NCC(=O)NC2CN(C3CCC(c4ccc5c(c4)OCO5)CC3)C2)c2cc(C(F)(F)F)ccc21,5a690ee76a2ef1f5,5
,,,O=c1cc([C@H]2CCN[C@@H](Cc3cccc(F)c3)C2)o[nH]1,5ddd5a009347f8d4,6
,,,CC(NCCCc1cccc(C(F)(F)F)c1)c1cccc2ccccc12,92efa3b05907f8ce,3
,,,CC(=O)c1ccc(N2CC(CO)OC2=O)cc1,c21b3e527e9e55c1,9
,,,CCC(=C(c1ccccc1)c1ccc(OCCN(C)C)cc1)c1ccccc1,44f41a2e7a681d37,23
,,,Cc1cc(COc2ccc(C(=O)NC3CC4(CCCO4)CC3C(=O)NO)cc2)c2ccccc2n1,092a8ac8a3126231,6
,,,COc1ccc(-c2oc3c(CC=C(C)C)c(O)cc(O)c3c(=O)c2OC2OC(C)C(O)C(O)C2O)cc1,a8ea4ed64f4b5231,3
,,,COC1CN(C(=O)c2ccc3c(N)ncc(-c4ccc(-c5cnn(C)c5)cc4)c3c2)C1,8a05ab9407d32e32,20
,,,CCCCC(COC(=O)C(C)(C)C)NP(=O)(OCC1OC(n2ccc(N)nc2=O)C(C)(O)C1O)Oc1ccccc1,0349edb5ce29f790,3
,,,COC(=O)C(C)NP(=O)(OCC1C=CC(n2cc(C)c(=O)[nH]c2=O)O1)Oc1ccc(I)cc1,53802ad697664d7d,3
,,,C=CCCCCC[C@H](NC(=O)OC(C)(C)C)C(=O)N[C@H](C(=O)Nc1ccccc1C(=O)NS(=O)(=O)CCCC=C)c1ccc(Oc2cc(OC)nc(-c3ccccc3)n2)cc1,cbd6d83163e7ca6c,5
,,,C=CCCCS(=O)(=O)NC(=O)c1ccccc1NC(=O)[C@@H](NC(=O)[C@@H](NC(=O)OC(C)(C)C)C(C)(C)C)c1ccc(Oc2cc(OC)nc(-c3ccccc3)n2)c(C=C)c1,feed2d110c002f06,3
,,,COc1cc(CNC(=O)C(CC2CCCCC2)NC(=N)NC(=O)Cc2ccc(OC)c(OC)c2)ccc1F,9e2ef83dbc4eb26b,2
,,,CC(CS(C)(=O)=O)Nc1n[nH]c2nc(Oc3ccc(F)cc3F)ncc12,4ea1985d5569c05d,12
,,,COc1ccc2c(O[C@@H]3C[C@H]4C(=O)N[C@]5(C(=O)NS(=O)(=O)C6CC6)C[C@H]5/C=C\CCCCCNC(=O)N4C3)cc(-c3nc(C(C)C)cs3)nc2c1C,354a9f55cf1ac0f5,3
,,,COc1ccc2c(OC3CC4C(=O)NC5(C(=O)NS(=O)(=O)C6CC6)CC5C=CCCCCN(C)C(=O)N4C3)nc(-c3ccncc3)nc2c1C,6680b3e6dbc0b4e8,3
,,,CN(C)C(=O)Oc1cccc(NC(=O)C2(CN)CCN(c3ncnc4[nH]c5c(c34)CCCC5)CC2)c1,7316969bde064e1f,5
,,,CNC(=O)c1cc2cc(C3(Cc4ccccc4)CCNC3)ccc2[nH]1,a7a6dad5c5ca54a2,8
,,,O=[N+]([O-])c1ccc(C2=NOC(c3ccc(N4CCOCC4)cc3)C2)o1,f8d4340a4f9fba99,4
,,,CN(C)C(=O)c1cccc(N=c2c(O)c(O)c2=NC2CCCC2)c1O,4e1467d2fe92b73b,9
,,,Cc1nn(-c2ccnc(Nc3ccc4c(c3)c(C)c(C)n4C)n2)cc1CN1CC(O)C1,cc04868a0df48bc6,8
,,,CCS(=O)(=O)CCCn1c(Cn2c(=O)n(C3CC3)c3ccncc32)nc2ccccc21,f242539f4e36bd91,3
,,,Cc1nc(-n2ccc(CCc3ccccc3)cc2=O)sc1C(=O)NCc1ccccc1,3bd36027a11407ed,4
,,,CC(C)CC1NC(=O)C(Cc2ccc(O)cc2)NC(=O)C2CCCN2C(=O)C(CC(C)C)NC(=O)C(CC(C)C)N(C)C(=O)C(CC(C)C)N(C)C1=O,c311e0ec490d1492,2
,,,CC(C)Oc1ccc(C(=O)NC2(C(=O)NC(Cc3ccccc3)C(=O)NCC3CCN(CC4CCOCC4)CC3)CCCC2)cc1,2e20bb121d85164c,1
,,,CCc1nc(N)nc(N)c1-c1ccc2c(c1)N(CCOCC(F)(F)F)C(=O)C(C)(c1cc(F)cc(F)c1)O2,31bbe4246aaec3d3,7
,,,CC(=O)Nc1nc2ccc(-c3cnc(N)c(C(F)(F)F)c3)cc2s1,cc8565da94e8b3ef,4
,,,CCOC(=O)C1CCC(N2CC(NC(=O)CNc3nn(C(N)=O)c4ccc(C(F)(F)F)cc34)C2)CC1,165ca82bce545055,3
,,,CC(=O)Nc1ccc(C(O)CNC(C)C)cc1,f4a5d8c915e9a8df,9
,,,COC(C)(C)c1cnc2n1CC(c1cccc(F)c1F)CCC2NC(=O)N1CCC2(CC1)OC(=O)Nc1ncccc12,250021ea95219f0c,3
,,,COc1ccc(-c2nc(OC3CC4C(=O)NC5(C(=O)NS(=O)(=O)C6CC6)CC5C=CCCCCN(C)C(=O)C4C3)c3ccc(OC)c(C)c3n2)cc1,3f29f97c6d5a40c0,1
,,,CCCCCCC(N)C(=O)NC(CCC(N)=O)C(=O)NC(Cc1cnc[nH]1)C(=O)N1CCCC1C(=O)NC1OC(C(N)=O)C(O)C(O)C1O,533dd68472744524,1
,,,CC(C)C(c1nc2ccccc2o1)n1cc(C=CC(=O)NO)nn1,05c5d6f2b9c83802,6
,,,N#CC1CCCN1C(=O)C(N)Cc1ccc(-c2ccc(F)cc2)cc1,6caf00e0c2e3d8b6,14
,,,COc1ccc(/C=C2\CNC/C(=C\c3ccc(OC)c(OC)c3)C2=O)cc1OC,d8e9ad3286c3b333,8
,,,COc1ccc2c(c1)C(CCCN1CCc3cc(OC)c(OC)cc3C1)=CCC2,cd44db901065fcbd,9
,,,Oc1cccc(-c2ccc3c(-c4ccccc4)c(O)ccc3c2)c1,c78957097c80b9b8,5
,,,COc1cccc2[nH]cc(C(=O)C(=O)N3CCN(C(=O)c4ccccc4)CC3C)c12,78770d941822dc15,12
,,,C=CC1CC1(NC(=O)C1CC(OC)(c2ccc(-c3ccccc3)nc2)CN1C(=O)C(NC(=O)OC1CCCC1)C(C)(C)C)C(=O)NS(=O)(=O)C1CC1,6b04ddbf7cd378fd,1
,,,CC(=S)NCC1CN(c2ccc(-c3nnc(CN)s3)c(F)c2)C(=O)O1,58da9f81437d63c9,5
,,,O=c1cc(N2CCOCC2)nc(Cc2nc3cccc(-c4ccccc4)c3o2)[nH]1,56c31aecfd47f38c,10
,,,O=C(O)c1sc(N2CCOCC2)nc1CC(=O)N1CCc2c(Br)cccc21,418f219c92f4a3e1,4
,,,CC1CN(c2cc(=O)c3cc(C(=O)N4CCOCC4)cc(CN4CCOc5ccc(F)cc54)c3o2)CCO1,8842166a42ea5d12,7
,,,CC(C)CC1NC(=O)C(Cc2c[nH]c3ccccc23)NC(=O)C2CCCN2C(=O)C2CCCN2C(=O)C(CC(C)C)NC(=O)C(CC(C)C)NC1=O,406b9fdda5104f5c,2
,,,Nc1noc2ccc(-n3nc(C(F)(F)F)c4c3C(=O)N(c3ccc(-c5ccccc5CN5CCC(O)CC5)cc3)CC4)cc12,f2ffab81dbccdc8f,2
,,,CC(C)S(=O)(=O)n1c(N)nc2ccc(C(=CC(N)=O)c3cc(F)cc(F)c3)cc21,42c26a3dc1ad3f5a,4
,,,CCOC(=O)/C=C/[C@H](C[C@@H]1CCNC1=O)NC(=O)[C@H](CC)n1cccc(NC(=O)c2cc(C)on2)c1=O,0173ad53f23567bb,2
,,,CC(C)(C)CCN1C(=O)/C(=C2/NS(=O)(=O)c3ccccc32)C(=O)[C@@H]1C(C)(C)C,351fecfa163e5391,5
,,,O=C(O)CN(C(=O)CCc1ccccc1)c1ccc(C(O)(C(F)(F)F)C(F)(F)F)cc1,34d2d4fd4d1bd893,4
,,,CCCCCCCCC(N)C(=O)N[C@@H](CCC(=O)O)C(=O)N[C@@H](Cc1c[nH]c2ccccc12)C(N)=O,8479c3577b6c5f52,7
,,,O=[N+]([O-])c1cn2c(n1)OC[C@@H](OCc1ccc(N3CCCCC3)nc1)C2,c896b3066a915a89,1
,,,COc1ncc(-c2cnc3nc(N)nc(C)c3c2)cc1NS(=O)(=O)c1ccc(C#N)cc1,3209552b04b6a8b8,15
,,,CC1OC(c2ccc(N(O)O)cc2)OCC1NC(=O)Cc1ccccc1,5cfce89f84a3f3fe,10
,,,CCC(C)C1NC(=O)C2CCCN2C(=O)C(C(C)C)NC(=O)C2CCCN2C(=O)C(Cc2ccccc2)NC(=O)C(C)NC(=O)c2csc1n2,ba55f401ce44a1b5,4
,,,O=C1NCCc2[nH]c(-c3ccnc(-c4ccccc4F)c3)cc21,3304a731523f4f98,11
,,,COC(=O)N1CC(NC(=O)c2ccc(OCc3cc(C)nc4ccccc34)cc2)C(C(=O)NO)C1,55cf440a0c7b687b,8
,,,CC(C)(N)C(=O)N1CCn2c(nc(-c3ccc(F)cc3)c2Nc2ccc(F)cc2)C1(C)C,43873175c918715f,11
,,,COc1cc(C=CC(=O)C(Cc2cn(CCCCCCNC(=O)CCNC(=O)CCNC(=O)COC3CCC4(C)C(=CCC5C4CCC4(C)C(C(C)CCCC(C)C)CCC54)C3)nn2)=C(O)C=Cc2ccc(O)c(OC)c2)ccc1O,4460dbb8e1254f00,2
,,,C[C@H]1Cn2c(nnc2-c2cc[nH]n2)C(=O)N1Cc1cccc(C(F)(F)F)c1Cl,f6c6fa626adbdfd6,2
,,,COc1cc2ccnc(Oc3ccc(F)cc3)c2cc1OC,f46b0dfc1bbfdd93,4
,,,O=C(NC1(C(=O)NC(CCCN2CCN(CC3CCOCC3)CC2)Cc2ccccc2)CCCC1)c1cc2ccccc2cn1,2996d12bfcb6f5ec,3
,,,O=C(O[C@H]1C[C@H](n2cc(F)c(=O)[nH]c2=O)O[C@@H]1CO)c1cc(C(=O)O[C@H]2C[C@H](n3cc(F)c(=O)[nH]c3=O)O[C@@H]2CO)cc(C(=O)O[C@H]2C[C@H](n3cc(F)c(=O)[nH]c3=O)O[C@@H]2CO)c1,1cb5e8900820b419,2
,,,CCC(=O)N1CCc2c(nc(C)n2[C@H]2C[C@H]3CC[C@@H](C2)N3CC[C@H](NC(C)=O)c2cccc(F)c2)C1,b3a23fc646672472,4
,,,CCCC(CO)Nc1nc(SCc2ccccc2)nc2nc(N)sc12,61ced5486e111e18,12
,,,CC(C)n1c(C=CC(O)CC(O)CC(=O)O)c(-c2ccc(F)cc2)c2ccccc21,6221aada7b2f8195,3
,,,Cc1nc2cc(C3CCCCN3C(=O)c3ccccc3NS(C)(=O)=O)nn2c(C)c1C,8dba5241865f0bf9,3
,,,CCCS(=O)(=O)Nc1ccc(F)c(C(=O)Nc2cnc3[nH]ncc3c2)c1F,d24401bca010746b,17
,,,CN(Cc1ccc(F)cc1)C(=O)C1(c2ccc(Cl)c(Cl)c2)CC1CN1CCN(C(=O)CN2CCOCC2)CC1,6b3087bf27723529,1
,,,Cc1c(-c2cccc(OCCCCC(=O)O)c2F)c(=O)n(C[C@H](N)c2ccccc2)c(=O)n1Cc1c(F)cccc1C(F)(F)F,b708967bc6ee97b9,2
,,,C[S+]([O-])Cc1ccc(C(=O)Nc2ccc(OCCOCCO)nc2C(=O)NCC2CCC2)c2ccccc12,6984d402e4f42f8b,5
,,,Cc1cc(COc2ccc(C(=O)N[C@@H]3CN(Cc4ccco4)C[C@@H]3C(=O)NO)cc2)c2ccccc2n1,21451128eb9d1b1a,8
,,,COc1ccc(-n2nc(C(N)=O)c3c2C(=O)N(c2ccc(C4(CN(C)C)CC4)cc2)CC3)cc1,1c4b3d51d9c23948,15
,,,CC(C)CC1NC(=O)C(Cc2ccccc2)NC(=O)CNC(=O)C(C)NC(=O)C(Cc2ccc(O)cc2)NC(=O)C(CC(C)C)NC1=O,8b29f1fd27de014b,3
,,,Cn1c(N2CCN(CC/C=C3\c4ccccc4COc4ccc(CC(=O)O)cc43)CC2)cc(=O)n(C)c1=O,b8bba6a42048b9ff,4
,,,CC(C)CCn1nc(C(C)(C)C)c(O)c(C2=NS(=O)(=O)c3cc(NS(C)(=O)=O)ccc3N2)c1=O,916d16e13bf320a0,22
,,,OCCc1cnn(-c2nccc3c(O)ncnc23)c1,26122a7130888a0c,12
,,,CN(C)Cc1ccc(Nc2ncc(C3CC3)c(NCCCNC(=O)C3CCC3)n2)cc1,4a5a7cdf3823ab05,8
,,,Cc1ncnc(C)c1C(=O)N1CC2CN(CCC(NC(=O)C3CCCC3)c3ccccc3)CC2C1,2db22fb6a964b270,7
,,,CC(=O)Nc1ccc(O)cc1OCC(O)CN1CCC2(CC1)Cc1cc(F)ccc1O2,4ace93baf6a6eb09,6
,,,Cc1nn(-c2ccc3onc(N)c3c2)c2c1CCN(c1ccc(-c3ccccc3CN(C)C)cc1)C2=O,28c5f1ca3a958c41,18
,,,COc1ccc(C2(c3cccc(-c4cncnc4)c3)N=C(N)N3CCCN=C32)cc1,5ca099e799a92e91,19
,,,CCCS(=O)(=O)N1CCC(CNC(=O)c2ccc(C(F)(F)F)cc2F)(C(=O)N2CCOCC2)CC1,6c30bc691859b9de,2
,,,Cc1cc(C#N)nc(C)c1C(=O)N1CC2CN(CCC3(c4ccccc4)CN(C(=O)C4CCC(F)(F)CC4)C3)CC2C1,a833972d75e1efb3,3
,,,CCOC(=O)c1cc(C#N)c(N2CCN(C(=O)NS(=O)(=O)c3ccc(Cl)s3)C(CCC(=O)O)C2)nc1C(F)(F)F,371a2614cbe514ea,1
,,,Cc1ncnc(C)c1C(=O)N1CC2CN(CCC(NC(=O)C3CCC(F)(F)CC3)c3cccc(F)c3)CC2C1,60ab48b1907ac252,4
,,,CC(=O)NCC1CN(c2ccc(C(C)=O)cc2)S(=O)N1C,6d5bfd6f8a76f7e4,3
,,,Cc1nc(-c2nc[nH]n2)ccc1-c1cnc2c(n1)N(CCC1CCOCC1)CC(=O)N2,84a8d69a5811ee65,5
,,,O=C(NN=Cc1c(-c2ccccc2)no[n+]1[O-])c1ccc([N+](=O)[O-])cc1,76b386f2c72b4ef4,1
,,,CCOC(=O)c1cc2cc(C3(Cc4ccccc4)CCNC3)ccc2[nH]1,e437180886a22a29,11
,,,CC(C)C[C@@H]1NC(=O)[C@H](Cc2ccccc2)NC(=O)CNC(=O)[C@@H](C)NC(=O)[C@H](Cc2ccc(O)cc2)NC(=O)/C=C\c2ccccc2OCOC1=O,79db0301b9f06b10,3
,,,Cn1c(-c2ccccn2)c(C2CCCCC2)c2ccc(C(=O)NC3(C(=O)Nc4ccc(C=CC(=O)O)cc4)CCOCC3)cc21,a61823c947d3f56b,2
,,,N#Cc1ccc(NCC(F)(F)c2cccc(F)c2)c(F)c1CC(=O)NCCONC(=N)N,0fcf4125fda21e31,4
,,,CC(C)S(=O)(=O)n1c(N)nc2ccc(C(=CC(N)=O)c3ccccc3F)cc21,883483c20e75bf5b,8
,,,Cc1c(CN(CCc2ccc([N+](=O)[O-])cc2)C2CCN(C(=O)c3ccccn3)CC2)c(=O)n(-c2ccc(F)cc2)n1C,ab84afe4ab9039ae,7
,,,Cn1cc(-c2ccc(Cc3[nH]nc4ccc(C(=O)N5CCNCC5)cc34)cc2)cn1,0b405d7255c75e98,5
,,,CC(C)=CCn1c(N2CCCNCC2)c(C#N)c2ncn(Cc3nccc4ccccc34)c(=O)c21,20c5443951dd5a2b,13
,,,COCC#Cc1cccc(C2(c3ccc(OC(F)F)cc3)N=C(N)N3CC(F)(F)CN=C32)c1,a82571ec59d3c6c7,5
,,,O=c1cc(C2CCNC(Cc3ccccc3)C2)o[nH]1,bfd08da2486c5a19,7
,,,Cc1cc(C(=O)Nc2ccc(-c3ccccc3S(N)(=O)=O)cc2F)n(-c2cccc(CN)c2)n1,84c288ade08f1e1e,8
,,,COc1ccc(-c2ncon2)c2[nH]cc(C(=O)C(=O)N3CCN(C(=O)c4ccccc4)CC3)c12,9b6b90d71008e0d8,10
,,,COc1ccc2c(O[C@@H]3C[C@H]4C(=O)N[C@]5(C(=O)NS(=O)(=O)C6CC6)C[C@H]5/C=C\CCCCN(C)C(=O)N4C3)nc(-c3ccncc3)nc2c1C,fdf2409dc41fe11c,2
,,,COc1cc(C)c(S(=O)(=O)N(C)CCOCC(=O)N2CCC(C3CCN(C(C)C)CC3)CC2)c(C)c1,ee825710726635be,2
,,,CCCCN1CCN(c2cc3c(cc2F)c(=O)c(C(=O)O)cn3C2CC2)CC1C,844d30a8f3fd4675,8
,,,CN1CCC(Nc2cc(N3CCN(C)CC3)ccc2C(=O)Nc2[nH]nc3ccc(Cc4cc(F)cc(F)c4)cc23)CC1,d7b789988b23cd65,1
,,,COc1ccc2c(O[C@@H]3C[C@H]4C(=O)N[C@]5(C(=O)NS(=O)(=O)C6CC6)C[C@H]5/C=C\CCCCN(C)C(=O)[C@@H]4C3)nc(-c3ccccc3)nc2c1C,09e0546a57a751ba,6
,,,Cc1c(F)cc(C(=O)NC2CC2)cc1-c1ccn2c(C(C)(C)C)nnc2c1,5ec055bf230112e2,7
,,,O=c1cc(N2CCOCC2)nc(Cc2nc3c(-c4cccs4)cccc3o2)[nH]1,88421046b98aa528,5
,,,COc1ccc2c(O[C@@H]3C[C@H]4C(=O)N[C@]5(C(=O)NS(=O)(=O)C6CC6)C[C@H]5/C=C\CCCCN(C)C(=O)[C@@H]4C3)nc(-c3ccc(F)cc3)nc2c1,e4c5be6865858d6c,2
,,,Cn1cc(-c2ccc(Cc3[nH]nc4ccc(C(=O)N5CC(F)(F)C5)cc34)cc2)cn1,e734d65af87c330f,6
,,,CC1(CS(=O)(=O)N2CCC(Oc3ccc(OC(F)(F)C(F)F)cc3)CC2)NC(=O)NC1=O,0d55c65dcc9159bf,6
,,,O=C(CC1CNC(=O)c2cc(-c3ccc(F)c(F)c3)cn21)NCC1CCCCC1,bebe79bc6e004782,1
,,,NC[C@@H](NC(=O)C[C@H]1CNC(=O)c2cc(-c3cccc(F)c3)cn21)c1ccccc1,109bc3eedb0d7639,2
,,,Cc1nn(-c2ccc3onc(N)c3c2)c2c(=O)n(-c3ccc(-c4ccccc4CN(C)C)cc3)c(C)nc12,dfc1b912ccd7c54c,18
,,,Cc1cc(NC(=O)Cc2nc(N3CCOCC3)cc(=O)[nH]2)ccc1F,90c0b45045d65623,6
,,,COCCCOc1cc(C(=O)N(CC2CNCC2NS(=O)(=O)Cc2ccccc2)C(C)C)ccc1OC,1227cb168702ce46,4
,,,CCCc1nc2ccc(-c3nc4c(C)cccc4n3C)cc2n1Cc1ccc(-c2ccccc2C(=O)O)cc1,d58af0855bba36dd,3
,,,O=c1cc(N2CCOCC2)nc(Cc2nc3cc(F)ccc3n2C2CC2)[nH]1,10d15048f9e7142c,7
,,,Cn1cncc1CN1CC(N(CC2CCN(C(=O)c3cccs3)CC2)S(=O)(=O)c2ccccn2)Cc2cc(C#N)ccc21,2d188cb55aa716e1,6
,,,COc1cccc2sc(NC(Cc3ccc(C4CC(=O)NS4(=O)=O)cc3)c3nc4ccccc4[nH]3)nc12,2e0270f7a0190acb,6
,,,COc1ccc(-n2nc(Cn3cnnn3)c3c2C(=O)N(c2ccc(-c4ccccc4CN4CCC(O)C4)cc2)CC3)cc1,39a5863212396fff,1
,,,Cc1c(-c2ccc(C[C@H](NC(=O)c3c(F)cccc3F)C(=O)O)cc2)c(=O)n(C)c(=O)n1C,ed8530047ec66a5e,8
,,,CCc1nc(N)nc(N)c1-c1ccc2c(c1)N(CCNC(C)=O)C(=O)C(C)(C(F)(F)F)O2,0db6d781f997a1e0,2
,,,CC(C)C[C@@H]1NC(=O)[C@H](Cc2ccccc2)NC(=O)CNC(=O)[C@H](C)NC(=O)[C@H](Cc2ccc(O)cc2)NC(=O)/C=C\c2ccccc2OCOC1=O,e96c507cfe5905c6,1
,,,COCCn1cc(C(C(=O)NS(=O)(=O)c2ccc(C)cc2OC)c2ccc3c(c2)OCO3)c2ccc(F)cc21,dcc5048b53187908,1
,,,CCOC(=O)[C@H]1CC[C@@H](N2CC(NC(=O)CNc3nn(C(N)=O)c4ccc(C(F)(F)F)cc34)C2)CC1,d322d7910fce1279,9
,,,COc1c(NC(=O)c2ccc(C)c(N3C=C(C(=O)NCC(C)(C)O)NN3)c2)cc(C(C)(C)C)cc1NS(C)(=O)=O,9ce73f4a38899ecc,1
,,,Cc1cnc(NCC(F)(F)c2ccccc2)c(=O)n1CC(=O)NCCON=C(N)N,b3506d08a7458116,3
,,,CC(NP(=O)(OCC1OC(C#N)(c2ccc3c(N)ncnn23)C(C)(O)C1O)Oc1ccccc1)C(=O)OCc1ccccc1,f2e8d8b360edecf9,2
,,,Cc1cc(S(=O)(=O)NCCC(=O)O)ccc1NC(=O)c1cc(N(CC2CC2)C2CCCCC2)ncn1,db70cf7be5f97494,3
,,,O=c1[nH]cnc2c(-n3cc(CCN4CCCC4)cn3)nccc12,70a1d5e89c8baa79,20
,,,COC(=O)CCCC=CCC1C(O)CC(O)C1c1cn(-c2ccc(S(N)(=O)=O)cc2)nn1,245559ac7f32c1b3,3
,,,O=C(OCc1ccccc1)c1ccccc1-c1ccc(CN2CCC(COC(=O)c3c4n(c5ccccc35)CCCO4)CC2)cc1,665438cf7b152d88,2
,,,Nc1ncnc2c1c(-c1cccc(OCC34CCC(CC3)O4)c1)cn2C1CC(CO)C1,4f111911a6cf3e0d,8
,,,C=CC1CC1(NC(=O)C1CC(Oc2cc(-c3csc(NC(C)C)n3)nc3cc(OC)ccc23)CN1C(=O)C(NC(=O)OC1CCCC1)C(C)(C)C)P(=O)(O)O,c0642e0e414e3230,1
,,,Cn1nnc(-c2ccc3c(c2)c(C2CCN(CCN4CCNC4=O)CC2)cn3-c2ccc(F)cc2)n1,e6dcbe93b5fb2d1b,10
,,,CN(Cc1ccccc1)C(=O)C1(c2ccc(Cl)c(Cl)c2)CC1CN1CCC(c2ccccc2)(N(C)C(=O)C(N)=O)CC1,69e5e3fdb4e17b12,3
,,,C=C(c1ccccc1)[C@@H]1OC[C@@H](N)[C@H](C)O1,f94b81156a1d5932,5
,,,Cn1c(-c2cncnc2)c(C2CCCCC2)c2ccc(C(=O)NC(C)(C)C(=O)Nc3ccc(C=CC(=O)O)cc3)cc21,fd2742ca32ce02e1,5
,,,CONC(=O)c1ccc(C)c(Nc2ncnn3cc(C(=O)NC(C)c4ccccc4)c(C)c23)c1,440ffc8257d1e661,5
,,,N=C(N)NCCCC(NC(=O)c1ccc(C(c2ccccc2)c2ccccc2)o1)C(=O)O,16ce2ec74fbd9598,4
,,,COc1ccc(CCC2(C3CCCC3)CC(O)=C(Sc3nc4nc(C)cc(C)n4n3)C(=O)O2)cc1Cl,961d8e1f0cc69833,2
,,,Cc1cc(Nc2ncnc3cnc(N4CCOCC4)cc23)ccc1Oc1ccc(C(=O)NCC(C)(C)C)cc1,4ce6fb348b5463c8,9
,,,CC(C)(F)C(=O)NCC1CCCN1C(=O)CC(N)Cc1cc(F)c(F)cc1F,134e385f22f55c86,10
,,,Cn1c(Cc2nc(N3CCOCC3)cc(=O)[nH]2)nc2cccc(-c3ccccc3)c21,759530e5baf691b7,6
,,,Cn1cc(-c2ccc(-c3cnc(N)c4ccc(C(=O)N5CC(F)(F)C5)nc34)cc2)cn1,76b9288f61d78c21,3
,,,CCCCCCC(N)C(=O)N[C@@H](CCC(=O)O)C(=O)N[C@@H](Cc1c[nH]c2ccccc12)C(N)=O,ef439ba365af99ab,3
,,,CC[C@H](C)[C@@H]1NC(=O)[C@H](Cc2c[nH]c3ccccc23)NC(=O)[C@H]2CCCN2C(=O)[C@H]([C@@H](C)CC)NC(=O)[C@H]([C@@H](C)CC)NC(=O)[C@@H](CC(C)C)NC1=O,ba783b28ff3b5108,4
,,,COC(=O)CN(C1CCCN(c2ccc(-n3ccccc3=O)cc2)C1=O)S(=O)(=O)c1cc2ccc(Cl)nc2s1,d7965ef39d270b80,2
,,,CCOc1ccc(Cc2cc(C3SC(CO)C(O)C(O)C3O)c(OC)cc2C)cc1,abafd51861146a62,3
,,,CC(C)C[C@@H]1NC(=O)[C@H](Cc2c[nH]c3ccccc23)NC(=O)[C@H]2CCCN2C(=O)[C@@H](CC(C)C)NC(=O)[C@@H](CC(C)C)NC(=O)[C@@H](CC(C)C)NC1=O,f861708259a06366,2
,,,O=c1n(Cc2nc3ccccc3n2CCCCO)c2cnccc2n1C(F)F,8e5c9c4c88cc9850,7
,,,Cn1c(N2CCCN(CCCN3c4ccccc4Sc4c(C(=O)O)cccc43)CC2)cc(=O)n(C)c1=O,ced22522b7214bd9,4
,,,N#CC1(c2ccccc2)CCN(Cc2cc(C(=O)O)c(=O)n3ccccc23)CC1,63f45b7196ccdafd,6
,,,CCOc1cc(NC(=O)C2(NC(=O)c3ccc4c(C5CCCC5)c(-c5ccc(F)cn5)n(C)c4c3)CCC2)ccc1C=CC(=O)O,ac980194f03bc5b2,6
,,,COc1cc(C)ccc1S(=O)(=O)NC(=O)C(c1ccc2c(c1)OCO2)c1cn(C)c2cc(C(N)=O)ccc12,e980413f64ee5c56,7
,,,CC(C)COC[C@@]1(N=[N+]=[N-])O[C@@H](n2ccc(N)nc2=O)[C@H](C)[C@@H]1OCC(C)C,594d221ed4228579,11
,,,CNC(=O)c1cc(C(C)Nc2cc(F)cc(F)c2)c2oc(N3CCOCC3)cc(=O)c2c1,32f7566a1c692b90,6
,,,Cc1ccc(NS(C)(=O)=O)c(C(=O)N2CCCCC2c2cc3nc(C4CC4)cc(C)n3n2)c1,5940a615e91e7aff,5
,,,O=C1Cc2cc(S(=O)(=O)N3CCN(c4ccc(C(=O)O)cc4)CC3)ccc2N1,67225bfabb7df18c,2
,,,O=C1C(NS(=O)(=O)c2cc3ccc(Cl)nc3s2)CCCN1c1ccc(-n2ccccc2=O)cc1F,38c8b9af8e13c1fc,6
,,,COc1ccc2cc(CN3CCc4cc(OC)c(OC)cc4C3)ccc2c1,2cb65193da5fbd01,6
,,,CCC(=O)NC1CCC(C(=O)N(C)c2ccc(-c3nc4ccccc4o3)cc2)C1,f796f07acad2f929,7
,,,CC1Cc2c(Br)cccc2N1C(=O)Cc1nc(N2CCOCC2)sc1C(=O)O,148e38dbf37c01da,4
,,,Cn1c(N2CCN(CC/C=C3/c4ccccc4COc4ccc(C(=O)O)cc43)CC2)cc(=O)n(C)c1=O,777eccdecedc971b,5
,,,CCC=C(C(=O)NC1C(=O)N2C(C(=O)OCOC(=O)C(C)(C)C)=C(COC(N)=O)CSC12)c1csc(N)n1,824df2b6dee6eca6,3
,,,COc1cccc2c1CCCC2=CCCN1CCCCC1,3871b74a336a2b2c,8
,,,CCCCC(=O)N(Cc1ccc(-c2ccccc2-c2nnn[nH]2)cc1)C(C(=O)O)C(C)C,8b72b9dc18a1d57d,1
,,,Cc1c2oc3c(C)ccc(C(=O)N[C@@H]4C(=O)N[C@H](C(C)C)C(=O)N5CCC[C@H]5C(=O)N(C)CC(=O)N(C)[C@@H](C(C)C)C(=O)O[C@@H]4C)c3[nH]c-2c(C(=O)N[C@@H]2C(=O)N[C@H](C(C)C)C(=O)N3CCC[C@H]3C(=O)N(C)CC(=O)N(C)[C@@H](C(C)C)C(=O)O[C@@H]2C)c(=N)c1=O,01a2df6c86e6702c,1
,,,COc1ccc(-n2nc(C#N)c3c2C(=O)N(c2ccc(C4(CN5CCCC5)CC4)cc2)CC3)cc1,f959c66bdd361113,22
,,,CCNC(=O)N1CCC(CN(C2Cc3cc(C#N)ccc3N(Cc3cncn3C)C2)S(=O)(=O)c2ccccn2)CC1,6f18d11a8829dc9c,12
,,,CC(=O)N1CCN(CCN2C3CCC2CC(NC(=O)c2nn(C(C)C)c4ccccc24)C3)CC1,fc3d743b6965bffe,2
,,,COc1cc(Nc2nc3n(n2)CCC(O)N3Cc2ccccc2)ccc1-n1cnc(C)c1,d701d3a74b2cd8ae,12
,,,CC(C)CCn1nc(N2CCCC2)c(O)c(C2=NS(=O)(=O)c3cc(NS(C)(=O)=O)ccc3N2)c1=O,80937036b0921897,8
,,,CNC(=O)c1cc(-c2ncc(F)c3c(C(=O)C(=O)N4CCN(C(=O)c5ccccc5)CC4)c[nH]c23)n[nH]1,833d92b7521f1279,4
,,,Cc1ncc(CNC2CCN(CCn3c(=O)ccc4ncc(F)cc43)CC2F)cc1C#N,8eba332ad1a6f590,7
,,,O=C(O)CC1CCC(c2ccc(C(=O)Nc3nnc(Cc4ccccc4F)s3)cc2)CC1,353164c4f0e3cc68,1
,,,COc1ccc(C2(c3cccc(-c4cncnc4)c3)N=C(C)C(N)=N2)cc1,386476426ba62770,14
,,,CN(c1cc2cc(c1)C(=O)NC(c1ccccc1)CCc1cccc(c1)CC(C)(N)C(=O)OC2)S(C)(=O)=O,67aeaba5a652ec36,3
,,,O=C(Cc1nc(O)cc(N2CCOCC2)n1)N1CCc2c(-c3ccncc3)cccc21,b51eaa38088c4793,5
,,,COc1c(C(=O)Nc2ccccc2)cc(N2CCC(=O)NC2=O)cc1C(C)(C)C,057ec8204ed07c3b,5
,,,Cn1c(N2CCOC3COCC32)nc(-c2ccncc2F)cc1=O,beb8adf8524fd530,7
,,,COc1ccc2c(O[C@@H]3C[C@H]4C(=O)N[C@]5(C(=O)NS(=O)(=O)C6(C)CC6)C[C@H]5/C=C\CCCCCC(=O)N4C3)cc(-c3nc(C(C)C)cs3)nc2c1C,59666017a3c91dbf,2
,,,O=C(OC1CC(n2cc(F)c(=O)[nH]c2=O)OC1CO)c1cccc(C(=O)OC2CC(n3cc(F)c(=O)[nH]c3=O)OC2CO)c1,444ac122e26157c4,3
,,,Cc1ccc(-c2nn(Cc3ccccc3)c(=O)c(C3=NS(=O)(=O)c4ccccc4N3)c2O)s1,72dd4323081626f9,4
,,,Cc1c(Cc2ccccc2S(=O)(=O)c2ccccc2)c2c(=O)n(C(F)F)ccc2n1CC(=O)O,83e36fcdd7edb496,2
,,,O=C(CCC1=CCN(CCCc2ccc3ccccc3c2)C1=O)NO,68f56c08632efa69,3
,,,COc1c(CCc2ccc(NS(C)(=O)=O)cc2)cc(-c2ccc[nH]c2=O)cc1C(C)(C)C,0d8e717d37cb306d,2
,,,CCN(CCO)C(=O)c1cc2cccnn2c1-c1cccc(C(F)(F)F)c1,bbf527635a286f42,5
,,,CN(C)C(=O)c1cc(-c2ncc(F)c3c(C(=O)C(=O)N4CCN(C(=O)c5ccccc5)CC4)c[nH]c23)n[nH]1,df5791e84b39ad84,4
,,,COC(=O)NC(C(=O)NN(CCC(O)(Cc1ccccc1)C(=O)NC1c2ccccc2CC1O)Cc1ccc(Br)cc1)C(C)(C)C,3db393fce938bc90,2
,,,O=C(NC1(C(=O)N[C@H](Cc2ccccc2)C(=O)NCCCN2CCOCC2)CCCC1)c1cc2ccccc2o1,c219d01b9c0a9588,1
,,,O=C(NCC1CCOCC1)c1ncccc1NC(=O)c1ccc(Cn2ccnn2)c2ccccc12,0313c0ea1ae4dc68,8
,,,OCC1OC(Oc2ccc(-c3ccc(-c4nnn[nH]4)cc3)cc2)C(O)C(O)C1O,cddfe46737a25f63,3
,,,CC(=O)NC(C)C(=O)NCCc1ccccc1,e38d18c459149a57,12
,,,COC(=O)c1ccc2[nH]c(C(F)(F)F)nc2c1,c44d19f6573fa78a,2
,,,COCCCOc1cc(C(=O)N(CC2CNCC2NC(=O)OCc2ccccc2)C(C)C)ccc1OC,21cb802e76e2b669,2
,,,COC1C(=O)C2(C)C(OC)CC3OCC3(OC(C)=O)C2C(OC(=O)c2ccccc2)C23OC(=O)OC2C(OC(=O)C(O)C(NC(=O)c2ccccc2)c2ccccc2)C(C)=C1C3(C)C,dfa6e5cde2daf503,2
,,,C=CCC(N)c1ccccc1-c1noc2ccccc12,e86a8ff52d7b60a1,14
,,,CC(C)c1nc(N(C)S(C)(=O)=O)nc(-c2ccc(F)cc2)c1C=CC(O)CC(O)CC(=O)O,fa2a38edca20fa31,1
,,,Cn1c(Cc2nc(O)cc(N3CCOCC3)n2)nc2ccccc21,528611e0b8e0cf3e,5
,,,CCc1c(CCCC(=O)O)cccc1-c1nnc(-c2ccc(OC(C)C)c(C#N)c2)s1,db498e770f09a6ff,13
,,,CNc1cc(Nc2cnc(C#N)c(OC(C)CN(C)C)n2)ncc1-c1cnn(C)c1,9a5dee01d45d372a,5
,,,CC(C)c1nc2c(C(=O)NCC3CCN(CC(O)CN4CCN(S(C)(=O)=O)CC4)CC3)cccc2[nH]1,971aa3cb22332adb,1
,,,CC(C)C[C@@H]1NC(=O)[C@@H](CC(C)C)NC(=O)[C@H](CC(C)C)NC(=O)[C@H](Cc2ccc(O)cc2)N(C)C(=O)[C@H]2CCCN2C(=O)[C@H](CC(C)C)NC1=O,a944aae8709f1ec2,1
,,,CC1Cc2ccccc2N1C(=O)Cc1nc(O)cc(N2CCOCC2)n1,b52982bb7edecebe,8
,,,COc1ccc2c(c1)C13CCN4CC5=CCOC6CC(=O)N2C1C6C5CC43,0e4c847ce96eb797,5
,,,CCCN(CC1CC1)c1cc(C(=O)Nc2ccc3[nH]ncc3c2)ncn1,22efca554ac48e26,18
,,,COc1c(C=Cc2ccc(NS(C)(=O)=O)cc2)cc(-c2ccc[nH]c2=O)cc1C(C)(C)CO,5f76c429dab446ad,3
,,,c1cc(-c2nn(C3CCNCC3)cc2-c2ccc3c(c2)Cc2c[nH]nc2-3)ccn1,41d7bc784456de56,7
,,,O=C(NS(=O)(=O)c1ccccc1)c1ccc(F)c2c(C(=O)C(=O)N3CCN(C(=O)c4ccccc4)CC3)c[nH]c12,ef3b5a1b5b23e045,6
,,,CC[C@H](C)[C@@H]1NC(=O)[C@@H]2CCCN2C(=O)[C@H](C(C)C)NC(=O)[C@@H]2CCCN2C(=O)[C@H](Cc2ccccc2)NC(=O)[C@H](C)NC(=O)c2csc1n2,e02d6af66dae339a,1
,,,Cc1nsc(-c2nnc3n2CCN(C(=O)c2ccc(-c4cccs4)cc2)C3C)n1,7d038bd48911d34e,10
,,,COc1ccc2c(OC3CC4C(=O)NCCCCC=CC5CC5(C(=O)NS(=O)(=O)C5CC5)NC(=O)C4C3)nc(-c3cccc(F)c3)nc2c1C,ca2a3b311c6338c0,2
,,,CC(C)CCN1C(=O)C(C2=NS(=O)(=O)c3cc(NS(C)(=O)=O)ccc3N2)=C(O)C2CCCCC21,60345ba6c2093c08,1
,,,Cc1ccc(C(=O)Nc2ccc(OC(CCN(C)C)c3ccccc3)cc2)cc1Cl,ba6d94728ab358b7,8
,,,CC(C)(C)NC(=O)Nc1nc(Cl)c(COCc2ccccc2)n(CC(=O)Nc2ccccc2C(=O)NS(=O)(=O)c2ccc(C(F)(F)F)cc2)c1=O,2682786feca35ab4,3
,,,O=C(NC1(C(=O)N[C@@H](CCCN2CCN(CC3CCOCC3)CC2)Cc2ccccc2)CCCC1)c1cc2ccccc2o1,8ed08d3ceaa7e1cd,6
,,,Fc1ccc(CNc2cccc3[nH]c(C(F)(F)F)nc23)cc1,0680c19a4f6c3747,9
,,,O=C(NC1CCOCC1C(=O)NO)c1ccc(Cc2c(C(F)(F)F)nc3ccccn23)cc1,257b96c0662aa941,2
,,,CCOc1cc(NC(=O)C2(NC(=O)c3ccc4c(C5CCCC5)c(-c5ncc(Br)cn5)n(C)c4c3)CCC2)ccc1C=CC(=O)O,df9b4a6adcb48d9c,7
,,,CN(C(=O)CCC(C1CCCCC1)N1Cc2cc(Oc3ccccc3)ccc2N=C1N)C1CCCCC1,64714b0193c0be89,3
,,,CN1CCN(CC(NC(=O)CC2CNC(=O)c3cc(-c4ccnc(F)c4)cn32)C2CCCCC2)CC1,839203959318ce09,2
,,,O=c1c(C2=CS(=O)(=O)c3ccccc3N2)c(O)c2cc(F)ccc2n1Cc1ccc(F)cc1,5e3753284aa158cb,8
,,,CCC1CC(n2c(=O)nc(-c3cnn(C)c3)c3oc4ccc(-c5cnn(C)c5)nc4c32)CCO1,7b1d316ef7bb93bd,4
,,,CCC1CC1(NC(=O)C1CC(Oc2cc(-c3csc(NC(C)C)n3)nc3c(Cl)c(OC)ccc23)CN1C(=O)C(NC(=O)OC1CC2C(C1)C2(F)F)C(C)(C)C)C(=O)O,a60b5c501f61ddf6,1
,,,COc1ccc(C(=O)NC2CC2)c(OCC(O)CN2CCC3(CC2)Cc2cc(Cl)ccc2O3)c1,2f137d986fd97d9f,1
,,,CCOc1ccc(C(C)Nc2nc(N3CCN(C(C)=O)CC3)nc3c2CN(C(C)C)C3=O)cc1,352a96e27320e76a,2
,,,Nc1nc(N2CCCCC2)cc[n+]1[O-],8f24fd38b90d1105,2
,,,COC(=O)N1CCc2nc(C)n(C3CC4CCC(C3)N4CCC(NC(C)=O)c3ccccc3)c2C1,a28bc0bbbe1f3410,1
,,,CC(C)(C)CCn1nc(-c2cccs2)c(O)c(C2=NS(=O)(=O)c3cc(NS(C)(=O)=O)ccc3N2)c1=O,94b157cbac708066,11
,,,CNC(Cc1ccccc1)C(=O)NC(C)C(=O)NC(C)C(=O)NC(C)C(=O)NC(C)C(=O)N(C)C(Cc1ccccc1)C(N)=O,c2ef5350d2293fd8,4
,,,O=C1COCCN1c1ccc(CO[C@@H]2COc3nc([N+](=O)[O-])cn3C2)cn1,a60b55cc25d481fa,3
,,,CCOC(=O)/C=C/[C@H](C[C@@H]1CCNC1=O)NC(=O)[C@H](Cc1ccc(F)c(F)c1)n1cccc(NC(=O)c2cc(C)on2)c1=O,5dcd016e16e81c44,1
,,,O=C(O)CCCn1cc(C(=O)O)c(=O)c2c(C=Cc3ccc(OCCCCOc4ccccc4)cc3)cccc21,e5862931761f6700,7
,,,NC1=NC(c2ccnc(C(F)(F)F)c2)(c2ccc(F)c(-c3cncnc3)c2)c2cccc(F)c21,5cc28ecf1c73da25,18
,,,O=c1n(Cc2nc3ccccc3n2CCCC(F)(F)F)c2cnccc2n1C1CC1,4fdfa76caaff7f4c,7
,,,CN(Cc1ccc(F)cc1)C(=O)C1(c2ccc(Cl)c(Cl)c2)CC1CN1CCN(S(=O)(=O)N(C)C)CC1,89d6afa743c0a28a,1
,,,CO[C@H]1C(=O)[C@]2(C)CC[C@H]3OC[C@@]3(OC(C)=O)[C@H]2[C@H](OC(=O)c2ccccc2)[C@]23OC(=O)O[C@H]2[C@H](OC(=O)[C@H](O)[C@@H](NC(=O)OC(C)(C)C)c2ccccc2)C(C)=C1C3(C)C,bf40b6a95a6278f5,2
,,,CCCCCCCCCCCCC(N)C(=O)N[C@@H](CCC(=O)O)C(=O)N[C@@H](Cc1c[nH]c2ccccc12)C(N)=O,97f2adaa21139fe8,3
,,,O=C(Cc1nc(O)cc(N2CCOCC2)n1)N1CCc2c(-c3ccccn3)cccc21,cc1e895d8666cf1e,7
,,,CC(=O)Oc1ccccc1C(=O)OC1CC(n2cc(F)c(=O)[nH]c2=O)OC1CO,609e6a84eb8a090a,4
,,,COc1cc2cncc(Cc3nc4c([nH]3)c(=O)n(C)c(=O)n4CC(C)C)c2cc1OC,64bb99d94687d904,17
,,,Cc1ccc(C(CC(=O)N2CCC(N3Cc4ccccc4NC3=O)CC2)Cc2cc(C)c3[nH]ncc3c2)nc1,39eaf6f537998e85,4
,,,COc1cc(C)c(S(=O)(=O)N(C)CCOCC(=O)N2CCN(C3CC4CCC(C3)N4C)CC2)c(C)c1,55a1de39c04c4526,7
,,,CC(C)c1nnc2ccc(-c3[nH]cnc3-c3cc(F)ccc3F)cn12,6052b85bd7ebf019,10
,,,Cn1c(S)nc2ccccc21,e648effd2c60dd7e,1
,,,CCOc1nc(NC(=O)C2(NC(=O)c3ccc4c(c3)c(C)c(-c3ccc(F)cn3)n4C3CCCCC3)CCC2)ccc1C=CC(=O)O,422d6cb3328a09c3,2
,,,O=C(NC1(C(=O)N[C@H](Cc2ccccc2)C(=O)NC2CCN(CC3CCOCC3)CC2)CCCC1)c1cc2ccccc2s1,4faa9da7b6d61ef7,3
,,,COc1ccc(C23Oc4cc(Cl)cc(OC)c4C2(O)C(O)C(C(=O)N(C)C)C3c2ccccc2)cc1,90bc53f5406919d9,7
,,,CN1CCC(N(C)C(=O)Cn2c(-c3ccoc3)c(C3CCCCC3)c3ccc(C(=O)O)cc32)CC1,873a6428cf336c9b,1
,,,CC(=O)NC(C(=O)NC1C(=O)N2C(C(=O)O)=C(C)CSC12)c1ccccc1,93c73dac384d665c,6
,,,CNC(=O)c1cc(Oc2ccc3oc(Nc4ccc(Br)cc4)nc3c2)ccn1,2271c782b01ede77,12
,,,CCc1cc2c(c(C(F)(F)F)c1)C(=O)N1CCNCC21,205e70f4aabced0c,3
,,,N#Cc1ccc(Cn2cncc2CN2CCN(C(=O)C3CCCCC3)CCC2c2ccccc2)cc1,bcbcd5253872a8e2,7
,,,N#Cc1cccnc1N1CCN(C(=O)c2cccc(Cc3nnc(O)c4ccccc34)c2)CC1,80aa78588c32b5e3,2
,,,CC(C)CCn1c(=O)c(C2=NS(=O)(=O)c3cc(NS(=O)(=O)C4CC4)ccc3N2)c(O)c2cccn21,859f189b42236d9e,10
,,,Cc1cc2c(-c3ccc[nH]c3=O)c(C(=O)NS(=O)(=O)C3CC3)n(Cc3cc(F)ccc3F)c2cc1F,fa2f15bdaf04a527,13
,,,NS(=O)(=O)c1ccc(Nc2ncc3c(n2)-c2ccsc2CC3)cc1,f4ec889d6ac47163,7
,,,N#Cc1ccc(OCC2CCCN2C(=O)CC(N)Cc2cc(F)c(F)cc2F)nc1,ded153a3d12f9e96,4
,,,COc1ccccc1/C=C1\CNC/C(=C\c2ccccc2OC)C1=O,80d99ce134fbd386,9
,,,COc1cc(C)ccc1S(=O)(=O)NC(=O)C(c1ccc2c(c1)OCO2)c1cn(C)c2cc(C(C)=O)ccc12,a412ec1edd5c543d,9
,,,O=C1c2cc(C(=O)N3CCCCC3)ccc2-n2c1nc1ccccc1c2=O,29a8c4cf5183392c,3
,,,CCCCCCCCC(N)C(=O)NC(Cc1ccc(O)cc1)C(=O)N1CCCC1C(=O)NC(Cc1c[nH]c2ccccc12)C(=O)NC(Cc1ccccc1)C(=O)NCC(=O)NC(CC(C)C)C(=O)NC(CCSC)C(N)=O,32498ab5a14dbdcf,4
,,,CC1Cn2c(nnc2C(C)(C)F)CN1C(=O)c1cccc(C(F)(F)c2nnc(O)c3ccccc23)c1,e00d6c8a5604ec6d,1
,,,C=CCCCS(=O)(=O)NC(=O)c1ccccc1NC(=O)C(NC(=O)C(NC(=O)OC(C)(C)C)C(C)(C)C)c1ccc(Oc2cc(OC)nc(-c3ccccc3)n2)c(C=C)c1,9792ca524700e24e,5
,,,CC1CN(c2cc(=O)c3cc(C(=O)N(C)C)cc(CN4CCOc5c(F)cccc54)c3o2)CCO1,728a88740ea556dd,6
,,,Nc1noc2ccc(-n3nc(C(F)(F)F)cc3C(=O)NC3CCN(c4ccccc4CN4CCCC4)CC3)cc12,d21c82fda3f58718,10
,,,CN1C(=O)NC(=O)C12Cc1ccc(NC(=O)Cn3c(=O)n(C4CCOC4)c4ccccc43)cc1C2,2cd58bf897517c9d,19
,,,Nc1nc(OC2CCCC2)nc2c1ncn2C1OC(CF)C(O)C1O,bfc5f2081cc9374a,3
,,,CCCC(=O)c1cnn(-c2ccc(NC(=O)c3cn(CC(=O)N4CCN(C)C(C)C4)c4ccc(C)cc34)cc2)c1C,a5f4ada9ad227772,8
,,,CS(=O)(=O)Nc1ccc2c(c1)S(=O)(=O)NC(C1=C(O)C3C4CCC(C4)C3N(Cc3ccc(F)cc3)C1=O)=N2,bdb7681b5b291879,5
,,,Cc1ccc(-c2c(C3CCCC3)c3ccc(C(=O)NC4(C(=O)Nc5ccc(C=CC(=O)O)cc5)CCC4)cc3n2C)nc1,e4c27e6ef15536e0,11
,,,CC(C)CCn1c(=O)c(C2=NS(=O)(=O)c3ccccc3N2)c(O)c2cccn21,1267833389719903,6
,,,N#CCCCn1c(Cn2c(=O)n(C(F)F)c3ccncc32)nc2ccccc21,02e76d1deb0a7f57,11
,,,Oc1ccc(-c2cnc(-c3cccc(O)c3)o2)cc1,113f657c5ef7fa43,8
,,,Cc1nc(-n2cnn(CC3CC3(F)F)c2=O)sc1C(=O)NCc1cccnc1,3ed4603df81534ef,10
,,,CN(C[C@@H]1CCCN1C(=O)C[C@H](N)Cc1cc(F)c(F)cc1F)C(=O)C(C)(C)C,21d6a0d02006644d,1
,,,CC(=O)O[C@H]1[C@@H](F)[C@H](n2cnc3c(N)ncnc32)O[C@@H]1CNS(=O)(=O)NC(=O)c1ccccc1O,03bff2eecb0c89c3,3
,,,N#Cc1ccc(C2CCN(CCc3cnn(-c4nccc5c(=O)[nH]cnc45)c3)CC2)cc1,abd9995ed0dac254,5
,,,Cc1cc(COc2ccc(C(=O)NC3CN(C(=O)C(C)(C)C)CC3C(=O)NO)cc2)c2ccccc2n1,dc4c700c51c86c7f,7
,,,CC(C)c1nc2ccccc2n1Cc1ccc(C(=O)N[C@@H]2C[C@@]3(CCCO3)C[C@@H]2C(=O)NO)cc1,51d1798d94b5d6e9,8
,,,CC1CN(C(=O)c2ccccc2)CCN1C(=O)C(=O)c1c[nH]c2ncccc12,437ac7677530e05d,10
,,,CCCCOc1cccc(NC(=O)OCCN2CCCC2)c1,373c30eef5fea7f0,21
,,,CCCCCCOC(=O)c1cn(C2CC2)c2cc(N3CCNCC3)c(F)cc2c1=O,063ddc3902abb338,3
,,,COCC1CCCN1CC(O)CN1C2CCC1CC(NC(=O)c1nn(C(C)C)c3ccccc13)C2,4840bd53ba024123,3
,,,O=C1N(Cc2ccccc2)c2ccccc2C1(O)c1ccc2c(c1)OCO2,87665dc465c5b2e6,7
,,,CC#CCn1c(N2CCCC(N)C2)c(C#N)c2ncn(CC(=O)c3cccc(OC)c3)c(=O)c21,a0d3c897ec559f12,4
,,,CC(C)C[C@@H]1NC(=O)[C@H](Cc2c[nH]c3ccccc23)NC(=O)[C@H]2CCCN2C(=O)[C@H](CC(C)C)NC(=O)[C@H](CC(C)C)NC(=O)[C@@H](CC(C)C)NC1=O,54949298b913afdc,1
,,,CC[C@H](C)[C@@H]1NC(=O)[C@@H]2CCCN2C(=O)[C@H](Cc2ccccc2)NC(=O)[C@H](CC(C)C)NC(=O)c2csc(n2)[C@H]([C@@H](C)CC)NC(=O)[C@@H]2CCCN2C1=O,919c56d8823a95c4,3
,,,Cc1cc(NC(=O)Cc2nc(O)cc(N3CCOCC3)n2)ccc1F,50de582f9e2c9ac8,6
,,,CCOC(=O)c1cc(C#N)c(N2CCC(C(=O)NS(=O)(=O)Cc3ccc(OC)cc3)CC2)nc1C,2597ae6762e42798,3
,,,COc1ccc(-c2nn[nH]n2)cc1-c1ccc(C#CCO)s1,e0b03e7319bea754,9
,,,NS(=O)(=O)c1ccccc1-n1nc(C(F)(F)F)c2c1C(=O)N(c1ccc(-c3ccccc3CN3CCC(O)C3)cc1)CC2,29ef54dd6e4fbd75,4
,,,COC(=O)N[C@H](C(=O)NN(CCC[C@](O)(Cc1ccccc1)C(=O)N[C@H]1c2ccccc2C[C@H]1O)Cc1ccc(Br)cc1)C(C)(C)C,a616ce01bc1e0c62,1
,,,O=C(NOCC(O)CO)c1ccc(F)c(F)c1Nc1ccc(I)cc1F,6234aca45a896576,2
,,,C=CCNC(=O)C(=O)C(CCC)NC(=O)C1CC2CN1C(=O)C(C1CCCCC1)NC(=O)Cc1cccc(c1)OCCC(C)(C)O2,397ed2f8fb0aa86c,3
,,,Cc1cc(C(=O)Nc2cccn([C@@H](Cc3ccc(F)c(F)c3)C(=O)N[C@H](/C=C/C(=O)OC(C)C)C[C@@H]3CCNC3=O)c2=O)no1,2b83c75861afdafe,1
,,,CN1CCN(C(=O)c2ccc(-c3cnc(N)c(C(=O)Nc4cccnc4)n3)cc2)CC1,032a713b7757420e,2
,,,COc1cccc(NC(=O)Cc2nc(O)cc(N3CCOCC3)n2)c1,8c865506bf37e83b,8
,,,NC(Cc1ccc(-c2ccccc2)cc1)C(=O)N1CCSC1,d85dfbbddb45d5b0,6
,,,O=C1C(NS(=O)(=O)c2cc3ccc(Cl)nc3s2)CCCN1c1ccc(-n2ccccc2=O)cc1,ae0a54f4f9d13827,3
,,,COC(=O)NC(C(=O)NN(Cc1cccc(-c2cccnc2)c1)CC(O)(Cc1ccccc1)C(=O)NC1c2ccccc2CC1O)C(C)(C)C,7ddc0c0fb26e9975,3
,,,COCCOc1ccccc1N1CCN(C(=O)C2(Oc3ccc(C(F)(F)F)cc3)CCCN(C(=O)c3cnccc3C(F)(F)F)C2)CC1,043da85e3e4f3e1a,3
,,,CC(C)CC1NC(=O)C(Cc2ccccc2)NC(=O)C(CC(C)C)N(C)C(=O)C(CC(C)C)N(C)C(=O)C(Cc2ccc(O)cc2)NC(=O)C2CCCN2C1=O,afe62d1c2cb355d5,2
,,,Cc1nc(-n2ccc(O)cc2=O)sc1C(=O)NCc1ccc(F)c(F)c1,15a98565235e7fa9,3
,,,CC(=O)NC(Cc1ccccc1)C(O)CNC1CC(C)(C)Cc2nn(CC(C)C)cc21,80131e5b9d214e6c,4
,,,CCC1CC(n2c(=O)nc(-c3cnn(C)c3)c3oc4ncc(-c5cn(C)cn5)cc4c32)CCO1,74911a382f7882af,8
,,,COc1c2ccoc2c(OCC2OC2(C)C)c2oc(=O)ccc12,41a96c9502a09710,11
,,,CC(C)CCN1C(=O)C(C2=NS(=O)(=O)c3cc(NS(C)(=O)=O)ccc3N2)=C(O)C2CCCN21,1d3ef04a8c93f49e,9
,,,COc1ccc(-c2nc(O[C@@H]3C[C@H]4C(=O)N[C@]5(C(=O)NS(=O)(=O)C6CC6)C[C@H]5/C=C\CCCCN(C)C(=O)[C@@H]4C3)c3ccc(OC)c(C)c3n2)cc1,b208d88fe310d4bd,2
,,,O=C(NC(CC=Cc1ccccc1)C(=O)O)c1ccc2ccccc2c1,d825138156a9477a,8
,,,Cc1[nH]c2cc(C3CCCCN3C(=O)c3ccccc3N(C)S(C)(=O)=O)nn2c(=O)c1C,9044fb311bdad220,8
,,,CCOc1ccc([C@H](Nc2nc(N3CCN(C(C)=O)CC3)nc3c2CN(C(C)C)C3=O)C(F)(F)F)cc1,d3d29bb3a79e1fab,4
,,,O=C(NCc1ccc(C(F)(F)F)o1)c1ccc(N2CCN(C(=O)c3ccccc3C(F)(F)F)CC2)nn1,04c65ef4b6b88ce6,5
,,,O=C1CC(c2ccc(CC(Nc3nc4ccccc4s3)c3nc4ccccc4[nH]3)cc2)S(=O)(=O)N1,2f6ebed6aeb6e4c1,4
,,,O=C1CC(c2ccc(CC(Nc3nc4ccc(F)cc4s3)c3nc4ccccc4[nH]3)cc2)S(=O)(=O)N1,a452bb6bab16cb89,9
,,,Oc1cc(N2CCOCC2)nc(Cc2nc3c(-c4ccccc4)c(F)ccc3o2)n1,518b5dafd4de7817,3
,,,CC(C)c1noc(N2CCN(c3ncc(OCc4ccncc4C#N)cn3)C(C)C2)n1,26a4ffd560e4c1cb,2
,,,CCC(=O)Nc1cc2c(NCc3ccc(OC)c(Cl)c3)ncnc2c(CCO)c1OC,110317aa429eea33,6
,,,O=C(Cc1nc(O)cc(N2CCOCC2)n1)N1CCc2c(-c3ccccc3)cccc21,b675d0def432d26a,5
,,,Cc1cc(CN2C(=O)C(C3=NS(=O)(=O)c4cc(NS(C)(=O)=O)ccc4N3)=C(O)[C@@H]3[C@H]4CC[C@H](C4)[C@@H]32)ccc1F,266d24e0c35e42d5,14
,,,CCN(CC)CCN(Cc1ccc(-c2ccc(C(F)(F)F)cc2)cc1)C(=O)Cn1cc(Br)c(=O)nc1SCc1ccc(F)cc1,b98c05ee0219a890,7
,,,C[C@@H]1O[C@H](c2ccc([N+](=O)[O-])cc2)OC[C@H]1N,b06a9fb091a40b02,11
,,,CC(C)S(=O)(=O)n1c(N)nc2ccc(C(=CC(N)=O)c3ccc(F)c(F)c3)cc21,9fd834b7b5dc2ed4,18
,,,CO[C@H]1C(=O)[C@]2(C)[C@@H](OC)C[C@H]3OC[C@@]3(OC(C)=O)[C@H]2[C@H](OC(=O)c2ccccc2)[C@]23OC(=O)O[C@H]2[C@H](OC(=O)[C@H](O)[C@@H](NC(=O)OC(C)(C)C)c2ccccn2)C(C)=C1C3(C)C,f145a21b2a33f905,1
,,,Nc1noc2ccc(-n3nc(C(F)(F)F)cc3C(=O)Cc3ccc(-n4ccccc4=O)cc3F)cc12,41e75e7fed81f7bb,3
,,,Cn1c(SCCCN2CC3CCN(c4ccc(C(F)(F)F)cc4)C3C2)nnc1-c1cc[nH]c(=O)c1,a6f8488aac8adf45,3
,,,Cc1nnc(-c2ccc(C)c(-c3ccc4c(c3)NC(=O)C43CCOCC3)c2)[nH]1,394389f5c52cfb69,4
,,,CN(c1cc2cc(c1)C(=O)NC(c1ccccc1)CCc1cccc(c1)CC(C)(N)C(=O)OC2)S(=O)(=O)CC(F)(F)F,57503ee303cd5763,3
,,,CNC(=O)c1ccc(-c2ccc(OC3OC(CO)C(O)C(O)C3O)cc2)cc1,9f473bed3e118e7b,6
,,,CC1Cn2c(nnc2C2CCC2)CN1C(=O)c1cccc(C(F)(F)c2n[nH]c(=O)c3ccccc23)c1,96e6a49b94eee6ee,2
,,,O=C(NCc1nccs1)c1ccc(N2CCN(C(=O)c3ccccc3C(F)(F)F)CC2)nn1,3d53b822639e5e47,4
,,,CC(CO)NC(=O)C1C=C2c3cccc4[nH]cc(c34)CC2N(C)C1,695bb8a94af9aed1,5
,,,COCCNC(=O)C(NC(=O)C(O)(Cc1ccccc1)CN(Cc1ccc(Br)cc1)NC(=O)C(CC(=O)OC)C(C)(C)C)C(C)C,135b7e9d31e7e9ce,3
,,,CN1CCc2cc(-c3ccc4oc5c(-c6ccccc6)nc(=O)n(CCN6CCC(F)(F)C6)c5c4c3)ccc2C1,5e919dfd0ca451e8,15
,,,COc1ccc2c(OC3CC4C(=O)NC5(C(=O)NS(=O)(=O)C6CC6)CC5C=CCCCCN(C)C(=O)C4C3)nc(-c3cccc(F)c3)nc2c1C,d972b1b8800219d6,2
,,,CCC(C)C1NC(=O)C2CCCN2C(=O)C(Cc2ccccc2)NC(=O)C(C)N(C)C(=O)c2csc(n2)C(C(C)CC)NC(=O)C2CCCN2C1=O,9ce6fcd81e598d87,1
,,,Cn1cccc1C(=O)N1CCn2cc(C(=O)NO)cc2C1,e3d15f4c8ea92abc,12
,,,C=C1c2ccccc2C(=O)N(C)c2ccc(O)cc21,57edb64406e70173,4
,,,CN(C)S(=O)(=O)N(C)c1cc2cc(c1)C(=O)NC(c1ccccc1)CCc1cccc(c1)CC(C)(N)C(=O)OC2,cc5c7665962b1510,3
,,,CC1NC(=O)C(C)NC(=O)C(Cc2ccccc2)NCCC(=O)NCCN(C(Cc2ccccc2)C(N)=O)C(=O)C(C)NC(=O)C(C)NC1=O,ae4c75fae1fd4f9b,2
,,,Cn1nc(-c2ccncc2)cc1NC(=O)C(Cc1ccccc1)NCC(=O)O,69e3e2056429770f,6
,,,COc1cc(Nc2nc(N[C@H]3CCCC[C@H]3N)n3ccnc3c2C(N)=O)cc(OC)c1,e9c7feedfdfcbb5a,1
,,,COc1ccc2c(OC3CC4C(=O)NC5(C(=O)NS(=O)(=O)C6(C)CC6)CC5C=CCCCCCC(NC(=O)c5cnn(C)n5)C(=O)N4C3)cc(OC(C)C)nc2c1C,dcb8155bec6303aa,1
,,,Cc1cc(C(C)Nc2ccccc2C(=O)O)c2nc(N3CCOCC3)cc(=O)n2c1,8fb6017f9d5f21f7,8
,,,COCC1CCCN1c1cc(NC(C)=O)nc(-n2nc(C)cc2C)n1,197ebfaaaa543741,9
,,,Cn1c(-c2cnco2)c(C2CCCCC2)c2ccc(C(=O)NC(C)(C)C(=O)Nc3ccc(C=CC(=O)O)cc3)cc21,73200f3b4dae8d87,1
,,,Cc1ncnc(C)c1C(=O)N1CC2CN(CCC3(c4cccc(F)c4)CCN(C(=O)C(C)(C)C)CC3)CC2C1,8c454802763ada0c,7
,,,NC1=N[C@](c2ccncc2)(c2cccc(-c3cncnc3)c2)c2cccc(F)c21,9f8421f1d7fc7c55,8
,,,Cc1c(Nc2c(C#N)cncc2/C=C/CCN2CCC[C@@H](N)C2)ccc2[nH]ccc12,dca999dee3bb5cc3,4
,,,CCOC(=O)c1cc(C#N)c(N2CCC(C(=O)NS(=O)(=O)c3ccc(Cl)s3)CC2)nc1C,f8b6b13947987b1f,4
,,,COC(=O)c1ccc(-c2ccc(OC3OC(CO)C(O)C(O)C3O)cc2)cc1,2f704d99e24d9658,3
,,,Cc1ccc2oc(C(=O)NC3(C(=O)NC(CCCN4CCN(CC5CCOCC5)CC4)Cc4ccccc4)CCCC3)cc2c1,e46e09302f8be5b0,5
,,,O=C(NC1(C(=O)N[C@H](Cc2ccccc2)C(=O)NCCC(=O)N2CCN(CC3CCOCC3)CC2)CCCC1)c1cc2ccccc2s1,9ac76466c5f7b1cf,6
,,,CCC(C)C1NC(=O)C2CCCN2C(=O)C(Cc2ccccc2)N(C)C(=O)C(C)NC(=O)c2csc(n2)C(C(C)CC)NC(=O)C2CCCN2C1=O,553948487791060e,1
,,,CC1CN(c2cccc3nc(-c4nc(-c5cccc(C(=O)N(C)C)c5)cnc4N)n(C)c23)CCN1,6399107c28718a7f,5
,,,O=C(C(=O)N1CCN(C(=O)c2ccccc2)CC1)c1c[nH]c2c(-n3cncn3)ncc(F)c12,63253f0573fc512b,4
,,,C[C@@H]1O[C@@H](c2ccc([N+](=O)[O-])cc2)OC[C@H]1N,9e3f461cb21ee2cb,3
,,,COCCn1c(COc2ccc(F)cc2)c2c(=O)n(CCN3CCOCC3)[nH]c2cc1=O,92d40e4c1413eba1,3
,,,Cn1c2c(c3cc(S(=O)(=O)c4cccc(C(F)(F)F)c4)ccc31)C1CCC(C2)N1,2af55461d7bf9e0c,16
,,,COC1CC2CCC(C)C(O)(O2)C(=O)C(=O)N2CCCC3C(CC4CCC(OCCO)C(OC)C4)C(CC(=O)C(C)C=C(C)C(O)C(OC)C(=O)C(C)CCC(C)C=CC=CC=C1C)OC(=O)C32,91a43aaa478a1d87,3
,,,CO[C@H]1C[C@H]2OC[C@@]2(OC(C)=O)[C@H]2[C@H](OC(=O)c3ccccc3)[C@]3(O)C[C@H](OC(=O)[C@H](O)[C@@H](NC(=O)OC(C)(C)C)c4ccccn4)C(C)=C([C@@H](OC(=O)N(C)C)C(=O)[C@]12C)C3(C)C,b40ee8d4c56175e5,1
,,,C=C(C)C1CCC(C)=CC1c1c(O)cc(CC2CN(C(C)=O)C2)cc1O,d97b917a66803c5d,6
,,,CN1CC(=O)NCC(=O)N(C(Cc2ccccc2)C(N)=O)CCNC(=O)CCNC(Cc2ccccc2)C(=O)N(C)CC(=O)N(C)CC1=O,b806350a55651ec5,1
,,,NCC(NC(=O)CC1CNC(=O)c2cc(-c3ccnc(F)c3)cn21)c1ccccc1,091b398af1ffa49b,1
,,,CC(C)OC(=O)C(Cc1ccc(OC(=O)N(C)C)cc1)NC(=O)C1N(S(=O)(=O)c2cnn(C)c2)CSC1(C)C,7eda65b77ae47ff9,3
,,,CN(C)C(=O)CCN1CCN(C[C@@H]2C[C@@]2(C(=O)N(C)Cc2ccc(F)cc2)c2ccc(Cl)c(Cl)c2)CC1,2dc5e40bdeb0e6eb,4
,,,CN(C)CCc1cnn(-c2nccc3c(=O)[nH]cnc23)c1,3cdbaf89d403d33c,19
,,,COC(=O)CC(C(=O)NN(Cc1ccc(C=Cc2ccccc2)cc1)CC(O)(Cc1ccccc1)C(=O)NC1c2ccccc2CC1O)C(C)(C)C,56719801fb982e64,2
,,,CC(C)CC1NC(=O)C(Cc2ccc(O)cc2)N(C)C(=O)C2CCCN2C(=O)C(CC(C)C)NC(=O)C(CC(=O)O)N(C)C(=O)C(CC(C)C)N(C)C1=O,2befd1c326404657,1
,,,Cn1cc(-c2ccc(-c3cnc(N)c4ccc(C(=O)N5CCOCC5)nc34)cc2)cn1,d8aa4ed078882724,7
,,,COc1c(C(=O)Nc2ccc(NS(C)(=O)=O)cc2)cc(N2CCC(=O)NC2=O)cc1C(C)(C)C,43bdde7e2a210de9,2
,,,N[C@@H](CC(=O)N1CCC[C@H]1CNC(=O)C1CC1)Cc1cc(F)c(F)cc1F,33426867dc96cbeb,8
,,,Cc1cc(COc2ccc(C(=O)NC3(CC(=O)NO)CCOCC3)cc2)c2ccccc2n1,9bd331ac053e18f2,7
,,,CC(C)CC1C(=O)NCC(=O)NC(CCCNC(=N)N)C(=O)NCC(=O)NC(CC(=O)O)C(=O)NC(Cc2ccccc2)C(=O)N1C,d0aecb1e4ece4afb,1
,,,CCOC(=O)c1cc(C#N)c(N2CC(C(=O)NS(=O)(=O)Cc3ccc(C)cc3)C2)nc1C,1df203829cd0639d,15
,,,CC1Cc2ccccc2N1C(=O)Cc1nc(N2CCOCC2)cc(=O)[nH]1,cde77e6ec914d57d,8
,,,O=C(NC1(C(=O)NC(Cc2ccccc2)C(=O)NCC2CCN(CC3CCOCC3)CC2)CCCC1)c1cc2ccc(C(F)(F)F)cc2s1,55adbf1575f22cfa,3
,,,O=c1ncn(Cc2ccc(Br)cc2F)c2ccc(Oc3ncccc3C(F)(F)F)cc12,092379a620f964fa,4
,,,CC(C)c1nnc2n1C[C@H](C)N(C(=O)c1cccc(C(F)(F)c3nnc(O)c4ccccc34)c1)C2,447b680deb9c0a5c,5
,,,O=C(Cc1nc(N2CCOCC2)cc(=O)[nH]1)N1CCc2c1cccc2C(F)(F)F,882b0f2551d479f4,6
,,,O=[N+]([O-])c1cn2c(n1)OC[C@@H](OCc1ccc(N3CCOCC3)nc1)C2,351b60b81b44e93c,5
,,,COc1ccc(CCNc2ncc(C)n(CC(=O)NCCON=C(N)N)c2=O)cc1OC,3a5a959f37fc379d,1
,,,Cc1cc(COc2ccc(C(=O)NC3CN(C)CC3C(=O)NO)cc2)c2ccccc2n1,8b4e19dca45c1c93,7
,,,COC(=O)c1ccc2nc(C(F)(F)F)n(C)c2c1,beffcf08420c4bd2,2
,,,O=c1c2ccccc2oc2ccc(O)c(O)c12,ab0b7240a508db8f,1
,,,CC(C)C[C@@H]1NC(=O)[C@@H](CC(C)C)NC(=O)[C@@H](CC(C)C)NC(=O)[C@H](Cc2ccc(O)cc2)NC(=O)[C@@H]2CCCN2C(=O)[C@@H](CC(C)C)NC1=O,6cebe3e0c58828ce,1
,,,CCCC1(c2ccc3[nH]ccc3c2)CCNC1,c1e28139e69ecd63,12
,,,Cc1[nH]n(-c2ccccn2)c(=O)c1C(=O)Nc1ccccc1,ffea75450b231839,1
,,,O=C(C=Cc1ccc(Cl)cc1)NC1(C(=O)NC(Cc2ccccc2)C(=O)NCC2CCN(CC3CCOCC3)CC2)CCCC1,64ca27d68767e08d,6
,,,CCC(C)CN1C(=O)c2ccccc2C(C(=O)O)C1c1cc2ccccc2o1,d9472de2099a2a90,10
,,,N#Cc1ccc(CCNC(=O)[C@@H]2CCN2c2cc(N3CCC(Oc4ccc(CC(=O)O)cc4)CC3)nc(C(F)(F)F)n2)cc1,0f133f2008c1df35,3
,,,O=C(C=Cc1ccc2c(c1)nc(CCc1ccccc1)n2CCN1CCCC1)NO,3d408755b3e40c69,4
,,,CC(C)COCC1(N=[N+]=[N-])OC(n2ccc(N)nc2=O)C(C)C1OCC(C)C,65bfe55e59d991ee,6
,,,CC1CN(C(=O)C(=O)c2c[nH]c3cccc(F)c23)CCN1C(=O)c1ccccc1,d59cf89d57f951fa,9
,,,Cc1cc(COc2ccc(C(=O)NC3CN(CC(C)C)CC3C(=O)NO)cc2)c2ccccc2n1,b69afaa443ee6b28,6
,,,Cc1ncnc(C)c1C(=O)N1CCC(C)(N2CCC(N3C(=O)N(CC4CCC(O)CC4)CC3c3ccccc3)CC2)CC1,560cae06df9cd534,4
,,,COC(=O)Nc1ccccc1C(=O)N1CCCCC1c1cc2[nH]c(C)c(C)c(=O)n2n1,848f8a26488604ec,6
,,,CC(C)N(C)C1CCC(N2C(=O)CC(NC(=O)c3cccc(C(F)(F)F)c3)C2=O)C(CS(=O)(=O)c2ccccc2)C1,7a572bdd92759c4b,6
,,,O=C1COCCN1c1ccc(COC2COc3nc([N+](=O)[O-])cn3C2)cn1,e6bf86e9a768f1f2,2
,,,CC(=O)NC(Cc1ccccc1)C(O)CNC1CC(C)(C)Cn2nc(CC(C)(C)C)cc21,51e0638968c06521,1
,,,CC(C)(C)CCN1C(=O)C(C2=NS(=O)(=O)c3cc(NS(C)(=O)=O)ccc3N2)=C(O)C2(C)CCCN12,1dcb132175a56ef0,5
,,,CN(C)CCNS(=O)(=O)c1ccc(-c2cnc(N)c(C(=O)Nc3cccnc3)n2)cc1,ad7f256f784c6989,10
,,,NC(CC(=O)N1CCCC1c1nc(C2CC2)no1)Cc1cc(F)c(F)cc1F,760884d57b935cc4,7
,,,CCCCCCCCCCC(N)C(=O)NC(CCCCCCCCCC)C(=O)N[C@@H](CCC(=O)O)C(=O)N[C@@H](Cc1c[nH]c2ccccc12)C(N)=O,edd67cea26068e67,1
,,,CC(C)S(=O)(=O)n1c(N)nc2ccc(C(=CC(N)=O)c3cc(F)ccc3F)cc21,e3de9ea543b83b7d,7
,,,CNC(=O)c1ccc(-c2ccc(=O)n(Cc3cccc(Nc4ncc(-c5cnn(C)c5)cn4)c3)n2)cc1F,5ce00f15f39c4900,2
,,,O=C1CC(c2ccc(CC(Nc3nc4c(F)cccc4s3)c3nc4ccccc4[nH]3)cc2)S(=O)(=O)N1,e84a819eff26e191,8
,,,NCCCCC(N)CC(=O)NC(CC(=O)O)Cc1ccccc1,ca243f589a9f0683,1
,,,COC1C=COC2(C)Oc3c(C)c(O)c4c(c3C2=O)C2=NC3(CCN(CC(C)C)CC3)NC2=C(NC(=O)C(C)=CC=CC(C)C(O)C(C)C(O)C(C)C(OC(C)=O)C1C)C4=O,12b7d352122f671a,2
,,,Cn1c(Cc2nc(N3CCOCC3)cc(=O)[nH]2)nc2c(-c3ccccc3)cccc21,dfb4127c816c4782,7
,,,Cn1c(-c2cnccn2)c(C2CCCCC2)c2ccc(C(=O)NC(C)(C)C(=O)Nc3ccc(C=CC(=O)O)cc3)cc21,e741ba80b35daa37,6
,,,CCCCCCCCCCCCC(N)C(=O)NC(CCCCCCCCCCCC)C(=O)N[C@@H](CCC(=O)O)C(=O)N[C@@H](Cc1c[nH]c2ccccc12)C(N)=O,09ab39a753597afc,1
,,,Cc1ccc(C(=O)NC2CC2)cc1-c1cc2cnn(-c3ccc(F)cc3F)c2n(C)c1=O,385aeeee922e990f,9
,,,NC(=O)[C@H](Cc1ccccc1)N1CCNC(=O)CCCN[C@@H](Cc2ccccc2)C(=O)NCC(=O)NCC(=O)NCC(=O)NCC1=O,dd2f9334be84b308,5
,,,O=C(O)CCCN1CC(C(=O)O)Oc2c(CCc3ccc(OCCCCc4ccccc4)cc3)cccc21,626c9565b8113ad4,3
,,,CN1CCC23C(=O)CC4C(=CCOC5CC(=O)N(c6ccccc62)C3C54)C1,e5ae9e6485b7e3c5,2
,,,Cc1c(C(=O)O)sc2ccc(NC(=O)C3(NC(=O)c4ccc5c(C6CCCCC6)c(-c6ccccn6)n(C)c5c4)CCN(C)CC3)cc12,6ab89fdb40749277,2
,,,CC(C)Oc1cccc(-c2cnc(N3CCC(C(N)=O)CC3)s2)c1,12de3558b821819a,3
,,,C#CCN1CC(NC(=O)c2ccc(Cc3cc(C)nc4ccccc34)cc2)C(C(=O)NO)C1,e9470ff1681937e1,10
,,,COc1cc(Br)c(S(=O)(=O)Cc2ccc(Cl)c(OC3CCN(C)C3)c2)cc1OC,7969419e564b6a77,7
,,,O=[N+]([O-])c1cn2c(n1)OCC(OCc1ccc(N3CCCCC3)cc1)C2,565b99b949c05d31,3
,,,O=C(Cc1ccccc1)NC1COC(C=Cc2ccccc2)OC1,9210b7d29ff06c49,3
,,,CCCCCn1cc(C(=O)NC23CC4CC(CC(C4)C2)C3)c(=O)c(-c2ccncc2)c1C,22300dafdb70332e,19
,,,Nc1noc2ccc(-n3nc(C(F)(F)F)cc3C(=O)Nc3ccc(-c4ccccc4CN4CCC(O)C4)cc3F)cc12,d43ab367c97ac507,1
,,,COc1cc(N2CCN(C[C@H](C)O)CC2)ccc1Nc1ncc2ccc(-c3ccccc3N(C)S(C)(=O)=O)n2n1,5db8a8c2f6e5de4f,4
,,,CCCS(=O)(=O)Nc1ccc(F)c(C(=O)Nc2cnc3cc(-c4ccccc4)nn3c2)c1F,45ab0d95cbd24984,10
,,,Nc1ncnc2c1ncn2C1OC(COC(=O)C(N)Cc2ccccc2)C(O)C1O,4ad3664ccf579940,2
,,,COCc1ccc2c(C(C(=O)NS(=O)(=O)c3ccc(C)cc3OC)c3ccc4c(c3)OCO4)cn(C)c2c1,345920a04ba2a7f6,5
,,,CS(=O)(=O)Nc1cccc(-n2c3nc(=O)[nH]c(=O)c-3cc3ccccc32)c1,065dc93e1f3e18e6,2
,,,CC(=O)NC1(c2ccccc2)CCN(CC2CC2(C(=O)N(C)Cc2ccccc2)c2ccc(Cl)c(Cl)c2)CC1,5ed5f2c3c6ec941e,1
,,,O=c1ccc(-c2ccc(OC3CCN(C4CCC4)CC3)cc2)n[nH]1,7832b1ae2e9ea9c9,19
,,,O=C(Cc1nc(N2CCOCC2)cc(=O)[nH]1)Nc1ccc(F)c(F)c1,228acbed56ae8ae1,7
,,,COC1C(=O)C2(C)C(OC)CC3OCC3(OC(C)=O)C2C(OC(=O)c2ccccc2)C23OC(=O)OC2C(OC(=O)C(O)C(CC(C)C)NC(=O)OC(C)(C)C)C(C)=C1C3(C)C,ba65a193c6974c0b,3
,,,C1=C(c2cccnc2)Cc2ccccc21,8396a9dcc038e879,2
,,,CN(C(=O)c1cc2ccccc2s1)C1(C(=O)N[C@H](Cc2ccccc2)C(=O)NCCCN2CCOCC2)CCCCC1,503417e7a50d7594,2
,,,COC(=O)OC1C(=O)C2(C)C(OC)CC3OCC3(OC(C)=O)C2C(OC(=O)c2ccccc2)C2(O)CC(OC(=O)C(O)C(CC(C)C)NC(=O)OC(C)(C)C)C(C)=C1C2(C)C,3b69926686fd5c12,4
,,,CNCc1ccccc1N1CCC(NC(=O)c2cc(C(F)(F)F)nn2-c2ccc3onc(N)c3c2)CC1,b2892aa8ef6a9741,2
,,,Cc1cc(NC(=O)c2ccc3ccccc3c2)ccc1-c1cnc(OCC(C)(C)C(=O)O)cn1,a5a9058b184575c6,10
,,,CN(C(=O)c1cc2ccccc2s1)C1(C(=O)NC(Cc2ccccc2)C(=O)NCCCN2CCOCC2)CCCCC1,1642f4cda9b52757,1
,,,CC(OC1OCCN(Cc2nc(=O)[nH][nH]2)C1c1ccc(F)cc1)c1cc(C(F)(F)F)cc(C(F)(F)F)c1,24fdf16937525fa2,5
,,,CN1C(=C(O)Nc2ccccn2)C(=O)c2sccc2S1(=O)=O,4fbc2dd738072341,1
,,,CC1=NC(c2cccc(-c3cccnc3)c2)(C2CCCCC2)N=C1N,923eb2d787e6c156,4
,,,O=c1cc(N2CCOCC2)nc(Cc2nc3c(-c4ccccc4)cccc3o2)[nH]1,e130059478a886b4,4
,,,CN1C(=O)NC(=O)[C@]12Cc1ccc(NC(=O)Cn3c(=O)n(-c4ccccn4)c4ccccc43)cc1C2,9b25c8a2791b3617,4
,,,Cc1nccn1-c1ccc(NC(=O)c2cc(C(F)(F)F)nn2-c2ccc3onc(N)c3c2)cc1,f7f1a580cc438234,1
,,,C=CC(=O)Nc1ccc(S(=O)(=O)N2CCN(C(=O)C34CC5CC(CC(C5)C3)C4)CC2)cc1,5dc7e8c0267fe5b6,3
,,,CNC(=O)C(Cc1ccccc1)NC(=O)C(Cc1ccccc1)NC(=O)C(Cc1ccccc1)NC(C)=O,24fbf95f7d223525,3
,,,CCCCc1ccc(-c2nc(C)c(-c3ccnc(NN)n3)s2)cc1,9d8787caa77be074,15
,,,CCOC(=O)c1cc(C#N)c(N2CCN(C(=O)NS(=O)(=O)c3ccccc3)CC2)nc1C,ad4c086c48c27441,3
,,,Cc1nc(CN(C)c2ncnc3ccc(-c4ccc5c(c4)OCO5)cc23)cs1,1bb437405df427e0,16
,,,CCc1cn(CC(=O)N(CCN(CC)CC)Cc2ccc(-c3ccc(C(F)(F)F)cc3)cc2)c(SCc2ccc(F)cc2)nc1=O,19978448ad17f163,2
,,,CN(OCCNC(=O)Cc1c(C#N)ccc(NCC(F)(F)c2ccccn2)c1F)C(=N)N,b46dff186eac717b,3
,,,CC(C)NS(=O)(=O)n1c(N)nc2ccc(C(C(N)=O)c3cc(F)ccc3F)cc21,159a9ba240e2d352,5
,,,Cc1ccc(C(=O)Nc2ccon2)cc1NC(=O)c1cnn(-c2ccccc2F)c1N,d3874fac266d5902,2
,,,CC(C)(CNc1noc2ccccc12)c1ccccc1,3647aea207e4fa1f,3
,,,CC(C)CN(C[C@@H](O)[C@H](Cc1ccccc1)NC(=O)OCc1cncs1)C(=O)c1ccc2nc(N)sc2c1,a753e6cdb80bc84a,4
,,,CC(C)N1CCC(n2cc(Nc3ncc(C4CC4)c(NCCCNC(=O)C4CCC4)n3)cn2)CC1,33ee31c703b55b01,5
,,,Nc1n[nH]c2nc(-c3ccco3)c(-c3ccncn3)cc12,f606ef6e6f986731,4
,,,N=C(N)SCc1c(Br)ccc2c1oc1c(CSC(=N)N)c(Br)ccc12,601c2aef918bc14e,6
,,,O=C(O)C1C2CN(c3ccc(C(=O)N4CCC(c5cccnc5)C4)c(SC4CCCC4)n3)CC21,53864eb700c5e0a9,2
,,,CCc1nc(N)nc(N)c1-c1ccc2c(c1)N(CCO)C(=O)C(C)(c1cc(F)cc(F)c1)O2,f0613c33fe870c04,9
,,,CN1C(=O)NC(=O)C12Cc1ccc(NC(=O)Cn3c(=O)n(C4CCS(=O)(=O)C4)c4ccccc43)cc1C2,127a0b7577540248,11
,,,CN(c1cc2cc(n1)N(Cc1ccccc1)CCCCc1cccc(c1)CC(C)(N)C(=O)OC2)S(C)(=O)=O,0b019693203fbc8c,8
,,,Oc1cc(N2CCOCC2)nc(Cc2nc3cc(F)ccc3n2C2CC2)n1,40d07c06c3398048,4
,,,CC(C)(C)OC(=O)NCC1CCC(CNC(=O)c2cc(N3CCC(CCN)CC3)nc3ccccc23)CC1,5ebde89ce3139021,3
,,,CCCCCCC(NC(=O)C(Cc1ccccc1)NC(=O)C(Cc1c[nH]c2ccccc12)NC(=O)C1CCCN1C(=O)C(N)Cc1ccc(O)cc1)C(N)=O,f84456f669267b33,1
,,,Cc1ccc(NS(C)(=O)=O)c(C(=O)N2CCCCC2c2cc3nc(C)c(C)c(C)n3n2)c1,bf7348a210963205,4
,,,C=CCN1C[C@H](C(=O)NO)[C@H](NC(=O)c2ccc(OCc3cc(C)nc4ccccc34)cc2)C1,58014b0f221efa05,2
,,,CC(C)(C)c1nc2ccccc2n1Cc1ccc(C(=O)NC2CC3(CCCO3)CC2C(=O)NO)cc1,6c28cb3422c80c34,6
,,,O=C(Nc1cccc(Br)c1)c1nscc1NCc1ccncc1,8cf359dbc03ca37b,4
,,,CCCC(=O)c1cnn(-c2ccc(NC(=O)c3cn(CC(=O)N4CCN(CC(F)F)CC4)c4ccc(C)cc34)cc2)c1C,4535c99ade59731c,7
,,,CNC(=O)N1CCC(CN2CC(c3ccccc3)N(C3CCN(C4(C)CCN(C(=O)c5c(C)cc(C#N)nc5C)CC4)CC3)C2=O)CC1,cc5cadfad984c4df,4
,,,CCOC(=O)NC1CCC2C(C1)CC1C(=O)OC(C)C1C2C=Cc1ccc(-c2ccccn2)cn1,c6da27bf72ab56f0,5
,,,CCc1nc(N)nc(N)c1-c1ccc2c(c1)N(CCCOC)C(=O)C(C)(c1cc(F)cc(F)c1)O2,17451fdf1c3a0c8e,5
,,,CCC1CN(C(=O)C(=O)c2c[nH]c3cccc(F)c23)CCN1C(=O)c1ccccc1,5ff4d54d92d8bc24,6
,,,COc1c(NC(=O)c2ccc(NS(C)(=O)=O)cc2)cc(-c2ccc[nH]c2=O)cc1C(C)(C)C,ce420fb301ea521e,5
,,,O=C(OC1CC(n2cc(F)c(=O)[nH]c2=O)OC1CO)c1cc(C(=O)OC2CC(n3cc(F)c(=O)[nH]c3=O)OC2CO)cc(C(=O)OC2CC(n3cc(F)c(=O)[nH]c3=O)OC2CO)c1,e825adbe5d1a9d95,1
,,,CC[C@H](C)[C@@H]1NC(=O)[C@@H]2CCCN2C(=O)[C@H](Cc2ccccc2)N(C)C(=O)[C@H](CC(C)C)NC(=O)c2csc(n2)[C@H]([C@@H](C)CC)NC(=O)[C@@H]2CCCN2C1=O,1624addd3dcf395d,1
,,,N=C(N)NCCCC(NC(=O)C(N)Cc1ccc(O)cc1)C(=O)NC(Cc1ccccc1)C(=O)NC(Cc1ccccc1)C(N)=O,bedf0c78b595eea4,1
,,,CS(=O)(=O)Cn1cnc2c(N3CCOCC3)nc(-c3cccc4[nH]ccc34)cc21,c51380d11e52ef18,12
,,,C=CC1CC1(NC(=O)C1CC(c2csc(-c3cc(OC)ccc3OC)n2)CN1C(=O)C(NC(=O)OC1CCCC1)C(C)(C)C)C(=O)NS(=O)(=O)C1CC1,32ac75af6c19e2e9,1
,,,CCN(CC)c1ccc2cc(C(=O)NC3(C(=O)N[C@H](Cc4ccccc4)C(=O)NCC4CCN(CC5CCOCC5)CC4)CCCC3)sc2c1,4df052dc3cf9bb62,2
,,,NCc1cccc(Cn2cnc3ccccc32)c1,0ea1a2a5df232670,18
,,,CNc1ccc(-c2nc(=O)n(CCCOC)c3c2oc2ccc(-c4cnn(C)c4)cc23)cn1,d0395b09ed1b42d7,7
,,,CN1CCC(NC(=O)c2ccc3c(C4CCCCC4)c(-c4ccccn4)n(C)c3c2)(C(=O)Nc2ccc(C=CC(=O)O)cc2)C1,2830fbf84c43b60a,3
,,,CS(=O)(=O)Nc1ccc2c(c1)S(=O)(=O)NC(C1=C(O)[C@H]3CCC[C@H]3N(Cc3ccc(F)c(F)c3)C1=O)=N2,60d5d5b863bb60d1,8
,,,CN(C(=O)c1cc2ccccc2s1)C1(C(=O)N[C@H](Cc2ccccc2)C(=O)NCCCN2CCOCC2)CCCC1,0d6fbe2009760c96,4
,,,Cn1c(-c2cccnc2)c(C2CCCCC2)c2ccc(C(=O)NC(C)(C)C(=O)Nc3ccc(C=CC(=O)O)cc3)cc21,7642a75f08eea0d2,5
,,,CN(C)C(=O)CCN1CCN(CC2CC2(C(=O)N(C)Cc2ccc(F)cc2)c2ccc(Cl)c(Cl)c2)CC1,b8370b4ec7c24abf,1
,,,O=C(NC1(C(=O)N[C@H](Cc2ccccc2)C(=O)NCCCN2CCOCC2)CCCC1)c1ccc(-c2ccccc2)cc1,ad1a4f3558526ee7,1
,,,CC(C)n1c(=O)c(C(=O)NC2CC3CCC(C2)N3CC(O)CNC(=O)N(C)C)cc2ccccc21,21731aff6d5d5a84,1
,,,CC(=O)N1CCN(C2CC(n3cc(-c4cc(OCC5CCCO5)ccc4F)c4c(N)ncnc43)C2)CC1,fff890f6ab42d607,7
,,,COc1cc2c(cc1OC)CN(C(=O)c1ccc3ccccc3c1)CC2,fb3a06172968d963,11
,,,Cc1nc(-c2nc[nH]n2)ccc1-c1cnc2c(n1)N(CCC1CCOCC1)C(=O)CN2,88742800038b3525,3
,,,CCCCCCCCCCC(NC(=O)[C@@H](N)CCC(=O)O)C(=O)N[C@@H](Cc1c[nH]c2ccccc12)C(N)=O,b2e2c2d46342918d,3
,,,CSc1ccc(CNc2nc(SC)nc3ncccc23)cc1,6bc072c5aaf3892d,4
,,,COc1ccc2c(OC3CC4C(=O)NC5(C(=O)NS(=O)(=O)C6(C)CC6)CC5C=CCCCCCC(NC(=O)c5ccn(C)n5)C(=O)N4C3)cc(OC(C)C)nc2c1C,30e6860a7e235aae,1
,,,CN(C)C(=O)N1CC(c2cc(F)ccc2F)=CC1(CCCN)c1ccccc1,db4fc095c36536a9,12
,,,c1ccn2cc(-c3ccc(OCCCN4CCCCC4)cc3)cc2c1,62c370fd53b3ae33,6
,,,CN(C)CCN1CCn2c(c(C3CCCCC3)c3ccc(C(=O)O)cc32)-c2ccccc21,ad1ce46b4ad62a9f,2
,,,N#Cc1cccnc1N1CCN(C(=O)c2cccc(C(F)(F)c3n[nH]c(=O)c4ccccc34)c2)CC1,3738a4949a615d3b,10
,,,O=c1cc([C@H]2CCN[C@@H](Cc3ccccc3)C2)o[nH]1,a81b0e3a7ed624c8,7
,,,c1ccc(CC2(c3ccc4[nH]ccc4c3)CCNC2)nc1,4df8378874d3e688,9
,,,Cc1ccc2oc(C(=O)NC3(C(=O)N[C@@H](CCCN4CCN(CC5CCOCC5)CC4)Cc4ccccc4)CCCC3)cc2c1,2452b39b37183e53,3
,,,Cc1cc(C#N)nc(C)c1C(=O)N1CCC(C)(N2CCC(N3C(=O)N(C4CCOCC4)CC3c3ccccc3)CC2)CC1,0d5822c9966e79d8,3
,,,O=C(NC1(C(=O)N[C@H](Cc2ccccc2)C(=O)NCC2CCN(CC3CCOCC3)CC2)CCCC1)c1cc2ccc(Br)cc2s1,cca4a3f365a57288,1
,,,COC(=O)N(C)CC(O)CN1C2CCC1CC(NC(=O)c1cc3ccccc3n(C(C)C)c1=O)C2,679e1814f84ca03a,10
,,,NC(=O)[C@H]1OC(NC(=O)[C@@H]2CCCN2C(=O)[C@H](Cc2c[nH]cn2)NC(=O)[C@@H]2CCC(=O)N2)[C@H](O)[C@@H](O)[C@@H]1O,3d93a6e2eefebbab,1
,,,CCCCn1c2nc(C)ccc2c(=O)n1Cc1ccc(-c2ccccc2-c2nn[nH]n2)cc1,1fcdb65850685cf8,2
,,,C=CC1CC1(NC(=O)C1CC(Oc2cc(-c3csc(NC(C)C)n3)nc3cc(OC)ccc23)CN1C(=O)C(NC(=O)OC1CCCC1)C(C)(C)C)P(=O)(O)Cc1ccccc1,bf3a27044b8d6364,1
,,,Cn1cncc1CN1CC(N(CC2CCN(C(=O)NC(C)(C)C)CC2)S(=O)(=O)c2ccccn2)Cc2cc(C#N)ccc21,63579faad2f11918,2
,,,O=C(Nc1ccc(C=Cc2ccc(NC(=O)C3CCCN3C(=O)CC3CC3)cc2)cc1)C1CCCN1C(=O)CC1CC1,a3dfc0bbdc30a8b3,5
,,,N#C[C@@H]1CCCN1C(=O)[C@@H](N)Cc1ccc(-c2ccc(F)cc2F)cc1,1e3c0506770d7a45,9
,,,Cc1c2oc3c(C)ccc(C(=O)NC4C(=O)NC(C(C)C)C(=O)N5CCCC5C(=O)N(C)CC(=O)N(C)C(C(C)C)C(=O)OC4C)c3nc-2c(C(=O)NC2C(=O)NC(C(C)C)C(=O)N3CCCC3C(=O)N(C)CC(=O)N(C)C(C(C)C)C(=O)OC2C)c(N)c1=O,81e8b1729956ddab,1
,,,Cc1cc(COc2ccc(C(=O)N[C@@H]3C[C@@H](O)C[C@@H]3C(=O)NO)cc2)c2ccccc2n1,7f8f05b4db0788b7,10
,,,CSCCC(NC(=O)C(Cc1ccccc1)NC(=O)CNC(=O)CNC(=O)C(N)Cc1ccc(O)cc1)C(=O)O,dc0cf3be3f737992,3
,,,CC(C)(C)NC(=O)Nc1nc(Cl)c(CCc2ccccc2)n(CC(=O)Nc2ccccc2C(=O)NS(=O)(=O)c2ccc(C(F)(F)F)cc2)c1=O,7f123a249bee8ebe,5
,,,CN(C)C(=O)Oc1ccc(CC(NC(=O)C2N(S(=O)(=O)c3cnn(C)c3)CSC2(C)C)C(=O)OCOC(=O)C(C)(C)C)cc1,65a660b489575efd,4
,,,Cc1ccc(NC(=O)c2c(NCc3ccncc3)ncn2C)cc1C(F)(F)F,346c3980ffb08864,10
,,,COc1cc2c(cc1OC)CN(CCCC1=CCCc3c(OC)cccc31)CC2,8700174c65519af1,8
,,,CC1C(=O)NC(Cc2ccc(F)cc2)C(=O)NCCCc2ccc(F)cc2OCCNC(C2CC2)C(=O)N1C,c9bd80e9e831fc52,3
,,,CC1(N)Cc2cccc(c2)CCC(c2ccccc2)NC(=O)c2cc(cc(-c3ccccc3C#N)c2)COC1=O,cca5a9bb2a449ac9,2
,,,CC(=O)N[C@H]1C[C@@H](n2cnc(NC(=O)Cc3cccc4ccccc34)c2)C1,b6f32082808ce296,7
,,,CNC(Cn1c(=O)c(-c2cccc(OCCCCC(=O)O)c2F)c(C)n(Cc2c(F)cccc2C(F)(F)F)c1=O)c1ccccc1,03d7587963ff98c4,6
,,,Nc1noc2ccc(-n3nc(C(F)(F)F)c4c3C(=O)N(c3ccc(-c5ccccc5CN5CCC(O)C5)cc3)CN4)cc12,9be5245b29ebdd0e,2
,,,N#CCCCn1c(Cn2c(=O)n(C3CC3)c3ccncc32)nc2ccccc21,7925f910ed338977,6
,,,COc1ccc(-n2nc(C(N)=O)c3c2C(=O)N(c2ccc(-c4ccccc4CN4CCC(O)CC4)cc2)CC3)cc1,8d738cf7dbc11538,1
,,,CCc1c2nc(-c3cc(S(=O)(=O)N4CCN(C)CC4)cnc3OCCOC)nc(O)c2nn1CC(C)C,73ea6f47b335366d,6
,,,COc1ccc(-n2nc(Cn3cnnn3)c3c2C(=O)N(c2ccc(-c4ccccc4CN4CC[C@@H](O)C4)cc2)CC3)cc1,0b627b741e0519cc,1
,,,CN1C(=O)NC(=O)[C@]12Cc1ccc(NC(=O)Cn3c(=O)n(-c4nccs4)c4ccccc43)cc1C2,4f3ed64285b7907c,5
,,,O=C(N1CCC(c2cn[nH]c2)C1)N1CCNc2ccccc21,ec27fdd1d8e8c077,8
,,,Cc1cc(COc2ccc(NC(=O)C3CN(C(=O)c4ccco4)CCC3C(=O)NO)cc2)c2ccccc2n1,f0aa138ef2cfd257,3
,,,O=C1OC[C@H](Cc2cccc(O)c2)[C@H]1Cc1cccc(O)c1,2ad44fa51f9f17eb,4
,,,O=C(O)c1cn(Cc2ccc3ccccc3c2)c2cccc(F)c2c1=O,fc6b90dd16bc7f39,12
,,,C#CC[C@@H](C(=O)N[C@H](/C=C/C(=O)OCc1ccccc1)C[C@@H]1CCNC1=O)n1cccc(NC(=O)c2cc(C)on2)c1=O,ba9b82867b7802c7,5
,,,CCCNc1cc(NC(=O)c2c(F)cccc2F)cc(C(F)(F)F)c1,03fb9a1a1cdc8237,18
,,,CC(C)n1c(=O)c(C(=O)NC2CC3CCC(C2)N3CCCCCCCN2CCCCC2)cc2ccccc21,fa01e0a20bc432be,4
,,,CC(C)S(=O)(=O)n1c(N)nc2ccc(C(=CC(N)=O)c3ccc(F)cc3)cc21,3e79667aeedac55e,13
,,,COc1cc(CN2CCOCC2)ccc1-c1nc2c(N[C@H]3[C@@H](C(N)=O)[C@@H]4C=C[C@H]3C4)c(Cl)cnc2[nH]1,5f32a254ff67a69a,2
,,,CC[C@]1(C)NC(=O)c2cc(S(=O)(=O)Nc3ccc(C(F)(F)F)cc3)ccc2NC1=O,ae6b9e191bcc1d99,14
,,,O=C(NC1(C(=O)NC(CCCN2CCN(CC3CCOCC3)CC2)Cc2ccccc2)CCCC1)c1cc2ccccc2o1,419de91aaabc6e4b,7
,,,Cc1cc(COc2ccc(C(=O)N[C@@H]3COC[C@@H]3C(=O)NO)cc2)c2ccccc2n1,9a928e563fff41e1,10
,,,Cn1c(N2CCN(CCCN3c4ccccc4COc4ccc(CC(=O)O)cc43)CC2)cc(=O)n(C)c1=O,f7824f9edf3f77f3,2
,,,NC1=NCc2cc(Cl)c(c(Cl)c2)NC(=O)CNCCCCCCOc2ccc(cc2)N2CCCC2C(=O)N1,48541f17d21632d1,2
,,,COCCCOc1cc(C(=O)N(CC2CNCC2NC(=O)CCc2ccccc2)C(C)C)ccc1OC,61222b07290c6598,3
,,,CCOC(=O)COc1ccc(C(=O)CN2CCN(C3CCN(C(=O)OC(OC(C)=O)C(C)(C)C)CC3)CC2=O)cc1,67db9c41384e9111,1
,,,NC(=O)c1cccc(Cc2ncccn2)c1,80f199c51ba5f653,8
,,,COC[C@H](C)Oc1cc(Oc2ccc(C(=O)N(C)C)cc2)cc(C(=O)Nc2cc[nH]n2)c1,ea598a7918c7f9b7,10
,,,O=C1C(=Cc2cccc(O)c2)CNCC1=Cc1cccc(O)c1,930c868067e2c26f,8
,,,CS(=O)(=O)Nc1ccc2c(c1)S(=O)(=O)N=C(C1=C(O)C3CCCC3N(Cc3ccc(F)cc3)C1=O)N2,438752d8832fa40e,10
,,,O=C(C=Cc1ccc(-c2ccccc2)cc1)NC1OC(CO)C(O)C(O)C1O,de02738850197fe8,1
,,,CC(C)c1ccc(NC(=O)c2c(NCc3ccncc3)ncn2C)cc1,393b0817ba378b64,16
,,,CCCOc1cc(NC(=O)C2(NC(=O)c3ccc4c(C5CCCC5)c(-c5ccccn5)n(C)c4c3)CCC2)ccc1C=CC(=O)O,10234300edc6de57,6
,,,COc1ccccc1-n1[nH]c2cc(=O)n3c(c2c1=O)CN(Cc1ccccn1)CCC3,65076e2409e14793,2
,,,CC(C)C[C@@H]1NC(=O)[C@H](Cc2ccc(O)cc2)NC(=O)[C@@H]2CCCN2C(=O)[C@@H](CC(C)C)NC(=O)[C@@H](CC(C)C)NC(=O)[C@@H](CC(C)C)NC1=O,ac98e649170e218f,2
,,,O=C(O)CC1CCC(c2ccc(-c3ccc4c(c3)OCCN4C(=O)Nc3ccc(F)cc3C(F)(F)F)cc2)CC1,16a7c3768df875ca,1
,,,Cc1c[nH]c2c(Nc3nc(N[C@@H]4CCCC[C@@H]4N)cc4ncnc(O)c34)cccc12,7f31f2bc2238cb67,4
,,,O=C1CSCCN1c1ccc(COC2COc3nc([N+](=O)[O-])cn3C2)cc1F,ce5b5a3f8d6d96ca,6
,,,C=CC1CC1(NC(=O)C1CC(n2cc(-c3ccccc3)c(C)n2)CN1C(=O)C(NC(=O)OC1CCCC1)C(C)(C)C)C(=O)NS(=O)(=O)C1CC1,d5132aae57c5eee0,3
,,,CCOc1nc(NC(=O)C2(NC(=O)c3ccc4c(C5CCCC5)c(-c5ccc(F)cn5)n(C)c4c3)CCC2)ccc1C=CC(=O)O,924dd18846b12a99,7
,,,Cc1nnc(C(C)C)n1C1CC2CCC(C1)N2CCC(NC(=O)C1CCC(F)(F)CC1)c1ccccc1,b6cbc0337cb6840e,5
,,,CCC[C@H](CC1(C(=O)NC2(CO)Cc3ccccc3C2)CCCC1)C(=O)O,e253d59af66b5a05,4
,,,CS(=O)(=O)CCCn1c(Cn2c(=O)n(CC(F)(F)F)c3ccncc32)nc2ccccc21,fe3076f7154aa9ff,3
,,,COC(=O)N[C@H](C(=O)NN(CC[C@@]1(Cc2ccccc2)C(=O)N([C@H]2c3ccccc3C[C@H]2O)C[C@H]1O)Cc1ccc(-c2cccnc2)cc1)C(C)(C)C,d987fbeb70f7020b,3
,,,CCCCCCC(NC(=O)[C@H](Cc1ccccc1)NC(=O)[C@H](Cc1c[nH]c2ccccc12)NC(=O)[C@@H]1CCCN1C(=O)[C@@H](N)Cc1ccc(O)cc1)C(N)=O,178e5bcc83961db7,2
,,,CCc1nc(N)nc(N)c1-c1ccc2c(c1)N(CCNC(=O)OC)C(=O)C(C)(c1cc(F)cc(F)c1)O2,da83220a88148c82,3
,,,CC(=O)N[C@@H](Cc1ccccc1)[C@H](O)CN[C@H]1CC(C)(C)Cn2nc(CC(C)(C)C)cc21,a976c07450f1ef07,3
,,,CC(=O)Nc1nc2ccc(-c3ccc(N)nc3)cc2s1,027f7825b7b1f695,4
,,,CC(CO)Nc1cc(NS(=O)(=O)N2CCCC2)nc(SCc2cccc(F)c2F)n1,02476c3e0f5e2f8d,9
,,,COc1ccc(-n2nc(C(N)=O)c3c2C(=O)N(c2ccc(N4CCCC[14C]4=O)cc2)CC3)cc1,210e5f774940cc3c,19
,,,COc1ccc2nc(-n3nc4c(c3O)-c3ccccc3CC4)sc2c1,88be3d7e4c716c53,3
,,,CCCCN1C(=O)[C@H](CC2CCCCC2)NC(=O)C12CCN(Cc1ccc(Oc3ccc(O)cc3)cc1)CC2,848c2e451e3fde16,2
,,,COc1ccc(-c2c(O)ccc3cc(-c4cccc(O)c4)ccc23)cn1,f463035b3c39412b,12
,,,CC(C)CC1NC(=O)C(Cc2ccccc2)NC(=O)CNC(=O)C(C)NC(=O)C(Cc2ccc(O)cc2)NC(=O)C2CCCN2C1=O,120471797923ceba,1
,,,COc1cc(-c2nnc3n(C(C)c4ccc(F)cc4)cc(C)cc2-3)ccc1-n1cnc(C)c1,c7edd6d7e2617b90,12
,,,Cc1cc(O)cc(C)c1CC(N)C(=O)N1CCCC1C(=O)NC(Cc1c[nH]c2ccccc12)C(=O)NC(Cc1ccccc1)C(N)=O,b95f8bff9d9b7183,1
,,,COC(=O)C1=C(C)NC(C)=C(C(=O)OC)C1c1ccccc1N(O)O,da578d8c5525a3d9,5
,,,COc1ccc(C2(c3cccc(-c4cccnc4)c3)N=C(N)CS2)cc1,c74a7e1435611aab,22
,,,CC(C)(C)CC(c1ccc(CC(=O)O)cc1-c1ccc(C(F)(F)F)cc1)N1CCC(C(F)(F)F)CC1,2a12dc1ca149982a,4
,,,CC(Cc1ccc(O)c(C(C)(C)C)c1)NC(=O)C(C(C)C)N(C)C(=O)C(N)Cc1ccccc1,046df76adcc61a23,2
,,,CC1CN(C(=O)Cc2nc(N3CCOCC3)cc(=O)[nH]2)c2ccccc21,b25a7a3ca4a9640a,5
,,,Nc1ncnc2c1ncn2C1OC(COS(=O)(=O)NC(=O)c2ccccc2O)C(O)C1O,6be8ef270acf26fa,2
,,,N#Cc1ccc(CCNC(=O)[C@@H]2CCCN(c3cc(N4CCC(Oc5ccc(CC(=O)O)cc5)CC4)nc(C(F)(F)F)n3)C2)cc1,98ee493475fabf14,2
,,,Cn1cc(-c2ccc(Cc3n[nH]c4ccc(C(=O)N5CC(O)C5)cc34)cc2)cn1,707768b3010d7a60,8
,,,Cc1ccc(F)cc1C(C)(C)CC(O)(Cc1cc2cnccc2[nH]1)C(C)(C)C,655004164f85d1d5,6
,,,NC(=O)C=C(c1cccc(F)c1)c1ccc2nc(N)n(S(=O)(=O)NC(=O)N3CCOCC3)c2c1,b8a70040d21eee19,1
,,,NC(=O)C(Cc1ccccc1)NC(=O)C1NCCC1c1ccccc1,3af414b8454b4604,4
,,,Cc1ccc(Nc2c(-c3ccc(F)cc3)nc3n2CCN(C(=O)C(C)(C)N)C3)cc1,192e05df26f6d633,11
,,,CN(Cc1ccc(F)cc1)C(=O)[C@@]1(c2ccc(Cl)c(Cl)c2)C[C@H]1CN1CCN(C(=O)CN2CCCC2)CC1,6692a172253330e1,4
,,,CC1NS(=O)(c2cccc(-c3cccc(C#N)c3)c2)=NC1=O,b11038e6ac7b95ab,21
,,,C=C(c1ccccc1)[C@H]1OC[C@@H](NC(=O)Cc2ccccc2)[C@H](C)O1,bd7678bc9266fa94,9
,,,Cn1c(=O)[nH]c2nc(-c3ccco3)c(-c3ccncn3)cc21,0eafe96827d86a67,4
,,,CCNC(=O)N1CCC(NS(=O)(=O)c2ccc(NC(=O)c3ccccc3C)c3ccccc23)CC1,1ebdc0afec42daa0,5
,,,Cn1c(-c2cccc(N)n2)c(C2CCCCC2)c2ccc(C(=O)NC(C)(C)C(=O)Nc3ccc(C=CC(=O)O)cc3)cc21,f6e304f43d894d57,4
,,,Cc1nc(NC(=O)N2CCC(C)C2C(N)=O)sc1-c1csc(C(C)(C)C)n1,7cf777bfd7c6f29e,5
,,,C=CCN1CC[C@]2(C)c3cc(O)ccc3C[C@@H]1[C@@H]2C,2abdef89b2696f28,8
,,,O=C(Nc1cccnc1)c1cccc(Oc2ccc3c(c2)c(=O)ncn3Cc2c(F)cc(F)cc2F)c1C(F)(F)F,d6b740f727e6f3e9,9
,,,CCCCCCCCCCC(N)C(=O)NC(Cc1ccc(O)cc1)C(=O)N1CCCC1C(=O)NC(Cc1c[nH]c2ccccc12)C(=O)NC(Cc1ccccc1)C(N)=O,75d992c852c3b098,3
,,,CCOC(=O)COc1ccc(C(=O)CN2CCN(C3CCN(C(=O)OC(C)OC(=O)C(C)(C)C)CC3)CC2=O)cc1,15e036c1a8fde9d5,2
,,,COc1ccc(CC(=O)N=C(N)NC(CC2CCCCC2)C(=O)NCc2ccc(-c3nn[nH]n3)cc2)cc1OC,1e83ae427a4ac3eb,3
,,,Cc1cc(CCC(=O)O)cc(C)c1-c1nc2ccc(C(=O)Nc3ccc(C(C)(C)C)cc3)cc2[nH]1,7e4f994a7b1b679d,24
,,,CCOP(=O)(OCC)N1CC(=Cc2ccc(OC)c(OC)c2)C(=O)C(=Cc2ccc(OC)c(OC)c2)C1,8d12a123c2ae5d94,8
,,,CN(Cc1ccc(F)cc1)C(=O)C1(c2ccc(Cl)c(Cl)c2)CC1CN1CCN(C(=O)CN2CCCCC2)CC1,304b4993f4b08151,3
,,,CC(c1c(CCN(C)C)sc2ccccc12)n1cccn1,6d81b841195d8278,16
,,,Cc1nn(-c2ccc3onc(N)c3c2)c2c(=O)n(-c3ccc(-c4ccccc4CN4CC[C@@H](O)C4)cc3)c(C)nc12,393448a8319e3d28,2
,,,Cc1ccc(S(=O)(=O)Nc2ccc(Oc3ccccc3C(F)(F)F)cc2C(=O)O)cc1,edd92ee116efa472,9
,,,CCOC(=O)C(C)NP(=O)(OCC1OC(C#N)(c2ccc3c(N)ncnn23)C(C)(O)C1O)Oc1ccccc1,ab19b0a686a86f44,5
,,,COc1ccc2c(OC3CC4C(=O)NC5(C(=O)NS(=O)(=O)C6(C)CC6)CC5C=CCCCCCC(=O)N4C3)cc(-c3nc(C(C)C)cs3)nc2c1C,a6bb2a1a70b7a442,1
,,,O=c1c(-c2ccc(O)cc2)coc2c(C3OC(CO)C(O)C(O)C3O)c(O)ccc12,92d2ccedde825abc,7
,,,CC(C)CC1C(=O)N(C)C(CC(C)C)C(=O)N(C)C(CC(C)C)C(=O)N(C)C(CC(C)C)C(=O)N2CCCC2C(=O)NC(Cc2ccc(O)cc2)C(=O)N1C,81e3aa780ed4f382,1
,,,CC(C(=O)O)c1ccc2c(c1)N(CCCN1CCCN(C3CC(=O)N(C)C(=O)N3C)CC1)c1ccccc1CO2,1a06aa04fdd85175,1
,,,CC(C)C[C@@H]1NC(=O)[C@H](C(C)C)NC(=O)[C@H](Cc2c[nH]c3ccccc23)N(C)C(=O)[C@H](Cc2ccccc2)NC(=O)[C@H](Cc2ccccc2)NC(=O)[C@@H]2CCCN2C1=O,3958bb097732ba3b,2
,,,CCc1cc(-c2ccc(C(F)(F)F)o2)n(-c2ccc3c(c2)nc(-c2cc(C(=O)N4CCCC4)ccc2O)n3Cc2c[nH]c(=O)c(C)c2)n1,4f3771097df8dcd3,2
,,,O=C(NCc1ccncn1)c1ccc(Oc2ccc(C#CC3(O)CN4CCC3CC4)cc2)cc1,58d39f121759452e,23
,,,CC(=O)NC(Cc1ccccc1)C(=O)NC(Cc1ccccc1)C(=O)N(C)C(Cc1ccccc1)C(N)=O,796e9229c13a448e,2
,,,COc1cc(Nc2nc(N[C@H]3CCCC[C@H]3N)n3ncnc3c2C(N)=O)cc(OC)c1,e29cb5579809caf5,3
,,,COc1cc(OC)c(C=CS(=O)(=O)Cc2ccc(OC)c(NS(C)(=O)=O)n2)c(OC)c1,cfdb30e9a3fd3e97,4
,,,CC1NC(=O)C(Cc2ccccc2)NCCC(=O)NCCN(C(Cc2ccccc2)C(N)=O)C(=O)CNC(=O)CNC(=O)CNC1=O,4d513e2882b80d06,6
,,,O=C(C(=O)N1CCN(C(=O)c2ccccc2)CC1)c1c[nH]c2c(F)ccc(F)c12,4964b90af79673b1,5
,,,Cc1cc(COc2ccc(C(=O)N[C@@H]3CN(C(C)(C)C)CC[C@@H]3C(=O)NO)cc2)c2ccccc2n1,290bd72cbb3eb18d,1
,,,NC(=O)C(Cc1ccccc1)N1CCNC(=O)CCNC(Cc2ccccc2)C(=O)NCC(=O)NCC(=O)NCC(=O)NCC1=O,81f6ac9ea62df9fc,2
,,,CC(C)CCn1c(=O)c(C2=Nc3ccc(NS(C)(=O)=O)cc3S(=O)(=O)N2)c(O)c2cccn21,582c3a3743f148a7,8
,,,CCC1(C)NC(=O)c2cc(S(=O)(=O)Nc3ccc(C(F)(F)F)cc3F)ccc2NC1=O,85b2c70dc690b48b,16
,,,COCCn1cc(C(=O)C(=O)Nc2ccc(OC(C)C)nc2)c2ccccc21,1f53dcea30aa5edf,11
,,,COc1cccc2c1CCN2C(=O)Cc1nc(O)cc(N2CCOCC2)n1,7b4a7c7f7b6055c8,5
,,,CS(=O)(=O)N1CCN(c2ccc(N3CCN(C(=O)NC4C5CC6CC4CC(O)(C6)C5)c4ccccc43)cc2)CC1,d8761bab94ca6559,3
,,,CCCCC1CN(C2CCOCC2)C(=O)N1C1CCN(C2(C)CCN(C(=O)c3c(C)ncnc3C)CC2)CC1,655882e6c06d147e,2
,,,CSc1nc2ccccc2n1Cc1ccc(C(=O)N[C@@H]2CN(C(=O)OC(C)(C)C)C[C@@H]2C(=O)NO)cc1,a5645d5f370481bc,4
,,,CCCC1N(C(=O)c2cnccc2C(F)(F)F)CCCC1(Oc1ccc(C(F)(F)F)cc1)C(=O)N1CCN(c2ccccc2OCCO)CC1,df50788f6d1eec00,1
,,,COc1nc(N)nc2c1ncn2C1OC(COP(=O)(NC(C)C(=O)OCc2ccccc2)Oc2cccc3ccccc23)C(O)C1(C)O,2e1aaba47baa12aa,3
,,,NC(=O)C(N)Cc1c[nH]c2ccccc12,3e70024a739ff45d,13
,,,COc1cc2c(cc1OC)CN(Cc1csc(-c3ccc4cc(Br)ccc4c3)n1)CC2,55153413af2d6638,6
,,,CC(C)n1c(N)nc2ccc(C(=CC(N)=O)c3cccc(F)c3F)cc21,146723d37ca09661,12
,,,CCCC(=O)Nc1ccc(OCC(CNC(C)C)OC(=O)C2CC2)c(C(C)=O)c1,1d538a8aeeea3f12,10
,,,Cc1cc(-c2nnn(Cc3ccc(C(=O)O)cc3)n2)cc(C(=O)NCc2ccccc2)n1,2edd4715d5983b3e,12
,,,CC(C)(C)C(NC(=O)c1c[nH]c2ncc(C3CC3)nc12)C(=O)N1CC(C#N)C1,6506510de723cdcb,7
,,,C=Cc1cc(C(NC(=O)OC(C)(C)C)C(=O)Nc2cccc(C(=O)NS(=O)(=O)c3ccc(C(F)(F)F)cc3)c2)ccc1Oc1cc(OC)nc(-c2ccccc2)n1,be453bf4eda2b2ed,2
,,,COc1cc(C2Oc3ccc4c(=O)c5ccccc5oc4c3OC2CO)ccc1O,ee5060014eb3c89d,13
,,,CC(NC(=O)C(=O)Nc1ccccc1C(C)(C)C)C(=O)NC(CC(=O)O)C(=O)COc1c(F)c(F)cc(F)c1F,7b4bb62083d6300e,4
,,,CC1(C)CC(c2ccc(OC3CCN(C4CCC4)CC3)cc2)=NNC1=O,a487a899ebccbc91,4
,,,Cc1ccc(NS(C)(=O)=O)c(C(=O)N2CCCCC2c2cc3nc(C4CC4)c(C)cn3n2)c1,b3b9cdaf51b1cb58,3
,,,Cc1ccc(Nc2c(-c3ccc(F)cc3)nc3n2CCN(C(=O)CN)C3)cc1,5d8c6f7b89284b12,16
,,,CC1CCc2cccc(c2)CC(C)(N)C(=O)OCc2cc(cc(N(C)S(C)(=O)=O)c2)CC1,e56a564900e0c5fb,3
,,,CCc1cc(-c2c[nH]c3ncc(-c4cn[nH]c4)cc23)nc(N)n1,f8a3420f0f796448,18
,,,O=C(O)CCCN1CC(CO)Oc2c(NC(=O)c3ccc(OCCCCc4ccccc4)cc3)cccc21,fd8120ae788f8195,2
,,,COCCN(Cc1cc(C(=O)N(C)C)cc2c(=O)cc(N3CCOC(C)C3)oc12)c1cc(F)cc(F)c1,85a9923744be3647,4
,,,CSc1ccc(/C=C/C(=O)NC2(C(=O)N[C@H](Cc3ccccc3)C(=O)NCC3CCN(CC4CCOCC4)CC3)CCCC2)cc1,387816e3dfd12d57,4
,,,CCc1ccc(CCNc2ncc(C)n(CC(=O)NCCON=C(N)N)c2=O)cc1,c327d14f30bce07d,4
,,,COc1ccc(NC(=O)c2ccc(Cn3ccnn3)c3ccccc23)c(C(=O)NCC2CCOCC2)n1,c6940df894127555,4
,,,Cn1ncc2cc(Cn3cc(C(=O)O)c(=O)c4c(F)cccc43)ccc21,178f76bd94449d4f,9
,,,CC1Cn2ncc(-c3ccc(S(C)(=O)=O)cc3)c2CN1c1ccnc2[nH]ccc12,b1276ae6685d9046,12
,,,Cc1ccc2cc(C(=O)NC3(C(=O)NC(Cc4ccccc4)C(=O)NCC4CCN(CC5CCOCC5)CC4)CCCC3)sc2c1,f51527610e9c8f14,3
,,,CSCC[C@H](NC(=O)[C@H](CC(C)C)NC(=O)CNC(=O)[C@H](Cc1ccccc1)NC(=O)[C@H](Cc1c[nH]c2ccccc12)NC(=O)[C@@H]1CCCN1C(=O)[C@@H](N)Cc1ccc(O)cc1)C(N)=O,dd13f4943bdd27d3,1
,,,CCc1cc(N2CCC(NC)C2)nc(N)n1,4bb4552fb9d6ffac,20
,,,CCCCCCC(N)C(=O)NC(CCC(=O)O)C(=O)NC(Cc1c[nH]c2ccccc12)C(N)=O,eeabfaa692d8799a,1
,,,O=C(CNC(=O)c1ccc(N2CCN(C(=O)c3ccccc3C(F)(F)F)CC2)nn1)c1ccccc1,30322671cf17f2db,10
,,,CC(C)CC1C(=O)NCC(=O)NC(CCCN=C(N)N)C(=O)NCC(=O)NC(CC(=O)O)C(=O)N(C)C(Cc2ccccc2)C(=O)N1C,b84d710df67ff67e,1
,,,O=C(Nc1nnc(NC2CCCC2)s1)c1ccc(OC2CCC(C(=O)O)CC2)cc1,3f926b7cfbc1b97c,2
,,,CO[C@H]1C(=O)[C@]2(C)[C@@H](OC(=O)N(C)C)C[C@H]3OC[C@@]3(OC(C)=O)[C@H]2[C@H](OC(=O)c2ccccc2)[C@]23OC(=O)O[C@H]2[C@H](OC(=O)[C@H](O)[C@H](CC(C)C)NC(=O)OC(C)(C)C)C(C)=C1C3(C)C,4883afb829639ca4,4
,,,O=C(N[C@@H](Cc1ccccc1)c1nnc(-c2ccccc2)o1)OCc1ccccc1,eef70e3a33fb9d68,7
,,,O=C(NC[C@H](O)c1ccccc1)c1ccc(N2CCN(C(=O)c3ccccc3C(F)(F)F)CC2)nn1,025acbe462f7a28c,3
,,,O=C(NC1(C(=O)NC(Cc2ccccc2)C(=O)NCC2CCN(CC3CCOCC3)CC2)CCCC1)c1cc2ccc(F)cc2s1,8f3932d273676dbb,3
,,,CCOC(=O)c1ccc2c(C(C(=O)NS(=O)(=O)c3ccc(C)cc3OC)c3ccc4c(c3)OCO4)cn(C)c2c1,67e6936ebf46d9fb,2
,,,N=C(N)NCCCC1NC(=O)C(Cc2ccccc2)NC(=O)C(Cc2ccccc2)NC(=O)CCCCC(=O)NCCCN(CC(N)=O)C(=O)C(Cc2c[nH]c3ccccc23)NC1=O,7e9e2f76a3f6555f,2
,,,CC(C)(C)NC(=O)Nc1nc(Cl)c(CCC2CCCCC2)n(CC(=O)Nc2ccccc2C(=O)NS(=O)(=O)c2ccc(C(F)(F)F)cc2)c1=O,ce52e6a5bff761ce,3
,,,Cn1c(N2CCCN(CCCN3c4ccccc4Sc4ccc(C=CC(=O)O)cc43)CC2)cc(=O)n(C)c1=O,2d4c5732f5d30426,2
,,,CN1C(=O)NC(=O)[C@]12Cc1ccc(NC(=O)Cn3c(=O)n(-c4cncnc4)c4ccccc43)cc1C2,0fb77357dd5fa6d2,10
,,,C[S+]([O-])Cc1ccc(C(=O)Nc2nccnc2C(=O)NCC2CCC2)c2ccccc12,f48fd1fe9f1768f4,14
,,,O=C(NC1(C(=O)N[C@H](Cc2ccccc2)C(=O)NCC2CCN(CC3CCOCC3)CC2)CCCC1)c1cc2ccc(C(F)(F)F)cc2s1,61564d96201775d6,1
,,,COc1ccc(CC(=O)O)cc1-c1ccc(C#CCO)s1,5ea962771ff26eb5,9
,,,CC(=O)NC(Cc1ccccc1)C(=O)N(C)C(Cc1ccccc1)C(=O)N(C)C(Cc1ccccc1)C(N)=O,2f429e270b010243,3
,,,CC(C)S(=O)(=O)n1c(N)nc2ccc(C(=CC(N)=O)c3cc(F)c(F)c(F)c3)cc21,25532a1a7f8c63e5,18
,,,CNC(=O)C(Cc1ccccc1)NC(=O)C(NC(C)=O)C(C)C,afd5217173f8a35b,7
,,,COC(=O)c1ccccc1C(=O)Oc1ccccc1C(=O)O,4db5e6847ab04c79,10
,,,CS(=O)(=O)Nc1ccc2c(c1)S(=O)(=O)NC(C1=C(O)C3CCCC3N(Cc3ccc(F)cc3)C1=O)=N2,da977b9cd1cdfa1c,6
,,,Cc1ccc(NC(=O)c2ccc3nc(-c4c(C)cc(CCC(=O)O)cc4C)[nH]c3c2)cc1C,538bef1de42d779f,23
,,,CCCCCc1c(Cl)nc(NC(=O)NC(C)(C)C)c(=O)n1CC(=O)Nc1ccccc1C(=O)NS(=O)(=O)c1ccc(C(F)(F)F)cc1,0327cc12f2ecd457,2
,,,Cc1ncnc(C)c1C(=O)N1CC2CN(CCC(c3ccccc3)C3CCN(S(C)(=O)=O)CC3)CC2C1,fbba84778d23cb13,5
,,,O=C(C=C1CCN(C(=O)c2ccccc2O)CC1)N[C@@H]1CCN(Cc2ccc3cc(F)ccc3c2)C1,f9d81ab7178b03f0,4
,,,CNC(=O)c1cc(Oc2ccc3oc(Nc4ccc(N(C)C)cc4)nc3c2)ccn1,16c754c1aabf38d5,10
,,,O=C(NC1(C(=O)NC(Cc2ccccc2)C(=O)NCCC2CCN(CC3CCOCC3)CC2)CCCC1)c1cc2ccccc2s1,9264eb5fa5bac2ea,2
,,,COc1cccc(-c2c(C)n(Cc3c(F)cccc3C(F)(F)F)c(=O)n(C[C@@H](c3ccccc3)N(C)CCCC(=O)O)c2=O)c1F,aa12edf3bd13bede,5
,,,CC(C)CC(O)C(O)C(CC1CCCCC1)NC(=O)CCCCCc1ccccc1,84543eff9acc00f8,2
,,,COc1cc2c(cc1OC)CN(Cc1ccc3cc(O)ccc3c1)CC2,261c352afc9289fe,9
,,,Cc1c(Cc2ccccc2S(=O)(=O)c2ccccc2)c2c(=O)n(C)ccc2n1CC(=O)O,ecbe39043b4bd2b4,5
,,,CC1CCC(O)CCCCCc2cc(O)cc(O)c2C(=O)OC1,2105dfc6c086584a,2
,,,CN1CCN(c2cc3c(-c4cccc(N5CCNCC5)n4)n[nH]c3cn2)CC1=O,11f46daea4d5c7e9,8
,,,CN(C)CC(C)(C)Cn1c(CC(C)(C)C)nc2cc(/C=C/C(=O)NO)ccc21,557d8ca569cce7be,14
,,,C[C@@H](c1ccccc1)[C@H](NC(=O)[C@@H](N)Cc1ccccc1)C(N)=O,ab88b1344e8aefc3,3
,,,CCCCOC(=O)c1cn(C2CC2)c2cc(N3CCNCC3)c(F)cc2c1=O,9c8a8fa705ad70c0,7
,,,CC1Cc2cc(S(=O)(=O)c3ccc4c(c3)OCCO4)ccc2N1S(C)(=O)=O,46720e0c1ee5b3cc,20
,,,CC(N)C(NC(=O)CCC(=O)OCCNC(=S)Nc1ccc(-c2c3ccc(=O)cc-3oc3cc(O)ccc23)c(C(=O)O)c1)C(=O)NCCCC(=O)NC(CCCNC(=N)N)C(=O)NC(CCCNC(=N)N)C(=O)NC(CCCNC(=N)N)C(=O)NC(CCCNC(=N)N)C(=O)NC(CCCNC(=N)N)C(=O)NC(CCCNC(=N)N)C(=O)NC(CCCNC(=N)N)C(N)=O,beee35d6aed45fe7,1
,,,Cn1cc(-c2ccc3c(c2)c(C2CCN(CCN4CCNC4=O)CC2)cn3-c2ccc(F)cc2)nn1,971f103e3dde4cdb,6
,,,CC(C)C1CN(C(=O)C(=O)c2c[nH]c3cccc(F)c23)CCN1C(=O)c1ccccc1,944f9ab5db6c7418,1
,,,CC1(O)CC(c2nc(-c3ccc4ccc(-c5ccccc5)nc4c3)c3c(N)nccn23)C1,c137f9675f79d995,9
,,,CC(=O)N[C@@H](CCN1[C@@H]2CC[C@H]1C[C@@H](n1c(C)nc3c1CN(C(=O)OC(C)C)CC3)C2)c1ccccc1,37ab2277341510a2,4
,,,CNCc1ccccc1-c1ccc(NC(=O)c2cc(C(F)(F)F)nn2-c2ccc3onc(N)c3c2)c(F)c1,4bd7920bd8b1d47e,6
,,,O=C(NC1CCCC(c2nc3ccccc3[nH]2)C1)c1ccc2c(c1)OCCO2,164047a6b13a96f8,6
,,,NC(=O)CN1CCCNC(=O)CCC(=O)N[C@@H](Cc2ccccc2)C(=O)N[C@H](Cc2ccccc2)C(=O)N[C@@H](CCCN=C(N)N)C(=O)N[C@@H](Cc2c[nH]c3ccccc23)C1=O,ee43cca995431bdd,4
,,,CCCS(=O)(=O)N1CCC(CNC(=O)C2CC2)(C(=O)N2CCOCC2)CC1,dc7d7986893794bf,5
,,,CC(C)(C)c1nc(N2CCN(CCCCN3C(=O)CCC(=O)c4ccccc43)CC2)cc(C(F)(F)F)n1,96c1d8ee2d524b21,7
,,,CC(=O)c1cccc(NC(=O)NC2CCCCC2CN2CCCC(Cc3ccc(F)cc3)C2)c1,ce58b3f622e3525e,1
,,,Cc1c(CC(=O)O)c2cccnc2n1S(=O)(=O)c1ccc(F)c(C#N)c1,2e2ebde1da2e466e,8
,,,Cn1c(-c2ccccn2)c(C2CCCCC2)c2ccc(C(=O)NC(C)(C)C(=O)Nc3ccc4sc(C(=O)O)cc4c3)cc21,0fbe4b919546e261,2
,,,Fc1cccc(OC2CN(c3c4c(nc5ccnn35)CCNCC4)C2)c1,878c8fc78fd5ebd9,9
,,,CN(Cc1ccccc1)C(=O)C1(c2ccc(Cl)c(Cl)c2)CC1CN1CCC(NC(N)=O)(c2ccccc2)CC1,7bf4dbe855a4372c,8
,,,CCCCCCc1nc2cc(/C=C/C(=O)NO)ccc2n1CCN(C)C,5219ff47f7b6ed5c,12
,,,Cc1cc(CC(NC(=O)N2CCN(c3ccccc3Br)CC2)C(=O)N2CCC(N3CCCCC3)CC2)cc2cn[nH]c12,80b1497e4bd9d4f6,2
,,,CC(C)C[C@@H]1NC(=O)[C@H](CC(N)=O)NC(=O)[C@H](CO)NC(=O)[C@H](Cc2c[nH]cn2)NC(=O)[C@H](CCC(=O)O)NC(=O)[C@H](CC(C)C)NC(=O)[C@H](Cc2c[nH]cn2)NC(=O)[C@@H]2CSSC[C@H](NC(=O)CN)C(=O)N[C@@H](CSSC[C@@H](C(=O)O)NC1=O)C(=O)N[C@@H](CO)C(=O)N[C@@H](CC(N)=O)C(=O)N1CCC[C@H]1C(=O)N[C@@H](C(C)C)C(=O)N2,060a13a999738664,1
,,,NCc1cccc(-n2nc(C(F)(F)F)cc2C(=O)Nc2ccc(-c3ccccc3S(N)(=O)=O)cc2F)c1,6eb4d0cca8086973,1
,,,CC1COCCN1c1nc(-c2cncc3[nH]ccc23)cc2c1ncn2C(C)S(C)(=O)=O,0eba62b2aa76001b,6
,,,CCC(C)C1NC(=O)C2CCCN2C(=O)C(Cc2ccccc2)NC(=O)C(C)NC(=O)c2csc(n2)C(CC(C)C)NC(=O)C2CCCN2C1=O,49a520bcc184c9da,1
,,,O=C(Nc1ccc(CN2CCN(c3ccccc3)CC2)cc1)c1n[nH]c2ccccc12,1237b174b6684871,7
,,,CN(C)c1ccc(-c2nc(=O)n(CCC3CCCO3)c3c2oc2ncc(-c4cnn(C)c4)cc23)cn1,9d4d9218760a90e3,12
,,,Cc1cccc(-n2c(N)c(NC(=O)c3c(C)c(O)c(C)c4c3OC(C)(C)C4)c(=O)n(C)c2=O)c1,b73eeb18a3a3b7ae,8
,,,CC(O)(CS(=O)(=O)c1ccc(F)cc1)C(=O)Nc1ccc(C#N)c(C(F)(F)F)c1,ba0e44b1df574abd,3
,,,CCOc1nc(NC(=O)C2(NC(=O)c3ccc4c(C5CCCC5)c(-c5ccccn5)n(C)c4c3)CCC2)ccc1C=CC(=O)O,6eb049f87a870420,4
,,,CCCCN1C(=O)C(CC2CCCCC2)NC(=O)C12CCN(Cc1ccc(Oc3ccc(C(=O)NC)cc3)cc1)CC2,3a4d49c74ddfe045,2
,,,COc1ccc(-n2nc(C(F)(F)F)c3c2C(=O)N(c2ccc(C4(N(C)CC(N)=O)CC4)cc2)CC3)cc1,51cb5a0f717e9613,8
,,,CCCCN1C(=O)C(CC2CCCCC2)NC(=O)C12CCN(Cc1ccc(Oc3ccc(O)cc3)cc1)CC2,24836442b0d8743d,5
,,,Cc1cc(COc2ccc(C(=O)N[C@@H]3C[C@]4(CCCO4)C[C@@H]3C(=O)NO)cc2)c2ccccc2n1,89c454518d68f8f2,17
,,,COc1ccc(NC(=O)C(=O)c2cn(C(C)C)c3ccccc23)cn1,976e04a6b24e26e4,4
,,,Cn1c2c(c3cc(S(=O)(=O)n4ccc5ccccc54)ccc31)C1CCC(C2)N1,e393ff86fa9a348c,11
,,,COc1ncc(NC(=O)C(=O)c2cn(C(C)C)c3ccccc23)cn1,3765c2b24be310d8,4
,,,CC1(C)c2nc(-c3ccc(F)cc3)c(Nc3ccc(F)c(F)c3)n2CCN1C(=O)CN,2e6956ca15e06f6c,15
,,,Cn1c(N2CCN(CC/C=C3/c4ccccc4CCc4ccc(CC(=O)O)cc43)CC2)cc(=O)n(C)c1=O,d8ad916b04d4709d,3
,,,CCCCCCCCCCC(NCC(=O)N[C@H]1CSSC[C@@H]2NC(=O)[C@H](C(C)C)NC(=O)[C@@H]3CCCN3C(=O)[C@H](CC(N)=O)NC(=O)[C@H](CO)NC(=O)[C@H](CSSC[C@@H](C(=O)O)NC(=O)[C@H](CC(C)C)NC(=O)[C@H](CC(N)=O)NC(=O)[C@H](CO)NC(=O)[C@H](Cc3c[nH]cn3)NC(=O)[C@H](CCC(=O)O)NC(=O)[C@H](CC(C)C)NC(=O)[C@H](Cc3c[nH]cn3)NC2=O)NC1=O)C(=O)O,86229eb0c1a3ccb8,1
,,,O=c1n(Cc2nc3ccccc3n2CCCC2(O)CC2)c2cnccc2n1C1CC1,991fe70acb3e1621,7
,,,CC(C)C1(C)CC(=O)N(Cc2cccc(C(=O)NCc3ccccc3)c2)C(=N)N1,923ac6f329d2889f,11
,,,Cc1cc(C#N)nc(C)c1C(=O)N1CCC(C)(N2CCC(N3C(=O)N(C)CC3c3ccccc3)CC2)CC1,42c09a4d54c9471f,2
,,,O=C(Nc1ccc(OC(F)(F)F)cc1)c1ccnn1CCc1ccncc1,a8c66d783e4f680b,4
,,,COC(=O)OC1CC2OCC2(OC(C)=O)C2C(OC(=O)c3ccccc3)C34OC(=O)OC3C(OC(=O)C(O)C(CC(C)C)NC(=O)OC(C)(C)C)C(C)=C(C(OC)C(=O)C12C)C4(C)C,5fa84710df218627,1
,,,Cc1cccc(S(=O)(=O)Nc2ccc(C)n(CC(=O)NCCONC(=N)N)c2=O)c1,dc578d49c11cbb9a,1
,,,Cc1ccc(C(=O)NC2CC2)cc1-c1ccc2c(c1)NC(=O)C21CCCC1,a6f5ea6e594ff010,13
,,,COC(=O)OC1C(=O)C2(C)C(OC)CC3OCC3(OC(C)=O)C2C(OC(=O)c2ccccc2)C2(O)CC(OC(=O)C(O)C(NC(=O)c3ccccc3)c3ccccc3)C(C)=C1C2(C)C,458f613dbbf08bb6,5
,,,O=C(CCC1=CCN(CCCc2ccccc2)C1=O)NO,4717f9da9369cb95,5
,,,CCN(CC)C(=O)COC(=O)c1ccc2nc(C(F)(F)F)n(C)c2c1,b50d8400fd0f83d7,16
,,,CC#CCn1c(N2CCCNCC2)c(C#N)c2ncn(Cc3nccc4ccccc34)c(=O)c21,6072c005b822302e,12
,,,O=C(c1ccc2[nH]ccc2c1)C1(Cc2ccccc2)CCNC1,7a498e458f66414d,17
,,,CCN1C(=O)c2ccccc2S(=O)c2ccc(C(=O)NCc3ccc(OC)cc3)cc21,8cd38a0a8c1f3abf,15
,,,Cc1ccc2cc(C(=O)NC3(C(=O)NC(CCCN4CCN(CC5CCOCC5)CC4)Cc4ccccc4)CCCC3)sc2c1,b627a95955677f99,3
,,,Cc1nn(-c2ccc3onc(N)c3c2)c2c(=O)n(-c3ccc(-c4ccccc4CN4CCC(O)C4)cc3)c(C)nc12,8615b23eab9b63b6,2
,,,CC(=O)N1CCN(c2nc(NCc3ccc(OC(F)(F)F)cc3)c3c(n2)C(=O)N(C(C)C)C3)CC1,c44d2b67ccb28a6c,5
,,,CCCN(C)c1nn(CCC(C)C)c(=O)c(C2=NS(=O)(=O)c3cc(NS(C)(=O)=O)ccc3N2)c1O,a513873514925454,12
,,,COC1C=COC2(C)Oc3c(C)c(O)c4c(c3C2=O)C(=O)C(=CNN2CCN(C)CC2)C(=C4O)NC(=O)C(C)=CC=CC(C)C(O)C(C)C(O)C(C)C(OC(C)=O)C1C,7ff3a4b8beb48d27,1
,,,C[C@@H]1COCCN1c1nc(-c2cncc3[nH]ccc23)cc2c1ncn2[C@@H](C)S(C)(=O)=O,de1706f4cb9ef0d7,4
,,,CNC(=O)C(Cc1ccccc1)N(C)C(=O)C(Cc1ccccc1)N(C)C(=O)C(Cc1ccccc1)N(C)C(C)=O,2da6caddfbbaf6ed,4
,,,Cc1nnc(O)cc1-c1ccc(OC2CCN(C3CCC3)CC2)cc1,41bb782d48e02bae,5
,,,CC[C@H](C)[C@@H]1NC(=O)c2csc(n2)[C@H]([C@@H](C)CC)NC(=O)[C@@H]2CCCN2C(=O)[C@H]([C@@H](C)CC)NC(=O)[C@@H]2CCCN2C(=O)[C@H](Cc2ccccc2)NC1=O,ac4d7f8149233a07,2
,,,O=C(NCc1cccc(OC(F)(F)F)c1)C1c2ccccc2C(=O)N1CCc1ncc(F)cn1,b25cf52eb8d5c2d9,2
,,,C=CCN(C(=O)[C@@]1(c2cccs2)C[C@H]1CN)C1CC1,20972398630a256e,13
,,,COc1c(C)cc(C2(c3cccc(-c4cncnc4)c3)N=C(C)C(N)=N2)cc1C,1b44c9a6047a6917,13
,,,O=C(NCC(O)c1ccccc1)c1ccc(N2CCN(C(=O)c3ccccc3C(F)(F)F)CC2)nn1,a58b5ff858634d57,5
,,,CSc1nc2ccccc2n1Cc1ccc(C(=O)NC2CN(C(=O)OC(C)(C)C)CC2C(=O)NO)cc1,7fa2985be88796e0,5
,,,COc1cnc2ccc(=O)n(CCN3CCC(NCc4ccc5c(n4)NC(=O)CO5)C(F)C3)c2c1,d021fdf420961136,3
,,,N#Cc1ccc2c(c1)CCc1nn(-c3ccccn3)c(O)c1-2,58f6e23f701e7f26,2
,,,Oc1cc(N2CCOCC2)nc(Cc2nc3cccc(-c4ccccc4)c3o2)n1,35263810328039bc,5
,,,C=CC1CC1(NC(=O)C1CC(Oc2cc(-c3csc(NC(C)C)n3)nc3cc(OC)ccc23)CN1C(=O)C(NC(=O)OC1CCCC1)C(C)(C)C)P(=O)(O)Cc1ccc(F)cc1,94d566d7acf5de7d,1
,,,CCC(C)Nc1nc(C)nc2c(-c3ccc(OC)nc3C)c(C)nn12,a90be0fa5486ccfb,9
,,,CC(C)c1ccc2c(c1)CC[C@H]1[C@](C)(CNS(=O)(=O)c3c(F)c(F)c(F)c(F)c3F)CCC[C@]21C,f9e78a8af22918c7,2
,,,Cn1cnc(NCc2ccncc2)c1C(=O)Nc1ccc(C(C)(C)C)cc1,9f8243dc1afecd75,12
,,,O=C(C[C@H]1CNC(=O)c2cc(-c3cccc(F)c3)cn21)N[C@H](CO)Cc1ccccc1,6ef07b260744f769,5
,,,NC(=O)c1sc(N2CCOCC2)nc1CC(=O)N1CCc2cc(F)ccc21,b87c53973593ebf2,8
,,,NC[C@@H]1C[C@@]1(C(=O)N1Cc2ccccc2C1)c1cccs1,659325942ac1924f,6
,,,Cn1ncc(NCc2ccncc2)c1C(=O)Nc1ccc(C(C)(C)C)cc1,311b505fb6b5498f,7
,,,NC(=O)c1cc(C(=O)N2CCc3cc(-c4ccccc4CN4CCCC4)ccc32)n(-c2ccc3onc(N)c3c2)n1,b009fbe3b1a144c0,5
,,,CCCS(=O)(=O)Nc1ccc(F)c(C(=O)Nc2cnc3[nH]ccc3c2)c1F,18b344a95f27a687,20
,,,CCC(CC)/N=c1\c(O)c(O)c1=Nc1cccc(C(=O)N(C)C)c1O,65db84fea7499da7,4
,,,Cn1c(N2CCCN(CCCN3c4ccccc4Sc4ccc(OCC(=O)O)cc43)CC2)cc(=O)n(C)c1=O,5500c1e0901a9623,4
,,,Cc1ccc(NS(C)(=O)=O)c(C(=O)N2CCCCC2c2cc3nc(C)c(C)cn3n2)c1,61b611762bf90cd4,2
,,,CCCS(=O)(=O)n1c(N)nc2ccc(C(=CC(=O)NC)c3cccc(F)c3)cc21,b2a9768ca844d93a,4
,,,O=C(NC1(C(=O)N[C@@H](CCCN2CCN(CC3CCOCC3)CC2)Cc2ccccc2)CCCC1)c1cc2cc(Cl)ccc2o1,30cc8b97802cb9fd,3
,,,NS(=O)(=O)c1ccccc1-n1nc(C(F)(F)F)c2c1C(=O)N(c1ccc(-c3ccccc3CN3CC[C@@H](O)C3)cc1)CC2,f25c485120e9a73c,4
,,,O=C1NNC(=O)C1(c1ccccc1)c1ccccc1,ac0754bd6f8daec2,2
,,,CC(C(=O)NCCc1ccc(O)cc1)c1cccc(C(=O)c2ccccc2)c1,a1c5bb47951327e3,6
,,,COc1cc2c(cc1OC)CN(Cc1ccc(-c3ccc4ccccc4c3)o1)CC2,f9fcfecc879be1e2,8
,,,CC[C@H](C)[C@@H]1NC(=O)[C@H](C(C)C)NC(=O)[C@H](CC(C)C)NC(=O)CNC(=O)[C@@H]2CCCN2C(=O)[C@H](Cc2ccc(O)cc2)NC1=O,4f0269a7b63ad3c0,3
,,,CN(C)Cc1ccccc1-c1ccc(N2CCc3c(C(F)(F)F)nn(-c4ccc5onc(N)c5c4)c3C2=O)c(F)c1,353e4fd344a19e59,11
,,,N#Cc1cncc(-c2cccc(C3(c4ccnc(C(F)(F)F)c4)N=C(N)c4c(F)cccc43)c2)c1,3411c1152b9dbe01,22
,,,CC(C)C[C@H](CO)Nc1nc(OCc2ccccc2)nc2nc(O)sc12,440676c991fa6f8d,1
,,,CC(C)C[C@H]1C(=O)N2CCC[C@@H]2C(=O)N(C)[C@@H](Cc2ccc(O)cc2)C(=O)N[C@@H](C)C(=O)NCC(=O)N(C)[C@@H](Cc2ccccc2)C(=O)N1C,70946ef625c3cf77,3
,,,N#Cc1ccc2[nH]c(C(Cc3ccc(C4CC(=O)NS4(=O)=O)cc3)Nc3nc4ccccc4s3)nc2c1,c7802f969f30892f,3
,,,CNC1(c2ccc(N3CCc4c(C(F)(F)F)nn(-c5ccc(OC)cc5)c4C3=O)cc2)CC1,c239adb62ecb0343,21
,,,c1cnc2ccc(Cn3nnc4ncc(-c5cnn(C6CCNCC6)c5)nc43)cc2c1,7b4980e5681af76a,1
,,,CC[C@H](C)[C@@H]1NC(=O)[C@@H]2CCCN2C(=O)[C@H](Cc2ccccc2)NC(=O)[C@H](C)NC(=O)c2csc(n2)[C@H](CC(C)C)NC(=O)[C@@H]2CCCN2C1=O,a2dd8cc521e18025,4
,,,CC1OC(c2ccc([N+](=O)[O-])cc2)OCC1NC(=O)Cc1ccccc1,a4e49d7a522d370c,7
,,,COc1cc2c(cc1OC)CN(Cc1cccc(-c3ccccc3)c1)CC2,df593507d3771f5c,4
,,,COc1cccc(/C=C/C(=O)NC2(C(=O)N[C@H](Cc3ccccc3)C(=O)NCC3CCN(CC4CCOCC4)CC3)CCCC2)c1,da889ad06663b113,2
,,,Cc1ncnc(C)c1C(=O)N1CCC(C)(N2CCC(N3C(=O)N(CCC4CCOCC4)CC3c3ccccc3)CC2)CC1,0e5292d832b7cdbd,3
,,,Cn1c(N2CCCN(CC/C=C3/c4ccccc4CCc4ccc(C(=O)O)cc43)CC2)cc(=O)n(C)c1=O,47002aa635eafc61,4
,,,COC(=O)N[C@@H](CCN1[C@@H]2CC[C@H]1C[C@@H](n1c(C)nc3c1CN(C(C)=O)CC3)C2)c1ccccc1,d96049bd54b73c84,2
,,,COc1cccc(-c2cccc(C3(C)CSCC(N)=N3)c2)c1,58032afa5f3f2499,18
,,,CC(=O)N[C@@H](CCN1[C@@H]2CC[C@H]1C[C@@H](n1c(C)nc3ccccc31)C2)c1ccccc1,3517ed70e5dc58a0,2
,,,Cn1c(=O)c(Oc2ccc(F)cc2F)cc2cnc(NC(CCO)CCO)nc21,5240e0cf2392cc61,3
,,,CS(=O)(=O)Nc1ccc2c(c1)S(=O)(=O)NC(=C1C(=O)C3C4CCC(C4)C3N(Cc3ccc(F)cc3)C1=O)N2,0dd85ea5032003d0,19
,,,O=C(O)C1=C/C(=N\C(=S)NCCO)C=CC1=C1c2ccc(O)cc2Oc2cc(O)ccc21,78e76391ff272e34,10
,,,N=C(N)SCc1cccc2c1sc1c(CSC(=N)N)cccc12,c35883c9c1d31e87,2
,,,CN[C@@H](Cc1ccccc1)C(=O)N(C)CC(=O)NCC(=O)NCC(=O)NCC(=O)N(C)[C@@H](Cc1ccccc1)C(N)=O,b304ac3ea011baf7,3
,,,COc1cccc(CN(c2c(Cl)c(Cl)cc3[nH]c(=O)c(=O)[nH]c23)S(C)(=O)=O)c1,f57f33b5736c55e6,8
,,,CCC(CC)C(=O)O[C@H]1[C@@H](F)[C@H](n2cnc3c(N)ncnc32)O[C@@H]1CNS(=O)(=O)NC(=O)c1ccccc1O,c52afa0e427bc5b5,9
,,,O=C1N(CC2CCC2)c2ccccc2C1(O)c1ccc2c(c1)OCO2,d3ce859edc0dc75e,18
,,,CC(C)CCNC(=O)c1cccnc1NCCC(C)C,2cff7a8109478f94,7
,,,CC(C)CCn1c(=O)c(C2=CS(=O)(=O)c3cc(NS(C)(=O)=O)ccc3N2)c(O)c2cccn21,07326fbcbc8d5bfc,4
,,,CCCCCC1CN(C(=O)C(=O)c2c[nH]c3cccc(F)c23)CCN1C(=O)c1ccccc1,d17e55cf33538191,3
,,,Cc1nsc(NS(=O)(=O)c2ccc(N)cc2)c1C,9e7f8831625ff049,7
,,,CC(=O)NC(CCN1C2CCC1CC(n1c(C)nc3c1CCN(C(=O)C(C)C)C3)C2)c1cccc(F)c1,2f390b7f67b9dfac,2
,,,CS(=O)(=O)CCCn1c(Cn2c(=O)n(C3CC3)c3ccncc32)nc2ccccc21,802dd1c8ac0d0017,6
,,,CC(=O)NC(CCN1C2CCC1CC(n1c(C)nc3c1CN(C(=O)OC(C)C)CC3)C2)c1ccccc1,7110af8b5790932d,5
,,,Cc1c(Cc2ccc(=O)n(Cc3ccccc3)n2)c2cc(F)ccc2n1CC(=O)O,fed3716c85999814,13
,,,CC1NC(=O)C(C)NC(=O)C(Cc2ccccc2)NCCC(=O)NCCN(C(Cc2ccccc2)C(N)=O)C(=O)CNC(=O)CNC1=O,31660c49043a2eb4,5
,,,CCNC(=O)CN1C(=O)C(C)(c2cc(F)cc(F)c2)Oc2ccc(-c3c(N)nc(N)nc3CC)cc21,81bb17271eca4b8e,14
,,,Cc1cc(=O)[nH]c(C)c1C(=O)N1CC2CN(CCC(NC(=O)C3CCCC3)c3ccccc3)CC2C1,01a8437b3a511369,1
,,,CCCCCCCCCCC(N)C(=O)NC(CCCCCCCCCC)C(=O)NC(CCC(=O)O)C(=O)NC(Cc1c[nH]c2ccccc12)C(N)=O,7bf9785987fc9140,3
,,,C=C(c1ccccc1)[C@H]1OC[C@H](N)CO1,3187ebf231282e5a,3
,,,CC(C)(C)c1ccc(C(=O)O[C@H]2C[C@H](n3cc(F)c(=O)[nH]c3=O)O[C@@H]2CO)cc1,dd41248a7128c884,3
,,,O=C(N[C@@H](Cc1ccccc1)C(=O)NNC(=O)c1ccccc1)OCc1ccccc1,18c91dc39b4bc525,15
,,,CN1CCC(NC(=O)c2ccc(Oc3ccc(C#CC4(O)CN5CCC4CC5)cc3)cc2)CC1,4be26f201b31ba6f,7
,,,Cn1nc(C(N)=O)c2c1-c1nc(Nc3ccccc3)ncc1CC2,9ec7d5524cee5463,6
,,,N=C(N)SCc1cc(F)ccc1Oc1cc(F)ccc1CSC(=N)N,dc5657d69cf066f3,8
,,,O=C(Cc1nc(O)cc(N2CCOCC2)n1)N1CCc2c(Br)cccc21,99a3da987e32f791,5
,,,CN1C[C@@H](OC(=O)N2CCCCC2)C[C@H](C(=O)NO)[C@H]1C(=O)N1CCN(c2ccccc2)CC1,10e8b5bd0c2bebb3,5
,,,CC1(F)CCCC1Nc1c(C(N)=O)cnn2cccc12,c7ccc15009911f84,4
,,,NC(=O)c1cccc(Cn2cnc3ccccc32)c1,11a1f07c57fc867a,11
,,,N#Cc1ccnc(OC[C@@H]2CCCN2C(=O)C[C@H](N)Cc2cc(F)c(F)cc2F)c1,4eba2a054d4b59c4,7
,,,CC(N)[C@@H](NC(=O)CCC(=O)OCCNC(=S)Nc1ccc(-c2c3ccc(=O)cc-3oc3cc(O)ccc23)c(C(=O)O)c1)C(=O)NCCCC(=O)N[C@H](CCCNC(=N)N)C(=O)N[C@H](CCCNC(=N)N)C(=O)N[C@H](CCCNC(=N)N)C(=O)N[C@H](CCCNC(=N)N)C(=O)N[C@H](CCCNC(=N)N)C(=O)N[C@H](CCCNC(=N)N)C(=O)N[C@H](CCCNC(=N)N)C(N)=O,748cf42993c0d43d,1
,,,O=C(O)CC1CCC(c2ccc(-c3ccc4c(ccn4C(=O)Nc4ccccc4)c3)cc2)CC1,204b2722266efc71,5
,,,CCCC(=O)N1CCC(CN(C2Cc3cc(C#N)ccc3N(Cc3cncn3C)C2)S(=O)(=O)c2ccccn2)CC1,3daa963e5cc7281f,1
,,,CCOc1cc(NC(=O)C2(NC(=O)c3ccc4c(C5CCCC5)c(-c5cccc(N)n5)n(C)c4c3)CCC2)ccc1C=CC(=O)O,82f597852b18399a,10
,,,Cc1[nH]n(-c2ccccn2)c(=O)c1-c1cccc(C(F)(F)F)c1,2300a274b4dbedf2,4
,,,COc1cc(C2CCN(c3cc(N4CCC4C(=O)NCCc4ccc(C#N)cc4)nc(C(F)(F)F)n3)CC2)ccc1C(=O)O,96d0cb19981705ed,3
,,,CSc1ccc2ncn(C=CC(=O)O)c(=O)c2c1,5e3b4e991bbae897,4
,,,CCCc1nc(CC)c(C=O)n1Cc1ccc(-c2ccccc2-c2nnn[nH]2)cc1,b4944e72cad50178,5
,,,Cn1cncc1CN1CC(N(CC2CCN(C(=O)N3CCCCC3)CC2)S(=O)(=O)c2ccccn2)Cc2cc(C#N)ccc21,33c21d1535924825,2
,,,CC(C)(CCC(C(N)=O)(c1ccccc1)c1ccccc1)N1CCC(Oc2ccccc2)C1,fc8395ae02a55acf,7
,,,CC(C)CC1NC(=O)C(Cc2ccccc2)NC(=O)C(CC(=O)O)NC(=O)CNC(=O)C(CCCN=C(N)N)NC(=O)CNC1=O,422351507ad22480,1
,,,COc1ccc2c(O[C@@H]3C[C@H]4C(=O)N[C@]5(C(=O)NS(=O)(=O)C6(C)CC6)C[C@H]5/C=C\CCCCCC(=O)N4C3)cc(-c3nc(C(C)C)cs3)nc2c1Cl,95d0e011618b8829,4
,,,NC(=O)C(Cc1cccc(F)c1)NC(=O)C(N)Cc1ccccc1,15189e880349e180,13
,,,CN1CCN(c2ccc(C(=O)Nc3[nH]nc4ccc(Cc5cc(F)cc(F)c5)cc34)c(NCCF)c2)CC1,278629d8cde7578d,3
,,,Cc1ccc(CNC(=O)c2ccc(N3CCN(C(=O)c4ccccc4C(F)(F)F)CC3)nn2)o1,e8ec9e249b87ed9d,6
,,,N=C(N)NCCC[C@@H](NC(=O)[C@@H](CCCNC(=N)N)NC(=O)[C@@H](CCCNC(=N)N)NC(=O)[C@@H](CCCNC(=N)N)NC(=O)[C@@H](CCCNC(=N)N)NC(=O)[C@@H](CCCNC(=N)N)NC(=O)[C@@H](CCCNC(=N)N)NC(=O)CCCNC(=O)[C@@H](CN)NC(=O)CCC(=O)OCCNC(=S)Nc1ccc(-c2c3ccc(=O)cc-3oc3cc(O)ccc23)c(C(=O)O)c1)C(N)=O,b0ba656beb4b9aa2,1
,,,Cn1c(N2CCCN(CCCN3c4cc(C(=O)O)ccc4COc4ccccc43)CC2)cc(=O)n(C)c1=O,46aa6e8f3cac0b53,4
,,,CC(C)CC1NC(=O)C(CC(C)C)N(C)C(=O)C(CC(C)C)N(C)C(=O)C(Cc2ccc(O)cc2)NC(=O)C2CCCN2C(=O)C2CCCN2C1=O,d6858dd91ee4b5ea,4
,,,O=C(NC1CCC(c2cccc(F)c2F)Cn2c(CC(F)(F)F)cnc21)N1CCC(n2c(=O)[nH]c3ncccc32)CC1,043a0499b8710059,2
,,,Cc1cc(COc2ccc(C(=O)NC3CCCOC3C(=O)NO)cc2)c2ccccc2n1,17cf473b14942d81,3
,,,CS(=O)(=O)Nc1ccc2c(c1)S(=O)(=O)N=C(C1=C(O)C3CCCCCC3N(Cc3ccc(F)cc3)C1=O)N2,d9fb695ff68403ef,3
,,,O=C(NCc1ccc(F)cc1)N(c1ccc(Br)cc1)C1CCN(C2CCCC2)CC1,b402415efc4f0141,2
,,,CCOC(=O)c1cc(C#N)c(N2CC(C(=O)NS(=O)(=O)CCc3ccccc3)C2)nc1C,d4d02f621b9fa9cf,6
,,,COc1ccc(C(=CC(N)=O)c2ccc3nc(N)n(S(=O)(=O)C(C)C)c3c2)cc1F,12937277d9b7e182,21
,,,CCOc1cc(NC(=O)C2(NC(=O)c3ccc4c(C5CCCC5)c(-c5ncc(Cl)cn5)n(C)c4c3)CCC2)cnc1C=CC(=O)O,d2eec74d65374a33,8
,,,c1csc(C23CNCC2C3)c1,9bd6d2d4d6c9c7a2,11
,,,O=C(NC1(C(=O)NC(Cc2ccccc2)C(=O)NCCCN2CCC(O)CC2)CCCC1)c1cc2ccccc2s1,f14733a193fcb28e,2
,,,O=C(NC(Cc1ccc(F)c(Br)c1)C(=O)O)c1ccc(Br)cc1NS(=O)(=O)c1cccc2nsnc12,b52908b4a96190d3,2
,,,Cn1cncc1CN1CC(N(CC2CCN(C(=O)C3CC3)CC2)S(=O)(=O)c2ccccn2)Cc2cc(C#N)ccc21,69a73b6409992703,4
,,,CC1CCN(C(=O)CC(Cc2cccc(N)c2)NS(=O)(=O)c2ccc3ccccc3c2)CC1,2111c26371e7dcb0,1
,,,NC(Cc1ccc(-c2ccc(F)cc2)cc1)C(=O)N1CCSC1,a91a818ceca214c9,12
,,,Cc1nc(NC(=O)N2CC(F)CC2C(N)=O)sc1-c1csc(C(C)(C)C)n1,b13e18214ae2f983,6
,,,O=C(O)Cc1ccc(Cn2cnc3ccccc32)cc1,9ed337330f23e475,11
,,,CCCCOc1ncc(C(C)=O)cc1-c1nc(O)c2nn(Cc3ccccn3)c(CCC)c2n1,02d0f27de6c6c2ae,11
,,,Cc1ccc(Nc2c(-c3ccc(F)cc3)nc3n2CCNC3(C)C)cc1,6a3bc4d65eb77325,10
,,,COc1ccc2cncc(Cc3nc4c([nH]3)c(=O)n(C)c(=O)n4CC(C)C)c2c1,502e09bdd877fae0,14
,,,CC(C)n1c(=O)c(C(=O)NC2CC3CCC(C2)N3CCCN(C)CCCN(C)S(C)(=O)=O)cc2ccccc21,44d86e0c1ef21750,5
,,,Cc1cc(COc2ccc(C(=O)NC3CCOCC3C(=O)NO)cc2)c2ccccc2n1,3cde082497e009fb,2
,,,NC1=NC(c2ccncc2)(c2cccc(-c3cncnc3)c2)c2ccccc21,8d216e9a5e7c2c8e,11
,,,CC(C)c1cccc(Nc2nc3cc(Oc4ccnc(C(N)=O)c4)ccc3o2)c1,fa8817d1f8574efd,18
,,,Nc1ncnc2c1ncn2C1OC(CNS(=O)(=O)NC(=O)c2ccccc2O)C(O)C1O,70a7ca37a29ec980,2
,,,O=C(Nc1ccc(C(F)(F)F)cc1)c1ccnn1CCc1ccncc1,bfc4cb110e193ead,4
,,,CNC(=O)C=C(c1cccc(F)c1)c1ccc2nc(N)n(S(=O)(=O)NC(=O)N3CCOCC3)c2c1,6bc0276c57cf267c,1
,,,CCCCCCC(NC(C)=O)C(=O)NC(Cc1ccc(O)cc1)C(=O)NCC(=O)NCC(=O)NC(Cc1ccccc1)C(=O)NC(CC(C)C)C(N)=O,f9ecdc112c493ad9,2
,,,CC(C)C[C@@H]1C(=O)N(C)[C@@H](CC(C)C)C(=O)N(C)[C@@H](CC(C)C)C(=O)N2CCC[C@@H]2C(=O)N[C@@H](Cc2ccc(O)cc2)C(=O)N(C)[C@@H](CC(C)C)C(=O)N1C,f3ec19fc9d9d7021,2
,,,CCc1cnc(-c2ccc(C)cc2NC(=O)O[C@@H]2C[C@H]3C(=O)N[C@]4(C(=O)NS(=O)(=O)C5CC5)C[C@H]4/C=C\CCCCN(C)C(=O)[C@@H]3C2)s1,2eecb3c0e41d67d0,2
,,,NC(=O)c1cc2cc(C3(Cc4ccccc4)CCNC3)ccc2[nH]1,c54f529abec574e6,7
,,,O=C(O)CCCn1cc(CC(=O)O)c2c(C=Cc3ccc(OCCCCOc4ccccc4)cc3)cccc21,33e423464ca33f5c,2
,,,CC(C)C[C@@H](C=O)NC(=O)[C@@H](NS(=O)(=O)c1ccc(F)cc1)C(C)C,d8bddbc926bbbaa4,15
,,,C=CC1CC1(NC(=O)C1CC(OC)(c2ccc(-c3nccs3)nc2)CN1C(=O)C(NC(=O)OC1CCCC1)C(C)(C)C)C(=O)NS(=O)(=O)C1CC1,e687bcb5cde67b56,5
,,,CC(Nc1c(C(N)=O)cnn2cccc12)C(C)(C)C,52cb0c50c337b26f,4
,,,COc1ccc(NC(=O)c2ccc(Cn3ccnn3)c3ccccc23)c(C(=O)NCC2CCCCC2)n1,5dd96a15b840b9a0,3
,,,Cc1[nH]n(-c2ccccn2)c(=O)c1C(=O)Nc1cccc(C(F)(F)F)c1,c5d0b464c00229ff,4
,,,CCc1nc(N)nc(N)c1-c1ccc2c(c1)N(CCCOC)C(=O)C(CC)(CC)O2,36c9bddcb7261455,15
,,,O=C(Cc1nc(O)cc(N2CCOCC2)n1)N1CCc2c1cccc2C(F)(F)F,952e09c2bcd15dd3,7
,,,CN1CCN(C(=O)CCNC(=O)C(Cc2ccccc2)NC(=O)C2(NC(=O)c3cc4ccccc4s3)CCCC2)CC1,8b34283384a66e41,2
,,,CC1CN(c2noc(C(F)(F)F)n2)CCN1c1ncc(OCc2ccncc2C#N)cn1,61a2a06c03e68d82,4
,,,CN(C)C(=O)CN1CCn2c(c(C3CCCCC3)c3ccc(C(=O)O)cc32)-c2ccccc21,1c7b623742cdbd9f,14
,,,Cn1c(N2CCN(CCCN3c4ccccc4Sc4ccc(C(=O)O)cc43)CC2)cc(=O)n(C)c1=O,8d0990fffd97c6c7,3
,,,Cc1cc(COc2ccc(C(=O)N[C@@H]3CNCC[C@@H]3C(=O)NO)cc2)c2ccccc2n1,1af68f52754a4ea4,4
,,,CC(C)(C)c1ccc(NC(=O)c2ccnn2CCc2ccncc2)cc1,e3d4d72fd914e5b7,4
,,,C/C=C(\C)C(=O)N[C@@H](c1ccccc1)[C@@H](O)C(=O)O[C@H]1C[C@@]2(O)[C@@H](OC(=O)c3cccc(N=[N+]=[N-])c3)[C@@H]3[C@]4(OC(C)=O)CO[C@@H]4C[C@H](OC(=O)CCl)[C@@]3(C)C(=O)[C@H](O)C(=C1C)C2(C)C,8fb709df8a31c62f,3
,,,COc1ccc(F)c(-c2cccc(C3(c4ccncc4)N=C(N)N4CC(F)(F)CN=C43)c2)c1,fd15b06d41e8698f,18
,,,COc1cccc(N2CCN(C(=O)/C=C/c3noc(-c4cc(Cl)c(O)cc4O)c3-c3ccc(O)cc3)CC2)c1,5a175d178b478cdc,1
,,,CCC(C)C1NC(=O)c2csc(n2)C(C(C)CC)NC(=O)C2CCCN2C(=O)C(C(C)CC)NC(=O)C2CCCN2C(=O)C(Cc2ccccc2)NC1=O,998d68d5120c0aa5,3
,,,CCOc1cc(OC2CC3C(=O)NC4(C(=O)NS(=O)(=O)C5CC5)CC4C=CCCCCCC(NC(=O)OC(C)C)C(=O)N3C2)c2ccc(OC)c(C)c2n1,a058b77d2ca28628,2
,,,CN1C(=O)CC(N2CCCN(CCCN3c4ccccc4COc4ccc(C(=O)O)cc43)CC2)N(C)C1=O,50e66bd8e0581693,5
,,,CC(C)(C)C(CO)Nc1nc(SCc2ccccc2)nc2nc(N)sc12,b30fe7ba8e21c127,8
,,,COC(=O)N1CCc2c(nc(C)n2C2CC3CCC(C2)N3CCC(NC(C)=O)c2cccc(F)c2)C1,fdb81419368cbd45,2
,,,CC#Cc1cncc(-c2cccc(C3(c4cc(C)c(OC)c(C)c4)N=C(C)C(N)=N3)c2)c1,1efda1903f28c4b3,17
,,,O=C(Cc1nc(N2CCOCC2)cc(=O)[nH]1)Nc1ccc(F)cc1,73c269d7f55d7359,3
,,,Cc1cc(COc2ccc(C(=O)N[C@@H]3CN(C(=O)C(C)C)C[C@@H]3C(=O)NO)cc2)c2ccccc2n1,d7b659f3ee8fc9d6,2
,,,CN[C@@H](Cc1ccccc1)C(=O)NCC(=O)NCC(=O)NCC(=O)NCC(=O)N(C)[C@@H](Cc1ccccc1)C(N)=O,c7c24c016b9811d2,1
,,,NC1=NC(c2ccc(OC(F)F)cc2)(c2cccc(OCCCF)c2)C2=NCC(F)(F)CN12,37061169d5061864,4
,,,Cn1c(N2CCN(CCCN3c4ccccc4COc4ccc(C(=O)O)cc43)CC2)cc(=O)n(C)c1=O,74145cb937cef97b,1
,,,O=C(COc1ccc(-c2ccccc2)cc1)NC1OC(CO)C(O)C(O)C1O,8ae322beb8245d4c,2
,,,COC(=O)N[C@H](C(=O)NN(CCC[C@@](O)(Cc1ccccc1)C(=O)N[C@H]1c2ccccc2C[C@H]1O)Cc1ccc(-c2nccs2)cc1)C(C)(C)C,1d382e4343e835f8,1
,,,CC(C)C[C@@H]1NC(=O)[C@@H](CC(C)C)N(C)C(=O)[C@H](CC(C)C)NC(=O)[C@H](Cc2ccc(O)cc2)NC(=O)[C@H]2CCCN2C(=O)[C@H](CC(C)C)NC1=O,493f9b48f6f4fd5a,3
,,,Cn1ncc(C(=O)N2CCC(Nc3cc(=O)[nH]c4ccccc34)CC2)c1Cl,65ab8e4b7a54d172,5
,,,CC(C)(C)C(=O)NCC1CCCN1C(=O)CC(N)Cc1cc(F)c(F)cc1F,504387820e1fcd84,3
,,,Cc1cnc(NCCc2ccc(F)cc2F)c(=O)n1CC(=O)NCCONC(=N)N,e6f42da88da25c3d,6
,,,Cc1c(Cc2ccccc2S(=O)(=O)c2ccccc2)c2c(O)nccc2n1CC(=O)O,6309ac989e4b8666,1
,,,COc1cccc(-c2c(C)n(Cc3c(F)cccc3F)c(=O)n(CC(N)c3ccccc3)c2=O)c1F,b1ea83620ef5cd85,18
,,,CC(=O)N[C@@H](CCN1[C@@H]2CC[C@H]1C[C@@H](n1c(C)nc3c1CCN(C(=O)C(C)C)C3)C2)c1cccc(F)c1,4f44922cce15ba52,1
,,,COC1CN(C(=O)c2ccc3[nH]nc(Cc4ccc(-c5cnn(C)c5)cc4)c3c2)C1,fc795feed7b6c6b8,6
,,,CCCS(=O)(=O)Nc1ccc(F)c(C(=O)Nc2cnc3[nH]c(-c4ccc(C)cc4)nc3c2)c1F,8ff0b68ba987108e,19
,,,CS(=O)(=O)N1CCN(CC(O)CN2CCC(CNC(=O)c3cccc4[nH]c(C5CC5)nc34)CC2)CC1,e91caf3b562b3b7a,1
,,,O=C(COc1ccc(C23CC4CC(CC(C4)C2)C3)cc1)Nc1cc(C(=O)NCCCn2ccnc2)ccn1,14ca51ebffb8c6fb,3
,,,Cc1cc(COc2ccc(NC(=O)[C@H]3CCN(C(=O)OCc4nccs4)C[C@@H]3C(=O)NO)cc2)c2ccccc2n1,c2d09fc669e28c97,8
,,,O=C(NCc1ccccn1)c1ccc2c(c1)Cc1c-2n[nH]c1-c1ccc(-c2ccc(O)cc2)cc1,5851b3fa4d57b3df,17
,,,Cc1cc(Cc2ccc(C(=O)NC3CN(CC(C)C)CC3C(=O)NO)cc2)c2ccccc2n1,b2341d24eb736677,13
,,,CCc1c2nc(-c3cc(S(=O)(=O)N4CCN(CC)CC4)cnc3OCCOC)nc(O)c2nn1CC(C)C,e0a0e9ec3fa9f6c5,3
,,,CS(=O)(=O)NC(=O)[C@H](Cc1ccccc1)NC(=O)OCc1ccccc1,cf4c33b443a2d61a,9
,,,CC(C)(C)C(=O)OCOC(=O)N1CCC(N2CCN(CC(=O)c3ccc(OCC(=O)OC4CCCCC4)cc3)C(=O)C2)CC1,559bd2300ecd6ff6,1
,,,O=C(NC1(C(=O)NC(Cc2ccccc2)C(=O)NCC2CCN(CC3CCOCC3)CC2)CCCC1)c1cc2ccccc2s1,e669e57d0e3b5511,6
,,,COCC(C)Oc1cc(Oc2ccc(C(=O)N(C)C)cc2)cc(C(=O)Nc2cc[nH]n2)c1,71144c2597e7f9b5,6
,,,N#Cc1c(-c2cc(F)cc(-c3no[n+]([O-])c3C#N)c2)no[n+]1[O-],aa0a6d053395bbaf,7
,,,Nc1ncc(-c2ccc(S(=O)(=O)N3CCOCC3)cc2)nc1C(=O)Nc1cccnc1,ce71c89c5415b9a8,6
,,,O=C(O)c1cc(CN2CCN(c3ccc(Br)cc3)CC2)c2ccccn2c1=O,48ad7c585abdf3a4,2
,,,CC1(C(=O)O)CCN(c2cc(N3CCCC(C(=O)NCCc4ccc(C#N)cc4)C3)nc(C(F)(F)F)n2)CC1,4d0cfbc661a398ec,2
,,,CCCS(=O)(=O)N1CCC(CNC(=O)c2ccc(F)cc2C(F)(F)F)(C(=O)N2CCOCC2)CC1,eb1d753d22905aa8,1
,,,COC(=O)C(C)NP(=O)(OCC1OC(n2ccc3c(-c4cccs4)ncnc32)C(O)C1O)Oc1ccccc1,44a188034c0d196a,3
,,,CC1COCCN1c1nc(-c2cncc3[nH]ccc23)cc2c1ncn2C,96c86e0850da347d,3
,,,N=C(N)c1cccc(CC(CC(=O)N2CCCC(C(=O)O)C2)NS(=O)(=O)c2ccc3ccccc3c2)c1,28933ae3b4779b2d,4
,,,CC(N)CC(=O)NC(CCCCN)CC(=O)NC(CC(=O)O)Cc1ccccc1,19f4eb9094d40cfa,2
,,,COCCCN1CC2C(CNC(=O)c3nc(C(C)C)n4ccccc34)C2C1,84843e9c1af098a5,6
,,,N#Cc1ccccc1Cn1c(N2CCCC(N)C2)nc2[nH]c(Br)cc2c1=O,ce5e897321b40bcc,6
,,,CC(C)c1cc(N2CCC(N)C2)nc(N)n1,f6c46ddfdf5162b6,20
,,,O=C(OC1CN2CCC1CC2)N(Cc1cc(F)c(F)c(F)c1)c1cccc(F)c1,ef43326c68d29e1a,19
,,,O=C(NC1CCN(C(=O)CCc2ccc(F)nc2)CC1)C(c1ccccc1)C1CCCCC1,01948c53108dfd5e,4
,,,c1cc2c(N3CCNCC3)nc(-c3ccc4[nH]ncc4c3)nc2cn1,6c48a30364888411,6
,,,CCCCCCC(NC(=O)C(CC(C)C)NC(=O)C(Cc1ccccc1)NC(=O)CNC(=O)CNC(=O)C(N)Cc1ccc(O)cc1)C(N)=O,af8022b734d4e691,1
,,,N#Cc1c(-c2ccc(-c3no[n+]([O-])c3C#N)s2)no[n+]1[O-],6b6210b4da3ec490,3
,,,CC(=O)N(C)C(Cc1ccccc1)C(=O)N(C)C(Cc1ccccc1)C(=O)N(C)C(Cc1ccccc1)C(N)=O,90281e61f5ef4e5d,4
,,,COCN1C(=O)NC(=O)C(c2ccccc2)(c2ccccc2)C1=O,b90c96ce4a246376,4
,,,O=C(O)CC(NC(=O)C1CCCN(C(=O)CCC2CCNCC2)C1)c1cccnc1,c3027bf7d45a2325,4
,,,O=c1cc([C@H]2CCN[C@@H](Cc3ccccc3F)C2)o[nH]1,1d5ee67f2a7a043d,5
,,,CC1CCCN1CCCOc1ccc(-c2cnn(-c3ccccn3)c(=O)c2)cc1,23c13a63dfe49252,12
,,,Cc1cc(CC(Nc2nc3ccccc3s2)c2nc3ccccc3[nH]2)ccc1C1CC(=O)NS1(=O)=O,1b0a252914542d7f,4
,,,CC(NP(=O)(OCC1OC(C#N)(c2ccc3c(N)ncnn23)C(C)(O)C1O)Oc1ccccc1)C(=O)OCC(C)(C)C,d459f62ebf3f8bf5,3
,,,COc1cc(OC)c(C=CS(=O)(=O)Cc2cnc(OC)c(N)c2)c(OC)c1,71fc9cf5cff66950,8
,,,O=C(NC1(C(=O)NC(CCCN2CCN(CC3CCOCC3)CC2)Cc2ccccc2)CCCC1)c1ccc2ccccc2c1,6422a4503d7e3d25,8
,,,CN(C)C(=O)N1CCC(CN(C2Cc3cc(C#N)ccc3N(Cc3cncn3C)C2)S(=O)(=O)c2ccccn2)CC1,620be76ca3538520,4
,,,Nc1noc2ccc(-n3nc(C(F)(F)F)cc3C(=O)Nc3ccc(-c4ccccc4CN4CCC(N)C4)cc3F)cc12,c99730b18995ad19,1
,,,CCCCCCC(N)C(=O)NC(CCCCCC)C(=O)N[C@@H](CCC(=O)O)C(=O)N[C@@H](Cc1c[nH]c2ccccc12)C(N)=O,c223122427257f39,3
,,,COc1ccc2cc1Oc1ccc(cc1)CC1c3c(cc4c(c3Oc3cc5c(cc3OC)CCN(C)C5C2)OCO4)CCN1C,b2e2337f30aa7b0f,2
,,,CCCCCCCCC(NC(=O)C(N)CCC(=O)O)C(=O)NC(Cc1c[nH]c2ccccc12)C(N)=O,684ff219595887e0,1
,,,ON1C=CC=C(c2cc3nccc(-c4ccc(OC(F)F)c(OCC5CC5)c4)n3n2)C1,9292cfed72c048c7,5
,,,CN1CCN(c2ccc(C(=O)Nc3[nH]nc4ccc(Cc5cc(F)cc(F)c5)cc34)c(NC3CCOCC3)c2)CC1,e5d95a0864259ede,3
,,,COC(=O)NC(CCN1C2CCC1CC(n1c(C)nc3c1CN(C(C)=O)CC3)C2)c1ccccc1,68c9d3f9ab55c8ff,2
,,,COc1cnn(C)c(=O)c1-c1ccc(CC(NC(=O)c2c(Cl)cccc2Cl)c2nnn[nH]2)cc1,46496c3cfbd0e274,9
,,,CS(=O)(=O)N1CC(c2noc([C@@H]3CCCN3C(=O)C[C@H](N)Cc3cc(F)c(F)cc3F)n2)C1,e66db0d28be324b6,4
,,,O=C(O)CCCN1CC(C(=O)O)Oc2c(C=Cc3ccc(OCCCCOc4ccccc4)cc3)cccc21,9eb8c7f6239acb38,4
,,,CCCc1nn(C)c2c(=O)nc(-c3cc(S(=O)(=O)N4CCN(C)CC4)ccc3OCC)[nH]c12,ff883e3b121a9abc,4
,,,Cc1ccc(S(=O)(=O)Nc2ccc(Oc3ccccc3)cc2C(=O)O)cc1,34fd10244efd3f07,9
,,,CC(=O)N1CCN(c2nc(NC(C)c3ccc(OC(F)(F)F)cc3)c3c(n2)C(=O)N(C(C)C)C3)CC1,d9c5dd87e06ae4ba,5
,,,Cn1c(N2CCCN(CCCN3c4ccccc4Sc4ccc(C(=O)O)cc43)CC2)cc(=O)n(C)c1=O,6254eed515b1fdfb,2
,,,Cc1cc(COc2ccc(C(=O)NC3CN(S(C)(=O)=O)CC3C(=O)NO)cc2)c2ccccc2n1,48fda52e0d89eb0f,2
,,,NC(=O)[C@@H]1CCCN1C(=O)[C@H](Cc1c[nH]cn1)NC(=O)[C@@H]1CCC(=O)N1,c4518a9afccad16d,5
,,,CC(C)CC1NC(=O)C(Cc2ccccc2)NC(=O)CNC(=O)C(C)NC(=O)C(Cc2ccc(O)cc2)NC(=O)C=Cc2ccccc2OCOC1=O,23b68d07fdfa39ca,5
,,,CC(C)(O)CCn1c(Cn2c(=O)n(C3CC3)c3ccncc32)nc2ccccc21,d63eb9d1006051ee,13
,,,CC=C(C)C(=O)NC(c1ccccc1)C(O)C(=O)OC1CC2(O)C(OC(=O)c3cccc(N=[N+]=[N-])c3)C3C4(OC(C)=O)COC4CC(OC(=O)CNC(=O)OC(C)(C)C)C3(C)C(=O)C(O)C(=C1C)C2(C)C,88f4129c5fd91baf,4
,,,CCn1cc(C2(c3cccc(-c4cncc(F)c4)c3)N=C(N)c3c(F)cccc32)cc(C)c1=O,ab89cfc6a9afd474,24
,,,c1ccc(CC2(c3ccc4[nH]ccc4c3)CCNC2)cc1,eba8361cb7d91ef8,12
,,,NC(=O)C12CC3CC(C1)C(NC(=O)N1CCN(c4ccc(N5CCN(S(=O)(=O)C6CC6)CC5)cn4)c4ccccc41)C(C3)C2,35a5b4ec89f97a23,1
,,,c1ccc(OC2CN(c3c4c(nc5ccnn35)CCNCC4)C2)cc1,f465a3a0fe3289fa,6
,,,CC(C)C[C@@H]1NC(=O)[C@H](Cc2ccccc2)N(C)C(=O)CN(C)C(=O)[C@H](C)NC(=O)[C@H](Cc2ccc(O)cc2)N(C)C(=O)[C@H]2CCCN2C1=O,e674ee6c2dd7cbc6,1
,,,COC(=O)C1C(O)C2(O)c3c(OC)cc(Cl)cc3OC2(c2ccc(OC)cc2)C1c1ccccc1,6744ebc1128a57d2,5
,,,O=[N+]([O-])c1cnc(NCc2ccccc2Cl)nc1NCC1CCNCC1,cea46361b2b80933,2
,,,COc1ccc(C2(c3cccc(-c4cncnc4)c3)N=C(C)C(N)=N2)cc1C,f89d885ed4abd2db,11
,,,CC(C)CC1C(=O)NCC(=O)NC(CCCN=C(N)N)C(=O)NCC(=O)NC(CC(=O)O)C(=O)NC(Cc2ccccc2)C(=O)N1C,06630ad1f182e1cc,1
,,,CCN(C(=O)c1ccncc1)c1ccc(C(O)(C(F)(F)F)C(F)(F)F)cc1,5f01c0218c9bbe8a,15
,,,Nc1noc2ccc(-n3nc(C(F)(F)F)c4c3C(=O)N(c3ccc(-c5ccccc5CN5CCC(O)C5)cc3)CC4)cc12,59cbb129ff2f9294,1
,,,O=c1ncn(Cc2ccc(F)cc2F)c2ccc(Oc3ncccc3C(F)(F)F)cc12,20658e1fac8dc700,4
,,,O=C(Nc1cccc(OC(F)(F)Cl)c1)c1ccnn1CCc1ccncc1,939c8e41ecd7b68b,6
,,,O=C1CCCN1CCn1cc(-c2cnc3nnn(Cc4ccc5ncccc5c4)c3n2)cn1,7f8f43b6ab903555,12
,,,Cn1cnc(S(=O)(=O)N(CCN(Cc2cncn2C)c2ccc(C#N)cc2)Cc2ccc(-n3cccc3)cc2)c1,a1e61c11444fc4c8,4
,,,Cc1ccc(NS(C)(=O)=O)c(C(=O)N2CCCCC2c2cc3nc(C4CC4)ccn3n2)c1,6f5333ac59017c75,2
,,,CC(C)C[C@@H]1NC(=O)[C@H](CC(C)C)N(C)C(=O)[C@@H](CC(C)C)N(C)C(=O)[C@H](Cc2ccc(O)cc2)NC(=O)[C@@H]2CCCN2C(=O)[C@H](CC(C)C)N(C)C1=O,31c3a59167dee151,1
,,,O=c1[nH]cnc2c(-n3cc(CCN4CCC(c5ccc(F)cc5F)CC4)cn3)nccc12,16f6147cb0cbfb1d,3
,,,CC(C)(C)NS(=O)(=O)c1cncc(-c2ccc3nc(NC(=O)NCCn4nnc(C5CC5)n4)nn3c2)c1,aad88d53e02c731e,2
,,,Cc1nsc(-c2nnc3n2CCN(C(=O)c2ccccc2)C3C)n1,280ddef0d9696002,4
,,,COc1cc(N2CCN(CC(C)O)CC2)ccc1Nc1ncc2ccc(-c3ccccc3N(C)S(C)(=O)=O)n2n1,5dbae2e20d44d6d9,3
,,,CCCCCC=CCC=CCCCCCCCC(=O)OCCC=Cc1ccc(OC)c(OC)c1,991583a84559de08,3
,,,CC(C)C[C@@H]1NC(=O)[C@H](Cc2ccccc2)NC(=O)[C@H]([C@@H](C)O)N(C)C(=O)CN(C)C(=O)[C@H]([C@@H](C)O)NC(=O)[C@H](Cc2ccc(O)cc2)NC1=O,22926d6c9d9aa80b,4
,,,CC(C)CO[C@H]1[C@@H](C)[C@H](n2ccc(N)nc2=O)O[C@@]1(CO)N=[N+]=[N-],c92530444bbaf3a2,10
,,,COc1ccc(-n2nc(C(F)(F)F)c3c2C(=O)N(c2ccc(C4(N(C)C)CC4)cc2)CC3)cc1,58596a1d661c05fd,11
,,,COC1CC2OCC2(OC(C)=O)C2C(OC(=O)c3ccccc3)C34OC(=O)OC3C(OC(=O)C(O)C(CC(C)C)NC(=O)OC(C)(C)C)C(C)=C(C(OC(=O)N(C)C)C(=O)C12C)C4(C)C,7dc309a7a9132cc0,2
,,,O=C1CSCCN1c1ccc(CO[C@@H]2COc3nc([N+](=O)[O-])cn3C2)cc1F,6ddd15169a336972,3
,,,CC(NC(=O)c1cc(NC(=O)CCC(O)(CCc2ccccc2)C(=O)NC(C(=O)Nc2ccccc2)C(C)C)cc(N(C)S(C)(=O)=O)c1)c1ccccc1,9dc6ff2b81c0f8e9,2
,,,O=c1cc(N2CCOCC2)nc(Cc2nc3ccccc3n2-c2ccccc2)[nH]1,a293e8a8c753facb,2
,,,COc1cccc(C(=O)Nc2ccc(NC(=O)c3ccco3)cc2)c1,f8527c5b6e43e0d4,8
,,,N#Cc1cc2cc(C3(Cc4ccccc4)CCNC3)ccc2[nH]1,e514324849b8eedc,11
,,,CCOC(=O)c1cc(C#N)c(N2CCC(C(=O)NS(=O)(=O)Cc3ccc(F)cc3)CC2)nc1C,197ef245876f4ff8,6
,,,O=C(Nc1cc(C(F)(F)F)cc(C(F)(F)F)c1)c1cnc(Cl)nc1-c1ccccc1,cf545cb571b0654a,6
,,,CS(=O)(=O)Nc1ccc2c(c1)S(=O)(=O)NC(C1=C(O)[C@H]3CCC[C@H]3N(Cc3ccc(F)cc3)C1=O)=N2,f55e9e07bee887f8,10
,,,O=C1Nc2c(C(F)(F)F)cccc2C1(c1ccc(O)cc1)c1ccc(O)cc1,16ca99277fa5530a,3
,,,CC(C)(C)CCn1c(=O)c(C2=NS(=O)(=O)c3cc(NS(C)(=O)=O)ccc3N2)c(O)c2cccn21,cb9494c9e4cd6998,8
,,,Cc1ccc(F)cc1Oc1c(C(=O)N2CCNCC2)c2ccnc(Cc3ccccc3)c2n1-c1ccccc1,62eacd8d98d06631,3
,,,COc1ccc(C2CCN(CCc3cnn(-c4nccc5c(O)ncnc45)c3)CC2)cc1,1c5227727d3058f3,4
,,,CCCCOC(=O)N1CCN(C(=O)C(CCC(=O)O)NC(=O)c2cc(OCCOC)cc(-c3ccccc3)n2)CC1,fa6cf487bbd17574,2
,,,O=C(O)CC1OC(=O)N(CC(=O)NCC2CCC(Nc3nc4ccccc4[nH]3)CC2)c2ccccc21,1f9541c86873bedf,2
,,,CC1CCc2cccc(c2)CC(C)(N)C(=O)OCc2cc(nc(N(C)S(C)(=O)=O)c2)CC1,264e661f31ba7bfd,7
,,,CNc1cc(-c2nc(=O)n(CCC3CCCO3)c3c2oc2ncc(-c4cnn(C)c4)cc23)ccn1,8df559fcd9be12df,13
,,,CN1CCN(c2nc(C3=C(c4c[nH]c5ccccc45)C(=O)NC3=O)c3ccccc3n2)CC1,3e153941acba4268,4
,,,CNc1ccc(-c2nc(=O)n(CCC3CCCO3)c3c2oc2ccc(-c4cnn(C)c4)cc23)cn1,652b0239417d135e,4
,,,Nc1ncnc2c1ncn2[C@@H]1O[C@H](CNS(=O)(=O)NC(=O)c2ccccc2O)[C@@H](O)[C@H]1F,96b050002fe8cbfc,1
,,,N#Cc1ccc(NCC(F)(F)c2ccccn2)c(F)c1CC(=O)NCCONC(=N)N,e8a5f8dfc243a780,4
,,,CCOc1ccc(C(Nc2nc(N3CCN(C(C)=O)CC3)nc3c2CN(C(C)C)C3=O)C(F)(F)F)cc1,74c47d2b05fdfe65,2
,,,CC(C)CC(NC(=O)CNC(=O)C(Cc1ccc(O)cc1)NC(=O)C(CO)NC(=O)C(Cc1c[nH]c2ccccc12)NC(=O)C(Cc1cnc[nH]1)NC(=O)C1CCC(=O)N1)C(=O)NC(CCCNC(=N)N)C(=O)N1CCCC1C(=O)NCC(N)=O,5b39fa823e817f62,1
,,,CC(=O)N1CCN(c2nc(N[C@H](C)c3ccc(OC(F)(F)F)cc3)c3c(n2)C(=O)N(C(C)C)C3)CC1,db9864f31b86f8b0,2
,,,CN[C@@H](C)C(=O)N[C@H](C(=O)N1CCC[C@H]1C(=O)N[C@H]1c2ccccc2C[C@H]1OCC#CC#CCO[C@@H]1Cc2ccccc2[C@@H]1NC(=O)[C@@H]1CCCN1C(=O)[C@@H](NC(=O)[C@H](C)NC)C(C)(C)C)C(C)(C)C,3457f44262fec6aa,2
,,,CCOc1ccc(Nc2c(C)c(N[C@H]3CCCNC3)nc3ccnn23)cc1,e5b9582cdada2a35,3
,,,CCCc1cnc(N2CCC(Oc3ccn(-c4ccc(S(C)(=O)=O)cc4F)c(=O)c3)CC2)nc1,058e826754d25aa3,10
,,,CN(C)CCN(Cc1ccccc1)S(=O)(=O)c1ccc(NC(=O)Nc2ccc3c(ccn3C)c2)cc1,78ee2b85201471b8,3
,,,COCCNS(=O)(=O)c1ccc(-c2cnc(N)c(C(=O)Nc3cccnc3)n2)cc1,893605dd033f4960,9
,,,CC1CN(c2nc(C(F)(F)F)no2)CCN1c1ncc(OCc2ccncc2C#N)cn1,d1f1905bd4f4bde3,5
,,,COc1cccc(-c2c(C)n(Cc3c(F)cccc3C(F)(F)F)c(=O)n(CC(c3ccccc3)N(C)CCCC(=O)O)c2=O)c1F,55047c23b1c946e1,3
,,,Nc1nc(-c2ccc(F)c3c(C(=O)C(=O)N4CCN(C(=O)c5ccccc5)CC4)c[nH]c23)no1,075ef7527ac9fe0f,2
,,,Cc1cc(CC(OC(=O)N2CCC(c3cc4ccccc4[nH]c3=O)CC2)c2cc(C(=O)N(C)C)cc(Cl)n2)cc2cn[nH]c12,1920d741123ec0a6,1
,,,CC(=O)NCC1CN(c2ccc(-c3nnc(CCC(C)=NO)s3)c(F)c2)C(=O)O1,9ae7c315777f4352,10
,,,Cc1ccc(-c2c(C3CCCCC3)c3ccc(C(=O)NC(C)(C)C(=O)Nc4ccc(C=CC(=O)O)cc4)cc3n2C)nc1,83de2cfdaef93229,1
,,,CC1CCCN1CCCOc1ccc(C2=NNC(=O)CC2)cc1,7e90797b312cbff2,13
,,,CC(C)CCNC(=O)c1ccc(N2CCN(C(=O)c3ccccc3C(F)(F)F)CC2)nn1,6356e8bcf19f6c3d,3
,,,CC(C)CC(CO)Nc1nc([S+]([O-])Cc2ccccc2)nc2[nH]c(=O)sc12,83d78fe68ee4b8cf,2
,,,Cc1cc(C#N)nc(C)c1C(=O)N1CC2CN(CCC(c3ccccc3)C3CCN(S(C)(=O)=O)CC3)CC2C1,d8c425d6f73f4947,1
,,,O=C1CC2OCC=C3CN4CC(O)C56c7ccccc7N1C5C2C3CC46,509f5bee20c27c01,5
,,,N=C(N)SCc1cccc2c1=c1c(CSC(=N)N)cccc1=2,e358a619a90f4aee,16
,,,Cn1cnc(S(=O)(=O)N(CCN(Cc2cncn2C)c2ccc(C#N)cc2)CC2CCCCC2)c1,820c53b97d554725,3
,,,COc1cc(C)ccc1S(=O)(=O)NC(=O)C(c1ccc2c(c1)OCO2)c1cn(C)c2cc(C#N)ccc12,0137ef57c3b1461b,9
,,,CC(C)C1(C)CC(=O)N(Cc2cc(F)cc(N3CC(c4ccccc4)CC3=O)c2)C(=N)N1,6cc06f8854cc7618,8
,,,COc1cc(C)c(S(=O)(=O)N(C)CCOCC(=O)N2CCC(CCN(C)C)CC2)c(C)c1,d31e3baf665618d7,3
,,,CNC(=O)C1Cc2cn(cn2)CC(=O)N2CCCC2C(=O)NC(C)C(=O)N1C,2c7e64265461791c,2
,,,Oc1ccc(-c2cc(-c3cccc(O)c3)cs2)cc1,57d82eaf2c5aac0b,16
,,,CC(C)n1c(=O)c(C(=O)NC2CC3CCC(C2)N3CC(O)CN(C)S(C)(=O)=O)cc2ccccc21,8c8897f98ff35b9e,10
,,,CCCCCCC(N)C(=O)N[C@@H](Cc1ccc(O)cc1)C(=O)N1CCC[C@H]1C(=O)N[C@@H](Cc1c[nH]c2ccccc12)C(=O)N[C@@H](Cc1ccccc1)C(=O)N[C@@H]1O[C@H](C(N)=O)[C@@H](O)[C@H](O)[C@H]1O,a5ea328ceb7f6541,7
,,,COc1ccc(-n2nc(C(F)(F)F)c3c2C(=O)N(c2ccc(C4(C5=NC(C)(C)CO5)CC4)cc2)CC3)cc1,6834538fb88c54de,16
,,,CC(C)C[C@@H]1NC(=O)[C@H](Cc2ccccc2)NC(=O)[C@H]([C@@H](C)O)NC(=O)CN(C)C(=O)[C@H]([C@@H](C)O)NC(=O)[C@H](Cc2ccc(O)cc2)NC1=O,f091b6bcaf9bcb12,1
,,,O=C(C=Cc1ccc2c(c1)C(=O)CC1(CCN(Cc3ccccc3)CC1)O2)NO,143a0443192519fd,7
,,,COc1ccccc1C(=O)C=Cc1ccccc1C(F)(F)F,36972dd152c6ef36,8
,,,CC(C)CC1NC(=O)C(Cc2ccccc2)NC(=O)CN(C)C(=O)C(C)N(C)C(=O)C(Cc2ccc(O)cc2)NC(=O)C2CCCN2C1=O,4d38877e0d7a4400,3
,,,Cn1ccc2cc(N(Cc3ccccc3)C3CCNCC3)ccc21,bb1a6dd6e3ebbc56,4
,,,O=C(NC1CC1)c1ccc(N2CCN(C(=O)N3CCC(c4cn[nH]c4)C3)c3ccccc32)cc1,5b9a98bc37bceacf,2
,,,O=C(O)CCCN1CC(c2nnn[nH]2)Oc2c(C=Cc3ccc(OCCCCc4ccccc4)cc3)cccc21,75dd9d6365a9e175,4
,,,CC(=O)NC(=O)C(N)Cc1c[nH]c2ccccc12,60002daa5cd73fae,12
,,,COC(=O)c1c(C)cc([N+](=O)[O-])c(C(=O)OCCN(C)Cc2ccccc2)c1C1C=C(C)NC(C)=C1,57efc4b2c696cb1a,7
,,,N#Cc1ccc(Cn2cncc2CN2CCN(C(=O)C34CC5CC(CC(C5)C3)C4)CCC2c2ccccc2)cc1,afbca6ea71e28821,9
,,,Cc1[nH]c2cc(C3CCCCN3C(=O)c3ccccc3NS(C)(=O)=O)nn2c(=O)c1C,2992f88c63e67dab,4
,,,COC(=O)O[C@H]1C(=O)[C@]2(C)[C@@H](OC)C[C@H]3OC[C@@]3(OC(C)=O)[C@H]2[C@H](OC(=O)c2ccccc2)[C@]2(O)C[C@H](OC(=O)[C@H](O)[C@H](CC(C)C)NC(=O)OC(C)(C)C)C(C)=C1C2(C)C,e45f1989f196517f,3
,,,O=C(O)CC1CCC(c2ccc(-c3ccc4c(c3)OCCN4C(=O)Nc3ccccc3)cc2)CC1,8ac015b3c552610a,7
,,,CCCN(CCC)c1cc(C(=O)Nc2ccc(O)cc2)ncn1,aae998767d1eee51,21
,,,COC1C(=O)C2(C)C(OC(=O)N(C)C)CC3OCC3(OC(C)=O)C2C(OC(=O)c2ccccc2)C2(O)CC(OC(=O)C(O)C(CC(C)C)NC(=O)OC(C)(C)C)C(C)=C1C2(C)C,92df7180c58e7271,3
,,,CNC(=O)[C@@H](NC(=O)[C@@](O)(CCCN(Cc1ccc(C#Cc2cccnc2)cc1)NC(=O)[C@@H](NC(=O)OC)C(C)(C)C)Cc1ccccc1)C(C)(C)C,d1a37253e014cd03,1
,,,Oc1cc(N2CCOCC2)nc(Cc2nc3cc(F)ccc3o2)n1,f3e4fc0a5bb8caa1,10
,,,NC1=NC(c2ccncc2)(c2cccc(-c3cncnc3)c2)C2=NCC(F)(F)CN12,fb56b3aada4ba283,15
,,,Cn1cncc1CN1CC(N(Cc2ccccn2)S(=O)(=O)c2ccccn2)Cc2cc(C#N)ccc21,56fc58abface0f7f,2
,,,O=C1N(Cc2ccc(C(F)(F)F)cc2)c2ccccc2C1(O)c1ccc2c(c1)OCO2,81d23e7d90b9af6d,13
,,,CCCCCN1C(=O)C(O)(c2ccc3c(c2)OCO3)c2ccccc21,3ee0876348b89ecc,19
,,,COc1ccc(C=CCCO)cc1OC,16d60bcf2c9f3a30,10
,,,O=C(CCCc1ccc2c(c1)CCCC2)NC1OC(CO)C(O)C(O)C1O,abb6f443a6922a68,3
,,,Cc1ccccc1CC(NC(=O)C(N)Cc1ccccc1)C(N)=O,9901d34fb77e9052,8
,,,O=C(Nc1cnc(-c2ccncc2)c(-c2ccncc2)n1)C1CC1,af4b2be633ff205c,2
,,,COC[C@H](C)Oc1cc(Oc2ccc(S(C)(=O)=O)cc2)cc(C(=O)Nc2ccc(C(=O)O)cn2)c1,7f43d585bec84297,2
,,,CN1C(=O)CC(N2CCN(CCC=C3c4ccccc4COc4ccc(C(=O)O)cc43)CC2)N(C)C1=O,156176c072c2f92e,6
,,,COc1cc2c(cc1OC)CN(Cc1coc(-c3ccc4ccccc4c3)n1)CC2,86ee75cd33d0d303,4
,,,CCN1C(=O)C(c2cc(-c3cnn(C)c3)ccc2O)C(=O)N(c2ccccc2)c2cc(C(F)(F)F)ccc21,00a304abc49cdddf,13
,,,CCCCCCCCCC[C@H](N)C(=O)N[C@@H](Cc1ccc(O)cc1)C(=O)NCC(=O)NCC(=O)N[C@@H](Cc1ccccc1)C(=O)N[C@@H](CC(C)C)C(N)=O,0164726a58a5fcfb,1
,,,CC1CN(C(=O)Cc2nc(O)cc(N3CCOCC3)n2)c2ccccc21,dcdcd7bf5f2b795c,8
,,,C=CC1CC1(NC(=O)C1CC(OC)(c2ccc(-c3ccccc3OC)cc2)CN1C(=O)C(NC(=O)OC1CCCC1)C(C)(C)C)C(=O)NS(=O)(=O)C1CC1,b1336bf4fec7bdda,2
,,,O=C1c2cnccc2C(=O)c2nc3cc(CCO)ccc3nc21,eeff327728dd417e,12
,,,CC1CN(C(=O)c2ccccc2)CCN1C(=O)C(=O)c1c[nH]c2cccc(F)c12,2e1b7169b07b4bfc,4
,,,CN1CCN(c2ccc(C3CC(c4ccc([N+](=O)[O-])o4)=NO3)cn2)C(=O)C1,05ec28ba5f284e6e,8
,,,Cc1ccc(CCNc2ncc(C)n(CC(=O)N(C)CCON=C(N)N)c2=O)cc1,5d81b23adc1af514,5
,,,COc1ccc2c(OC3CC4C(=O)NC5(C(=O)NS(=O)(=O)C6CC6)CC5C=CCCCCCC(NC(=O)c5ccn(C)n5)C(=O)N4C3)cc(OC(C)C)nc2c1C,3d30f4279db0f3e7,2
,,,NC1=N[C@](c2ccc(OC(F)F)cc2)(c2cccc(OCCCF)c2)C2=NCC(F)(F)CN12,f8dd458f6a977643,8
,,,CC(C)c1nnc2n1CC(C)N(C(=O)c1cccc(C(F)(F)c3nnc(O)c4ccccc34)c1)C2,2a49e80f39722ac5,3
,,,CN1C(=O)NC(=O)[C@]12Cc1ccc(NC(=O)Cn3c(=O)n(-c4cc(F)cc(F)c4)c4ccccc43)cc1C2,391b9b43d8592b3b,9
,,,CC(=O)OC(C)OC(=O)N1CCC(N2CCN(CC(=O)c3ccc(OCC(=O)OC4CCOCC4)cc3)C(=O)C2)CC1,d07acfef79cb23d5,4
,,,COc1ccc2c(OC3CC4C(=O)NC5(C(=O)NS(=O)(=O)C6(C)CC6)CC5C=CCCCCCC(=O)N4C3)cc(-c3nc(C(C)C)cs3)nc2c1Cl,fe4ee7bd58e582de,2
,,,O=C(O[C@H]1C[C@H](n2cc(F)c(=O)[nH]c2=O)O[C@@H]1CO)c1ccc([N+](=O)[O-])cc1,a8c79c6590545f41,6
,,,Cc1nc(-n2cnn(CCOc3ccc(F)cc3)c2=O)sc1C(=O)NCc1cccnc1,9e55b2672aacf0c4,6
,,,CC(C)c1nc(-c2nnc3n2CCN(C(=O)c2ccc(-c4cccs4)cc2)C3C)co1,36293cf0c8cc33b2,8
,,,C=CC1CC1(NC(=O)C1CC(OC)(c2ccc(-c3ccccn3)cc2)CN1C(=O)C(NC(=O)OC1CCCC1)C(C)(C)C)C(=O)NS(=O)(=O)C1CC1,19407169b15e7c69,3
,,,COc1ccc(-c2cc3c(C)nc(N)nc3n(C3CCC(OCCO)CC3)c2=O)cn1,2e81eac7615f988b,3
,,,O=C1CCCCN1c1ccc(CO[C@@H]2COc3nc([N+](=O)[O-])cn3C2)cc1,4e2327c174b28b72,2
,,,CCCn1c(=O)c2cccnc2n(CCC)c1=O,b705340a6c2422bd,17
,,,CC(C)OC(=O)N1CCC(CN(C2Cc3cc(C#N)ccc3N(Cc3cncn3C)C2)S(=O)(=O)c2ccccn2)CC1,8b03632800ea4255,5
,,,O=C(O)CCCN1CC(C(=O)O)Oc2c(NC(=O)c3ccc(OCCCCc4ccccc4)cc3)cccc21,c0dc1a439c97cd12,6
,,,COC1CCC(CN2CC(c3ccccc3)N(C3CCN(C4(C)CCN(C(=O)c5c(C)ncnc5C)CC4)CC3)C2=O)CC1,2b9a3a98cff8dfed,3
,,,C=CC1CC1(NC(=O)C1CC(c2csc(-c3ccccc3)n2)CN1C(=O)C(NC(=O)OC1CCCC1)C(C)(C)C)C(=O)NS(=O)(=O)C1CC1,d53c1408e520a43a,2
,,,CNC(=O)C(Cc1ccccc1)NC(=O)C(N)Cc1ccccc1,a5207b90d6f33c41,4
,,,O=[N+]([O-])c1cn2c(n1)OC[C@@H](OCc1ccc(N3CCSCC3)cc1)C2,90b1e785715d84e3,2
,,,CC(C)(C)c1nc2c(s1)CCc1nc(NC(=O)N3CCCC3(C)C(N)=O)sc1-2,d9c27baebac875e5,3
,,,Cc1nc(C(C)C)n(C2CC3CCC(C2)N3CCC(NC(=O)C2CCC(F)(F)CC2)c2ccccc2)n1,a8adc3ebc093688f,1
,,,COc1ccc2c(OC3CC4C(=O)NC5(C(=O)NS(=O)(=O)C6CC6)CC5C=CCCCCCN(C)C(=O)C4C3)nc(-c3ccccc3)nc2c1C,6c2e1d153766abe0,2
,,,COc1ccc2c(O[C@@H]3C[C@H]4C(=O)N[C@]5(C(=O)NS(=O)(=O)C6CC6)C[C@H]5/C=C\CCCCN(C)C(=O)[C@@H]4C3)nc(-c3nc(C(C)C)cs3)nc2c1,ce7b167a51c3f70e,2
,,,Nc1noc2ccc(-n3nc(C(F)(F)F)cc3C(=O)NC3CCN(c4ccccc4CN4CCC[C@H]4O)CC3)cc12,27c83471f424f802,3
,,,Oc1c2c(nn1-c1nc3ccc(F)cc3s1)CCc1ccccc1-2,ea0e3f75aa5fce38,2
,,,O=C(O)CCCN1CC(c2nn[nH]n2)Oc2c(CCc3ccc(OCCCCc4ccccc4)cc3)cccc21,9853f3b1d80e0946,5
,,,CN1CCN(c2ccc(C(=O)Nc3[nH]nc4ccc(Cc5cc(F)cc(F)c5)cc34)c(N[C@H]3CC[C@H](O)CC3)c2)CC1,e508130f7eaaa967,1
,,,O=C(Nc1ccc(C2CCN(C(=O)C3CCC(C(=O)O)CC3)CC2)cc1)c1nc(-c2ccccc2)oc1C(F)(F)F,62672cd8cef0f6b1,2
,,,COc1cccc(-n2c(=O)n(Cc3ccccc3C#N)c(=O)n(CC(N)c3ccccc3)c2=O)c1F,a44ede2f93a08bfe,10
,,,COc1ccc(CNC(=O)c2cc(-c3nnn(Cc4ccc(C(=O)O)cc4)n3)cc(C)n2)cc1,a5db32c89d4e96be,14
,,,Cc1nc(-c2ccc(C)c(-c3ccc4c(c3)NC(=O)C43CCOCC3)c2)n[nH]1,91b6b32de46c2a75,5
,,,[C-]#[N+]C(=Cc1ccc(OC)cc1)C(=Cc1ccc(OC)cc1)[N+]#[C-],b6869366cf533f83,8
,,,N#Cc1ccc(N2CCN(C(=O)N3CCC(c4cn[nH]c4)C3)c3ccccc32)cc1,d17fa78f52178c7b,10
,,,COc1c(C=Cc2ccc(NS(C)(=O)=O)cc2)cc(-c2ccc[nH]c2=O)cc1C1(C)COC1,fb3f75e7d4ad88b5,5
,,,Cc1cc(COc2ccc(C(=O)NC3CCC3C(=O)NO)cc2)c2ccccc2n1,08648aa9f4658b8a,12
,,,Cc1[nH]n(-c2nc3ccccc3[nH]2)c(=O)c1-c1ccccc1,905f0002fcd32117,2
,,,CN(Cc1ccccc1)C(=O)[C@@]1(c2ccc(Cl)c(Cl)c2)C[C@H]1CN1CCC(c2ccccc2)(N(C)C(=O)C(N)=O)CC1,285617b55fd68b34,5
,,,N#Cc1ccccc1Cn1c(N2CCCC(N)C2)nc2c(-c3ccncc3)cnc-2c1O,58c076e04018394c,5
,,,COC(=O)N[C@H](C(=O)NN(CCC[C@@](O)(Cc1ccccc1)C(=O)N[C@H]1c2ccccc2C[C@H]1O)Cc1ccc(-c2ccccc2)cc1)C(C)(C)C,44871b388f65d303,2
,,,CCC(=S)NCC1CN(c2ccc(N3CCN(C(=O)CO)CC3)c(F)c2)C(=O)O1,78b9a27c90ef5a0e,3
,,,O=C1COCCN1c1ccc(CO[C@@H]2COc3nc([N+](=O)[O-])cn3C2)cc1,063de71703b1e9e6,4
,,,Cc1c(-c2cn(C(C)C)c(=O)c3ccccc23)c2cc(F)ccc2n1CC(=O)O,468e8fb8eb06366a,13
,,,CC(C)CC1(C(=O)c2ccc3[nH]ncc3c2)CCCN1,672341715b803d2c,10
,,,CC(C)CC(NC(=O)CNC(=O)C(Cc1ccc(O)cc1)NC(=O)C(CO)NC(=O)C(Cc1c[nH]c2ccccc12)NC(=O)C(Cc1c[nH]cn1)NC(=O)C(CCC(N)=O)NC(=O)CCC(=O)NC1OC(CO)C(O)C(O)C1O)C(=O)NC(CCCN=C(N)N)C(=O)N1CCCC1C(=O)NCC(N)=O,d82e57620b293bd5,5
,,,CNC(=O)C=C(c1ccc2nc(N)n(C3CCCC3)c2c1)c1ccccc1F,be94ac3c745b7c2f,11
,,,CN1CC(=O)NCC(=O)NCC(=O)N([C@@H](Cc2ccccc2)C(N)=O)CCNC(=O)CCN[C@@H](Cc2ccccc2)C(=O)N(C)CC1=O,677cef2aaa4c73cb,2
,,,CNC1(c2ccc(N3CCc4c(C(N)=O)nn(-c5ccc(OC)cc5)c4C3=O)cc2)CC1,7d24e30b12c5f0c6,14
,,,O=C(NC1(C(=O)NC(Cc2ccccc2)C(=O)NCCCN2CCOCC2)CCCC1)c1sc2ccccc2c1Cl,e392a29da53eba26,3
,,,O=c1n(Cc2nc3ccccc3n2CCCCF)c2cnccc2n1C1CC1,79a61a0a2c259b6f,18
,,,O=C(NCCC1CC1)c1ccc(N2CCN(C(=O)c3cccc(F)c3C(F)(F)F)CC2)nn1,ee9c9397147184cc,11
,,,CC(=O)NC(Cc1c[nH]c2ccccc12)C(=O)NC(C)C(=O)NCC(=O)NCC(=O)NC(CC(=O)O)C(=O)NC(C)C(N)=O,46a47e122276f239,2
,,,OC[C@H]1O[C@H](Oc2ccc(-c3ccc(-c4nn[nH]n4)cc3)cc2)[C@@H](O)[C@@H](O)[C@@H]1O,1ad3a82847d3f738,4
,,,NC1=NC(c2cccc(-c3cncnc3)c2)(c2ccnc(C(F)F)c2)c2cccc(F)c21,9e0aaf91168e01dd,18
,,,Cc1cccc(/C=C/C(=O)NC2(C(=O)N[C@H](Cc3ccccc3)C(=O)NCC3CCN(CC4CCOCC4)CC3)CCCC2)c1,1b93a61bb1db8f35,3
,,,COc1cc(C)c(S(=O)(=O)N(C)CCOCC(=O)N2CCC(CN3CCN(C)CC3)CC2)c(C)c1,eb70cb18d2f00182,5
,,,CC(C)C[C@@H]1C(=O)N(C)[C@@H](CC(C)C)C(=O)N[C@@H](Cc2ccc(O)cc2)C(=O)N(C)[C@H](C)C(=O)N(C)CC(=O)N[C@@H](Cc2ccccc2)C(=O)N1C,50cbdba6d4aac827,1
,,,C=C(c1ccccc1)C1OCC(NC(=O)Cc2ccccc2)CO1,4a510921f5991357,3
,,,CC(C)(C)c1ccc2c(c1)CC[C@H]2NC(=O)Nc1cccc2[nH]ncc12,d9af8a9d2c7ef857,1
,,,CNC(Cc1ccccc1)C(=O)N(C)CC(=O)NCC(=O)NCC(=O)NCC(=O)N(C)C(Cc1ccccc1)C(N)=O,dc662aaf57bbe6c7,2
,,,CNC(=O)C(Cc1ccccc1)NC(=O)C(Cc1ccccc1)NC(C)=O,964214c2fc4f5268,8
,,,CN(c1cc2cc(n1)NCCCCc1cccc(c1)CC(C)(N)C(=O)OC2)S(C)(=O)=O,205e66377a880290,2
,,,Cc1nc(NC(=O)C2CCC(C(F)(F)F)CC2)sc1-c1ccc(N)nc1,bf9cb5c196c8c8c7,3
,,,COc1cccc(-n2c(=O)n(Cc3c(F)cccc3Br)c(=O)n(CC(N)c3ccccc3)c2=O)c1F,75f3775eb2618753,22
,,,CC(C)c1ccc2nc3c(nc2c1)C(=O)c1ccncc1C3=O,ba885594b5250115,2
,,,Cc1cc(Cc2ccc(C(=O)NC3CCCC3C(=O)NO)cc2)c2ccccc2n1,f5f2ca04bcdcb664,11
,,,CCc1nc(N)nc(N)c1-c1ccc2c(c1)N(CCNC(C)=O)C(=O)C1(CC1)O2,5e914c35e309410e,2
,,,O=C1CC(=O)N(CCCCc2ccccc2)C(=O)N1CCCCc1ccccc1,8ba17a39169d8a3c,10
,,,CNC(Cc1ccccc1)C(=O)NC(Cc1ccccc1)C(N)=O,e2d0426b070d6f6c,6
,,,N#Cc1ccccc1Cn1c(N2CCC[C@@H](N)C2)nc2c(-c3ccsc3)cnc-2c1O,f1776598698d2fa6,4
,,,CS(=O)(=O)C1CCN(c2cccc3c2ccn3-c2ccnc(NC3CCC(C(=O)N4CCC(O)CC4)CC3)n2)CC1,91f9716b90e938b2,3
,,,C=C(C)CN1C[C@H](C(=O)NO)[C@H](NC(=O)c2ccc(OCc3cc(C)nc4ccccc34)cc2)C1,61fec001df76780b,11
,,,Cn1ncc(C(=O)N2C3CCC2CC(Nc2cc(=O)n(C)c4ncccc24)C3)c1Cl,6dfdc7bfd7a789ba,7
,,,O=C(NC1(C(=O)NC(Cc2ccccc2)C(=O)NCCCN2CCOCC2)CCCC1)c1cc2ccccc2s1,d8ab23835073150f,6
,,,CC(C)n1c(=O)c(C(=O)NC2CC3CCC(C2)N3CCCCCCCN2CCN(c3ccccc3)CC2)cc2ccccc21,4b11694f3affb7a9,4
,,,CCC1(C)NC(=O)c2cc(S(=O)(=O)N(C)c3ccccc3)ccc2NC1=O,e5e90c19259f5645,11
,,,CC(C)C[C@@H]1NC(=O)[C@H](Cc2ccccc2)NC(=O)[C@@H](CC(C)C)N(C)C(=O)[C@H](CC(C)C)N(C)C(=O)[C@H](Cc2ccc(O)cc2)NC(=O)[C@@H]2CCCN2C1=O,5f268fe6a87f47eb,1
,,,CS(=O)(=O)N(CCN1CCOCC1)c1ccc(Nc2ncc3cnn(C4CCCCCC4)c3n2)cc1,6dff1b222170b352,5
,,,Cc1ccnc(C)c1C(=O)N1CC2CN(CCC(NC(=O)C3CCCC3)c3ccccc3)CC2C1,b2e6162f464b5814,3
,,,O=C(Cc1nc(O)cc(N2CCOCC2)n1)N1CCc2c(OC(F)(F)F)cccc21,bc3a51bc4b437409,7
,,,Cn1cncc1CN1CC(N(CC2CCN(C(=O)CNC(=O)OC(C)(C)C)CC2)S(=O)(=O)c2ccccn2)Cc2cc(C#N)ccc21,526b0ba9e1a02c01,5
,,,COc1ccc(-n2nc(C(N)=O)c3ncn(-c4ccc(-c5ccccc5CN5CCCC5)cc4)c(=O)c32)cc1,41d0fe0c8c4fdbb5,2
,,,COC(=O)NC(C(=O)NN(CCCC(O)(Cc1ccccc1)C(=O)NC1c2ccccc2CC1O)Cc1ccc(Br)cc1)C(C)(C)C,ca29ab37a665b5f0,3
,,,CN(C(=O)C(Cc1ccc(CN)cc1)NS(=O)(=O)c1ccc2ccccc2c1)C1CCCC1,80ff98a2423fe4fd,6
,,,CC(C)CNC(=O)C1CC(F)(c2ccc(CN3CCCC3)c(F)c2)C1,52e0320b74e5f508,10
,,,CCc1c(CCCC(=O)O)cccc1-c1ccc(-c2ccc(OC(C)C)c(C#N)c2)cc1,e5cba1b3c12faee4,11
,,,CC(C)CC1C(=O)NCC(=O)N(C)C(CCCN=C(N)N)C(=O)NCC(=O)NC(CC(=O)O)C(=O)NC(Cc2ccccc2)C(=O)N1C,d2bfa296cefbb709,2
,,,CC(=O)C(NC(=O)CN)c1ccc(O)cc1,5029d9944f4bdd23,11
,,,CC1Cn2c(nnc2C(C)(C)C)CN1C(=O)c1cccc(C(F)(F)c2nnc(O)c3ccccc23)c1,f8c8f052e4c27539,2
,,,CC(=O)Nc1ccccc1C(=O)N1CCCCC1c1cc2[nH]c(C)c(C)c(=O)n2n1,21eef944f20e3425,4
,,,C#CCN(CC#C)C(=O)C1(c2cccs2)CC1CN,094ee5ec45a2010d,10
,,,COc1ccc2c(O[C@@H]3C[C@H]4C(=O)N[C@]5(C(=O)NS(=O)(=O)C6CC6)C[C@H]5/C=C\CCCCN(C)C(=O)[C@@H]4C3)nc(-c3ccccc3)nc2c1,a04f110968199c9e,5
,,,CC(C)S(=O)(=O)n1c(N)nc2ccc(C(=CC(N)=O)c3c(F)c(F)c(F)c(F)c3F)cc21,a7cf484da03f027f,8
,,,Cn1cncc1CN1CC(N(CC2CCN(C(=O)N3CCCC3)CC2)S(=O)(=O)c2ccccn2)Cc2cc(C#N)ccc21,aa17a359967c76dc,7
,,,Nc1noc2ccc(-n3nc(C(F)(F)F)c4c3C(=O)N(c3ccc(-c5ccccc5CN5CCC(O)C5)cc3F)CC4)cc12,455150df36460470,1
,,,CNC(=O)c1ccc2nc(C(F)(F)F)n(C)c2c1,6656cc0d7b066711,4
,,,COc1cnn(C)c(=O)c1-c1ccc(C[C@@H](CO)NC(=O)c2c(Cl)cccc2Cl)cc1,68ca3087c1fdcfe8,5
,,,C=C(C)C(=O)N1CCC(CN(C2Cc3cc(C#N)ccc3N(Cc3cncn3C)C2)S(=O)(=O)c2ccccn2)CC1,69b1f30171c98740,2
,,,COc1ccc2c(c1)C=C(c1cccnc1)C2,b92d645b6d4b59a3,4
,,,COc1cc(Nc2nc3n(n2)C(C)CC(=O)N3Cc2ccccc2)ccc1-n1cnc(C)c1,611a0b6d46d2e04e,23
,,,CCc1c(C2CCN(CCCSc3ccc(F)cc3)CC2)c2ccc(F)cc2n1-c1ccc(C(=O)O)cn1,fc861b91878a88eb,2
,,,Cn1c(NCCCN2CCC(CN3c4ccccc4Sc4ccc(C(=O)O)cc43)CC2)cc(=O)n(C)c1=O,ffd02519b1d516cc,3
,,,COc1cc(N2CCOCC2)ccc1-c1nc2c(NC3C4C=CC(C4)C3C(N)=O)c(Cl)cnc2[nH]1,d0089c9b5d42e46a,3
,,,CN1C(=O)NC(=O)[C@]12Cc1ccc(NC(=O)Cn3c(=O)n(-c4cnccn4)c4ccccc43)cc1C2,0119e894d9a1153d,6
,,,C[C@H]1Cn2c(nnc2C(C)(C)F)CN1C(=O)c1cccc(C(F)(F)c2nnc(O)c3ccccc23)c1,357a6d16ba5e80c7,2
,,,CC(C)C[C@H]1NC(=O)[C@H](Cc2ccccc2)NC(=O)CNC(=O)[C@H](C)NC(=O)[C@H](Cc2ccc(O)cc2)NC(=O)/C=C\c2ccccc2OCOC1=O,9adad3a801ca81ec,4
,,,Cc1ncoc1-c1nnc(SCCCN2CC3CCN(c4ccc(C(F)(F)F)cc4F)C3C2)n1C,7a8d6c618e257d82,1
,,,Cc1nnc(-c2ccc(F)c3c(C(=O)C(=O)N4CCN(C(=O)c5ccccc5)CC4)c[nH]c23)[nH]1,cef631f6951f4496,7
,,,COc1ccc(-n2nc(C(F)(F)F)c3c2C(=O)N(c2ccc(C4(CN5CCCC5)CC4)cc2)CC3)cc1,84d5bd0b6e83dd0e,23
,,,Cc1cc2c(=O)n(Cc3ccccc3C#N)c(N3CCCC(N)C3)nc2[nH]1,15eee41a464f7a6a,6
,,,OCC1OC(Oc2ccc(-c3cc(F)c(O)c(F)c3)cc2)C(O)C(O)C1O,18c667167d66bf12,5
,,,Cc1cc(-c2nc(N)[nH]c(=O)c2Cl)cc(C#N)c1OCC1CCOC1,8b1ad19382561d6f,17
,,,NC(=O)[C@H](Cc1cccc(F)c1)NC(=O)[C@@H](N)Cc1ccccc1,5f2dec5ce493c32f,1
,,,Cn1c(-c2ccccn2)c(C2CCCCC2)c2ccc(C(=O)NC(C)(C)C(=O)Nc3ccc(NC(=O)C(N)=O)cc3)cc21,4f7bff1e98874e73,4
,,,CCCCn1c(=O)c2cc(Cl)cnc2n1Cc1ccc(-c2ccccc2-c2nn[nH]n2)cc1,6f2860d165d41d00,4
,,,CCCCCCCCCCC(N)C(=O)NC(Cc1ccc(O)cc1)C(=O)NCC(=O)NCC(=O)NC(Cc1ccccc1)C(=O)NC(CC(C)C)C(N)=O,4d0dc247d3fca34e,3
,,,CCCC1N(C(=O)c2cnccc2C(F)(F)F)CCCC1(Oc1csc(C(F)(F)F)c1)C(=O)N1CCN(c2ccccc2OCCCC(=O)O)CC1,349da53e08b0c50d,2
,,,C=Cc1cc([C@H](NC(=O)[C@@H](NC(=O)OC(C)(C)C)C(C)(C)C)C(=O)Nc2cccc(C(=O)NS(=O)(=O)c3ccc(C(F)(F)F)cc3)c2)ccc1Oc1cc(OC)nc(-c2ccccc2)n1,5e7168cffc3126bb,2
,,,Cc1cc(COc2ccc(C(=O)NC3(CC(=O)NO)CCN(C4=NCCS4)CC3)cc2)c2ccccc2n1,3be1f8b018279ed6,2
,,,CN(Cc1ccc(F)cc1)C(=O)[C@@]1(c2ccc(Cl)c(Cl)c2)C[C@H]1CN1CCN(S(=O)(=O)N(C)C)CC1,9d261f149eb1c9ca,4
,,,CC(C)(NC(=O)c1nc(-c2cccc(-c3ccc(N)nc3)c2)cnc1N)C1CCNCC1,a61e18e253164b2b,9
,,,CCC1CC(n2c(=O)nc(-c3cnn(C)c3)c3oc4cnc(-c5cn(C)cn5)cc4c32)CCO1,2cc3567fa5b11e2e,2
,,,CC(C)(C)c1noc([C@@H]2CCCN2C(=O)C[C@H](N)Cc2cc(F)c(F)cc2F)n1,79b8429a3cd6698a,6
,,,CS(=O)(=O)N1CCN(c2ccc(N3CCN(C(=O)NC4C5CC6CC4CC(O)(C6)C5)c4ccccc43)nc2)CC1,54b5973a19e6e505,2
,,,Cn1c(=O)c2c(c(C#N)c(N3CCCC(N)C3)n2Cc2ccccc2)n(C)c1=O,cbd98da0a13f86ce,6
,,,CC(C)CC(NC(=O)CNC(=O)C(Cc1ccc(O)cc1)NC(=O)C(CO)NC(=O)C(Cc1c[nH]c2ccccc12)NC(=O)C(Cc1cnc[nH]1)NC(=O)C(CCC(=O)O)NC(=O)CCC(=O)NC1OC(CO)C(OC2OC(CO)C(O)C(O)C2O)C(O)C1O)C(=O)NC(CCCNC(=N)N)C(=O)N1CCCC1C(=O)NCC(N)=O,c297da4633cad05e,1
,,,COc1cc(Nc2nc3n(n2)CCC(=O)N3Cc2ccccc2C)ccc1-c1ccnnc1,f91e9c29dee5b3ff,24
,,,O=C(CC1CNC(=O)c2cc(-c3cccc(F)c3)cn21)NC(CO)Cc1ccccc1,429684449ef0a13e,6
,,,Cc1cc(-c2nnn(Cc3ccc(C(=O)O)cc3)n2)cc(C(=O)NCc2ccc(F)cc2)n1,c6b774f44e6b0063,12
,,,COc1c(C=Cc2ccc(NS(C)(=O)=O)cc2)cc(-c2ccc[nH]c2=O)cc1C1(Cl)CC1,f691e67c297a4d53,8
,,,Cc1c(C(=O)O)sc2ccc(NC(=O)C3(NC(=O)c4ccc5c(C6CCCCC6)c(-c6ccccn6)n(C)c5c4)CCC3)cc12,85d14c1f6fa73a32,3
,,,O=C(C=Cc1ccc(O)c2c1C(C(=O)O)C(c1ccc(O)c(O)c1)O2)OC(Cc1ccc(O)c(O)c1)C(=O)O,299a153f8f262c1e,5
,,,COc1cc(C(=O)N2CCC(CCN3CCC(C(=O)N4CCOCC4)(c4ccccc4)CC3)(c3ccc(Cl)c(Cl)c3)C2)cc(OC)c1OC,068084bdecfb29a9,5
,,,O=C(NS(=O)(=O)NC[C@H]1O[C@@H](n2cnc3c(NC4CC4)nc(-c4ccccc4)nc32)[C@H](O)[C@@H]1O)c1ccccc1O,67aa4582b6101815,1
,,,CCC(C)C1NC(=O)C2CCCN2C(=O)C(Cc2ccccc2)NC(=O)C(C(C)(C)C)NC(=O)c2csc(n2)C(C(C)CC)NC(=O)C2CCCN2C1=O,a9f462bd3ef9cb6c,3
,,,COc1ccc2c(OC3CC4C(=O)NC5(C(=O)NS(=O)(=O)C6CC6)CC5C=CCCCCCC(NC(=O)c5ccn[nH]5)C(=O)N4C3)cc(OC(C)C)nc2c1C,17f6cf330b02c113,1
,,,CN(CCc1cnn(-c2nccc3c(=O)[nH]cnc23)c1)Cc1ccc(F)cc1,d9add4c3cfdf5bc4,8
,,,COc1cccc(-c2cccc(C3(C)CCSC(N)=N3)c2)c1,f348a97a94389a64,18
,,,COc1cc(Nc2nc3n(n2)CCCC3c2ccccc2)ccc1-n1cnc(C)c1,51af3599f3ce5a45,17
,,,CC(C)(C(=O)NC1OC(CO)C(O)C(O)C1O)c1cccc2ccccc12,c7fa81c3b3b85c0c,6
,,,NC(=O)C(Cc1ccccc1)NC(=O)C(N)Cc1ccccc1,460337e722418f61,11
,,,COCCCOc1cc(C(=O)N(CC2CNCC2NC(=O)OCC2CCCCC2)C(C)C)ccc1OC,ec2658d23342c70e,2
,,,CN(C)Cc1[nH]ncc1-c1ccc(-c2ccc3c(C(N)=O)nn(-c4ccc5onc(N)c5c4)c3c2F)c(F)c1,9db669e68c0d148b,8
,,,COC(=O)O[C@H]1C[C@H]2OC[C@@]2(OC(C)=O)[C@H]2[C@H](OC(=O)c3ccccc3)[C@]3(O)C[C@H](OC(=O)[C@H](O)[C@@H](NC(=O)OC(C)(C)C)c4ccccc4)C(C)=C([C@@H](OC)C(=O)[C@]12C)C3(C)C,3d87d2568289d217,2
,,,CC(C)c1c(C(=O)Nc2ccccc2)c(-c2ccccc2)c(-c2ccc(F)cc2)n1CCC(O)CC(O)CC(=O)O,e17e4fdca6d18137,2
,,,CNC(=O)C=C(c1ccc2nc(N)n(S(=O)(=O)C(C)C)c2c1)c1cccc(F)c1F,9e4298d1dc2457e5,15
,,,CN1C(=O)CC(N2CCCN(CCC=C3c4ccccc4COc4ccc(C(=O)O)cc43)CC2)N(C)C1=O,2fcba784bacf4ddd,5
,,,C=Cc1cc(C(NC(=O)C(NC(=O)OC(C)(C)C)C(C)(C)C)C(=O)Nc2cccc(C(=O)NS(=O)(=O)c3ccc(C(F)(F)F)cc3)c2)ccc1Oc1cc(OC)nc(-c2ccccc2)n1,2282fc3b974ad3bd,3
,,,CS(=O)(=O)Nc1ccc2c(c1)S(=O)(=O)N=C(C1=C(O)C3C4CCC(O4)C3N(Cc3ccc(F)cc3)C1=O)N2,d238e05e6c094dd9,9
,,,CC(CNC(=O)c1ccc2[nH]ccc2c1)c1cccc(C(=O)c2ccccc2)c1,e1152373e24bd0ec,2
,,,C[C@H](c1c(CCN(C)C)sc2ccccc12)n1cccn1,ae8155e7266638b9,14
,,,CC1(C)CC(=O)c2c(C(F)(F)F)nn(-c3ccc(C(N)=O)c(NC4CCC(O)CC4)c3)c2C1,8b54bbb323f48bd7,2
,,,CCCCN1C(=O)C(CC2CCCCC2)NC(=O)C12CCN(Cc1ccc(Oc3ccccc3)cc1)CC2,e8bdbdee2a2bbc90,5
,,,COC(=O)c1ccccc1-c1ccc(CN2CCC(COC(=O)c3c4n(c5ccccc35)CCCO4)CC2)cc1,e17d49962c42357d,1
,,,CC(C)OC(=O)C(Cc1ccc(OC(=O)N(C)C)cc1)NC(=O)C1N(S(=O)(=O)c2ccn(C)n2)CSC1(C)C,5a406495b8f40779,6
,,,CC1CCC(Oc2ccnc3c(F)cccc23)CN1C(=O)c1ccccc1-n1nccn1,b457ac232ded9ee2,4
,,,Cc1cc(CC(OC(=O)N2CCC(n3c(=O)[nH]c4ncccc43)CC2)c2cc(C(=O)N(C)C)cc(Cl)n2)cc2cn[nH]c12,057a2ee8d27d9edc,4
,,,N#Cc1cccnc1N1CCN(C(=O)c2cccc(C(N)c3n[nH]c(=O)c4ccccc34)c2)CC1,471d41d85e5815f5,6
,,,COC1C(=O)C2(C)C(O)CC3OCC3(OC(C)=O)C2C(OC(=O)c2ccccc2)C23OC(=O)OC2C(OC(=O)C(O)C(NC(=O)OC(C)(C)C)c2ccccc2)C(C)=C1C3(C)C,fbb47c49d9a84a6d,3
,,,Cn1c(N2CCCN(CCCN3c4ccccc4CCc4ccc(CC(=O)O)cc43)CC2)cc(=O)n(C)c1=O,2f205051f9eaf872,2
,,,Cc1cccc2c1CCN2C(=O)Cc1nc(N2CCOCC2)cc(=O)[nH]1,ede3ffb9b892311a,5
,,,CCC(=O)N1CCc2c(nc(C)n2C2CC3CCC(C2)N3CCC(NC(C)=O)c2cccc(F)c2)C1,26e5b9175ef7786d,3
,,,CCOc1ncc(S(=O)(=O)N2CCN(CC)CC2)cc1-c1nc(O)c2nn(CCN3CCOCC3)c(CC)c2n1,d34d78cb9e3be522,1
,,,O=c1[nH]c(=O)c2cc(-c3ccncn3)c(-c3ccco3)nc2[nH]1,38f2588280c6d33f,6
,,,Cn1c(-c2ccccn2)c(C2CCCC2)c2ccc(C(=O)NC3(C(=O)Nc4ccc(C=CC(=O)O)cc4)CCCC3)cc21,b6b0034d870a57d9,1
,,,O=C(O)CC1CCC(c2ccc(C(=O)Nc3nnc(Cc4cccc(F)c4)s3)cc2)CC1,18d6891838f0afde,3
,,,CCCC(NC(=O)C1C2CCCC2CN1C(=O)C(NC(=O)C(NC(=O)c1cnccn1)C1CCCCC1)C(C)(C)C)C(=O)C(=O)NC1CC1,66ba807db81fa57e,2
,,,CC(C)CCn1nc(N2CCCC2)c(O)c(C2=Nc3ccc(NS(C)(=O)=O)cc3S(=O)(=O)N2)c1=O,b77ea54514ff613d,6
,,,Cc1cccc(NC(=O)c2c(C)[nH]n(-c3ccccn3)c2=O)c1,eba35486f9bc716f,2
,,,N#Cc1ccccc1Cn1c(N2CCCC(N)C2)nc2[nH]c(-c3ccc(C(F)(F)F)cc3)cc2c1=O,d5f7de5629bcb4b5,7
,,,Cc1cccc(C)c1Oc1c(C(=O)N2CCNCC2)c2ncccc2n1-c1ccccc1,d1d6dd583fb45ccc,4
,,,CN(Cc1ccccc1)Cc1c2c(=O)n(-c3ccccc3Cl)[nH]c2cc(=O)n1Cc1ccn(C)n1,e4579a12d10b8915,2
,,,CN1C(=O)NC(=O)[C@]12Cc1ccc(NC(=O)Cn3c(=O)n(C4CCOC4)c4ccccc43)cc1C2,81993b7642550b1e,13
,,,Cc1nc(-n2cnn(C(C)c3ccc(F)cc3)c2=O)sc1C(=O)NCc1ccccn1,ccaad641e18e977b,4
,,,CN1CCC(NC(=O)Nc2ccc(C#N)cc2)CC1c1nc2ccccc2[nH]1,67b0932062b7f8fe,2
,,,COc1ccc2c(O[C@H]3C[C@H]4C(=O)NCCCC/C=C\[C@@H]5C[C@@]5(C(=O)NS(=O)(=O)C5CC5)NC(=O)[C@@H]4C3)nc(-c3ccc(F)cc3)nc2c1C,9854af0d061b1078,9
,,,CN(CC(N)=O)Cc1nc(-c2cn(CC3CCOCC3)c3c(Cl)cccc23)no1,3177ff608773545f,3
,,,O=C(C(=O)N1CCN(C(=O)c2ccccc2)CC1)c1c[nH]c2c(-c3cnco3)ncc(F)c12,58929fc62edfc220,3
,,,CC[C@H](C)[C@@H]1NC(=O)[C@@H]2CCCN2C(=O)[C@H](Cc2ccccc2)NC(=O)[C@H](C)NC(=O)c2csc(n2)[C@H](C(C)C)NC(=O)[C@@H]2CCCN2C1=O,951cd27318853a4b,3
,,,CNc1ccc(-c2nc(=O)n(CCC3(C)CCCO3)c3c2oc2ncc(-c4cnn(C)c4)cc23)cn1,d688e3a5ee397211,9
,,,NC(=O)C(Cc1ccccc1)NC(=O)C(Cc1c[nH]c2ccccc12)NC(=O)C1CCCN1C(=O)C(N)Cc1ccc(O)cc1,ea805db8e5345b56,5
,,,CNCCC(Oc1ccc(C)cc1)c1ccccc1,31a2cd4d32a2cd23,11
,,,CNC(=O)[C@@H](NC(=O)[C@@](O)(CCCN(Cc1ccc(-c2ccccc2)cc1)NC(=O)[C@@H](NC(=O)OC)C(C)(C)C)Cc1ccccc1)C(C)(C)C,5e64d3d0c0d808f9,3
,,,CNC(=O)C=C(c1cccc(F)c1)c1ccc2nc(N)n(S(=O)(=O)NC(=O)N(C)C)c2c1,45ed560b3063d11c,2
,,,CC1Cn2c(nnc2C(C)(F)F)CN1C(=O)c1cccc(C(F)(F)c2n[nH]c(=O)c3ccccc23)c1,841b92be132ab2fb,1
,,,Cc1cnc(NCC(c2ccccc2)c2ccccc2)c(=O)n1CC(=O)NCCONC(=N)N,0b8d6e4594864ed3,3
,,,O=C(Nc1nc2ccccc2[nH]1)c1ccc(N2CCN(C(=O)c3ccccc3C(F)(F)F)CC2)nn1,32eace8823b382cc,6
,,,Cc1cc(COc2ccc(C(=O)NC3(CC(=O)NO)CCN(Cc4ccccc4)CC3)cc2)c2ccccc2n1,20c4015336b75e52,2
,,,COc1cc2c(cc1OC)CN(CCCC1=CCCc3cc(OC)c(OC)cc31)CC2,beff21ea5c892a8f,6
,,,Cc1cc2[nH]ncc2cc1NC(=O)c1cc(N(CC2CC2)C2CCCCC2)ncn1,db0cc890a5bc205e,4
,,,CCCS(=O)(=O)N1CCC(CNC(=O)c2ccccc2OC(F)(F)F)(C(=O)N2CCOCC2)CC1,f8dd4d0fb15eede4,2
,,,O=C(NC1CCC(c2cccc(F)c2F)Cn2c(C3CC3)nnc21)N1CCC(n2c(=O)[nH]c3ncccc32)CC1,ca6177a32f29a31d,7
,,,Cn1cncc1CN1CC(N(Cc2ccc(S(C)(=O)=O)cc2)S(=O)(=O)c2ccccn2)Cc2cc(C#N)ccc21,9d8b3cfe1724b6cf,4
,,,CCc1c(CCCC(=O)O)cccc1-c1ccc(-c2ccc(OC(C)C)c(C#N)c2)s1,841bc5e9c374965a,12
,,,COc1ccc(C(=O)NCc2cccc(C(=O)Nc3ccc(CO)cc3)c2)cc1OC,766eb832e014164d,13
,,,CC1CCN(C(=O)CC(Cc2cccc(C(=N)N)c2)NS(=O)(=O)c2ccc3ccccc3c2)CC1,72d3d57b7d26e8a9,3
,,,N#Cc1ccccc1Cn1c(N2CCCC(N)C2)nc2c(-c3ccncc3)c[nH]c2c1=O,5c72165406211c81,1
,,,COc1cc(Nc2cnc(C#N)c(OC(C)CN(C)C)n2)ncc1-c1cnn(C)c1,5a3962c337cce870,6
,,,CCCC(=O)c1cnn(-c2ccc(NC(=O)c3cn(CC(=O)N4CCN(C)CC4)c4ccc(C)cc34)cc2)c1C,d251aa51b8aa2c56,2
,,,O=C(OC1CC(n2cc(F)c(=O)[nH]c2=O)OC1CO)c1cncc(C(=O)OC2CC(n3cc(F)c(=O)[nH]c3=O)OC2CO)c1,7ab0774b6d6a3116,1
,,,Cc1cc(C)nc(N2CC3CN(C(=O)c4ccc(F)cc4-n4nccn4)CC3C2)n1,bd988288afab4cac,4
,,,FC(F)(Cl)Oc1ccc(Nc2nnc(-c3cccnc3CCc3ccncc3)o2)cc1,e24a6455d3c32056,7
,,,Cc1c(Cc2ccccc2S(=O)(=O)c2ccccc2)c2c(n1CC(=O)O)CCN(C(C)C(F)(F)F)C2=O,fd4096e068a4fe56,5
,,,C[C@@H]1CCCN1CCCOc1ccc(C2=NNC(=O)C(C)(C)C2)cc1,b97e36b43994f5b1,19
,,,Cn1cc(-c2ccc(Cc3n[nH]c4ccc(C(=O)N5CCOCC5)cc34)cc2)cn1,35fdac2843d77dc7,6
,,,COc1ccc(C2(c3ccc(F)c(-c4cccnc4)c3)N=C(N)N3CC(F)(F)CN=C32)cc1C,5b0f2a95afa7d54c,22
,,,O=c1[nH]cnc2c(-n3cc(CCN4CCC(c5ccncc5)CC4)cn3)nccc12,46810f9d96716c7f,6
,,,CC=C(C)C(=O)OC(c1cc2ccc(=O)oc2cc1OC)C(O)C(C)(C)O,facbcca7d528d6c2,11
,,,Cc1cc(C#N)nc(C)c1C(=O)N1CC2CN(CCC3(c4ccccc4)CCN(C(=O)C4CCCC4)C3)CC2C1,cfaaabf18f458098,2
,,,Cc1[nH]c2cc(C3CCCCN3C(=O)c3cc(F)ccc3NS(C)(=O)=O)nn2c(=O)c1C,48bfffe266e6ccb6,2
,,,Cc1cc(CN2C(=O)C(C3=NS(=O)(=O)c4cc(NS(C)(=O)=O)ccc4N3)=C(O)C3C4CCC(C4)C32)ccc1F,abc78e9c667c59e3,11
,,,Cc1nc(-n2cnn(Cc3ccc(C(F)(F)F)o3)c2=O)sc1C(=O)NCc1cccnc1,9140b21292490984,7
,,,CCc1nc(N)nc(N)c1-c1ccc2c(c1)N(CCNC(C)=O)C(=O)C(C)(c1cc(F)cc(F)c1)O2,c681c9b7c636346f,5
,,,CC(NC(=O)CCC(=O)OCCNC(=S)Nc1ccc(-c2c3ccc(=O)cc-3oc3cc(O)ccc23)c(C(=O)O)c1)C(=O)NCCCC(=O)NC(CCCNC(=N)N)C(=O)NC(CCCNC(=N)N)C(=O)NC(CCCNC(=N)N)C(=O)NC(CCCNC(=N)N)C(=O)NC(CCCNC(=N)N)C(=O)NC(CCCNC(=N)N)C(=O)NC(CCCNC(=N)N)C(N)=O,d3fe355f110e9dff,1
,,,CC(C)CCn1nc(CC2CC2)c(O)c(C2=NS(=O)(=O)c3cc(NS(C)(=O)=O)ccc3N2)c1=O,f0ab645fd02db6a9,6
,,,CCC(C)C1NC(=O)C(C(C)C)NC(=O)C(CC(C)C)NC(=O)CNC(=O)C2CCCN2C(=O)C(Cc2ccc(O)cc2)NC1=O,d05d335d6733654a,3
,,,CCCCCCC(N)C(=O)NC(CCCCCC)C(=O)NC(CCC(=O)O)C(=O)NC(Cc1c[nH]c2ccccc12)C(N)=O,c32cc19c1ce31f1b,3
,,,CC(C)c1nc2c(C(=O)NCC3CCN(CCN4CCN(S(C)(=O)=O)CC4)CC3)cccc2[nH]1,02df874d8d8ef6f9,2
,,,COc1ncc(-c2cc3c(-c4ccncc4)ncnc3s2)cc1NS(=O)(=O)c1ccc(F)cc1F,545982074224ff48,12
,,,CNC(=O)C(NC(=O)C(O)(Cc1ccccc1)CN(Cc1ccc(-c2ccccn2)cc1)NC(=O)C(CC(=O)OC)C(C)(C)C)C(C)(C)C,37775c1400d6289e,1
,,,COc1ccc2c(O[C@@H]3C[C@H]4C(=O)N[C@]5(C(=O)NS(=O)(=O)C6CC6)C[C@H]5/C=C\CCCCCNC(=O)N4C3)nc(-c3ccc(F)cc3)nc2c1C,36f09310137a2ea9,3
,,,O=C(O)CC1CCC(c2ccc(-c3ccc4c(C(=O)Nc5ccccc5)ccnc4c3)cc2)CC1,5eb6c3870fa6ae2e,2
,,,Cc1nc(C(C)C)n([C@H]2C[C@H]3CC[C@@H](C2)N3CC[C@H](NC(=O)C2CCC(F)(F)CC2)c2ccccc2)n1,9493c66b338a3de5,4
,,,Cc1nc(NC(=O)N2CCC(O)C2C(N)=O)sc1-c1csc(C(C)(C)C)n1,6c12f8c19427de03,5
,,,O=C(NC1(C(=O)N[C@@H](CCCN2CCN(CC3CCOCC3)CC2)Cc2ccccc2)CCCC1)c1ccc2ccccc2c1,c7112af94de59766,2
,,,CC(C)CC1NC(=O)C(Cc2ccccc2)NC(=O)C(C(C)O)NC(=O)CNC(=O)C(C(C)C)NC(=O)C(Cc2ccc(O)cc2)NC1=O,d448b57c3ff81a93,1
,,,CN1CC(OC(=O)N2CCCCC2)CC(C(=O)NO)C1C(=O)N1CCN(c2ccccc2)CC1,cd9f6c775edb63a1,3
,,,N#CCC(C1CCCC1)n1cc(-c2ncnc3[nH]ccc23)cn1,324587f0de96d965,18
,,,CO[C@H]1C(=O)[C@]2(C)[C@@H](OC)C[C@H]3OC[C@@]3(OC(C)=O)[C@H]2[C@H](OC(=O)c2ccccc2)[C@]23OC(=O)O[C@H]2[C@H](OC(=O)[C@H](O)[C@H](CC(C)C)NC(=O)OC(C)(C)C)C(C)=C1C3(C)C,759042cd1b641596,3
,,,CC(C)c1ccc(NC(=O)c2ccnn2CCc2ccncc2)cc1,969c45d632980b6e,4
,,,CN1CCN(c2c(F)cc3c(c2F)N(CCF)CC(C(=O)O)C3=O)CC1,47404fb425374b96,3
,,,CC1=N[C@@](Cc2ccccc2)(c2cccc(-c3cncnc3)c2)N=C1N,88dd4d53c2885566,9
,,,CS(=O)(=O)Nc1ccc2c(c1)S(=O)(=O)NC(C1=C(O)[C@H]3[C@H]4CC[C@H](C4)[C@H]3N(Cc3ccc(F)cc3)C1=O)=N2,2dd142ed64782cc9,8
,,,CCOc1nc(NC(=O)C2(NC(=O)c3ccc4c(C5CCCC5)c(-c5cnccn5)n(C)c4c3)CCC2)ccc1C=CC(=O)O,8e8a7c85c3c16fb1,5
,,,COC1C(=O)C2(C)C(OC(=O)N(C)C)CC3OCC3(OC(C)=O)C2C(OC(=O)c2ccccc2)C23OC(=O)OC2C(OC(=O)C(O)C(CC(C)C)NC(=O)OC(C)(C)C)C(C)=C1C3(C)C,2567b150bc26dce4,1
,,,COc1cc(NS(C)(=O)=O)cc(C(=O)OC(Cc2c(Cl)c[n+]([O-])cc2Cl)c2ccc(OC(F)F)c(OCC3CC3)c2)c1,deca6fac62422200,2
,,,O=C(CCCN1CCC(=C(c2ccc(F)cc2)c2ccc(F)cc2)CC1)N1CCCC1,5508c7bae2466598,7
,,,Cc1cc(O)ccc1NC(=O)c1cc(NC2CCCCC2)ncn1,272a482d2755bcc4,5
,,,C1=C\COCc2cc(ccc2OCCN2CCCC2)Nc2nccc(n2)-c2cccc(c2)COC/1,3a0d2514695b0208,4
,,,CCN(CC)CCN(Cc1ccc(-c2ccc(C(F)(F)F)cc2)cc1)C(=O)Cn1cc(C)c(=O)nc1SCc1ccc(F)cc1,df87b386f37c6551,3
,,,Oc1cccc(-c2ccc(-c3cccc(O)c3)cc2)c1,a3999636d25db464,13
,,,CCOc1cc(NC(=O)C(C)(C)NC(=O)c2ccc3c(C4CCCC4)c(-c4ncc(Cl)cn4)n(C)c3c2)ccc1C=CC(=O)O,ee4a311952499a48,5
,,,C[C@@H](CO)Oc1cc(Oc2ccc(C(=O)N(C)C)cc2)cc(C(=O)Nc2ccn(C)n2)c1,92db96f864eeec32,7
,,,CCOC(=O)COc1ccc(C(=O)CN2CCN(C3CCN(C(=O)OCOC(=O)C(C)(C)C)CC3)CC2=O)cc1,63e6e81204e2d33e,2
,,,COc1ccc(C23Oc4cc(C#N)cc(OC)c4C2(O)C(O)C(C(=O)N(C)C)C3c2ccccc2)cc1,e384da0e3c236eec,5
,,,CN(C)C1CCN(C(=O)c2ccc(Cn3c(-c4ccccc4)nc4ccccc43)cc2)C1,041da49b9a2b3d53,11
,,,CCC1(C)C(=O)Nc2ccc(S(=O)(=O)Nc3ccc(F)cc3F)cc2C(=O)N1C,08ddf0fb2c44ca93,7
,,,CS(=O)(=O)Nc1ccc2c(c1)S(=O)(=O)NC(C1=C(O)[C@H]3[C@@H]4CC[C@@H](C4)[C@H]3N(Cc3ccc(F)cc3)C1=O)=N2,e087f125fb0f65d2,10
,,,CCc1c(CCCC(=O)O)cccc1-c1noc(-c2ccc(OC(C)C)c(C#N)c2)n1,340d3f56f2cc0b53,15
,,,CCCC(=O)OC1C(CNS(=O)(=O)NC(=O)c2ccccc2O)OC(n2cnc3c(N)ncnc32)C1F,27ff5cd62ac8f1e7,2
,,,COc1ccc2c(OC3CC4C(=O)NC5(C(=O)NS(=O)(=O)C6(C)CC6)CC5C=CCCCCCNC(=O)N4C3)cc(-c3nc(C(C)C)cs3)nc2c1Cl,6b5558ec1c6952f4,2
,,,CN(CCc1cnn(-c2nccc3c(O)ncnc23)c1)Cc1ccc(F)cc1,238cf6e1adcee54e,3
,,,Cc1nn(-c2ccnc(Nc3ccc4c(c3)c(Cl)c(C)n4C)n2)cc1CN1CCC(O)C1,79d0ddd021514c59,9
,,,CNCC1(c2ccc(N3CCc4c(C#N)nn(-c5ccc(OC)cc5)c4C3=O)cc2)CC1,1031cd65264e9ebf,25
,,,CC[C@H](C)[C@H](NC(=O)[C@H](CO)NC(=O)[C@H](CC(N)=O)NC(=O)[C@H](CC(C)C)NC(=O)[C@H](Cc1ccc(O)cc1)NC(=O)[C@@H]1CCCCNC(=O)CC[C@H](NC(=O)[C@H](CCC(N)=O)NC(=O)[C@H](CCCCN)NC(=O)[C@H](CCCN=C(N)N)NC(=O)[C@H](CC(C)C)NC(=O)[C@H](CCCN=C(N)N)NC(=O)[C@@H](NC(=O)[C@H](Cc2ccc(O)cc2)NC(=O)[C@H](CC(N)=O)NC(=O)[C@H](CC(=O)O)NC(=O)[C@@H](NC(=O)[C@H](Cc2ccccc2)NC(=O)[C@@H](NC(=O)[C@H](C)NC(=O)[C@H](CC(=O)O)NC(=O)[C@H](CO)NC(=O)[C@@H](N)Cc2c[nH]cn2)C(C)C)[C@@H](C)O)[C@@H](C)O)C(=O)N[C@@H](C)C(=O)N[C@@H](C(C)C)C(=O)N[C@@H](CCCCN)C(=O)N1)C(=O)N[C@@H](CC(C)C)C(=O)N[C@@H](CC(N)=O)C(=O)NCC(=O)N[C@@H](CCCCN)C(=O)O,6a8b101524345ea5,1
,,,COc1cccc(-c2cccc(C3(c4ccncc4)N=C(N)N4CC(F)(F)CN=C43)c2)c1F,1161ed40ef986556,17
,,,Cc1ccc(C(=O)NC2CC2)cc1-c1ccc2c(NCCN3CCOCC3)nncc2c1,764a9affba2cfbb6,6
,,,CC(C)(C)CCN1C(=O)C(C2=NS(=O)(=O)c3cc(NS(C)(=O)=O)ccc3N2)=C(O)C2CCCC21,e42d1e701a9e1f96,7
,,,Cc1ccc(NC(=O)c2cc(-n3cc4ccc(C(=O)O)cc4n3)ccc2N2CCCCC2)cc1,a148ab36c728dde8,7
,,,N=C(N)SCc1cccc2c1C(=O)c1c(CSC(=N)N)cccc1-2,c23a4e4e55460f3e,2
,,,COCC(C)Oc1cc(Oc2cc(F)cc(F)c2)cc(C(=O)Nc2ccc(C(=O)O)cn2)c1,ccfdae9229f90ba2,11
,,,NC1=NC(c2cccc(-c3cncnc3)c2)(c2ccnc(C3CC3)c2)c2cccc(F)c21,abf908d3c33d12b2,19
,,,COC1C(=O)C2(C)CCC3OCC3(OC(C)=O)C2C(OC(=O)c2ccccc2)C23OC(=O)OC2C(OC(=O)C(O)C(NC(=O)OC(C)(C)C)c2ccccc2)C(C)=C1C3(C)C,e9aebf3838d25574,1
,,,CC1CCC(C(=O)N(c2ccc(Oc3ccccc3C(F)(F)F)cc2C(=O)O)C(C)C)CC1,3eb5872d36d45874,9
,,,N=C(N)NCCC[C@@H](NC(=O)[C@@H](CCCNC(=N)N)NC(=O)[C@@H](CCCNC(=N)N)NC(=O)[C@@H](CCCNC(=N)N)NC(=O)[C@@H](CCCNC(=N)N)NC(=O)[C@@H](CCCNC(=N)N)NC(=O)[C@@H](CCCNC(=N)N)NC(=O)CCCNC(=S)Nc1ccc(-c2c3ccc(=O)cc-3oc3ccccc23)c(C(=O)O)c1)C(N)=O,23be6176542664f6,1
,,,C#CCN1CC(NC(=O)c2ccc(OCc3cc(C)nc4ccccc34)cc2)C(C(=O)NO)C1,1c77e412815b4dce,3
,,,CC[C@H](C)[C@@H]1NC(=O)[C@@H]2CCCN2C(=O)[C@H]([C@@H](C)O)NC(=O)[C@@H]2CCCN2C(=O)[C@H](Cc2ccccc2)NC(=O)[C@H](C)NC(=O)c2csc1n2,10f649dd3e506f56,1
,,,COc1ccc(-n2nc(C#N)c3c2C(=O)N(c2ccc(C4(CN5CCOCC5)CC4)cc2)CC3)cc1,123914f80b1185e0,9
,,,COc1ccc(-n2nc(S(C)(=O)=O)c3c2C(=O)N(c2ccc(C4(CN5CCOCC5)CC4)cc2)CC3)cc1,d3545e9934097ef1,10
,,,CN1CCN(C[C@@H](NC(=O)C[C@H]2CNC(=O)c3cc(-c4ccnc(F)c4)cn32)C2CCCCC2)CC1,1faaa1df4f980645,1
,,,CC(=O)OC(C)OC(=O)C(Cc1ccc(-c2c(C)n(C)c(=O)n(C)c2=O)cc1)NC(=O)c1c(F)cccc1F,f61d8ae776330eba,5
,,,Cc1nccn1-c1ccc(NC(=O)c2cc(C(F)(F)F)nn2-c2ccc3onc(N)c3c2)c(F)c1,144f584295f95fa4,11
,,,CC(C)(C)c1ncc2c(n1)-c1sc(NC(=O)N3CCCC3(C)C(N)=O)nc1CC2,4f583563d3cdd28c,3
,,,CNC(=O)C(Cc1ccccc1)NC(=O)C(CC1CCCCC1)NC(C)=O,4390f377fab27bf3,5
,,,CC=C(C)C(=O)NC(c1ccccc1)C(O)C(=O)OC1CC2(O)C(OC(=O)c3cccc(N=[N+]=[N-])c3)C3C4(OC(C)=O)COC4CC(OC(=O)CCl)C3(C)C(=O)C(O)C(=C1C)C2(C)C,63fe63b22849ce94,3
,,,CC(C)CC1NC(=O)C(CC(C)C)N(C)C(=O)C(CC(C)C)N(C)C(=O)C(Cc2ccc(O)cc2)NC(=O)C2CCCN2C(=O)C(CC(C)C)NC1=O,653a95972682320b,2
,,,COc1cc(C=C2CCCN3C2=NOC3(CO)c2ccc(F)cc2)ccc1-n1cnc(C)c1,419b61137d4510ac,19
,,,O=C(CC1CNC(=O)c2cc(-c3ccccc3F)cn21)NCC1CCCCC1,1940737c353ddb70,3
,,,COc1cc(-c2nnc3n(C(C)c4cc(F)cc(F)c4)cccc2-3)ccc1-n1cnc(C)c1,3a23ae1257cf7a7e,11
,,,CO[C@H]1C(=O)[C@]2(C)[C@@H](OC(=O)N(C)C)C[C@H]3OC[C@@]3(OC(C)=O)[C@H]2[C@H](OC(=O)c2ccccc2)[C@]2(O)C[C@H](OC(=O)[C@H](O)[C@@H](NC(=O)OC(C)(C)C)c3ccccc3)C(C)=C1C2(C)C,2a8676e65b586cf7,1
,,,CCn1cc(C2(c3cccc(C#CC4CC4)c3)N=C(N)c3c(F)cccc32)cc(C)c1=O,f0a499d3c076568f,21
,,,O=c1c2c(CN3CCCC3)n(CCc3ccccn3)c(=O)cc2[nH]n1-c1ccc(F)cc1Cl,e8e375a20c85985a,9
,,,O=[N+]([O-])c1cn2c(n1)OC[C@@H](OCc1ccc(N3CCCCC3)cc1)C2,6b5d81ebea454341,5
,,,CC(=O)N1CCC(CN(C2Cc3cc(C#N)ccc3N(Cc3cncn3C)C2)S(=O)(=O)c2ccccn2)CC1,17d1bdb4b02747db,2
,,,N=C(N)SCc1cc(F)ccc1Sc1cc(F)c(F)cc1CSC(=N)N,8c08977d5d3e14d6,9
,,,COc1cc(C)c(S(=O)(=O)N(C)CCOCC(=O)N2CCN(C3CN4CCC3CC4)CC2)c(C)c1,89384d5b8b5c2b32,8
,,,COC(=O)NC(C(=O)NC(Cc1ccccc1)C(O)CN(Cc1ccc(-c2ccccn2)cc1)NC(=O)C(NC(=O)OC)C(C)(C)C)C(C)(C)C,0ab177f89e899a4e,2
,,,COc1ccc(S(=O)(=O)Nc2cc3c(cc2Oc2cccc(OCc4ccccc4)c2)n(C)c(=O)n3C)cc1OC,0a0291827a5bf64b,3
,,,CC1CN(CCCNC(=O)C(Cc2ccccc2)NC(=O)C2(NC(=O)c3cc4ccccc4s3)CCCC2)CC(C)N1,3640cb14aa4a5124,2
,,,CCN1C(=O)c2cccc3c(NS(=O)(=O)c4cc(Br)ccc4OC)ccc1c23,23a6b0797b16b8a4,12
,,,Cn1cc(-c2ccc(Cc3n[nH]c4ccc(C(=O)N5CCCC5)cc34)cc2)cn1,e2873883476cc3bf,9
,,,COc1cc2c(cc1OC)CN(C(=O)c1ccc3cc(O)ccc3c1)CC2,a461cc6e57251b26,15
,,,Cc1ccccc1CN(CCN(Cc1cncn1C)c1ccc(C#N)cc1)S(=O)(=O)c1cn(C)cn1,0e5b8150eff17466,4
,,,CCC1CC1(NC(=O)C1CC(Oc2cc(-c3csc(NC(C)C)n3)nc3c(Cl)c(OCCN4CCC(OC)C4)ccc23)CN1C(=O)C(NC(=O)OC1CC2CC2C1)C(C)(C)C)C(=O)O,fc4a8d6d5bf539d2,2
,,,CC[C@H](C)[C@@H]1NC(=O)[C@@H]2CCCN2C(=O)[C@H](Cc2ccccc2)N(C)C(=O)[C@H](C(C)(C)C)NC(=O)c2csc(n2)[C@H]([C@@H](C)CC)NC(=O)[C@@H]2CCCN2C1=O,ead243ea852eba27,2
,,,CS(=O)(=O)N1CCc2cc(S(=O)(=O)c3ccc4c(c3)OCCO4)ccc21,58836c52bbf3009b,15
,,,CC(C)CC1NC(=O)CNC(=O)C(Cc2ccccc2)NC(=O)C(CC(N)=O)NC(=O)C(Cc2ccc(O)cc2)NC(=O)C(C)NC1=O,a1594d3cba8af19b,2
,,,Cc1ncoc1-c1nnc(SCCCN2CC3CCN(c4ccc(F)cc4)C3C2)n1C,acfde21bafd85341,4
,,,C[C@H](c1cccnc1F)c1c(CCN(C)C)sc2ccccc12,8b14831a464cceb7,14
,,,NC1=NC(c2ccc(OC(F)F)cc2)(c2cccc(-c3cccnc3F)c2)C2=NCC(F)(F)CN12,bcd16ff8a0b87c55,4
,,,CC(C)CC1NC(=O)C(Cc2ccccc2)NC(=O)CNC(=O)C(C)NC(=O)C(Cc2ccc(O)cc2)NC(=O)C=Cc2ccccc2OC1=O,b063055605a4ecac,1
,,,CN1CCc2c(cccc2C(=O)NCC2(N3CCN(c4ccccc4)CC3)CCCCC2)C1,9610b735dc28706e,1
,,,N#CNC(=O)c1ccc(-c2ccc(OC3OC(CO)C(O)C(O)C3O)cc2)cc1,0469a8f1853d6ead,7
,,,N=C(N)SCc1ccccc1Oc1ccccc1CSC(=N)N,ee4d2a0e2a96ef93,6
,,,C=CCNC(=O)c1cccnc1NC(C)(C)CCCCC,973c5481ae0d1015,7
,,,O=C1N(CCC2CC2)c2ccccc2C1(O)c1ccc2c(c1)OCO2,41a0e6e8a7a93982,17
,,,CC(C)n1c(=O)c(C(=O)NC2CC3CCC(C2)N3CCCN2CCN(c3ccccc3)CC2)cc2ccccc21,8544d0a6b9c89636,5
,,,CCOC(=O)c1cc(C#N)c(N2CCC(C(=O)NS(=O)(=O)Cc3ccc(C(C)C)cc3)CC2)nc1C,9fd4f0dc8d62c58d,5
,,,COc1cnc2ccc(=O)n(CCN3CCC(NCc4cnc(C)c(C#N)c4)C(F)C3)c2c1,92438117c9520b85,5
,,,COc1ccc(-c2oc3c(CC=C(C)C)c(OC4OC(CO)C(O)C(O)C4O)cc(O)c3c(=O)c2OC2OC(C)C(O)C(O)C2O)cc1,35434861dcf4df40,4
,,,Cc1ncnc(C)c1C(=O)N1CCC(C)(N2CCC(N3C(=O)N(CC4CCN(S(C)(=O)=O)CC4)CC3c3ccccc3)CC2)CC1,b35713804c2ee743,1
,,,COC(=O)N1C[C@H](C(=O)NO)[C@H](NC(=O)c2ccc(OCc3cc(C)nc4ccccc34)cc2)C1,a8a6abf0177eb450,9
,,,O=C(Cc1nc(O)cc(N2CCOCC2)n1)N1CCc2c(F)cccc21,8a3aab2ca6dabb3b,5
,,,CC(C)(NC(=O)c1cc2ccccc2s1)C(=O)N[C@H](Cc1ccccc1)C(=O)NCCCN1CCOCC1,b4a41f4c2a283ca7,4
,,,Cc1nc(-n2cnn(Cc3ccc(F)cc3)c2=O)sc1C(=O)NCc1cn(C)cn1,8cf68a9eeb2647a8,2
,,,CN(C)C(=O)N1CC(c2cc(F)ccc2F)=CC1(CCC(N)C(F)F)c1ccccc1,9667698162626209,8
,,,O=c1[nH]cnc2c(-n3cc(CCN4CCC(c5ccccc5)CC4)cn3)nccc12,4e8d2a3aa37f0145,6
,,,N#Cc1cc(CC(Nc2nc3ccccc3s2)c2nc3ccccc3[nH]2)ccc1C1CC(=O)NS1(=O)=O,7f9955fafb8d4133,8
,,,CC(C)(C)[C@H](CO)Nc1nc(SCc2ccccc2)nc2nc(N)sc12,4ba94165cfe35414,3
,,,COc1cccc2c1c(NCC(C)(C)c1ccccc1)nn2C,44a201e71d1b3ea0,7
,,,CCOC(=O)c1cc(C#N)c(N2CCC(C(=O)NS(=O)(=O)Cc3ccc(C)cc3)CC2)nc1C,419478407d98cc56,3
,,,NC1CCN(c2cnc3nnn(Cc4ccc5ncccc5c4)c3n2)C1,7b399d5328571538,16
,,,O=C(/C=C/c1ccccc1Cl)NC1(C(=O)N[C@H](Cc2ccccc2)C(=O)NCC2CCN(CC3CCOCC3)CC2)CCCC1,e5f364752022e622,1
,,,CC#Cc1cncc(-c2cccc(C3(c4cc(C)c(=O)n(CC)c4)N=C(N)c4c(F)cc(F)cc43)c2)c1,a748e0c498b563c8,20
,,,CC(C)c1nc2c(C(=O)NCC3CCN(CC(O)CN(C)S(C)(=O)=O)CC3)cccc2[nH]1,6c7f26505cec3d91,2
,,,CC(C)CC(NC(=O)CNC(=O)C(Cc1ccc(O)cc1)NC(=O)C(CO)NC(=O)C(Cc1c[nH]c2ccccc12)NC(=O)C(Cc1c[nH]cn1)NC(=O)C(CCC(=O)O)NC(=O)CCC(=O)NC1OC(CO)C(O)C(O)C1O)C(=O)NC(CCCN=C(N)N)C(=O)N1CCCC1C(=O)NCC(N)=O,153d9314873fbe1c,1
,,,COc1ccc2c(OC3CC4C(=O)NC5(C(=O)NS(=O)(=O)C6CC6)CC5C=CCCCCN(C)C(=O)N4C3)nc(-c3ccc(F)cc3)nc2c1C,6841c1835771358e,1
,,,Cc1ccc(S(=O)(=O)Nc2cc(Oc3ccccc3)ccc2C(=O)O)cc1,eb13e7ba212241ec,7
,,,NC(=O)c1nn(-c2ccc3onc(N)c3c2)c2c(F)c(-c3ccc(N4CCCCC4=O)cc3F)ccc12,acd708fa694ef460,12
,,,Oc1ncnc2c(-n3cc(CCN4CCC(c5ccc(F)cc5)CC4)cn3)nccc12,43d6a5afe1cd9bc9,7
,,,CC(N)(Cc1ccc(O)c(O)c1)C(=O)O,fe669d5359b02825,14
,,,CNC(=O)C(NC(=O)C(O)(CCCN(Cc1ccc(-c2ccccc2)cc1)NC(=O)C(NC(=O)OC)C(C)(C)C)Cc1ccccc1)C(C)(C)C,3648d6edbb88df0c,1
,,,CCn1cc(C2(c3cccc(-c4cncc(C#N)c4)c3)N=C(N)c3c(F)cccc32)cc(C)c1=O,90450253c61c4fa5,21
,,,Cc1[nH]c2cc(C3CCCCN3C(=O)c3cc(-c4ccccc4)ccc3NS(C)(=O)=O)nn2c(=O)c1C,746794f156b34e35,3
,,,Cc1cccc2c1CCN2C(=O)Cc1nc(O)cc(N2CCOCC2)n1,8cf4513fda989a94,6
,,,CC1(c2cccc(-c3cncnc3)c2)N=C(N)c2ccccc2S1,ba2b4db0e1fabe1a,12
,,,CCc1nc(N)nc(N)c1-c1ccc2c(c1)N(CCCOC)C(=O)C(C)(CC)O2,0730b5f0b536a280,6
,,,Cn1ncc(C(=O)N2C3CCC2CC(Nc2n[nH]c4ccc(F)cc24)C3)c1Cl,11ffd8f6e0cea45b,9
,,,COC(=O)C1CCCCN1C(=O)CC(Cc1cccc(C(=N)N)c1)NS(=O)(=O)c1ccc2ccccc2c1,07863c71d4825daf,3
,,,COC1C(=O)C2(C)CCC3OCC3(OC(C)=O)C2C(OC(=O)c2ccccc2)C2(O)CC(OC(=O)C(O)C(NC(=O)OC(C)(C)C)c3ccccc3)C(C)=C1C2(C)C,a4c36a68e922a914,4
,,,C=C(C)n1c(=O)n(Cc2nc3ccccc3n2CCCC#N)c2cnccc21,9054002da322909e,7
,,,CC(C)CC(NC(=O)CNC(=O)C(Cc1ccc(O)cc1)NC(=O)C(CO)NC(=O)C(Cc1c[nH]c2ccccc12)NC(=O)C(Cc1cnc[nH]1)NC(=O)C(CCC(=O)O)NC(=O)CCC(=O)NC1OC(CO)C(O)C(O)C1O)C(=O)NC(CCCNC(=N)N)C(=O)N1CCCC1C(=O)NCC(N)=O,248d68fcfe68ac9d,1
,,,O=[N+]([O-])c1cn2c(n1)OCC(OCc1ccc(N3CCSCC3)c(F)c1)C2,f6fb1064d7a8f9fe,4
,,,CC(=O)NCc1ccc2c(c1)C(N1CCN(C)CC1)Cc1ccccc1S2,1d201c8de2db281b,4
,,,CC(=O)NC(Cc1ccccc1)C(O)CNC1CC(C)(C)Cc2nn(CC(C)(C)C)cc21,b9930c8b67dcd91c,10
,,,Cc1c(S(=O)(=O)Nc2ccc(C(F)(F)F)cc2)ccc2c1C(=O)NC(C)(C)C(=O)N2,4ecc8fa13e793a25,6
,,,Cc1[nH]c2cc(C3CCCCN3C(=O)c3ccccc3O)nn2c(=O)c1C,d8b30c34d39a433f,3
,,,C=CC1CC1(NC(=O)C1CC(Oc2cc(-c3csc(NC(C)C)n3)nc3c(Br)c(OC)ccc23)CN1C(=O)C(NC(=O)OC1CCCC1)C(C)(C)C)C(=O)O,69ef8045cd81eacd,1
,,,FC(F)(F)c1ccc(Nc2nnc(-c3cccnc3CCc3ccncc3)o2)cc1,6a4e3658ef46c7b9,5
,,,Nc1nccc2cc(OC3CCCNC3)ccc12,f03c3bb9ebfba5fa,5
,,,N[C@@H](CC(=O)N1CCC[C@H]1CNS(=O)(=O)C1CC1)Cc1cc(F)c(F)cc1F,fcb31eaa6c347b05,7
,,,O=C(Nc1nnc(Cc2ccccc2)s1)c1ccc(OC2CCC(C(=O)O)CC2)nc1,f02364e22adf2931,5
,,,CC1CCN(C(c2ccc(F)cc2)c2ccc(C(C)C(=O)O)cc2-c2ccc(C(F)(F)F)cc2)CC1,ab1ed525196c0f12,7
,,,Cc1cc(COc2ccc(C(=O)N[C@@H]3C[C@@H](N(C)C)C[C@@H]3C(=O)NO)cc2)c2ccccc2n1,9262d5c78e7f47a7,10
,,,COc1cc(C)c(S(=O)(=O)N(C)CCOCC(=O)N2CCN([C@H]3CN4CCC3CC4)CC2)c(C)c1,b55fd6e2c00eda89,1
,,,N#Cc1ccc(NCC(F)(F)c2ccc(F)c(F)c2)c(F)c1CC(=O)NCCONC(=N)N,fe52ceda7df6651e,3
,,,CC(=O)N(C)C1(c2ccccc2)CCN(C[C@@H]2C[C@@]2(C(=O)N(C)Cc2ccccc2)c2ccc(Cl)c(Cl)c2)CC1,771848525a3ca360,1
,,,COc1ccc(-c2cc(=O)c3c(O)cc(OC4OC(CO)C(O)C(O)C4O)cc3o2)cc1O,31afc2015cc037ba,4
,,,Cn1c(N2CCCN(CCCN3c4ccccc4COc4ccc(C(=O)O)cc43)CC2)cc(=O)n(C)c1=O,52e15ed06582af21,4
,,,CCCS(=O)(=O)N1CCC(CNC(=O)c2ccc(F)cc2Cl)(C(=O)N2CCOCC2)CC1,9ed49b0f86c6f585,3
,,,NC(=O)C(Cc1ccccc1)NC(=O)C(Cc1ccccc1)NC(=O)C1CCCN1C(=O)C(N)Cc1ccc(O)cc1,998747a1b4e7b8ba,3
,,,O=C(/C=C/c1cccc(F)c1)NC1(C(=O)N[C@H](Cc2ccccc2)C(=O)NCC2CCN(CC3CCOCC3)CC2)CCCC1,a102705184229ed6,6
,,,CC(=O)Nc1cn2cc(-c3cnc(N)c(C(F)(F)F)c3)ccc2n1,dc9487a7a4417b7f,4
,,,CC(C)C[C@H](NC(=O)CNC(=O)[C@H](Cc1ccc(O)cc1)NC(=O)[C@H](CO)NC(=O)[C@H](Cc1c[nH]c2ccccc12)NC(=O)[C@H](Cc1c[nH]cn1)NC(=O)[C@H](CCC(N)=O)NC(=O)CCC(=O)N[C@@H]1O[C@H](CO)[C@H](O)[C@H](O)[C@H]1O)C(=O)N[C@@H](CCCN=C(N)N)C(=O)N1CCC[C@H]1C(=O)NCC(N)=O,7e56b30e509d5d99,2
,,,CC(C)CC1C(=O)N2CCCC2C(=O)NC(Cc2ccccc2)C(=O)NC(Cc2ccccc2)C(=O)NC(Cc2c[nH]c3ccccc23)C(=O)NC(C(C)C)C(=O)N1C,9e6fbe250543e445,1
,,,CN(Cc1ccc(F)cc1)C(=O)[C@@]1(c2ccc(Cl)c(Cl)c2)C[C@H]1CN1CCN(CC(=O)N2CCCC2)CC1,cccfd2121fd4a9d6,4
,,,O=C(O)CCCN1CC(c2nnn[nH]2)Oc2c(NC(=O)c3ccc(OCCCCc4ccccc4)cc3)cccc21,dbcdc6f9fea1584a,9
,,,Cc1nc2ccccc2n1Cc1ccc(C(=O)N[C@@H]2CNC[C@@H]2C(=O)NO)cc1,e6ed76e533033757,16
,,,COc1ccc(-c2nc(O[C@@H]3C[C@H]4C(=O)N[C@]5(C(=O)NS(=O)(=O)C6CC6)C[C@H]5/C=C\CCCCN(C)C(=O)N4C3)c3ccc(OC)c(C)c3n2)cc1,165859968abecef5,3
,,,CC(C)CC1C(=O)NCC(=O)N(C)C(CCCNC(=N)N)C(=O)NCC(=O)NC(CC(=O)O)C(=O)NC(Cc2ccccc2)C(=O)N1C,fb19d8d488ed5180,2
,,,CS(=O)(=O)Nc1ccc2c(c1)S(=O)(=O)NC(c1c(O)c(N3CCCC3)nn(CCC3CC3)c1=O)=N2,0421452ff522ae16,6
,,,CC(C)C[C@H](NC(=O)CNC(=O)[C@H](Cc1ccc(O)cc1)NC(=O)[C@H](CO)NC(=O)[C@H](Cc1c[nH]c2ccccc12)NC(=O)[C@H](Cc1c[nH]cn1)NC(=O)[C@H](CCC(=O)O)NC(=O)CCC(=O)N[C@@H]1O[C@H](CO)[C@@H](O)[C@H](O)[C@H]1O)C(=O)N[C@@H](CCCN=C(N)N)C(=O)N1CCC[C@H]1C(=O)NCC(N)=O,6b0f679325acfdc9,1
,,,Cc1cc(COc2ccc(NC(=O)[C@H]3CN(C(=O)c4ccco4)CC[C@@H]3C(=O)NO)cc2)c2ccccc2n1,00235d4be4325e9b,4
,,,Cc1cn(-c2ccnc(Nc3cc(C)c(OCCO)c(C)c3)n2)cc1CN1CC[C@@H](O)C1,78c26ca8a4340337,10
,,,Cc1cc(COc2ccc(C(=O)NC3(CC(=O)NO)CCN(C(=O)CC(C)C)CC3)cc2)c2ccccc2n1,ac1ab5490b562f04,5
,,,O=c1cc(N2CCOCC2)nc(Cc2nc3ccccc3n2C2CCCCC2)[nH]1,78d7cc220598ff32,1
,,,COC(=O)NC1(c2ccccc2)CCN(C[C@@H]2C[C@@]2(C(=O)N(C)Cc2ccccc2)c2ccc(Cl)c(Cl)c2)CC1,cc1055c9aa4a8b12,8
,,,COc1ccc(CCNc2ncc(C)n(CC(=O)NCCON=C(N)N)c2=O)cc1,87ccf2664757d50a,3
,,,CC(C)C(=O)NCc1ccc2c(c1)C(N1CCN(C)CC1)Cc1ccccc1S2,87e2e912d69d2776,6
,,,COc1cc2c(cc1OC)CN(Cc1csc(-c3ccc4cc(F)ccc4c3)n1)CC2,bc80c4ce6e1eb5e5,11
,,,COc1cc(Sc2c(-c3cccnc3)[nH]c3ccccc23)cc(OC)c1OC,b2f5ea77354102b1,12
,,,CCCCCCCCCCCCC(N)C(=O)NC(CCC(=O)O)C(=O)NC(Cc1c[nH]c2ccccc12)C(N)=O,a0a0009c65314ba2,1
,,,CC1(c2cccc(-c3cccnc3)c2)N=C(N)c2ccccc2O1,fa57aca4ed0802f8,20
,,,COc1cc(Nc2nc(N[C@H]3CCCC[C@H]3N)n3cc(-c4ccccc4)nc3c2C(N)=O)cc(OC)c1,30d1ae281b8a2e45,1
,,,CNC(CCSC)C(=O)NC(=O)C(Cc1ccccc1)NC(=O)CNC(=O)C(C)NC(=O)C(N)Cc1ccc(O)cc1,e3aaa75c70443941,7
,,,Cc1nc(N)ccc1CNC(=O)Cc1c(C#N)ccc(NCC(F)(F)c2ccccn2)c1F,abebeb92070592ce,3
,,,Cc1ccc(NC(=O)c2nscc2NCc2ccncc2)cc1C(F)(F)F,297570a6c8f9dd6d,3
,,,O=C1CN(Cc2ccc(-c3ccc(F)c(CN4CCS(=O)(=O)CC4)n3)cc2)C(=O)N1C1CC1,7084cc3c9bc4b878,11
,,,CC(C)(O)CCCn1c(Cn2c(=O)n(C3CC3)c3ccncc32)nc2ccccc21,ddf56c2b41ae186c,8
,,,COC(=O)NC(C(=O)NC(Cc1ccccc1)CC(O)C(Cc1ccc(-c2cncc(F)c2)cc1)NC(=O)C(NC(=O)OC)C(C)(C)C)C(C)(C)C,ed44225e248e0a4a,6
,,,COc1cccc2[nH]cc(C(=O)C(=O)N3CCN(C(=O)c4ccccc4)CC3)c12,08020c9d9eb9deb5,4
,,,Oc1c2c(nn1-c1ccccn1)CCc1ccccc1-2,3fd187a4f475a481,2
,,,Cc1cnc(CNC(=O)c2sc(-n3cnn(Cc4ccc(F)cc4)c3=O)nc2C)cn1,a1d9385b9b452b06,5
,,,CC(C)(C)C(=O)OCn1nnc(-c2ccccc2-c2ccc(CN3CCC(COC(=O)c4c5n(c6ccccc46)CCCO5)CC3)cc2)n1,1da12093082ceb20,5
,,,CC(C)Nc1cc(NC(=O)c2c(F)cccc2F)cc(C(F)(F)F)c1,0d591a30cc5a04f9,11
,,,CCCCCCCCCCC(N)C(=O)N[C@@H](CCC(=O)O)C(=O)N[C@@H](Cc1c[nH]c2ccccc12)C(N)=O,128cc7b63cd1bdd5,6
,,,NC1=NC(c2ccc(OC(F)F)cc2)(c2cccc(-c3cncnc3)c2)C2=NCC(F)(F)CN12,dcaacc8ac08e44b6,9
,,,CN1CCN(c2ccc(-c3cccc(CN4CCOCC4)c3)cc2NC(=O)c2cnc(O)cc2C(F)(F)F)CC1,a57ac5570ed74615,7
,,,O=C1COc2ccc(CNC3CCN(CCn4c(=O)ccc5ncc(F)cc54)CC3F)nc2N1,e0961d5a8f8a8e61,5
,,,C=CC1CC1(NC(=O)C1CC(OC)(c2ccc(-c3ccc(C)cn3)cc2)CN1C(=O)C(NC(=O)OC1CCCC1)C(C)(C)C)C(=O)NS(=O)(=O)C1CC1,1d5bef947e8ebe41,1
,,,COc1ccc(CCNc2ncc(C)n(CC(=O)NCCONC(=N)N)c2=O)cc1,755f99ca76eb2d34,4
,,,O=C(O)Cc1c(C=CC(=O)OC(Cc2ccc(O)c(O)c2)C(=O)O)ccc(O)c1O,3a31d3c1296ed782,1
,,,O=S1(=O)CCCN1Cc1ccc(-n2nc(C(F)(F)F)c3c2CCCC3)cc1,2c746c5ec74615f1,17
,,,Cc1cc(C)nc(N2CC3CN(C(=O)c4cccc(F)c4-n4nccn4)CC3C2)n1,ec311ceae1730838,3
,,,C[C@H](NP(=O)(OC[C@H]1O[C@@H](n2ccc3c(-c4cccs4)ncnc32)[C@H](O)[C@@H]1O)Oc1ccccc1)C(=O)OCc1ccccc1,5d8ede4426a40d59,1
,,,O=C(NC1CCC(c2cccc(F)c2F)CN(CC(F)(F)F)C1=O)N1CCC(n2c(O)nc3ncccc32)CC1,98cad51dd687bb04,1
,,,Cc1cc(CN(C)C(=O)c2ccc(Oc3ccc(C#C[C@]4(O)CN5CCC4CC5)cc3)cc2)on1,bf76b76637bb40cf,7
,,,COc1cc2c(Cc3nc4c([nH]3)c(=O)n(C)c(=O)n4CC(C)C)cnc(C)c2cc1OC,bb50b347e5fd32aa,6
,,,CCOc1cc(NC(=O)C2(NC(=O)c3ccc4c(C5CCCC5)c(-c5ncc(Cl)cn5)n(C)c4c3)CCC2)ccc1C=CC(=O)O,0448d37f40837149,9
,,,Cn1c(C(=O)NC2(C(=O)NC(Cc3ccccc3)C(=O)NCCCN3CCOCC3)CCCC2)cc2ccccc21,3b7a77ccb6d9429b,1
,,,COc1ccc(-n2nc(C(F)(F)F)c3c2C(=O)N(c2ccc(C4(C5=NCCN5)CC4)cc2)CC3)cc1,c32fa2d416ae3a52,16
,,,O=C(CCNC(=O)c1ccc(F)c(F)c1)NC1OC(CO)C(O)C(O)C1O,9665a07b58440a19,5
,,,CC(=O)NC(Cc1ccccc1)C(=O)N1CC(OCc2ccc3ccccc3c2)CC1CCCN=C(N)N,8d8721fcbdbe2c50,1
,,,Cc1nc(C)c(-c2ccc(C3CCC(CC(=O)NS(C)(=O)=O)CC3)cc2)nc1C(N)=O,38714b5d39951ae6,1
,,,COc1ccc2cc(-c3nc(CN4CCc5cc(OC)c(OC)cc5C4)co3)ccc2c1,93d5127a62fa34a5,7
,,,CCCCCC[C@H](N)C(=O)N[C@@H](Cc1ccc(O)cc1)C(=O)NCC(=O)NCC(=O)N[C@@H](Cc1ccccc1)C(=O)N[C@@H](CC(C)C)C(N)=O,d518e0f87473d515,4
,,,CN(C)CCCN(c1ccncc1)c1ccc(-c2ccc3c(C(N)=O)nn(-c4ccc5onc(N)c5c4)c3c2F)c(F)c1,32c9f65100ea64eb,11
,,,COc1ccc(CC(C)(C)NCC(O)c2cc(O)cc3c2OCC(=O)N3)cc1,709b4412d147dab0,4
,,,COc1cccc(C=CC(=O)NC2(C(=O)NC(Cc3ccccc3)C(=O)NCC3CCN(CC4CCOCC4)CC3)CCCC2)c1,3eb9c35e1c00e26a,1
,,,CCOC(=O)CNC(=O)/C=C/c1oc2ccc(Cl)c(Oc3ccncc3C(=O)N3CCN(C4CC4)c4ccccc43)c2c1C,85ff5c7adb42289c,4
,,,Cc1cc(COc2ccc(C(=O)NC3(CC(=O)NO)CCN(C)CC3)cc2)c2ccccc2n1,63e950f3489f3421,7
,,,CC#CCn1c(N2CCCC(N)C2)nc2c1c(=O)n(Cc1nc(C)c3ccccc3n1)c(=O)n2C,fd1d436ac856b58e,2
,,,CC(C)Oc1ccc(C(=O)NC2(C(=O)N[C@H](Cc3ccccc3)C(=O)NCC3CCN(CC4CCOCC4)CC3)CCCC2)cc1,d559edac2f9a9f8a,2
,,,O=C(Cc1nc(N2CCOCC2)cc(=O)[nH]1)N1CCc2c(-c3ccccn3)cccc21,a010cb161165d90a,4
,,,CC(C)CCn1nc(CC(C)(C)C)c(O)c(C2=NS(=O)(=O)c3cc(NS(C)(=O)=O)ccc3N2)c1=O,8c730c6de00041c7,18
,,,Cc1cc(C#N)nc(C)c1C(=O)N1CCC(C)(N2CCC(N3C(=O)N(CC4CCC(O)CC4)CC3c3ccccc3)CC2)CC1,0a96aa44d9f15b48,3
,,,N#Cc1ccccc1Cn1c(N2CCCC(N)C2)nc2[nH]c(-c3ccc(F)cc3)cc2c1=O,d1438cfcb1682ffb,4
,,,CCc1c2nc(-c3cc(S(=O)(=O)N4CCN(CC)CC4)cnc3OCC(C)C)nc(O)c2nn1CCOC,4afa8bd0f6b1f087,3
,,,CCCNC(=O)c1cn2ncnc(Nc3cc(C(=O)NOC)ccc3C)c2c1C,ca4e500d714934fa,8
,,,CC1c2cccc(O)c2C(O)=C2C(=O)C3(O)C(=O)C(=C(N)O)C(=O)C(N(C)C)C3C(O)C21,82924c84170019a0,2
,,,CCOC(=O)C(CCc1ccccc1)NC(C)C(=O)N1CCCC1C(=O)O,c1a57001593940e7,8
,,,CCCCC(=O)NCCCCC1NC(=O)C2CCCN2C(=O)C(CCCNC(=N)N)NC(=O)C(CCCCN)NC(=O)C(CCCCN)NC1=O,e6b95465fd401a5c,1
,,,CN(C)C(=O)Oc1ccc(CC(NC(=O)C2N(S(=O)(=O)c3ccn(C)n3)CSC2(C)C)C(=O)OCC(C)(C)C)cc1,dc01448c17150f6b,3
,,,CN(C)Cc1ccccc1-c1ccc(N2CCc3c(C(F)(F)F)nn(-c4ccccc4S(N)(=O)=O)c3C2=O)cc1,20a4cbe86012b2d5,3
,,,CC(C)CC(NC(=O)CNC(=O)C(Cc1ccc(O)cc1)NC(=O)C(CO)NC(=O)C(Cc1c[nH]c2ccccc12)NC(=O)C(Cc1cnc[nH]1)NC(=O)C(CCC(N)=O)NC(=O)CCC(=O)NC1OC(CO)C(OC2OC(CO)C(O)C(O)C2O)C(O)C1O)C(=O)NC(CCCNC(=N)N)C(=O)N1CCCC1C(=O)NCC(N)=O,deaa6b5195f7a8bc,2
,,,CC(=O)OC(C)OC(=O)[C@H](Cc1ccc(-c2c(C)n(C)c(=O)n(C)c2=O)cc1)NC(=O)c1c(F)cccc1F,e109ced0fbfea537,1
,,,Cc1ccc(Sc2ccccc2CSC(=N)N)c(CSC(=N)N)c1,f875c23189ac8798,4
,,,C#CCN1C[C@H](C(=O)NO)[C@H](NC(=O)c2ccc(OCc3cc(C)nc4ccccc34)cc2)C1,dd51894596d1fbe6,3
,,,CC[C@@H](C(=O)N[C@H](/C=C/C(=O)OC1CCC1)C[C@@H]1CCNC1=O)n1cccc(NC(=O)c2cc(C)on2)c1=O,7cc50da8ac5cf112,3
,,,Cc1cc(C2(c3cccc(-c4cncnc4)c3)N=C(N)c3c(F)cccc32)cc(C)n1,971a897177b40ab2,14
,,,CCCCc1ccc(C(=O)NC2(C(=O)NC(Cc3ccccc3)C(=O)NCC3CCN(CC4CCOCC4)CC3)CCCC2)nc1,c6f59c81096e70ff,1
,,,CN(C(=O)c1cc2ccccc2s1)C1(C(=O)NC(Cc2ccccc2)C(=O)NCCCN2CCOCC2)CCCC1,a33bb0ac2d49369d,5
,,,CCCOc1ccc2c(c1)C(c1ccc(OC)cc1OCC(=O)O)C(C(=O)O)C2,3b71b58b4bd4b0af,4
,,,CC(C)N1CCN(C(=O)c2ccc(CN3CCCCC3)cc2)CC1,13b5b2437cccc4cd,4
,,,N#Cc1cccc(CN(c2ccc3[nH]ccc3c2)C2CCNCC2)c1,365e056801f042ae,3
,,,Cc1cc(COc2ccc(C(=O)N[C@@H]3CCOC[C@@H]3C(=O)NO)cc2)c2ccccc2n1,d5f6a12437ea59e0,1
,,,COc1ncccc1C(C)c1c(CCN(C)C)sc2ccccc12,b07adf2a90246f11,10
,,,O=C(NC[C@@H](O)c1ccccc1)c1ccc(N2CCN(C(=O)c3ccccc3C(F)(F)F)CC2)nn1,48913f49a38c622d,3
,,,O=S(=O)(NCC1CCCC2(S(=O)(=O)c3ccc(C(F)(F)F)cc3)c3c(F)ccc(F)c3OCC12)C(F)(F)F,8b0693386ae72613,4
,,,CC(=O)Oc1ccccc1C(=O)O[C@H]1C[C@H](n2cc(F)c(=O)[nH]c2=O)O[C@@H]1CO,bd632d58daefebca,11
,,,CN1C(=O)CC(N2CCCN(CCC=C3c4ccccc4COc4ccc(CC(=O)O)cc43)CC2)N(C)C1=O,80afb1d0f225ba16,4
,,,CCCCCCCCCC(=O)Nc1ccc(S(=O)(=O)Nc2nncs2)cc1,06bf60b9ea538f98,6
,,,C[C@@H]1COCCN1c1nc(-c2cncc3[nH]ccc23)cc2c1ncn2C,efa7607528f2e1e7,3
,,,CCc1c2nc(-c3cc(S(=O)(=O)N4CCN(CC)CC4)cnc3OCCOC)nc(O)c2nn1CCN1CCOCC1,d5b1d42ddb41c121,4
,,,CC(C)(F)c1nc2ccccc2n1Cc1ccc(C(=O)N[C@@H]2C[C@@]3(CCCO3)C[C@@H]2C(=O)NO)cc1,a3c9a57f3f7245cd,5
,,,Nc1noc2ccc(-n3nc(C(F)(F)F)c4c3C(=O)N(c3ccc(-c5ccccc5CN5CC[C@@H](O)C5)cc3F)CC4)cc12,5d2c1b26baf3b8c8,1
,,,C=CC1CC1(NC(=O)C1CC(OC)(c2ccc(-c3cscn3)cc2)CN1C(=O)C(NC(=O)OC1CCCC1)C(C)(C)C)C(=O)NS(=O)(=O)C1CC1,367c64e115775259,2
,,,O=C(NC1(C(=O)N[C@H](Cc2ccccc2)C(=O)NCCCC(=O)N2CCC(N3CCOCC3)CC2)CCCC1)c1cc2ccccc2s1,32eb49a82b20e3c9,2
,,,CCC1CC1(NC(=O)C1CC(Oc2cc(-c3csc(NC(C)C)n3)nc3c(Cl)c(OCCN4CCOCC4(C)C)ccc23)CN1C(=O)C(NC(=O)OC1CC2CC2C1)C(C)(C)C)C(=O)O,4557987e838b3a15,1
,,,COc1ccc(C2(c3cccc(-c4cccnc4)c3)N=C(C)C(N)=N2)cc1,b0b4e43c42666e7b,18
,,,CNC(=O)c1cc(Oc2ccc3oc(Nc4ccc(C(C)C)cc4)nc3c2)ccn1,485544591556f434,15
,,,C=CC1CC1(NC(=O)C1CC(OC)(c2ccc(-c3ccc(OC)cc3)cc2)CN1C(=O)C(NC(=O)OC1CCCC1)C(C)(C)C)C(=O)NS(=O)(=O)C1CC1,66f2d84dcc36dae3,1
,,,COc1ccc(C(=O)O[C@H]2C[C@H](n3cc(F)c(=O)[nH]c3=O)O[C@@H]2CO)cc1,294aac5494ae91cf,4
,,,O=C1c2ccccc2-n2c1nc1c(c2=O)CCCC1,ef8ef3cfa34c8fb5,2
,,,Cn1cnc(S(=O)(=O)Nc2cc3c(cc2Oc2cccc(OCc4ccccc4)c2)n(C)c(=O)n3C)c1,b42d6ccff65b5e35,4
,,,Cn1c(-c2ccncc2)c(C2CCCC2)c2ccc(C(=O)NC3(C(=O)Nc4ccc(C=CC(=O)O)cc4)CCC3)cc21,8f93caa302fe690c,10
,,,CC(C)C[C@H](NC(=S)Nc1ccccc1)C(=O)N[C@H]1CCOC1O,0526b74862dc4bd3,1
,,,CNC(=N)c1cccc(CC(CC(=O)N2CCC(C)CC2)NS(=O)(=O)c2ccc3ccccc3c2)c1,ebceb7063548a8d8,1
,,,COc1ccc2c(OC3CC4C(=O)NC5(C(=O)NS(=O)(=O)C6CC6)CC5C=CCCCCN(C)C(=O)C4C3)nc(-c3ccccc3)nc2c1,a20facfbf5ef7842,1
,,,CN(C)CC1CCN(C(=O)Nc2nc3c(s2)-c2nc(C(C)(C)C)sc2CC3)C1C(N)=O,adf314d7d1939550,3
,,,CO[C@H]1C(=O)[C@]2(C)[C@@H](OC(=O)N(C)C)C[C@H]3OC[C@@]3(OC(C)=O)[C@H]2[C@H](OC(=O)c2ccccc2)[C@]23OC(=O)O[C@H]2[C@H](OC(=O)[C@H](O)[C@@H](NC(=O)OC(C)(C)C)c2ccccn2)C(C)=C1C3(C)C,f6bc558a75dc12f0,2
,,,CC(C)n1c(=O)c(C(=O)NC2CC3CCC(C2)N3CCCN2CCOCC2)cc2ccccc21,8009a961fc17e921,4
,,,CC1=NC(C)(c2cccc(-c3cccnc3)c2)N=C1N,0857b7c461043db5,12
,,,CCN1C(=O)C(c2cc(-c3cnn(C)c3)c(O)cc2O)C(=O)N(c2ccccc2)c2cc(C(F)(F)F)ccc21,90cac2b42648d4bc,14
,,,CCC(CC(=O)NC1OC(CO)C(O)C(O)C1O)c1ccc(C)c(C)c1,75803606bcc01134,4
,,,CC(C)CN(CC(O)C(Cc1ccccc1)NC(=O)OC1CCOC1)S(=O)(=O)c1ccc(N)cc1,4a2386a5b4c5c360,1
,,,O=C(OCc1ccccc1)c1cn(C2CC2)c2cc(N3CCNCC3)c(F)cc2c1=O,e6bf2e54d4ef5329,4
,,,CC(=O)Nc1ccc2c(N)ncc(-c3ccc(-c4cnn(C)c4)cc3)c2c1,26a89c253668fbfd,6
,,,CC(=O)N1CCN(c2nc(NCc3cc4ccccc4cn3)c3c(n2)C(=O)N(C(C)C)C3)CC1,e966dd0af37f6f7f,5
,,,Nc1noc2ccc(-n3nc(C(F)(F)F)cc3C(=O)Nc3ccc(-c4ccccc4CNC4CCC4)cc3F)cc12,b0471a93d0634ca8,2
,,,O=C(O)CCCOc1nc2cccc(/C=C/c3ccc(OCCCCOc4ccccc4)cc3)c2nc1C(=O)O,098e8b34176dc8a1,7
,,,NC(=O)CC1CCC(c2ccc(-c3cncc(C(N)=O)n3)cc2)CC1,496c06ac97395db3,8
,,,C[C@H]1Cn2c(nnc2-c2ccc(F)cc2)CN1C(=O)c1cccc(Cl)c1Cl,b2ce15fce593df53,3
,,,NC(=O)c1cccc(-n2nc(C(F)(F)F)c3c2C(=O)N(c2ccc(-c4ccccc4CN4CC[C@@H](O)C4)cc2)CC3)c1,c7c187496d169b30,1
,,,CC(C)C[C@H](CO)Nc1nc(S[C@@H](C)c2ccccc2)nc2nc(O)sc12,857015b919abdfb7,9
,,,CCCNc1cc(NC(=O)c2ccccc2)cc(C(F)(F)F)c1,67d7fd8af1506ac6,17
,,,CN1CCC(c2cc(=O)[nH]o2)CC1,8f88393238a95a87,5
,,,O=C(O)CC1CCC(c2ccc(-c3ccc4c(c3)CCN4C(=O)Nc3ccccc3)cc2)CC1,a3d0aff2c7633ff2,1
,,,CC=Cc1cc(OC)c2c(c1)C(C)C(c1cc(OC)c(O)c(OC)c1)O2,1e42e0bc11c54e28,13
,,,O=C(O)CCCC=CCC1C(O)CC(O)C1CCC(O)CCc1ccccc1,32fc5c586f6f4603,3
,,,Cn1c(N2CCCN(CCCN3c4ccccc4COc4ccc(C(C)(C)C(=O)O)cc43)CC2)cc(=O)n(C)c1=O,e90d97260547233b,2
,,,Cc1nc(-c2ccc(C)c(-c3ccc4c(c3)NC(=O)C43CCN(S(C)(=O)=O)CC3)c2)n[nH]1,a29d063d6ef7e1f5,8
,,,O=C(O)CC(c1cnc2ccccc2c1)N1CCC(CCCc2ccc3c(n2)NCCC3)C1=O,6d35d7f3ca420fdb,1
,,,O=C(Nc1ccccc1)c1cccc(Oc2ccc3c(c2)c(=O)ncn3Cc2c(F)cc(F)cc2F)c1C(F)(F)F,697148c07870ffb4,5
,,,CC(C)c1nc2ccccc2n1Cc1ccc(C(=O)NC2CN(C(=O)OC(C)(C)C)CC2C(=O)NO)cc1,b32714b8af4fd871,8
,,,N#Cc1ccccc1Cn1c(N2CCC[C@@H](N)C2)nc2nc(Br)cc-2c1O,34523023107d3596,4
,,,Cc1ccc2nc(-n3nc4c(c3O)-c3ccccc3CC4)sc2c1,89491ab942b96453,2
,,,Cc1cnc(NCCc2ccc(F)cc2F)c(=O)n1CC(=O)NCCON=C(N)N,c09e1fb126ee4fa8,3
,,,CC(=O)NCC1CN(c2cc(F)c(-c3ccncc3)c(F)c2)C(=O)O1,babb43bf299dcc1b,3
,,,CC1Cn2ncc(C3CCN(S(C)(=O)=O)CC3)c2CN1c1cc(Cl)nc2[nH]ccc12,4e80ddf2e5a7200f,7
,,,c1nc(NCC2CCOC2)c2cc(-c3ccc4c(c3)OCO4)ccc2n1,c58c46fb5b27475b,4
,,,CCOc1ccc(-c2n[nH]c(SCC(=O)Nc3cc(C)cc(C)c3)n2)cc1,d748aba3449f6c1a,7
,,,O=c1n(Cc2nc3ccccc3n2CCCCO)c2cnccc2n1C1CCC1,977dea3960968d9e,2
,,,O=C(Nc1ccc(O)cc1OCC(O)CN1CCC2(CC1)Cc1cc(F)ccc1O2)NC1CC1,6fc54fa5874d2043,2
,,,CCC(=O)NCC1CN(c2ccc(-c3nncs3)c(F)c2)C(=O)O1,2ec83c703645218f,5
,,,O=c1[nH]cnc2cnccc12,db4f05da9b35a89b,1
,,,CCN(CC)C(=O)[C@]1(c2ccccc2)C[C@H]1CN,6ae6ef14a1cf225f,11
,,,CC(C)C1CN(C(=O)c2ccccc2)CCN1C(=O)C(=O)c1c[nH]c2cccc(F)c12,e7b4b8a4d3958ae0,2
,,,CC(C)CC(NC(=S)Nc1ccccc1)C(=O)NC1CCOC1O,6b03944f3cda328b,1
,,,COc1ccc(C2CCN(CCc3cnn(-c4nccc5c(=O)[nH]cnc45)c3)CC2)cc1,f88d4e42b5a21a60,8
,,,Cc1cc(O)cc(C)c1CC(N)C(=O)NCCCc1nc(O)c(CCCNC(=O)C(N)Cc2c(C)cc(O)cc2C)nc1C,ad4242576017f92f,2
,,,O=C(Cc1ccccc1)N[C@H]1CO[C@H](/C=C/c2ccccc2)OC1,fe14e5297eae7bf8,1
,,,O=[N+]([O-])c1cn2c(n1)OC[C@@H](OCc1ccc(N3CCSCC3)c(F)c1)C2,9f543b5a46de2e8e,2
,,,CC(C)[C@H](NC(=O)[C@H](OCc1ccccc1)[C@H](O)[C@@H](O)[C@@H](OCc1ccccc1)C(=O)N[C@H]1c2ccccc2C[C@H]1O)C(=O)NCC(F)(F)F,ce7bf53f612d1df1,3
,,,CC(C)(F)c1nc2ccccc2n1Cc1ccc(C(=O)NC2CC3(CCCO3)CC2C(=O)NO)cc1,6cfa055748a01b50,3
,,,CC(C)(CO)Nc1nc(SCc2cccc(F)c2F)nc2nc(N)sc12,1857992543962367,10
,,,CC(C)CC1NC(=O)CNC(=O)C2CCCN2C(=O)C(Cc2ccc(O)cc2)NC(=O)C(Cc2ccccc2)NC(=O)C2CCCN2C1=O,60b66938488349db,1
,,,COc1ccc2c(OC3CC4C(=O)NC5(C(=O)NS(=O)(=O)C6CC6)CC5C=CCCCCN(C)C(=O)C4C3)cc(-c3ccccc3)nc2c1,8dcd70639cde017e,1
,,,COc1ccc(-n2nc(C(F)(F)F)c3c2C(=O)N(c2ccc(C4(C5=NCCN5C)CC4)cc2)CC3)cc1,4bb60509ead1192f,19
,,,CCOc1ccc(C(C)Nc2nc(N3CCN(C(C)=O)CC3)nc3c2CN(C(C)C)C3=O)cc1F,848298767315812d,4
,,,Cc1c(C(Cc2ccc(F)c(F)c2)P(=O)(OC(C)C)OC(C)C)sc2ccccc12,b6164a68e94fd477,13
,,,O=C1OCCN1N=Cc1ccc(N(O)O)o1,95aed8f8fcfd5040,5
,,,O=C(Nc1ccc(OC2CCC(C(=O)O)CC2)cc1F)c1nnc(Nc2cc(F)c(F)cc2F)o1,69056e6845093d44,2
,,,N#Cc1ccc(-c2ccc(NC(=O)Cn3cnc([N+](=O)[O-])n3)cc2)cc1,74c8400e623b6d1f,4
,,,O=C(NC1(C(=O)NC(Cc2ccccc2)C(=O)NCCCC(=O)N2CCC(N3CCOCC3)CC2)CCCC1)c1cc2ccccc2s1,434ccbf7fbf6e448,1
,,,COc1ccc(-n2nc(C(N)=O)c3c2C(=O)N(c2ccc(C4(CN5CCOCC5)CC4)cc2)CC3)cc1,564ade3e1949d047,7
,,,Cn1ncc2cc(Cc3n[nH]c4ccc(C(=O)N5CCC(F)(F)C5)cc34)ccc21,3150d3d76e56e2cc,14
,,,C=CCc1cc(OC)c(OC(C)C(O)c2ccc(O)c(OC)c2)c(OC)c1,a84702211b94ad2a,1
,,,O=C(O)COc1ccc(C(=O)CN2CCN(C3CCNCC3)CC2=O)cc1,b24c91df21dc9fcd,3
,,,O=C(NC1CCCS(=O)(=O)C1)c1ccc(Oc2ccc(C#CC3(O)CN4CCC3CC4)cc2)cc1,856f9959d743bec6,2
,,,CS(=O)(=O)Nc1ccc2c(c1)S(=O)(=O)NC(c1c(O)c3cccn3n(Cc3ccc(F)cc3)c1=O)=N2,d9fbd1dc9109e371,6
,,,O=C1Cc2cc(C(=O)N[C@H]3C[C@H]4CC[C@@H](C3)N4S(=O)(=O)CC3CCN(CCCC(F)(F)F)CC3)c(Cl)cc2N1,cd67a1c9ca273d08,3
,,,O=C1CSCCN1c1ccc(COC2COc3nc([N+](=O)[O-])cn3C2)cn1,b7307f8ebf0e65e9,2
,,,CN(C(=O)C(N)Cc1ccccc1)C(Cc1ccccc1)C(N)=O,2b1e9803be507591,5
,,,C=CCNC(=O)C(NC(=O)C(O)(CCCN(Cc1ccc(Br)cc1)NC(=O)C(NC(=O)OC)C(C)(C)C)Cc1ccc(CC=C)cc1)C(C)C,711f5ebeae48e17c,1
,,,C[C@H]1Cn2c(nnc2-c2cccnc2)C(=O)N1Cc1cccc(C(F)(F)F)c1Cl,0287a30b86282871,6
,,,COc1cc(C)c(S(=O)(=O)N(C)CCOCC(=O)N2CCN(CCN(C)C)CC2)c(C)c1,db4d5df44ccb18bc,6
,,,O=C(NC(Cc1ccccc1)C(=O)NO)OCc1ccccc1,04635a1622b21422,8
,,,CS(=O)(=O)Nc1ccc2c(c1)S(=O)(=O)N=C(c1c(O)c(N3CCCC3)nn(CCC3CC3)c1=O)N2,30e13f6ea270496e,10
,,,Cc1c(-c2cccc(OCCCCC(=O)O)c2F)c(=O)n(C[C@@H](c2ccccc2)N(C)C)c(=O)n1Cc1c(F)cccc1C(F)(F)F,9e93420f97ee8a0b,3
,,,CCCCCCc1nc2cc(C=CC(=O)NO)ccc2n1CCNCC,f55f08f5be1a4ad3,2
,,,CC(CO)Oc1cc(Oc2ccc(C(=O)N(C)C)cc2)cc(C(=O)Nc2ccn(C)n2)c1,df1c0140e9cd9c4f,6
,,,CCCN1CCN(c2cc3c(cc2F)c(=O)c(C(=O)O)cn3C2CC2)CC1C,636fc2c16456395b,9
,,,CCC(C)OC(=O)C(C)NP(=O)(OCC1OC(C#N)(c2ccc3c(N)ncnn23)C(C)(O)C1O)Oc1ccccc1,b22290a3ac15190c,2
,,,O=C(O)CCCN1CC(C(=O)O)Oc2c(OCc3ccc(OCCCCc4ccccc4)cc3)cccc21,824ae3a1aee6a18a,4
,,,COCCCn1c(=O)nc(-c2ccc(N3CCN(C)CC3)nc2)c2oc3ccc(-c4cnn(C)c4)cc3c21,be53ed1e6b7959c4,13
,,,Cc1ccc(N2CCN(C(=O)[C@@H]3CN(C4CCOCC4)C[C@H]3c3ccc(Cl)cc3)CC2)c([C@@H](NC(=O)CCN(C)C)C(C)C)c1,9ef907eebfc743c7,3
,,,CC(C)(N)C(=O)N1CCn2c(nc(-c3ccc(F)cc3)c2Nc2ccc(F)cc2)C1,dcbf716fa5afe73c,12
,,,O=C(C[C@H]1CNC(=O)c2cc(-c3cccc(F)c3)cn21)N[C@H](CO)C1CCCCC1,abbf7487021fc987,4
,,,O=C(O)C1=CC(=NNc2ccc(S(=O)(=O)Nc3ccccn3)cc2)C=CC1=O,4b4b400750939c49,7
,,,Cc1cc(COc2ccc(C(=O)NC3(CC(=O)NO)CCN(CCS(C)(=O)=O)CC3)cc2)c2ccccc2n1,680edce41ca92fd2,1
,,,COC(O)=C1C(C)=NC(C)=C(C(=O)OCCN(C)Cc2ccccc2)C1c1cccc([N+](=O)[O-])c1,039ff0fb3f74646f,4
,,,CC1Cn2c(nnc2-c2ccc(F)cc2)CN1C(=O)c1cccc(Cl)c1Cl,59469c719b5f9743,9
,,,O=C(O)CC1CCC(c2ccc(C(=O)Nc3nnc(Cc4ccccc4)s3)cc2)CC1,3deb5192eb7c5dbb,3
,,,CCCCC(=O)N(Cc1ccc(-c2ccccc2-c2nn[nH]n2)cc1)[C@H](C(=O)O)C(C)C,69e7e1615014a31a,3
,,,CC(C)CCn1nc(-c2cccs2)c(O)c(C2=NS(=O)(=O)c3cc(NS(C)(=O)=O)ccc3N2)c1=O,b97bd44c4a26609b,9
,,,CC(C)S(=O)(=O)NC1Cc2ccc(Cn3cc(CO)c(C(F)(F)F)n3)cc2C1,04d95ec35c5e1fd6,2
,,,CS(=O)(=O)C1CCN(c2cccc3c2cnn3-c2ccnc(NC3CCC(O)CC3)n2)CC1,b247a88fabe54ec1,3
,,,N#Cc1ccc(NC[C@@H]2CCCN2C(=O)C[C@H](N)Cc2cc(F)c(F)cc2F)nc1,68274c0f7e6570ed,5
,,,COC1CCC(N2C(=O)CNc3ncc(-c4ccc(-c5nc[nH]n5)nc4C)nc32)CC1,24e205b483491190,2
,,,N=C(N)SCc1cc(F)ccc1Sc1ccc([N+](=O)[O-])cc1CSC(=N)N,031f09902b4be109,4
,,,O=C1COCCN1c1ccc(C2CC(c3ccc([N+](=O)[O-])o3)=NO2)cn1,dcf73c560e9d5ebf,8
,,,Cn1cc(-c2ccc(Cc3[nH]nc4ccc(C(=O)N5CCC(O)C5)cc34)cc2)cn1,ef42342e808bad01,10
,,,Cn1c(N2CCCN(CCC=C3c4ccccc4CCc4ccc(C(=O)O)cc43)CC2)cc(=O)n(C)c1=O,0a8b21ac5663d652,6
,,,CCOc1cccc(NC(=O)OCCN2CCCC2)c1,9bd9e12bccdb21c9,23
,,,CNC(=O)C=C(c1ccc2nc(N)n(S(=O)(=O)C(C)C)c2c1)c1cc(F)ccc1F,0b3c1e92a6b34a6b,17
,,,CC(=O)Nc1cccc(-c2ccc(Cc3ocnc3C(=O)NC(Cc3ccccc3)C(=O)O)cc2)c1,b5ad251addd9743b,6
,,,CC(=O)N(C)c1ccc(OC2CN(c3c4c(nc5ccnn35)CCNCC4)C2)cc1,af85e6f6ceab2165,4
,,,O=C(NCCC1CC1)c1ccc(N2CCN(C(=O)c3ccccc3C(F)(F)F)CC2)nn1,deea52f358cb5442,8
,,,O=[N+]([O-])c1cn2c(n1)OCC(OCc1ccc(N3CCOCC3)cc1)C2,6b81347361554f84,5
,,,CC(C)n1nc(C(=O)NC2CC3CCC(C2)N3CCN2CCN(S(C)(=O)=O)CC2)c2ccccc21,df7285f19edf84ff,2
,,,Cc1nsc(-c2nnc3n2CCN(C(=O)c2ccc(F)cc2)C3CCO)n1,e6e320554e2aea61,7
,,,Cc1cc(COc2ccc(C(=O)N[C@@H]3C[C@@]4(CCCO4)C[C@@H]3C(=O)NO)cc2)c2ccccc2n1,69437eecfa72cd72,9
,,,Cn1cnc(S(=O)(=O)N(CCN(Cc2cncn2C)c2ccc(C#N)cc2)Cc2ccc(-c3ccccc3)cc2)c1,3d06005d6c2a4844,8
,,,CC(C)(C)C(=O)NC[C@@H]1CCCN1C(=O)C[C@H](N)Cc1cc(F)c(F)cc1F,0cc4d26740edc83d,11
,,,Oc1cc(N2CCOCC2)nc(Cc2nc3ccccc3o2)n1,9d6dacd30eb9ceaf,6
,,,COC(=O)OC1CC2OCC2(OC(C)=O)C2C(OC(=O)c3ccccc3)C3(O)CC(OC(=O)C(O)C(NC(=O)c4ccccc4)c4ccccc4)C(C)=C(C(OC)C(=O)C12C)C3(C)C,fd62b4f3cb93fe48,2
,,,CCCCCCC(C)OC(=O)COc1ccc(C(=O)CN2CCN(C3CCNCC3)CC2=O)cc1,ecc829fe7fb4c8c1,3
,,,N[C@@H](CC(=O)N1CCC[C@H]1c1noc(C2(C(F)(F)F)CC2)n1)Cc1cc(F)c(F)cc1F,99bb0becfbe131b0,9
,,,CC(NP(=O)(OCC1OC(n2ccc3c(-c4cccs4)ncnc32)C(O)C1O)Oc1ccccc1)C(=O)OCc1ccccc1,bad0a8a96090c803,1
,,,O=[N+]([O-])c1ccc(C2=NOC(c3ccc(N4CCCCC4)cc3)C2)o1,bf54bc9d00df4607,7
,,,CN(Cc1ccc(F)cc1)C(=O)[C@@]1(c2ccc(Cl)c(Cl)c2)C[C@H]1CN1CCN(C(=O)CN2CCCCC2)CC1,e87a4467181d7621,7
,,,COc1ccccc1N1CCN(C(=O)/C=C/c2noc(-c3cc(Cl)c(O)cc3O)c2-c2ccc(O)cc2)CC1,44f0f5e17308b8f9,1
,,,N#Cc1ccc2cc3c(=O)[nH]c(=O)nc-3n(-c3cccc(-c4nnn[nH]4)c3)c2c1,1868b0d927833bf2,6
,,,N#Cc1ccccc1Cn1c(N2CCCC(N)C2)nc2c(-c3cccnc3)c[nH]c2c1=O,04a44235cc608e2c,9
,,,CC(=O)N[C@@H](Cc1ccccc1)[C@H](O)CN[C@H]1CC(C)(C)Oc2ccc(CC(C)(C)C)cc21,8256a67243e2c0fb,9
,,,CN1CCCCC=CC2CC2(C(=O)NS(=O)(=O)C2CC2)NC(=O)C2CC(Oc3nc(-c4ccccc4)nc4ccccc34)CC2C1=O,a282bab006e90d6e,1
,,,Cn1c(Cc2nc(O)cc(N3CCOCC3)n2)nc2cccc(-c3ccccc3)c21,17673906e61bf863,8
,,,COc1cc(C(=O)N2CCC(CCN3CCC(C(N)=O)(c4ccccc4)CC3)(c3ccc(Cl)c(Cl)c3)C2)cc(OC)c1OC,e8c3090a5c8b3e96,1
,,,C[C@@H]1O[C@@H](c2ccc([N+](=O)[O-])cc2)OC[C@H]1NC(=O)Cc1ccccc1,f1ddbdee9bbbbe2d,9
,,,Cc1cnc(NC(O)=C2C(=O)c3ccccc3S(=O)(=O)N2C)s1,65bc09cade8b02bf,1
,,,C#CCN(CC#C)C(=O)[C@@]1(c2ccc3c(c2)OCCO3)C[C@H]1CN,2ad612b3be1ddab8,12
,,,CS(=O)(=O)Nc1ccc([N+](=O)[O-])cc1Oc1ccc(I)cc1,22f60e1bc9c89c33,5
,,,CN(c1ccc2c(c1)S(=O)(=O)NC(c1c(O)c3cccn3n(Cc3ccc(F)cc3)c1=O)=N2)S(C)(=O)=O,8edb7c6869f0b372,3
,,,COc1cc(-c2oc3cc(O)cc(O)c3c(=O)c2OC2OC(COC3OC(C)C(O)C(O)C3O)C(O)C(O)C2O)ccc1O,3b867a05baebf8b9,4
,,,O=c1cc([C@@H]2CCN[C@H](Cc3ccccc3)C2)o[nH]1,0fd09fb120bb938e,4
,,,COC(=O)O[C@H]1C(=O)[C@]2(C)[C@@H](OC)C[C@H]3OC[C@@]3(OC(C)=O)[C@H]2[C@H](OC(=O)c2ccccc2)[C@]2(O)C[C@H](OC(=O)[C@H](O)[C@@H](NC(=O)c3ccccc3)c3ccccc3)C(C)=C1C2(C)C,abca8b348ce23270,1
,,,CC(C)N(C)CC(O)CN1C2CCC1CC(NC(=O)c1nn(C(C)C)c3ccccc13)C2,61b53bc914587731,4
,,,Cc1cc(COc2ccc(C(=O)NC3CCCC3C(=O)NO)cc2)c2ccccc2n1,7f44a73f31836736,14
,,,Cc1[nH]c2cc(C3CCCCN3C(=O)c3ccccc3N)nn2c(=O)c1C,e3e0a924dc33454a,7
,,,CSc1nc2ccccc2n1Cc1ccc(C(=O)NC2CNCC2C(=O)NO)cc1,68f3b724f0c23f8c,9
,,,N#CNC(=O)C(Cc1ccccc1)NC(=O)OCc1ccccc1,f8a837f01d0fc4d5,11
,,,CSc1ccc(S(=O)(=O)CC2CC(N(C)C(C)C)CCC2N2CCC(C)(NC(=O)c3cccc(C(F)(F)F)c3)C2=O)cc1,edc6b13180237aa6,1
,,,CCC(C)C1NC(=O)C2CCCN2C(=O)C(Cc2ccccc2)NC(=O)C(CC(C)C)NC(=O)c2csc(n2)C(C(C)CC)NC(=O)C2CCCN2C1=O,6424b4c376480191,3
,,,COc1cc(CN2CCN(C)CC2)ccc1-c1nc2c(N[C@H]3[C@@H](C(N)=O)[C@@H]4C=C[C@H]3C4)c(Cl)cnc2[nH]1,789d30893bab8bf0,3
,,,Cc1ccc(C(=O)NC2CC2)cc1-c1cc2cnn(-c3c(F)cccc3F)c2n(C)c1=O,50b48fb9b1e0eb69,10
,,,CC(C)(CCC(C(N)=O)(c1ccccc1)c1ccccc1)N1CC[C@H](Oc2ccccc2)C1,59b77aaec15a8a61,5
,,,Cc1cc(COc2ccc(C(=O)N[C@@H]3CN(C(=O)OC(C)C)C[C@@H]3C(=O)NO)cc2)c2ccccc2n1,6162705f8d9a8fd6,2
,,,CC(C)S(=O)(=O)n1c(N)nc2ccc(C(=CC(N)=O)c3ccccc3)cc21,285f533ba43df7c2,3
,,,N#Cc1ccc(C2(CC3CCCC3)c3ccccc3-c3nccn32)cc1,25b16680fad879dd,9
,,,O=C(NC1(C(=O)N[C@H](Cc2ccccc2)C(=O)NCCC2CCN(CC3CCOCC3)CC2)CCCC1)c1cc2ccccc2s1,e4437b4ca316144b,4
,,,Cn1c(N2CCCN(CCC=C3c4ccccc4COc4ccc(CC(=O)O)cc43)CC2)cc(=O)n(C)c1=O,8b522b0d094662a8,1
,,,CC(C)(F)c1nc([C@@H]2CCCN2C(=O)C[C@H](N)Cc2cc(F)c(F)cc2F)no1,5e86f201fc6b0409,3
,,,Cc1[nH]n(-c2nc3ccc(F)cc3s2)c(=O)c1-c1ccccc1,08a78ffbe8ab0cde,2
,,,COc1cccc(CNC(=O)c2nc(O)c3c(OCCc4ccc(C(=O)O)cc4)c(F)ccc3n2)c1,4f6fc8616659d6a4,1
,,,CCC1CC1(NC(=O)C1CC(Oc2cc(-c3csc(NC(C)C)n3)nc3c(Cl)c(OCCN4CCCCC4)ccc23)CN1C(=O)C(NC(=O)OC1CC2CC2C1)C(C)(C)C)C(=O)O,a5e9279a8d1dd0a5,2
,,,CC(C)CCn1nc(N(C)C(C)C)c(O)c(C2=NS(=O)(=O)c3cc(NS(C)(=O)=O)ccc3N2)c1=O,6c9c63c152e248ac,9
,,,C[C@@H]1NC(=O)[C@H](C)NC(=O)[C@H](Cc2ccccc2)NCCC(=O)NCCN([C@@H](Cc2ccccc2)C(N)=O)C(=O)CNC(=O)CNC1=O,e67082b153076448,1
,,,CN1CCN(C[C@@H](NC(=O)C[C@H]2CNC(=O)c3cc(-c4cccc(F)c4)cn32)C2CCCCC2)CC1,16a02173ed6cdc51,6
,,,CSCCC(NC(=O)C(Cc1ccccc1)NC(=O)CNC(=O)C(C)NC(=O)C(N)Cc1ccc(O)cc1)C(=O)O,88210e3db29fe31a,1
,,,Cc1cc(COc2ccc(C(=O)NC3CCNCC3C(=O)NO)cc2)c2ccccc2n1,8436e8c643584bf9,4
,,,Cc1[nH]c2cc(C3CCCCN3C(=O)c3ccccc3NS(=O)(=O)C3CC3)nn2c(=O)c1C,84d6e68706421b53,4
,,,Cc1onc(C(=O)N2CCC(Nc3cc(=O)n(C)c4cc(F)c(F)cc34)CC2)c1C,e58490025cf6b4eb,5
,,,CC(C)[C@@H](C(=O)N[C@H](C)Cc1ccc(O)c(C(C)(C)C)c1)N(C)C(=O)[C@@H](N)Cc1ccccc1,add6468a78c5a1ec,7
,,,CNC(=O)NC1(c2ccccc2)CCN(C[C@@H]2C[C@@]2(C(=O)N(C)Cc2ccccc2)c2ccc(Cl)c(Cl)c2)CC1,9e4cde3596a5909d,9
,,,CC(=O)NC1CCN(C(=O)c2ccc(O)cc2OCC(O)CN2CCC3(CC2)Cc2cc(Cl)ccc2O3)C1,d804a0b9ef33d736,1
,,,Cc1nc(NC(=O)N2CCCC2C(N)=O)sc1-c1ccc(S(C)(=O)=O)c(F)c1,8d850177a5eea883,4
,,,Cc1cccc(C(=O)N2c3cccc(O)c3NC3=C(C(=O)CC(C)(C)C3)C2c2ccc(OCc3ccccc3)cc2F)n1,b02e5bccb71df198,10
,,,CC(C)C[C@@H]1NC(=O)[C@H](Cc2ccc(O)cc2)N(C)C(=O)[C@H]2CCCN2C(=O)[C@H](CC(C)C)NC(=O)[C@H](CC(C)C)N(C)C(=O)[C@@H](CC(C)C)NC1=O,5e0867ba54c5fff0,2
,,,c1ccc(C(C(c2ccccc2)N2CCCC2)N2CCCC2)cc1,698e8bc969a2a5e1,10
,,,CCN(CC)Cc1ccccc1-c1ccc(N2CCc3c(C(N)=O)nn(-c4ccc(OC)cc4)c3C2=O)cc1,2af8bffdaed5df3e,9
,,,Cn1c(-c2nccs2)c(C2CCCCC2)c2ccc(C(=O)NC(C)(C)C(=O)Nc3ccc(C=CC(=O)O)cc3)cc21,433626d37d5f5443,6
,,,CCCc1nn(C)c2c(=O)[nH]c(-c3cc(S(=O)(=O)NCCCCCCO)ccc3OCC)nc12,c355e91904543265,1
,,,O=C(NC1CCN(C(=O)C=Cc2cccnc2)CC1)C(c1ccccc1)C1CCCCC1,8a1b1b54704d3d12,2
,,,COC1C(=O)C2(C)C(OC)CC3OCC3(OC(C)=O)C2C(OC(=O)c2ccccc2)C2(O)CC(OC(=O)C(O)C(NC(=O)OC(C)(C)C)c3ccccc3)C(C)=C1C2(C)C,b48778d5cf5e353b,2
,,,O=c1cc(N2CCOCC2)nc(Cc2nc3ccccc3o2)[nH]1,db114163fb3ae6d4,3
,,,COc1ccc2c(OC3CC4C(=O)NC5(C(=O)NS(=O)(=O)C6CC6)CC5C=CCCCCN(C)C(=O)N4C3)nc(-c3ccccc3)nc2c1C,e51fa135ae33edc3,2
,,,CS(=O)(=O)Nc1ccc2c(c1)S(=O)(=O)N=C(C1=C(O)C3C4CCC(C4)C3N(Cc3ccc(F)c(F)c3)C1=O)N2,4f812adbac93d3ab,9
,,,CC=C(C)C(=O)NC(c1ccccc1)C(O)C(=O)OC1CC2(O)C(OC(=O)c3cccc(N=[N+]=[N-])c3)C3C4(OC(C)=O)COC4CC(OC(=O)CC(F)(F)F)C3(C)C(=O)C(O)C(=C1C)C2(C)C,40f1036200c633f7,4
,,,CCCCN1C(=O)C(CC(C)C)NC(=O)C12CCN(Cc1ccc(Oc3ccccc3)cc1)CC2,367313cd22e089ac,5
,,,N#Cc1c(N2CCCC(N)C2)n(Cc2ccccc2)c2c(=O)n(Cc3ccnc4ccccc34)cnc12,9392ca6a03c6f197,6
,,,N=C(N)SCc1ccccc1Sc1ccccc1CSC(=N)N,2a24fa7e81922793,6
,,,NC(=O)C(Cc1ccccc1)NC(=O)OCc1ccccc1,b69ffb7b95d4b9f8,14
,,,O=C(NC1(C(=O)NC(Cc2ccccc2)C(=O)NCC2CCN(CC3CCOCC3)CC2)CCCC1)c1ccc(-n2cccc2)cc1F,e2a7d2216349343f,5
,,,CC(C)CC(CO)Nc1nc(S(=O)(=O)Cc2ccccc2)nc2[nH]c(=O)sc12,b3b44147de56b675,5
,,,O=C1N(Cc2ccc3c(c2)OCO3)c2ccccc2C1(O)c1ccc2c(c1)OCO2,232a2502236806c1,14
,,,COc1ccc(-n2nc(C(F)(F)F)c3c2C(=O)N(c2ccc(C4(Cn5ccnc5C)CC4)cc2)CC3)cc1,378434f34401d444,24
,,,CN1CCN(Cc2ccc(C(c3nnnn3Cc3ccccc3)N3CCCN(C4CCC4)CC3)cc2)CC1,247679a3b4420c42,7
,,,CCCCC1N(CC2CCCCC2)C(=O)OC12CCN(C1(C)CCN(C(=O)c3c(C)cccc3C)CC1)CC2,6d1206181efcb306,1
,,,Cc1cc(COc2ccc(C(=O)NC3(CC(=O)NO)CCN(CC(C)(C)C)CC3)cc2)c2ccccc2n1,fcda151371994303,2
,,,CN(C)C(=O)Oc1cccc(NC(=O)C2(N(C)C)CCN(c3ncnc4[nH]c5c(c34)CC(F)(F)CC5)CC2)c1,cec7ce9c19f4e3a1,4
,,,Cc1cc(CC(OC(=O)N2CCC(c3cc4ccccc4[nH]c3=O)CC2)c2cc(CN3CCOCC3)ccn2)cc2cn[nH]c12,259f94f4c20a01e5,3
,,,O=c1cc(N2CCOCC2)nc(Cc2nc3c(-c4ccccc4)c(F)ccc3o2)[nH]1,5552ca7fc858d680,3
,,,COC(=O)C(C)NP(=O)(OCC1C=CC(n2cc(C)c(=O)[nH]c2=O)O1)Oc1ccc(Br)cc1,33b8700aa7a22ed1,1
,,,CNC(=O)c1cc(Oc2ccc3oc(Nc4ccc(OC(F)(F)F)cc4)nc3c2)ccn1,3073af4c81085e31,14
,,,Cn1cc(-c2ccc(-c3cnc(N)c4ccc(C(=O)NC5CC5)cc34)cc2)cn1,94f4096d9518500e,11
,,,O=C(NC1CCOCC1C(=O)NO)c1ccc(Cc2c(C(F)(F)F)nn3ccccc23)cc1,5c8841cd1b4556c4,4
,,,CS(=O)(=O)NCC1CCCC2(S(=O)(=O)c3ccc(C(F)(F)F)cc3)c3c(F)ccc(F)c3OCC12,1a714f8a5bc6dda0,2
,,,CC(C)(F)c1nc2ccccc2n1Cc1ccc(C(=O)N[C@@H]2CCOC[C@@H]2C(=O)NO)cc1,e405db0b92d0dd69,7
,,,Nc1ncc(-c2ccc(OCCN3CCCCC3)cc2)nc1C(=O)Nc1cccnc1,f6084d6db301b0f8,3
,,,Cc1nnc(-c2ccc(C)c(-c3ccc4c(c3)NC(=O)C43CCN(S(C)(=O)=O)CC3)c2)[nH]1,57352c35f32f2a7b,4
,,,N#Cc1ccccc1Cn1c(N2CCCC(N)C2)nc2c(Br)c[nH]c2c1=O,2267394620490dc2,9
,,,COc1cc(CN2CCOCC2)ccc1-c1nc2c(NC3C4C=CC(C4)C3C(N)=O)c(Cl)cnc2[nH]1,458866bc7609d445,3
,,,O=C(NC1CCOCC1C(=O)NO)c1ccc(Cn2c(C(F)(F)F)nc3ccccc32)cc1,bfa1ac8532ff7480,8
,,,Cn1cncc1CN1CC(N(Cc2cccc(-n3cccc3)c2)S(=O)(=O)c2ccccn2)Cc2cc(C#N)ccc21,2df7ede706768829,9
,,,CCCCn1c2ncccc2c(=O)n1Cc1ccc(-c2ccccc2-c2nn[nH]n2)cc1,a225c829e7c55157,6
,,,Cn1c(-c2ccccn2)c(C2CCCCC2)c2ccc(C(=O)NC3(C(=O)Nc4ccc(C=CC(=O)O)cc4)CCC3)cc21,85790de69af78646,2
,,,CNC(=O)c1cc(Oc2ccc3sc(Nc4cccc(C(C)(C)C)c4)nc3c2)ccn1,9242f66187d6cdeb,18
,,,O=C(NCCC1CC1)c1ccc(N2CCN(C(=O)c3cc(F)ccc3Cl)CC2)nn1,9deb07895d65e14c,8
,,,Cc1cc(Oc2cccc(Cn3ccnc3)c2)cc(C)c1Cl,4a9a345b258f46ee,13
,,,O=C(NC(Cc1ccc(F)c(Br)c1)C(=O)O)c1ccc(Br)cc1NS(=O)(=O)c1cccc2nccnc12,1d43d38943916fb5,3
,,,CC(C)NC(=O)C(C)(C)COc1nnc(-c2ccc(NC(=O)c3ccc4ccccc4c3)cc2)n1C,151a7d984223b5ca,5
,,,CCCS(=O)(=O)Nc1ccc(F)c(C(=O)Nc2cnc3[nH]c(-c4ccc(Br)cc4)nc3c2)c1F,4ff62e469b84d146,1
,,,Cn1cncc1CN1CC(N(CC2CCN(C(=O)C(C)(C)C)CC2)S(=O)(=O)c2ccccn2)Cc2cc(C#N)ccc21,823b585703c36e6d,2
,,,CC1CCC(N2CCC3(CN(C(=O)c4cc5ccc(F)cc5[nH]4)c4ccccc43)C2)CN1,37243cc90eeb0823,5
,,,CC(C)CN1CCC(COc2ccc(NC(=O)Nc3cccnc3Oc3ccccc3C(C)(C)C)c(F)c2)CC1,fea425d9387057be,3
,,,COc1ccc2c(OC3CC4C(=O)NC5(C(=O)NS(=O)(=O)C6CC6)CC5C=CCCCCCC(NC(=O)OC(C)(C)C)C(=O)N4C3)cc(OC(C)C)nc2c1C,71512f6cc109df08,1
,,,CN[C@@H](Cn1c(=O)c(-c2cccc(OCCCCC(=O)O)c2F)c(C)n(Cc2c(F)cccc2C(F)(F)F)c1=O)c1ccccc1,107458ebe63734c0,3
,,,CCCCCCCCCCC(N)C(=O)NC(CCC(=O)O)C(=O)NC(Cc1c[nH]c2ccccc12)C(N)=O,e755868dc225dcbb,2
,,,NC(=O)[C@H](Cc1ccccc1)NC(=O)[C@H](Cc1c[nH]c2ccccc12)NC(=O)[C@@H]1CCCN1C(=O)[C@H](Cc1ccc(O)cc1)NC(=O)CCC(=O)N[C@@H]1O[C@H](CO)[C@@H](O)[C@H](O)[C@H]1O,be0eeca107e980bc,1
,,,N#Cc1cc(OC2CC3CCC(C2)N3)cc(-c2ncccc2C#N)c1,54216e28f8d7d854,8
,,,O=C1CSCCN1c1ccc(CO[C@@H]2COc3nc([N+](=O)[O-])cn3C2)cc1,e401eae1a14a59cd,3
,,,O=C(CC1CNC(=O)c2cc(-c3ccnc(Cl)n3)cn21)NCC1CCCCC1,ce439fd691312277,1
,,,COc1ccc(-n2nc(C(N)=O)c3c2C(=O)N(c2ccc(N(C)C(C)=O)cc2)CC3)cc1,3f6889f75ef08bd8,14
,,,O=C(NC1CCCC1C(=O)NO)c1ccc(Cn2c(C3CC3)nc3ccccc32)cc1,ef5064889d01e41f,13
,,,CC(C)=CCn1c(N2CCCC(N)C2)c(C#N)c2ncn(C)c(=O)c21,199a2642ae682b9b,2
,,,C=C(C)[C@@H]1CCC(C)=C[C@H]1c1c(O)cc(CC2CN(C(=O)OCC)C2)cc1O,6d6f9fb697a93606,3
,,,CC(=O)NC(c1cccs1)c1cc(Br)c2cccnc2c1O,04ba548e02ec97f4,8
,,,COC1CCC(C(=O)Nc2nc(C)c(-c3ccc(N)nc3)s2)CC1,1a9ad4e5b985a455,4
,,,CNCC1(c2ccc(N3CCc4c(C(F)(F)F)nn(-c5ccc(OC)cc5)c4C3=O)cc2)CC1,edf6afbdc836514e,16
,,,CC(=O)N1CCN(c2nc3c(c(N(C)Cc4cc5ccccc5cn4)n2)CN(C(C)C)C3=O)CC1,bafda8e6d4a69d06,11
,,,O=c1cc([C@H]2CCN[C@@H](CCc3ccccc3)C2)o[nH]1,5617af3fdf8824f9,6
,,,CC[C@H](C)[C@@H]1NC(=O)[C@@H]2CCCN2C(=O)[C@H](Cc2ccccc2)NC(=O)[C@H](C(C)(C)C)NC(=O)c2csc(n2)[C@H]([C@@H](C)CC)NC(=O)[C@@H]2CCCN2C1=O,2e2e332448a97cb5,1
,,,CCc1c(CCCC(=O)O)cccc1-c1cnc(-c2ccc(OC(C)C)c(C#N)c2)s1,9e277035d39a5acf,14
,,,CC1(c2cccc(-c3cccnc3)c2)N=C(N)c2c(F)cccc2O1,0c8b0fefde574352,17
,,,CCCCOc1ncc(S(=O)(=O)N2CCN(CC)CC2)cc1-c1nc(O)c2nn(CCN(C)C)c(CC)c2n1,33311155cbd1c61c,3
,,,NC(=O)[C@@H]1[C@H](c2ccccc2)CCN1C(=O)[C@@H](N)Cc1ccccc1,0c32a27e638c59a1,4
,,,Oc1cc(N2CCOCC2)nc(Cc2nc3c(-c4ccccc4)cccc3[nH]2)n1,594ca9cce13bc274,5
,,,COc1ccc2c(O[C@@H]3C[C@H]4C(=O)N[C@]5(C(=O)NS(=O)(=O)C6CC6)C[C@H]5/C=C\CCCCCNC(=O)N4C3)cc(-c3nc(C(C)C)cs3)nc2c1,6cfbb3b74b158c63,2
,,,Nc1noc2ccc(-n3nc(C(F)(F)F)c4c3C(=O)N(c3ccc(-c5ccccc5CN5CC[C@@H](O)C5)cc3)CN4)cc12,a4657389de7cecfe,1
,,,COCCCN1C[C@@H]2[C@@H](CNC(=O)c3nc(C(C)C)n4ccccc34)[C@@H]2C1,a7f05a31af9c85cf,4
,,,CCCCCCC(NC(=O)C(CC(C)C)NC(=O)C(Cc1ccccc1)NC(=O)CNC(=O)CNC(=O)C(Cc1ccc(O)cc1)NC(C)=O)C(N)=O,a1f0aeed84157f57,1
,,,CC1CN(c2cc(=O)c3cc(C(=O)N4CCOCC4)cc(CN4CCOc5c(F)cc(F)cc54)c3o2)CCO1,6b182e21a8b80818,3
,,,C[C@H](CO)Nc1cc(NS(=O)(=O)N2CCC2)nc(SCc2cccc(F)c2F)n1,76ecc61eeae656af,7
,,,CCc1nc(N)nc(N)c1-c1ccc2c(c1)N(CCCOC)C(=O)C(C)(c1ccc(F)c(F)c1)O2,8c656a84f1ee00f7,18
,,,CC(C)C[C@@H]1NC(=O)[C@@H](CC(C)C)NC(=O)[C@H](Cc2ccccc2)NC(=O)CNC(=O)[C@@H](C)NC(=O)[C@H](Cc2ccc(O)cc2)NC1=O,bbf5fd2f49233c5b,1
,,,C=CCCCS(=O)(=O)NC(=O)c1ccccc1NC(=O)[C@@H](NC(=O)[C@@H](NC(=O)OC(C)(C)C)C(C)(C)C)c1ccc(Oc2cc(OC)nc(-c3ccccc3)n2)cc1,9bc6554c187841d6,5
,,,COc1cc(-c2nnc3n(C(C)c4ccc(F)cc4)cccc2-3)ccc1-n1cnc(C)c1,f0b70e3739cce020,17
,,,C=C(c1ccccc1)C1OCC(NC(=O)Cc2ccccc2)C(C)O1,a1f9d4e3ab7fe495,6
,,,CC(C)CC(OC(=O)C(C)(C)C)C(=O)NC1(C(=O)NC(CCc2ccccc2)C(=O)OC(C)(C)C)CCCC1,f4e710323125487a,2
,,,COC(=O)CC(C(=O)NN(Cc1ccc(Br)cc1)CC(O)(Cc1ccccc1)C(=O)NC1CCOC1)C(C)(C)C,226446dac230a00a,2
,,,Cc1cc(COc2ccc(C(=O)NC3CN(C(=O)OC(C)C)CC3C(=O)NO)cc2)c2ccccc2n1,0b4780acfd6f639e,12
,,,CN1C(=O)CC(N2CCN(CCC=C3c4ccccc4COc4ccc(CC(=O)O)cc43)CC2)N(C)C1=O,cd2d5d88a2ce9fd0,1
,,,COc1ccccc1N1CCN(C(=O)C2(Oc3ccc(C(F)(F)F)cc3)CCCN(C(=O)c3cnccc3C(F)(F)F)C2)CC1,9356fc1b8add7e33,2
,,,Cc1onc(C(=O)N2C3CCC2CC(Nc2cc(=O)n(C)c4nccnc24)C3)c1C,761b9f5275f37b7c,11
,,,CC(C)N1CCN(C(=O)c2ccc(CN3CCOCC3)cc2)CC1,e8ace60c4f37d3f9,3
,,,C[C@H](Cc1cccc(CC(=O)NCc2cc(C(F)(F)F)ccc2F)c1)NC[C@H](O)c1ccc(O)c(CO)c1,488245d3328af7f7,1
,,,FC(F)(F)Oc1ccc(Nc2nnc(-c3cccnc3CCc3ccncc3)o2)cc1,1a68a8999acd28d2,3
,,,Cc1cccc(S(=O)(=O)Nc2ccc(C)n(CC(=O)NCCON=C(N)N)c2=O)c1,11c72224a0d512ca,6
,,,Cc1ccnc(SC(F)(F)c2nc3ccccc3o2)n1,799c402b595569b2,2
,,,CNC(=O)c1cc(Oc2ccc3oc(Nc4cccc(C(C)(C)C)c4)nc3c2)ccn1,dcc12c5187e84f16,22
,,,CC1Cn2c(nnc2-c2ccc(F)cc2)CN1C(=O)c1cccc(C(F)(F)F)c1Cl,48413ce49eec5d0b,9
,,,CC(C)C[C@@H]1NC(=O)[C@@H](CC(C)C)N(C)C(=O)[C@H](CC(C)C)NC(=O)[C@H](Cc2ccc(O)cc2)N(C)C(=O)[C@H]2CCCN2C(=O)[C@H](CC(C)C)NC1=O,b3d034288b958980,2
,,,O=C(NCCCC1CC1)c1ccc(N2CCN(C(=O)c3ccccc3C(F)(F)F)CC2)nn1,8739c1f9540c1f4d,5
,,,Cn1cc(-c2ccc(-c3cnc(N)c4ccc(C(=O)N5CCC5)nc34)cc2)cn1,8a15792531ac88b2,8
,,,CCc1cc(-c2c[nH]c3ncc(-c4cnn(CCN(C)C)c4)cc23)nc(N)n1,d6055c9fc4bdb1ae,22
,,,CC(NC(=O)C(N)COCc1ccccc1)C(=O)O,032a5d68235f2c8f,5
,,,C=CC1CC1(NC(=O)C1CC(Oc2cc(-c3csc(NC(C)C)n3)nc3cc(OC)ccc23)CN1C(=O)C(NC(=O)OC1CCCC1)C(C)(C)C)P(=O)(O)Cc1ccccc1F,fe7c89f3be4b174a,3
,,,COC(=O)N1CCC(CN(C2Cc3cc(C#N)ccc3N(Cc3cncn3C)C2)S(=O)(=O)c2ccccn2)CC1,64ebb544c355ce2d,6
,,,O=C(NC1(C(=O)NC(CCCN2CCN(CC3CCOCC3)CC2)Cc2ccccc2)CCCC1)c1cc2cc(Cl)ccc2o1,89646bf8f43d41ce,5
,,,CC(C)CC(OC(=O)C(C)(C)C)C(=O)NC1(C(=O)NC(CCc2ccccc2)c2nc(C3CC3)no2)CCCC1,c3c1774b7723ca8f,1
,,,COc1cc(Sc2c(-c3ccncc3)[nH]c3ccccc23)cc(OC)c1OC,885becd97d5ddc2a,6
,,,Nc1noc2ccc(-n3nc(C(F)(F)F)cc3C(=O)Cc3ccc(-c4ccccc4S(N)(=O)=O)cc3F)cc12,e85c224cbd518bb4,2
,,,CC(=O)NCC(O)CN1C2CCC1CC(NC(=O)c1cc3ccccc3n(C(C)C)c1=O)C2,9e1995e2db56c73c,13
,,,NC(=O)C(Cc1ccccc1)N1CCNC(=O)CCCCNC(Cc2ccccc2)C(=O)NCC(=O)NCC(=O)NCC(=O)NCC1=O,f219f2602159b6b5,1
,,,CS(=O)(=O)Nc1ccc2c(c1)S(=O)(=O)NC(C1=C(O)[C@@H]3[C@H]4CC[C@H](C4)[C@@H]3N(Cc3ccc(F)cc3)C1=O)=N2,0b87247fe9197ecb,10
,,,COc1cccc(-c2nc3ccc(-c4cc(CN(C)C)ccc4F)cc3c(=O)n2CC(=O)NC(C)C)c1,1bd39e01f2b33eea,14
,,,CN(C)CC1CCC(CNc2nc(NCc3ccccc3Cl)ncc2[N+](=O)[O-])CC1,867d9f24a40e476a,3
,,,Cn1c(C(=O)O)cc2cc(NC(=O)C(C)(C)NC(=O)c3ccc4c(C5CCCCC5)c(-c5ccccn5)n(C)c4c3)ccc21,f3aba27e728132b9,3
,,,CC(C)S(=O)(=O)n1c(N)nc2ccc(C(=CC(N)=O)c3c(F)c(F)cc(F)c3F)cc21,87491bf351396604,5
,,,CCN1C(=O)c2ccccc2[S+]([O-])c2ccc(C(=O)NCc3ccc(OC)cc3)cc21,7508de4e911eeb51,7
,,,CC(C)n1nc(C(=O)NC2CC3CCC(C2)N3CC(O)CN2CCC(CNS(C)(=O)=O)CC2)c2ccccc21,6ba887e46d9f8b8e,6
,,,NCCCCC(NC(CCc1ccccc1)C(=O)O)C(=O)N1CCCC1C(=O)O,530d9a3b849ec338,1
,,,C[C@H]1Cn2c(nnc2-c2ncccn2)C(=O)N1Cc1cccc(C(F)(F)F)c1Cl,3d59879cc603bf85,3
,,,CC(=O)OC1C(CNS(=O)(=O)NC(=O)c2ccccc2O)OC(n2cnc3c(N)ncnc32)C1F,10f057c22bf1c92c,4
,,,N#Cc1ccccc1CC1(c2ccc(Br)cc2)c2ccccc2-c2nccn21,be82a0b332861443,5
,,,CC(C)CC1NC(=O)C(Cc2ccccc2)NC(=O)C(C(C)O)NC(=O)CN(C)C(=O)C(C(C)O)NC(=O)C(Cc2ccc(O)cc2)NC1=O,aabbd499e1c82a64,5
,,,CCN(CC)CCN(Cc1ccc(-c2ccc(C(F)(F)F)cc2)cc1)C(=O)Cn1cc([S+](C)[O-])c(=O)nc1SCc1ccc(F)cc1,928c06e147535ffc,1
,,,C=CC1CC1(NC(=O)C1CC(c2csc(-c3cc(OC)ccc3OC)n2)CN1C(=O)C(NC(=O)OC1CCCC1)C(C)(C)C)C(=O)NS(=O)(=O)C1(C)CC1,eba0c73059a88c7f,1
,,,Oc1ncnc2c(-n3cc(CCN4CCCCC4)cn3)nccc12,b173c88927e3c1e3,2
,,,CC(=O)N1C[C@H](C(=O)NO)[C@H](NC(=O)c2ccc(OCc3cc(C)nc4ccccc34)cc2)C1,2bf32ea6f606b4aa,3
,,,O=C(NCC(=O)N1CCC(NC2CCC(O)(c3ccc(-c4ncccn4)cn3)CC2)C1)c1cccc(C(F)(F)F)c1,7f89f69ffc849903,1
,,,Cc1c2c(=O)n(-c3ccc(F)cc3Cl)[nH]c2cc(=O)n1Cc1ccccn1,9b76fcd11cb9acbe,5
,,,Cc1cc(COc2ccc(C(=O)NC3COCC3C(=O)NO)cc2)c2ccccc2n1,6d7974619810a8ca,7
,,,Cn1cc(-c2ccc(-c3cnc(N)c4ccc(C(=O)N5CC(F)(F)C5)cc34)cc2)cn1,9bbb8f837f219796,11
,,,CC(Cc1cccc(CC(=O)NCc2cc(C(F)(F)F)ccc2F)c1)NCC(O)c1ccc(O)c(CO)c1,4094cd548ce066eb,4
,,,CCc1nc(N)nc(N)c1-c1ccc2c(c1)N(CCNS(C)(=O)=O)C(=O)C(C)(c1cc(F)cc(F)c1)O2,f7ad310fec9749f2,4
,,,CCN(CC(=O)NC1CC1)C(=O)c1ccc2c(c1)c1c(n2C)CCC(C2CCOCC2)C1,2b7f404956322bbe,5
,,,Cc1ccc(-c2ccc(C(=O)NC3(C(=O)NC(CCCN4CCN(CC5CCOCC5)CC4)Cc4ccccc4)CCCC3)cc2)cc1,a986515a533edbd9,1
,,,CC1(N)Cc2cccc(c2)CCC(c2ccc(F)cc2)NC(=O)c2cc(cc(-c3cccc(F)c3C#N)c2)COC1=O,b5e12c0c1848b21e,1
,,,Cc1cc(COc2ccc(C(=O)N[C@@H]3CN(S(C)(=O)=O)C[C@@H]3C(=O)NO)cc2)c2ccccc2n1,35cddf663acd8f91,4
,,,O=C(Nc1cccc(Br)c1)c1nscc1NCc1ccnc2ccccc12,f9e428433afe3429,8
,,,CCc1nc(N)nc(N)c1-c1ccc2c(c1)N(CCCOC)C(=O)C(C)(C)O2,f115a540b03affaf,8
,,,Cc1ccc(-c2ccc(C(=O)NC3(C(=O)NC(Cc4ccccc4)C(=O)NCC4CCN(CC5CCOCC5)CC4)CCCC3)cc2)cc1,a99e9476e6fbd2fe,1
,,,CCC(CC)C(=O)OC1C(CNS(=O)(=O)NC(=O)c2ccccc2O)OC(n2cnc3c(N)ncnc32)C1F,0883d920302d17d6,4
,,,C=CC1CC1(NC(=O)C1CC(Oc2cc(-c3csc(NC(C)C)n3)nc3cc(OC)ccc23)CN1C(=O)C(NC(=O)OC1CCCC1)C(C)(C)C)P(=O)(O)Cc1cccc(F)c1,51b7b4e9c7079f2a,2
,,,O=C(CC1CNC(=O)c2cc(-c3cccc(F)c3)cn21)NC(CO)c1ccccc1,04ec2b8afbd8f706,4
,,,Cc1c(CC(=O)O)c2cccnc2n1S(=O)(=O)c1ccc(F)c(F)c1,7f70f5f148b00c98,7
,,,O=C(NO)c1ccc(-c2ccn(CCNCc3ccc4c(c3)OCO4)n2)s1,7d38fe508fabba1d,8
,,,O=C(O)c1ccc2c(C3CCCCC3)c3n(c2c1)CCN(CCN1CCCCC1)c1ccccc1-3,c1db0d66a8de92e7,2
,,,COc1cc(Nc2ncc(Cl)c(-c3cccc(CC#N)c3)n2)ccc1N1CCN(C)CC1,b8bc325f3c1f114d,7
,,,CC1COCCN1c1nc(-c2c(F)ncc3[nH]ccc23)cc2c1ncn2C,c41402b3a4734159,3
,,,COc1ccc2c(O[C@H]3C[C@H]4C(=O)NCCCC/C=C\[C@@H]5C[C@@]5(C(=O)NS(=O)(=O)C5CC5)NC(=O)[C@@H]4C3)nc(-c3cccc(F)c3)nc2c1C,79cd13016aef17b2,2
,,,O=C(NC1(C(=O)N[C@@H](CCCN2CCN(CC3CCOCC3)CC2)Cc2ccccc2)CCCC1)c1cc2ccccc2s1,d3338b165438283d,2
,,,CCN1CCC2(CC1)CNC(=O)c1cc(-c3ccnc(-c4cc5ccccc5o4)n3)[nH]c12,7996a23b3fce82ad,7
,,,COc1cnn(C)c(=O)c1-c1ccc(C[C@H](NC(=O)c2c(Cl)cccc2Cl)C(=O)O)cc1,b526d2f0881e9faa,7
,,,CNC(=O)CCCN(C)C(=O)c1ccc2c(c1)c1c(n2C)CC[C@@H](C2CCOCC2)C1,789a9b59661d6653,2
,,,COC(=O)C1CCN(C(=O)CC(Cc2cccc(C(=N)N)c2)NS(=O)(=O)c2ccc3ccccc3c2)CC1,4d5944e68af9c063,4
,,,N[C@H]1CCCC[C@H]1Nc1cc2ncnc(O)c2c(Nc2cccc3cc[nH]c23)n1,3bec7d4af2afeec0,4
,,,COCCCOc1ccc(-c2nccc(-c3cc4c([nH]3)C3(CCCNC3)CNC4=O)n2)cn1,122e435bbcdcf18e,2
,,,O=C1Cc2cc(Cn3cc(C(=O)O)c(=O)c4c(F)cccc43)ccc2N1,b5e9cf4df902bb69,8
,,,O=C1CCCCN1c1ccc(CO[C@@H]2COc3nc([N+](=O)[O-])cn3C2)cn1,1b3a356e67675242,3
,,,Cc1c(/C=C/C(=O)NCC(=O)O)oc2ccc(Cl)c(C(=O)Oc3ccncc3C(=O)N3CCN(C4CC4)c4ccccc43)c12,eaa7f91e8f3c6acb,3
,,,COC(=O)c1ccccc1-c1c2ccc(=N)cc-2oc2cc(N)ccc12,6734ee7c3e63316a,11
,,,C=CC(=O)Nc1ccc(S(=O)(=O)N2CCN(C(=O)C3CC3)CC2)cc1,3333e040347fa7cd,4
,,,O=c1cc(-c2ccc(O)cc2)oc2cc(O)c(C3OC(CO)C(O)C(O)C3O)c(O)c12,ddf517b45bcd3bb6,5
,,,Cc1oc(=O)oc1COC(=O)c1ccccc1-c1ccc(CN2CCC(COC(=O)c3c4n(c5ccccc35)CCCO4)CC2)cc1,7ee91f30bd2ef7f4,1
,,,O=C(NC1(C(=O)N[C@H](Cc2ccccc2)C(=O)NCCCN2CCOCC2)CCCC1)c1sc2ccccc2c1Cl,edc5822714c00d7e,1
,,,O=C(O)CCCn1cc(C(=O)O)c(=O)c2c(/C=C/c3ccc(OCCCCOc4ccccc4)cc3)cccc21,cab80e33b6eddf09,4
,,,NC1=NC(c2cccc(-c3cncnc3)c2)(c2ccnc(C(F)F)c2)c2cc(F)cc(F)c21,188c20729d43d06c,16
,,,CC(=O)NCC1CN(c2ccc(-c3ccc(C#N)nc3)c(F)c2)C(=O)O1,4fa90f82a9555c68,6
,,,CC(C)COc1ccc(-c2nc(N)[nH]c(=O)c2C#N)cc1C(F)(F)F,377e67909e0212c9,9
,,,COC1CC2CCC(C)C(O)(O2)C(=O)C(=O)N2CCCCC2C(=O)OC(C(C)CC2CCC(O)C(OC)C2)CC(=O)C(C)C=C(C)C(O)C(OC)C(=O)C(C)CC(C)C=CC=CC=C1C,ea0dcef1d910e0e4,4
,,,NC1=NC(c2ccc(OC(F)F)cc2)(c2cccc(OCCF)c2)C2=NCC(F)(F)CN12,5c596c7eb78435d3,10
,,,N#CC1(c2cccnc2)CCN(Cc2cc(C(=O)O)c(=O)n3ccccc23)CC1,269795737e149d3b,5
,,,COc1ccc2cc(C(=O)NC3(C(=O)NC(Cc4ccccc4)C(=O)NCC4CCN(CC5CCOCC5)CC4)CCCC3)sc2c1,c27d13e3df07160c,1
,,,Cc1c(-c2cccc(OCCCCC(=O)O)c2)c(=O)n(C[C@H](N)c2ccccc2)c(=O)n1Cc1c(F)cccc1C(F)(F)F,98110e9ac732575a,5
,,,O=C(O)CCCN1CC(C(=O)NS(=O)(=O)c2ccccc2)Oc2c(NC(=O)c3ccc(OCCCCc4ccccc4)cc3)cccc21,694a35fbf77c8900,3
,,,CC(C)C1=NC(C)(c2cccc(-c3cccnc3)c2)N=C1N,f4b959d865ec84f7,17
,,,COc1cc(C(=O)N2CCC(CCN3CCC(C(=O)N4CCN(C)CC4)(c4cccnc4)CC3)(c3ccc(Cl)c(Cl)c3)C2)cc(OC)c1OC,a8304ec4ac332a98,1
,,,CC1Cn2c(nnc2-c2cccnc2)C(=O)N1Cc1cccc(C(F)(F)F)c1Cl,ce7f65d7749d17b3,7
,,,CC(C)c1nc2ccccc2n1Cc1ccc(C(=O)N[C@@H]2CN(C(=O)OC(C)(C)C)C[C@@H]2C(=O)NO)cc1,35725af658fef7d1,5
,,,CCN(CC)CCN(Cc1ccc(-c2ccc(C(F)(F)F)cc2)cc1)C(=O)Cn1cc(OC)c(=O)nc1SCc1ccc(F)cc1,b4354691d356dab7,2
,,,Cn1ncc2cc(Cc3[nH]nc4ccc(C(=O)N5CCC(F)(F)C5)cc34)ccc21,9b7e01eec0424b04,7
,,,CCC(CC)CC1(O)CCN(C(=O)Nc2cc(Oc3ccncc3)cc(Oc3ccc(F)cc3)c2)CC1,5b5fa038cf753ad5,6
,,,COC1CCC(N2CC(=O)Nc3ncc(-c4ccc(-c5nc[nH]n5)nc4C)nc32)CC1,3dc3d70cf1eb3546,4
,,,Cc1cc(S(=O)(=O)N2CCN(C)CC2)ccc1-c1cnc(N)c(C(=O)Nc2cccnc2)n1,c2e05c0e56c2daaa,6
,,,Cc1cc(F)ccc1-n1nc(NC(=O)C(C)(C)NC(=O)C2(C(F)(F)F)CC2)nc1-c1ccc(F)cc1,c5e563beb103123a,9
,,,CS(=O)(=O)c1ccccc1N1CCC(NC(=O)c2cc(C(F)(F)F)nn2-c2ccc3onc(N)c3c2)CC1,34f40fc0da7c4f83,2
,,,Cc1c(F)cccc1Cc1c(C(=O)N2CCNCC2)c2ccncc2n1-c1ccccc1,f33c9178f3da272c,3
,,,CN(C)C(=O)Oc1cccc(NC(=O)C2(N)CCN(c3ncnc4[nH]c5c(c34)CCCC5)CC2)c1,73600c3dcf991d7b,3
,,,C=CCC1(O)CCC2C3CCC4=CC(=O)CCC4=C3C(c3ccc(P(=O)(c4ccccc4)c4ccccc4)cc3)CC21C,5dde42ab869ce923,5
,,,CC(=O)c1sc(NC(=O)N[C@@H]2CN(C(C)=O)CC[C@H]2CN2CCC[C@@H](Cc3ccc(F)cc3)C2)nc1C,5bfcabe0f62c60c6,1
,,,COc1cc2c(cc1OC)CN(Cc1coc(-c3ccc4cc(F)ccc4c3)n1)CC2,456bf677cc53f35b,7
,,,c1cnc2ccc(Cn3nnc4ncc(-c5cnn(CCN6CCCC6)c5)nc43)cc2c1,18c9094c62742dbc,10
,,,CCOc1cc(OC2CC3C(=O)NC4(C(=O)NS(=O)(=O)C5CC5)CC4C=CCCCCCC(NC(=O)c4ccn[nH]4)C(=O)N3C2)c2ccc(OC)c(C)c2n1,0802b80352d61e10,1
,,,O=c1cc(C2CCNC(CCc3ccccc3)C2)o[nH]1,1cecf245ac2f01b3,8
,,,CS(=O)(=O)c1ccc(C(c2nnnn2Cc2ccccc2)N2CCCN(C3CCC3)CC2)cc1,61bee39be6c8db22,1
,,,Cn1cnc(S(=O)(=O)N(Cc2cccc(-n3cccc3)c2)C2Cc3cc(C#N)ccc3N(Cc3cncn3C)C2)c1,6c717dc3abf43a66,2
,,,CNC(Cc1ccccc1)C(=O)NC(C)C(=O)NC(C)C(=O)NCC(=O)NCC(=O)N(C)C(Cc1ccccc1)C(N)=O,fca676c57e53575c,2
,,,CC(C)C[C@@H]1NC(=O)[C@@H](CC(C)C)NC(=O)[C@@H](CC(C)C)NC(=O)[C@H](Cc2c[nH]c3ccccc23)NC(=O)[C@@H]2CCCN2C(=O)[C@@H](CC(C)C)NC1=O,92244c26e1c457a5,1
,,,N#C[C@@H]1CCCN1C(=O)[C@@H](N)Cc1ccc(-c2ccc(F)cc2)cc1,60fc104b57b7d72c,7
,,,CCCCCCCCC=CCCCCCCCC(=O)OCCC=Cc1ccc(OC)c(OC)c1,fd8c0ddc4095a4b8,4
,,,CCCCC[Se]c1nc(NCc2ccccc2)c2ccccc2n1,fcc32542906e70a7,12
,,,FC(F)(F)c1cccc(Sc2ccc3nnc(-c4ccccc4)n3n2)c1,c09ce8ca1f517b27,4
,,,COc1ccc(CN2C(=O)C(O)(c3ccc4c(c3)OCO4)c3ccccc32)cc1,131c1f2b54ef4554,14
,,,COC(=O)OC1CC2OCC2(OC(C)=O)C2C(OC(=O)c3ccccc3)C34OC(=O)OC3C(OC(=O)C(O)C(NC(=O)OC(C)(C)C)c3ccccc3)C(C)=C(C(OC)C(=O)C12C)C4(C)C,272735e1f90affb6,2
,,,COc1ccc(-n2nc(C(N)=O)c3ncn(-c4ccc(-c5ccccc5CN5CCCC5)cc4F)c(=O)c32)cc1,5c714cd6d4b6c634,11
,,,CCC(C)C1NC(=O)C2CCCN2C(=O)C(CC(C)C)NC(=O)C2CCCN2C(=O)C(Cc2ccccc2)NC(=O)C(C)NC(=O)c2csc1n2,ee3b37fac214553e,2
,,,CCCC(CC(C)NC(=O)C(C)CC(NC(=O)C(Cc1ccccc1)CC(C)N)C(C)C)C(=O)O,1e401e4776f764fe,2
,,,CC(c1cc(C(=O)N2CCC(O)CC2)cc2c(=O)cc(N3CCOCC3)oc12)N(C)c1cc(F)cc(F)c1,2f51761826de438c,1
,,,c1cnc(CCc2ccncc2)c(-c2nnc(NCc3ccc4c(c3)OCO4)o2)c1,038d0ac924892fe6,10
,,,O=C(Cc1nc(N2CCOCC2)cc(=O)[nH]1)N1CCc2c(OC(F)(F)F)cccc21,449eca7e6058635e,5
,,,Cc1cc(COc2ccc(C(=O)NC3(CC(=O)NO)CCN(CCF)CC3)cc2)c2ccccc2n1,58acde224462cf55,2
,,,COCCOCCOCC(=O)Nc1ccc(S(=O)(=O)Nc2nncs2)cc1,374984e048ca8bf9,1
,,,Cc1nc(-n2cnn(Cc3ccc(F)cc3)c2=O)sc1C(=O)NCc1nccs1,4b88f874a996b806,2
,,,CC1OC(C=Cc2ccccc2)OCC1NC(=O)Cc1ccccc1,7185f559b48bc97f,8
,,,CCCCC1c2ncccc2C(=O)N1Cc1ccc(-c2ccccc2-c2nn[nH]n2)cc1,c8435af95b39c7b6,3
,,,O=C(O)c1cc(CN2CCN(c3ccc(C(F)(F)F)cc3)CC2)c2ccccn2c1=O,7481ec48a8d44dbb,3
,,,Cn1cnc(S(=O)(=O)N(CCN(Cc2cncn2C)c2ccc(C#N)cc2)CC2CCN(c3ncccn3)CC2)c1,87182f9b968adcbe,2
,,,O=C(Cc1nc(N2CCOCC2)cc(=O)[nH]1)N1CCc2cc(F)ccc21,3c3c71e6a19cea09,6
,,,Cc1ccc(CCNc2ncc(C)n(CC(=O)N(C)CCONC(=N)N)c2=O)cc1,9cd6beee9a45ac0f,3
,,,CCCS(=O)(=O)N1CCC(CNC(=O)c2ccccc2Cl)(C(=O)N2CCOCC2)CC1,9309efdf61a00635,2
,,,Cc1nn(-c2ccc3onc(N)c3c2)c2c(=O)n(-c3ccc(-c4ccccc4CN(C)C)cc3)cnc12,5e5bafbbd474bba3,20
,,,C[C@H](NC(=O)[C@H](C)NC(=O)[C@H](Cc1ccccc1)NCCC(=O)O)C(=O)N[C@@H](C)C(=O)N[C@@H](C)C(=O)N(CCN)[C@@H](Cc1ccccc1)C(N)=O,723dacefea5cfed3,1
,,,CCN(C(=O)c1ccc(C#N)cc1)c1ccc(C(O)(C(F)(F)F)C(F)(F)F)cc1,cf4742ab96a2065c,11
,,,Cc1c(Cc2ccccc2Cc2ccccc2)c2c(n1CC(=O)O)CCNC2=O,8c7525944236044d,2
,,,C[C@H]1Cn2c(nnc2-c2ccc(F)cc2)CN1C(=O)c1cccc(C(F)(F)F)c1Cl,1bff9c72159435db,6
,,,CCCCCn1cc2c(=O)n(CC34CC5CC(CC(C5)C3)C4)nc-2c2ccccc21,b527b7983b053215,16
,,,CCCCCCCC(=O)OC1C(CNS(=O)(=O)NC(=O)c2ccccc2O)OC(n2cnc3c(N)ncnc32)C1F,cf5482bf641bf158,2
,,,CC1Cc2c(Cl)cccc2N1C(=O)Cc1nc(N2CCOCC2)sc1C(N)=O,efbf228fe63e1ab4,3
,,,COc1cccc(-c2cccc(C3(C)N=C(N)CCS3)c2)c1,2d426c3143d9901d,14
,,,Cc1nc(C(=O)N2c3cccc(O)c3NC3=C(C(=O)CC(C)(C)C3)C2c2ccc(OCc3ccccc3)cc2F)c(C)o1,6d47d45684a593a5,7
,,,O=C(C1CC1c1ccccc1)N1CCC(N2CCCCC2)CC1,420d5746158a7a64,4
,,,C=C(c1ccccc1)C1OCC(N)C(C)O1,5bedf228e9030b04,7
,,,CN1CCCN(c2cncc(-c3cccc(C=CC(=O)O)c3)n2)CC1,fc5644ae4932fdfc,3
,,,COc1ccc(-c2nnn[nH]2)cc1-c1ccc(C#CCO)s1,5ea1bcb3560d6db6,9
,,,COc1ccc(C=C2CNCC(=Cc3ccc(OC)c(OC)c3)C2=O)cc1OC,beb1077fb6c964bc,1
,,,Cc1cc(COc2ccc(C(=O)NC3(CC(=O)NO)CCN(C(=O)C(C)C)CC3)cc2)c2ccccc2n1,2090d75f6a254e5a,7
,,,CCC1(O)CC2CN(CCc3c([nH]c4ccccc34)C(C(=O)OC)(c3cc4c(cc3OC)N(C)C3C5(CC6(CC)C=CCN7CCC43C76)OC(=O)N(CCCl)C5=O)C2)C1,a717056ec1c320d0,3
,,,Nc1nccc2cc(OC3CCCN(Cc4ccccc4)C3)ccc12,3c3425f8e414b6e1,3
,,,COCCCNC(=O)c1nc(-c2ccc(S(=O)(=O)N3CCN(C)CC3)cc2)cnc1N,a73126d351c74bf1,6
,,,O=C(O)CC(CC1CCN(C(=O)CCc2ccc3c(n2)NCCC3)CC1)C1CNc2ccccc2C1,0022a257aa6889a0,1
,,,O=C(O)CC1CCC(c2ccc(C(=O)Nc3nnc(COC4CCCC4)s3)cc2)CC1,b9aa45bbf47db243,5
,,,CCC1=C[C@@H]2CN(C1)Cc1c([nH]c3ccccc13)[C@@](C(=O)OC)(c1cc3c(cc1OC)N(C)[C@H]1[C@@](O)(C(=O)OC)[C@H](OC(C)=O)[C@]4(CC)C=CCN5CC[C@]31[C@@H]54)C2,a47972d825ab74b8,2
,,,Cc1nc(NC(=O)CN2C(=O)OCC2C(C)C)sc1-c1ccc(N)cc1,6ba0902487a30858,10
,,,CN(c1cc2cc(n1)CCC(c1ccccc1)CCc1cccc(c1)CC(C)(N)C(=O)OC2)S(C)(=O)=O,e1f71e3b3f608a9e,3
,,,CCN(C(=O)N1CCOCC1)c1ccc(C(O)(C(F)(F)F)C(F)(F)F)cc1,835ef6d64396e87c,14
,,,C=C(NC1C(=O)N2C(C(=O)O)=C(COC(C)=O)CSC12)C(=NOC)c1csc(N)n1,1254f944ad3146ce,2
,,,CC(=O)Nc1ccccc1OCC(O)CN1CCC2(CC1)Cc1cc(F)ccc1O2,b0f917b9bb70e1be,1
,,,CC(C)C(N)C(=O)OC(CC(Cc1ccccc1)C(=O)NC1c2ccccc2CC1O)CN1CCN(Cc2cccnc2)CC1C(=O)NC(C)(C)C,fda2d510cc7b7376,1
,,,COc1cccc2c1c(C(=O)C=C(O)C(=O)O)cn2Cc1ccc(F)cc1,5384948027475800,3
,,,CNC(=O)c1cc(Oc2ccc3c(c2)nc(Nc2cccc(C(C)(C)C)c2)n3C)ccn1,d05a36d4089f3a51,14
,,,CCCS(=O)(=O)N1CCC(CNC(=O)c2ccccc2)(C(=O)N2CCOCC2)CC1,640e2653b068fa32,2
,,,CCn1cc(C2(c3cccc(-c4cncnc4)c3)N=C(N)c3c(F)cccc32)cc(C)c1=O,f6c0da5e3b506ea2,20
,,,CNc1c(C)c(C)nc2cc(C3CCCCN3C(=O)c3ccccc3NS(C)(=O)=O)nn12,c6652f9a367e4dbe,4
,,,CC(C)CCn1c(=O)c(C2=NS(=O)(=O)c3cc(NS(C)(=O)=O)ccc3N2)c(O)c2cccn21,e955530e1c29c7cb,9
,,,CS(=O)(=O)Nc1ccc(Nc2ncc3cnn(C4CCCCCC4)c3n2)cn1,edceeb60fcf5ee48,8
,,,COc1cc(C)c(S(=O)(=O)N(C)CCOCC(=O)N2CCN(C3CCN(C4CC4)CC3)CC2)c(C)c1,1987a6e34b06365b,2
,,,CC(C)(C)CCC1(C(=O)c2ccc3[nH]ncc3c2)CCCN1,eca55b22d7b3a755,12
,,,CC(C)(C)c1cccc(Nc2nc3cc(Oc4ccnc(C(N)=O)c4)ccc3s2)c1,0fadd8cba3d814d0,18
,,,COc1c(C=Cc2ccc(NS(C)(=O)=O)cc2)cc(-c2cc(F)c[nH]c2=O)cc1C(C)(C)C,4a829a32413d9459,1
,,,CCc1ccc(CCNc2ncc(C)n(CC(=O)NCCONC(=N)N)c2=O)cc1,7c4f0911eaacb34b,3
,,,C=CCn1c(=O)c2cccnc2n(C2CCCCC2)c1=O,7c4e902a6205d9dd,5
,,,c1coc(-c2nc3[nH]ncc3cc2-c2ccncn2)c1,3c4368e6df406511,8
,,,Cc1cc(COc2ccc(NC(=O)C3CCN(C(=O)C(C)C)CC3C(=O)NO)cc2)c2ccccc2n1,7290640f6c3416ee,3
,,,N#Cc1ccc2cc3c(=O)[nH]c(=O)nc-3n(-c3cccc(S(N)(=O)=O)c3)c2c1,50552e572a676b29,7
,,,Cc1ccc(C(F)(F)CNc2ccc(C#N)c(CC(=O)NCCONC(=N)N)c2F)nc1,ee3f4f802f841004,6
,,,CN(C)C(=O)Oc1cccc(NC(=O)C2(N(C)C)CCN(c3ncnc4[nH]c5c(c34)CCC5)CC2)c1,83364003b6b640bd,5
,,,COc1ccc2c(OC3CC4C(=O)NC5(C(=O)NS(=O)(=O)C6CC6)CC5C=CCCCCN(C)C(=O)C4C3)cc(-c3nc(C(C)C)cs3)nc2c1,f940c068ea8b6550,4
,,,O=C(CO)N1CCN(c2ccc(N3CC(CNC(=S)C4CC4)OC3=O)cc2F)CC1,e8deb69fbe9fa3e7,2
,,,COC(=O)N[C@H](C(=O)NN(Cc1ccccc1)C[C@@](O)(Cc1ccccc1)C(=O)N[C@H]1c2ccccc2C[C@H]1O)C(C)(C)C,f23ae8a72aefcac6,3
,,,CC(Nc1cc(F)cc(F)c1)c1cc(C(=O)N2CCC2)cc2c(=O)cc(N3CCOCC3)oc12,2c949c64f94cd07b,6
,,,CCC(C)Nc1ncc(C(=O)Nc2cc(C(=O)NC)ccc2C)s1,52a3ba73f1f9792b,4
,,,CCC1=C(c2cccnc2)CCc2ccccc21,8c13402677fb8e64,7
,,,C=CCN(C(=O)Cc1ccc(S(=O)(=O)NC)cc1)C1CCN(CC2CN(C(=O)C3CCCC3)CC2(O)c2ccccc2)CC1,578ce8c55fb2fe91,4
,,,CNC(=O)C(Cc1c[nH]cn1)NC(=O)CN(CCCc1ccccc1)CC(=O)OC,4eb2d3ea02ce222d,3
,,,CC1Cc2cc(F)ccc2N1C(=O)Cc1nc(N2CCOCC2)sc1C(N)=O,ac1aff475a5cc03b,5
,,,CC(C)C[C@H](NC(=O)CNC(=O)[C@H](Cc1ccc(O)cc1)NC(=O)[C@H](CO)NC(=O)[C@H](Cc1c[nH]c2ccccc12)NC(=O)[C@H](Cc1c[nH]cn1)NC(=O)[C@H](CCC(N)=O)NC(=O)CCC(=O)N[C@@H]1O[C@H](CO)[C@@H](O)[C@H](O)[C@H]1O)C(=O)N[C@@H](CCCN=C(N)N)C(=O)N1CCC[C@H]1C(=O)NCC(N)=O,1f170bd3609a5b85,1
,,,CC(C)CC1NC(=O)C(Cc2ccccc2)NC(=O)C(C(C)O)NC(=O)CNC(=O)C(C(C)O)NC(=O)C(Cc2ccc(O)cc2)NC1=O,e8c15001137b6e3b,2
,,,CCOP(=O)(OCC)N1CC(=Cc2cc(OC)c(OC)c(OC)c2)C(=O)C(=Cc2cc(OC)c(OC)c(OC)c2)C1,031cf283998b754c,6
,,,COc1ccc2c(c1)CCC=C2CCCN1CCc2cc(OC)c(OC)cc2C1,6205f2086aa68671,5
,,,Cn1c(-c2ccccn2)c(C2CCCCC2)c2ccc(C(=O)NC3(C(=O)Nc4ccc(C=CC(=O)O)cc4)CCCNC3)cc21,d2b5354a39bce111,2
,,,CCn1cc([C@]2(c3cccc(C#CC4CC4)c3)N=C(N)c3c(F)cccc32)cc(C)c1=O,f137670b0b3d6ff6,12
,,,Cn1ccc2c(=O)n(Cc3ccccc3C#N)c(N3CCC[C@@H](N)C3)nc21,86393aad1f6415c2,6
,,,CC(C)C[C@H]1NC(=O)[C@H](Cc2ccccc2)NC(=O)CN(C)C(=O)[C@@H](C)N(C)C(=O)[C@H](Cc2ccc(O)cc2)NC(=O)[C@@H]2CCCN2C1=O,346573a64c936428,1
,,,O=C(NC1Cc2ccccc2N(CC(O)CO)C1=O)c1cc2cc(Cl)sc2[nH]1,3cc9a99a1f828bb6,4
,,,COc1cccc(CNC(=O)c2nc3ccc(F)c(OCCc4ccc(C(=O)O)cc4)c3c(=O)[nH]2)c1,44cff8689869628a,7
,,,Cn1c(SCCCN2CC3CCN(c4ccc(C(F)(F)F)cc4)C3C2)nnc1-c1ccc(=O)n(C)c1,c8a6e7f32ae28214,1
,,,COC(=O)N[C@H](C(=O)NN(Cc1ccc(-c2cccnc2)cc1)C[C@@](O)(Cc1ccccc1)C(=O)N[C@H]1c2ccccc2C[C@H]1O)C(C)(C)C,e0d754dcbc63a24d,2
,,,CCOc1ccc(C(=O)NC2(C(=O)N[C@H](Cc3ccccc3)C(=O)NCC3CCN(CC4CCOCC4)CC3)CCCC2)cc1,0560d97ba3249303,6
,,,CN1C(C(=O)Nc2ccccn2)=Cc2sccc2S1(=O)=O,8f1e80bf658d9af2,4
,,,C=CC1CC1(NC(=O)C1CC(Oc2cc(-c3csc(NC(C)C)n3)nc3cc(OC)ccc23)CN1C(=O)C(NC(=O)OC1CCCC1)C(C)(C)C)P(=O)(O)Cc1c(C)cccc1C,e7be01c6b7909cab,3
,,,CNC(=O)c1cc(Oc2ccc3sc(Nc4ccc(C(C)C)cc4)nc3c2)ccn1,d6f7f874bb2e8308,20
,,,Cn1cc(-c2ccc(Cc3[nH]nc4ccc(C(=O)N5CCCC5)cc34)cc2)cn1,d78f710fe672d682,7
,,,Cc1cn2nc(C3CCCCN3C(=O)c3ccccc3NS(C)(=O)=O)cc2nc1C,63affd1d7717529d,3
,,,NC1=NC(c2ccncc2)(c2cccc(-c3cncc(F)c3)c2)c2cccc(F)c21,906a8f4bc7afabfe,17
,,,CS(=O)(=O)Nc1ccc([N+](=O)[O-])cc1Oc1ccccc1I,23648a0fffef9921,5
,,,CC1(C)SCCN(S(=O)(=O)c2ccc(OCC#CCO)cc2)C1C(=O)NO,e24b2a3c9b309c80,5
,,,Cc1nc(-n2cnn(Cc3ccc(F)cc3)c2=O)sc1C(=O)NCc1cc[nH]n1,01cef40d977934f8,2
,,,CNC(=O)[C@@H](NC(=O)[C@@](O)(CCCN(Cc1ccc(-c2ccncc2)cc1)NC(=O)[C@@H](NC(=O)OC)C(C)(C)C)Cc1ccccc1)C(C)(C)C,14facf1c58c69cdb,5
,,,CC1(N)Cc2ccc(F)c(c2)CCC(c2ccc(F)cc2)NC(=O)c2cc(cc(-c3ccccc3C#N)c2)COC1=O,3521830cbbb7832d,5
,,,CCN(C(=O)CO)C1CN(C(=Nc2cccc(OC)c2)NC#N)N=C1c1ccc(Cl)c(Cl)c1,a50e3737476bea34,3
,,,COc1ccc(Cn2ccc(C)c(NC(=O)C(Cc3ccc(C(C)(C)C(=O)O)cc3)NC(=O)C(C)(C)c3cccc4ccccc34)c2=O)cc1,9b35482dce6c69ae,3
,,,CS(=O)(=O)NC[C@@H]1CCCN1C(=O)C[C@H](N)Cc1cc(F)c(F)cc1F,ace97e50061d4dd4,1
,,,NC(=O)C(CCc1ccccc1)NC(=O)C(N)Cc1ccccc1,a08414aa0724522f,4
,,,CC(Nc1cccc(Cl)c1F)c1cc(C(=O)N(C)C)cc2c(=O)cc(N3CCOCC3)oc12,f9d366dd1f8be57d,10
,,,CNc1cc(F)cc(-c2c[nH]c(=O)c(NC(=O)c3ccc(N4CCCC4CN4CCCC4)cc3)c2)c1,48a3d64bad45c96c,6
,,,Cn1c(Cc2nc(N3CCOCC3)cc(=O)[nH]2)nc2cc(F)ccc21,612feeafb9f94fcd,4
,,,CCc1c2nc(-c3cc(S(=O)(=O)N4CCN(CC)CC4)cnc3OCCOC)nc(O)c2nn1CCOC,165e48595bd9d3ac,5
,,,CC1=C(C(=O)O)N2C(=O)C(NC(=O)C(N)C3=CCC=CC3)C2SC1,1e024fc94feb54f7,12
,,,CCCCCCC(NC(=O)[C@@H](N)CCC(=O)O)C(=O)N[C@@H](Cc1c[nH]c2ccccc12)C(N)=O,81eabb00caa4d82f,6
,,,N#Cc1ccccc1Cn1c(N2CCCC(N)C2)nc2c(-c3ccsc3)c[nH]c2c1=O,e17fccb593d3b02d,7
,,,COc1ccc(-n2nc(C(N)=O)c3c2C(=O)N(c2ccc(C4(C(C)=O)CC4)cc2)CC3)cc1,96c94cd0612dd312,14
,,,C/C=C(\C)C(=O)N[C@@H](c1ccccc1)[C@@H](O)C(=O)O[C@H]1C[C@@]2(O)[C@@H](OC(=O)c3cccc(N=[N+]=[N-])c3)[C@@H]3[C@]4(OC(C)=O)CO[C@@H]4C[C@H](OC(=O)CC)[C@@]3(C)C(=O)[C@H](O)C(=C1C)C2(C)C,43862e61b8abee89,1
,,,Cc1cc(CC(CC(=O)N2CCC(N3Cc4ccccc4NC3=O)CC2)c2ccccn2)cc2cn[nH]c12,9b06aaf2e65541b7,4
,,,CS(=O)(=O)NC(=O)C(Cc1ccccc1)NC(=O)OCc1ccccc1,22531fbba682cfa2,17
,,,COc1ccc2cc(C(=O)N3CCc4cc(OC)c(OC)cc4C3)ccc2c1,0d28458c6afc504d,19
,,,CCCCCCCCCCCCC(NC(Cc1ccccc1)C(=O)NC(CSCNC(C)=O)C(=O)NC(C(=O)NC(Cc1c[nH]c2ccccc12)C(=O)NC(CCCCN)C(=O)NC(CSCNC(C)=O)C(=O)NC(C(N)=O)C(C)O)c1ccc(O)cc1)C(=O)NC1OC(O)C(O)C(O)C1O,7bbc121ad2c4f559,1
,,,C=C(c1ccccc1)[C@H]1OC[C@@H](N)CO1,8451796bcaf48103,5
,,,CN1CCN(C(=O)Cn2c(-c3ccoc3)c(C3CCCCC3)c3ccc(C(=O)O)cc32)CC1,92620ca0c97d5403,1
,,,Cn1c(N2CCCN(CCCN3c4ccccc4CCc4ccc(C(C)(C)C(=O)O)cc43)CC2)cc(=O)n(C)c1=O,4112dfcd0837b50f,3
,,,CCCCOc1cccc(C(=O)NC2(C(=O)N[C@H](Cc3ccccc3)C(=O)NCC3CCN(CC4CCOCC4)CC3)CCCC2)c1,791e32c02b504d18,3
,,,CC[C@H](C)[C@H](NC(=O)[C@H](CO)NC(=O)[C@H](CC(N)=O)NC(=O)[C@H](CC(C)C)NC(=O)[C@H](Cc1ccc(O)cc1)NC(=O)[C@H](CCCCN)NC(=O)[C@H](CCCCN)NC(=O)[C@@H](NC(=O)[C@H](C)NC(=O)[C@H](CCC(=O)O)NC(=O)[C@H](CCC(N)=O)NC(=O)[C@H](CCCCN)NC(=O)[C@H](CCCN=C(N)N)NC(=O)[C@H](CC(C)C)NC(=O)[C@H](CCCN=C(N)N)NC(=O)[C@@H](NC(=O)[C@H](Cc1ccc(O)cc1)NC(=O)[C@H](CC(N)=O)NC(=O)[C@H](CC(=O)O)NC(=O)[C@@H](NC(=O)[C@H](Cc1ccccc1)NC(=O)[C@@H](NC(=O)[C@H](C)NC(=O)[C@H](CC(=O)O)NC(=O)[C@H](CO)NC(=O)[C@@H](N)Cc1c[nH]cn1)C(C)C)[C@@H](C)O)[C@@H](C)O)C(C)C)C(=O)N[C@@H](CC(C)C)C(=O)N[C@@H](CC(N)=O)C(=O)NCC(=O)N[C@@H](CCCCN)C(=O)O,bacd4b2d81667e2b,1
,,,COC1CC2OCC2(OC(C)=O)C2C(OC(=O)c3ccccc3)C34OC(=O)OC3C(OC(=O)C(O)C(NC(=O)OC(C)(C)C)c3ccccc3)C(C)=C(C(OC(=O)N(C)C)C(=O)C12C)C4(C)C,de34657d3c70c4ec,2
,,,NC(=O)C1CCCN1C(=O)C(Cc1c[nH]cn1)NC(=O)C1CCC(=O)N1,c530699deafbf35b,2
,,,CN(C)CCNC(=O)C(C)(C)COc1nnc(-c2ccc(NC(=O)c3ccc4ccccc4c3)cc2)n1C,9bddd17663e4fd3e,4
,,,CN1CCC(NC(=O)c2ccc3c(C4CCCC4)c(-c4cccc(N)n4)n(C)c3c2)(C(=O)Nc2ccc(C=CC(=O)O)cc2)C1,63826bcc81523916,4
,,,Cc1c(C(=O)O)sc2ccc(NC(=O)C(C)(C)NC(=O)c3ccc4c(C5CCCCC5)c(-c5ccccn5)n(C)c4c3)cc12,1dc5821b8d3aec4e,1
,,,CN(c1cc2cc(c1)C(=O)NC(c1ccccc1)CCc1cccc(c1)CC(C)(N)C(=O)OC2)S(=O)(=O)C(F)(F)F,9c097d3a10cdfd69,5
,,,COC(=O)N[C@H](C(=O)NN(CC[C@@]1(Cc2ccccc2)C(=O)N([C@H]2c3ccccc3C[C@H]2O)C[C@@H]1O)Cc1ccc(-c2cccnc2)cc1)C(C)(C)C,717e638363baad5b,4
,,,CCCn1cc(-c2cc(C3C(=O)N(CC)c4ccc(C(F)(F)F)cc4N(c4ccccc4)C3=O)cc(OC)c2O)cn1,b35dcd05307df4cd,13
,,,O=C(O)CC1CCC(c2ccc(C(=O)Nc3nnc(CCC4CCCO4)s3)cc2)CC1,577ead82c82da582,2
,,,NCc1cccc(Cc2ncccn2)c1,a7d459c873c305e4,11
,,,CC(C)CC1NC(=O)C(Cc2ccccc2)N(C)C(=O)C(CC(=O)O)NC(=O)CNC(=O)C(CCCNC(=N)N)N(C)C(=O)CNC1=O,6883a65d1fa4798d,1
,,,Cn1c(N2CCOC3CCCCC32)nc(-c2ccncc2F)cc1=O,0a483e1cb25ada9d,2
,,,Cc1ccccc1C=CC(=O)NC1(C(=O)NC(Cc2ccccc2)C(=O)NCC2CCN(CC3CCOCC3)CC2)CCCC1,1f1889fed19c4225,2
,,,CNC(=O)c1cc(Oc2ccc3sc(Nc4ccc(C)cc4)nc3c2)ccn1,82dc4a1ca2c09969,18
,,,CCCC(=O)O[C@H]1[C@@H](F)[C@H](n2cnc3c(N)ncnc32)O[C@@H]1CNS(=O)(=O)NC(=O)c1ccccc1O,739a9e722112e8df,7
,,,COc1ccc2c(OC3CC4C(=O)NC5(C(=O)NS(=O)(=O)C6CC6)CC5C=CCCCCCC(NC(=O)c5ccn(CC(F)F)n5)C(=O)N4C3)cc(OC(C)C)nc2c1C,c65e14e0b7634ede,2
,,,C=CCc1cc(OC)c(OC(C)C(OC(C)=O)c2ccc(OC)c(OC)c2)c(OC)c1,55632f775bc883fd,2
,,,CCCCCCCCCCC(N)C(=O)N[C@@H](Cc1ccc(O)cc1)C(=O)N1CCC[C@H]1C(=O)N[C@@H](Cc1c[nH]c2ccccc12)C(=O)N[C@@H](Cc1ccccc1)C(N)=O,efb676ea2b78eba6,1
,,,CC=C(C)C(=O)NC(c1ccccc1)C(O)C(=O)OC1CC2(O)C(OC(=O)c3cccc(N=[N+]=[N-])c3)C3C4(OC(C)=O)COC4CC(OC(=O)NC)C3(C)C(=O)C(O)C(=C1C)C2(C)C,dcb9f792eaa5aa2c,3
,,,CC(CO)Nc1cc(NS(=O)(=O)N2CCC2)nc(SCc2cccc(F)c2F)n1,3e7e2ba28ba5588c,8
,,,CCOC(=O)NC(=N)c1ccc2nc(Cc3nc4ccccc4[nH]3)[nH]c2c1,06a69796ba1a59a1,7
,,,CC(C)=CCn1c(N2CCCC(N)C2)c(C#N)c2ncn(Cc3nccc4ccccc34)c(=O)c21,2809f5e768d50ed4,4
,,,CN1C(=O)NC(=O)[C@]12Cc1ccc(NC(=O)Cn3c(=O)n(C4CCS(=O)(=O)C4)c4ccccc43)cc1C2,6cbf6b96c03b47f4,2
,,,CCCCN1C(=O)[C@H](CC2CCCCC2)NC(=O)C12CCN(Cc1ccc(Oc3ccc(C(=O)O)cc3)cc1)CC2,7a001c1934ad4ede,2
,,,CC(Cc1ccccc1)(NC(=O)C(N)Cc1ccccc1)C(N)=O,ac566dc4791a27a5,7
,,,COc1ccc(-n2cc(-c3ccc4c(c3)C(=O)NCC4)c(N)n2)cc1,208164e5f179fb7c,12
,,,COc1ccc2c(OC3CC4C(=O)NC5(C(=O)NS(=O)(=O)C6CC6)CC5C=CCCCCN(C)C(=O)C4C3)cc(-c3nc(C(C)C)cs3)nc2c1C,9114f657f3490430,1
,,,NC(=O)[C@H](CCc1ccccc1)NC(=O)[C@@H](N)Cc1ccccc1,fe1a62573a49c233,3
,,,CCCCCN1C(=O)C(N)(c2ccc3c(c2)OCO3)c2ccccc21,f4b181d4177de725,15
,,,NC(=O)[C@H](Cc1ccccc1)NC(=O)[C@H]1NCC[C@H]1c1ccccc1,538983c617e6659c,7
,,,O=C(CC1CC(=O)c2c(F)cc(F)cc21)NC1OC(CO)C(O)C(O)C1O,40247e32d01995f1,3
,,,CCC1CC(n2c(=O)nc(-c3cnn(C)c3)c3oc4cc(C#N)c(-c5cnn(C)c5)nc4c32)CCO1,2852c72ebb1c1034,1
,,,C[C@H]1Cn2c(nnc2C(C)(C)C)CN1C(=O)c1cccc(C(F)(F)c2nnc(O)c3ccccc23)c1,33ff6d5ef529971c,4
,,,CCN(C)c1nc2ccc(C(=O)N(CC(C)C)CC(O)C(Cc3ccccc3)NC(=O)OCc3cncs3)cc2o1,8f58a65d19ac09eb,4
,,,Cc1cc(COc2ccc(C(=O)NC3(CC(=O)NO)CCCCC3)cc2)c2ccccc2n1,0c0ed9793e0e27c2,5
,,,COc1cccc(CN2C(=O)C[C@]3(C2=O)C(=O)N(CC(=O)O)c2ccc(Cl)cc23)c1,3399d683ce69da07,11
,,,Cc1cc(CC(OC(=O)N2CCC(c3cc4ccccc4[nH]c3=O)CC2)c2cc(CN3CCCCC3)ccn2)cc2cn[nH]c12,8e34c659e0e0f7ed,2
,,,CN(C)c1ccc([Se][Se]c2ccc(N(C)C)cc2)cc1,436cdca4a75ab91c,14
,,,CC(C)CC1C(=O)NCC(=O)N(C)C(CCCN=C(N)N)C(=O)NCC(=O)NC(CC(=O)O)C(=O)N(C)C(Cc2ccccc2)C(=O)N1C,febe22e0c0b88360,2
,,,CCC1(O)CC2CN(CCc3c([nH]c4ccccc34)C(C(=O)OC)(c3cc4c(cc3OC)N(C=O)C3C(O)(C(=O)OC)C(OC(C)=O)C5(CC)C=CCN6CCC43C65)C2)C1,1e939b7e22f4343c,7
,,,COC1CN(C(=O)c2ccc3[nH]nc(Cc4ccc5c(cnn5C)c4)c3c2)C1,1ab03e654f5af656,9
,,,CCNC(=O)CCC(CO)N(C)C(=O)c1ccc2c(c1)c1c(n2C)CCC(C2CCOCC2)C1,9f660824378f9ff5,2
,,,C=CC1C[C@]1(NC(=O)[C@@H]1C[C@@H](Oc2cc(-c3csc(NC(C)C)n3)nc3cc(OC)ccc23)CN1C(=O)[C@@H](NC(=O)OC1CCCC1)C(C)(C)C)P(=O)(O)O,496194366c4fe271,2
,,,O=c1cc(N2CCOCC2)nc(Cc2nc3cc(F)ccc3o2)[nH]1,ab4030f3f765d975,7
,,,Cc1ccc(NC(=O)c2cc(-c3cc4cc(C(=O)O)ccc4o3)ccc2N2CCCCC2)cc1,f871244d0e46e7a9,6
,,,C=CC1CC1(NC(=O)C1CC(Oc2cc(-c3csc(NC(C)C)n3)nc3cc(OC)ccc23)CN1C(=O)C(NC(=O)OC1CCCC1)C(C)(C)C)P(=O)(O)Cc1c(F)cccc1Cl,9882ea904e66fa9c,3
,,,Cc1nc(-n2cnn(CC3CC3)c2=O)sc1C(=O)NCc1cccnc1,7e551d24c61cbb35,9
,,,CC(=O)N[C@@H](Cc1ccccc1)[C@H](O)CNC1CC(C)(C)Oc2sc(CC(C)(C)C)cc21,d433ad5cf80c183e,5
,,,COc1ccc2c(NCC(C)(C)c3ccccc3)noc2c1,cbd511948e7f87a9,4
,,,COc1c(NC(=O)c2ccc(C)c(N3C=C(C(=O)NCC(C)(C)CN(C)C)NN3)c2)cc(C(C)(C)C)cc1NS(C)(=O)=O,a08edc7bc2a0dba2,1
,,,NC(=O)C1CCN(c2nc(-c3ccc(Br)cc3)cs2)CC1,382529114b54a80c,4
,,,COCCCc1cc(CN(C(=O)C2CNCCC2(O)c2ccc(F)c(F)c2)C2CC2)cc(OCCOC)c1,b426fb5f550948aa,2
,,,Cn1c(-c2ccncc2)c(C2CCCCC2)c2ccc(C(=O)NC(C)(C)C(=O)Nc3ccc(C=CC(=O)O)cc3)cc21,545bd9908e62b45f,1
,,,O=C1CCCCN1C1CCN(c2nc3ccccc3n2Cc2ccc(F)cc2)CC1,82f07643286ddbc1,4
,,,CNC(=O)C=C(c1ccc2nc(N)n(S(=O)(=O)C(C)C)c2c1)c1ccccc1-c1cccc2ccccc12,0b78ba9c82ddff6c,8
,,,CSc1nn(-c2ccccc2)c2cc(NC(=O)C3CCNCC3)ccc12,05bdb166cf7a3e45,11
,,,N#Cc1cccnc1N1CCN(C(=O)c2cccc(C(N)c3nnc(O)c4ccccc34)c2)CC1,c59268414724c8c0,1
,,,CC(C)N(C)C1CCC(N2CCC(NC(=O)c3cccc(C(F)(F)F)c3)C2=O)C(CS(=O)(=O)C(C)(C)C)C1,1c4fb685424c061d,4
,,,COc1cc(NC(=O)Cc2nc(O)cc(N3CCOCC3)n2)ccc1F,48dbc9a265bc2045,7
,,,N#Cc1c(-c2ccccc2)no[n+]1[O-],6bc5d3f9c972adba,1
,,,C#CC[C@@H](C(=O)N[C@H](/C=C/C(=O)OC1CCCC1)C[C@@H]1CCNC1=O)n1cccc(NC(=O)c2cc(C)on2)c1=O,d5458fcc2482bbb7,2
,,,COc1c(C(=O)Nc2ccc(NS(C)(=O)=O)cc2)cc(-n2ccc(=O)[nH]c2=O)cc1C(C)(C)C,534c4879dd881191,15
,,,CC(C)(C)c1cc(NC(=O)C2CCCCN2C(=O)N2CCS(=O)(=O)CC2)no1,e16df17aebbc9c65,2
,,,C=CCCCCCC(NC(=O)OC(C)(C)C)C(=O)NC(C(=O)Nc1ccccc1C(=O)NS(=O)(=O)CCCC=C)c1ccc(Oc2cc(OC)nc(-c3ccccc3)n2)cc1,9d42998a356fdb5e,2
,,,COC1CC2OCC2(OC(C)=O)C2C(OC(=O)c3ccccc3)C3(O)CC(OC(=O)C(O)C(NC(=O)c4ccccc4)c4ccccc4)C(C)=C(C(OC(=O)N(C)C)C(=O)C12C)C3(C)C,e573b4bf909ce92c,1
,,,CCOc1ccc(Nc2c(C)c(NC3CCCNC3)nc3ccnn23)cc1,31780e541e8c538c,7
,,,CCCS(=O)(=O)N1CCC(CNC(=O)c2c(F)cccc2Cl)(C(=O)N2CCOCC2)CC1,4033cb1591c0bf45,4
,,,Brc1ccc(C2(CC3CCOCC3)c3ccccc3-c3nccn32)cc1,78210bebe9e97062,7
,,,CC(C)n1c(=O)n(Cc2nc3ccccc3n2CCCC#N)c2cnccc21,d028fdecf9b85121,11
,,,CC(CO)Nc1nc(SCc2cccc(F)c2F)nc2nc(N)sc12,36c74dc4e135fcb0,9
,,,NC(=NO)c1ccc2[nH]c(-c3ccccn3)nc2c1,96f5f62d74bd18c5,4
,,,O=C(C(=O)N1CCN(C(=O)c2ccccc2)CC1)c1c[nH]c2c(-c3cnco3)ccc(F)c12,1f20403602eab9f7,2
,,,O=C(O)CC(c1ccc2c(c1)OCO2)N1CCc2cc(Oc3cccc4c3nc3n4CCCN3)ccc2C1=O,b5d1c2d0ab448bb6,4
,,,O=[N+]([O-])c1cn2c(n1)OCC(OCc1ccc(N3CCCCC3)c(F)c1)C2,ef9c7f7d4cbc878f,5
,,,CC(C)C[C@H](NC(=O)CNC(=O)[C@H](Cc1ccc(O)cc1)NC(=O)[C@H](CO)NC(=O)[C@H](Cc1c[nH]c2ccccc12)NC(=O)[C@H](Cc1c[nH]cn1)NC(=O)[C@H](CCC(N)=O)NC(=O)CCC(=O)N[C@@H]1O[C@H](CO)[C@@H](O[C@@H]2O[C@H](CO)[C@H](O)[C@H](O)[C@H]2O)[C@H](O)[C@H]1O)C(=O)N[C@@H](CCCN=C(N)N)C(=O)N1CCC[C@H]1C(=O)NCC(N)=O,0c1b188a88aa52fa,1
,,,Cc1c(-c2ccc(=O)n(Cc3ccccc3)n2)c2cc(F)ccc2n1CC(=O)O,b8e3f27fa82dece9,18
,,,CN(c1cc2cc(n1)N(CC1CC1)CCCCc1cccc(c1)CC(C)(N)C(=O)OC2)S(C)(=O)=O,f52556941153363b,7
,,,Cc1nc(C)c(-c2ccc(C3CCC(CC(=O)NC(C)(C)C(=O)O)CC3)cc2)nc1C(N)=O,0494ef7293c63fd9,1
,,,Cc1nc2ccncc2n1C1CC2CCC(C1)N2CCC(NC(=O)C1CC[S+]([O-])CC1)c1cccc(F)c1,c9ef4f3d5f8e49e0,3
,,,CC(C)[C@@H](C(=O)N(C)[C@@H](Cc1ccc(O)c(C(C)(C)C)c1)C(N)=O)N(C)C(=O)[C@@H](N)Cc1ccccc1,da1474d46e90b470,2
,,,CCCN1CCOC(c2cccc(O)c2)C1,bd215d4771ff3b34,6
,,,CC(C)CC(NC(=O)CNC(=O)C(Cc1ccc(O)cc1)NC(=O)C(CO)NC(=O)C(Cc1c[nH]c2ccccc12)NC(=O)C(Cc1cnc[nH]1)NC(=O)C(CCC(N)=O)NC(=O)CCC(=O)NC1OC(CO)C(O)C(O)C1O)C(=O)NC(CCCNC(=N)N)C(=O)N1CCCC1C(=O)NCC(N)=O,2d15e15a1d573adb,1
,,,CC(C)=Cc1nn(CCC(C)(C)C)c(=O)c(C2=NS(=O)(=O)c3cc(NS(C)(=O)=O)ccc3N2)c1O,d67d8191d06e3feb,9
,,,O=c1cc([C@H]2CCN[C@H](Cc3ccccc3)C2)o[nH]1,d1d8c85ae2c9ffbd,4
,,,COC(=O)NC(C(=O)NN(CCCC1(Cc2ccccc2)C(=O)N(C2c3ccccc3CC2O)CC1O)Cc1ccc(-c2cccnc2)cc1)C(C)(C)C,a5be1caaf938d160,1
,,,O=C(Nc1cnc(-c2ccncc2)c(-c2ccco2)n1)C1CC1,266148958d69f599,7
,,,COC(=O)N[C@H](C(=O)NN(CCC[C@@](O)(Cc1ccccc1)C(=O)N[C@H]1c2ccccc2C[C@H]1O)Cc1ccc(-c2ccncc2)cc1)C(C)(C)C,f320d2b5dba827e4,3
,,,CS(=O)(=O)Nc1ccc2c(c1)S(=O)(=O)NC(C1=C(O)[C@@H]3CCC[C@@H]3N(Cc3ccc(F)cc3)C1=O)=N2,cb799c64784e6033,6
,,,Cc1cc(COc2ccc(NC(=O)C3NCCCC3C(=O)NO)cc2)c2ccccc2n1,8fc70dcce384852c,4
,,,CC(=O)Nc1cn2cc(-c3cnc(N)c(OC(C)C(F)(F)F)n3)ccc2n1,c55bfaaabb3c94ed,15
,,,C=CC1CC1(NC(=O)C1CC(Oc2cc(-c3csc(NC(C)C)n3)nc3cc(OC)ccc23)CN1C(=O)C(NC(=O)OC1CCCC1)C(C)(C)C)P(=O)(O)Cc1ccccc1OC,9e74a6c0a2db6276,3
,,,CCCCCCCC(=O)O[C@H]1[C@@H](F)[C@H](n2cnc3c(N)ncnc32)O[C@@H]1CNS(=O)(=O)NC(=O)c1ccccc1O,ddbca752360d9015,5
,,,CC(Nc1cccc(F)c1)c1cc(C(=O)N(C)C)cn2c(=O)cc(N3CCOCC3)nc12,cdba6bf87e776eee,8
,,,CNC(Cc1ccccc1)C(=O)N(C)CC(=O)N(C)CC(=O)NCC(=O)NCC(=O)N(C)C(Cc1ccccc1)C(N)=O,d19ec111710af949,1
,,,N#Cc1cccnc1N1CCN(C(=O)c2cccc(Oc3nnc(O)c4ccccc34)c2)CC1,94c1a08da1565f0c,3
,,,CCOc1ccc(S(=O)(=O)N2CCN(C)CC2)cc1-c1nc2c(=O)n(C)c(=O)n(CC(C)CC)c2[nH]1,aa7d3a7123885f49,9
,,,O=C(O)CCCOc1nc2cccc(C=Cc3ccc(OCCCCOc4ccccc4)cc3)c2nc1C(=O)O,3f2da526ec786af8,7
,,,CC1Cn2c(nnc2-c2ncccn2)C(=O)N1Cc1cccc(C(F)(F)F)c1Cl,d4878a1851297307,6
,,,COc1cc(CC(CO)C(CO)Cc2ccc(O)c(OC)c2)ccc1O,b1960067647b7f72,5
,,,Cc1cc(COc2ccc(C(=O)NC3CN(C(C)C)CC3C(=O)NO)cc2)c2ccccc2n1,f4aa4591fbd2e337,6
,,,NC(=O)C(c1ccccc1)(c1ccccc1)C1CCN(CCc2ccc3c(c2)OCC3)C1,ff6e42c4276af71e,6
,,,CCCCC1(c2ccc3[nH]ccc3c2)CCNC1,7596159fb880bf1b,16
,,,Cc1cc(F)ccc1-c1c(Oc2ccc(C=CC(=O)O)cc2)c2ccccc2oc1=O,01fd5be2d81ae8ba,6
,,,CC(C)(F)c1nc(C2CCCN2C(=O)CC(N)Cc2cc(F)c(F)cc2F)no1,f8fc364006573a13,7
,,,CSCC[C@H](NC(=O)[C@H](CC(C)C)NC(=O)CNC(=O)[C@H](Cc1ccccc1)NC(=O)[C@H](Cc1ccccc1)NC(=O)[C@H](Cc1c[nH]c2ccccc12)NC(=O)[C@@H]1CCCN1C(=O)[C@@H](N)Cc1ccc(O)cc1)C(N)=O,2fbbcbaae031e4ef,2
,,,CCCCCNC(=O)c1ccc(N2CCN(C(=O)c3ccccc3C(F)(F)F)CC2)nn1,c8d3a9bf6af1ecac,8
,,,CC1CN(c2cc(=O)c3cc(C(=O)N(C)C)cc(CN4CCOc5c(F)cc(F)cc54)c3o2)CCO1,1dec29fbd691e781,12
,,,Cc1cc(CC(OC(=O)N2CCC(c3cc4ccccc4[nH]c3=O)CC2)c2cc(CN3CCCCCC3)ccn2)cc2cn[nH]c12,4608232e3f787d16,4
,,,C=CC1CC1(NC(=O)C1CC(Oc2cc(OCC)nc3c(Br)c(OC)ccc23)CN1C(=O)C(CC(=O)Nc1ccccc1)C(C)(C)C)C(=O)NS(=O)(=O)C1CC1,f68591bad099c229,2
,,,NC(=O)[C@H](Cc1ccccc1)NC(=O)[C@@H](N)Cc1ccccc1,2a49a5cf11e17342,8
,,,N[C@@H](CC(=O)N1CCC[C@H]1c1nc(C2CC2)no1)Cc1cc(F)c(F)cc1F,3f4024af5d650c72,7
,,,CS(=O)(=O)Nc1ccc2c(c1)S(=O)(=O)NC(C1=C(O)C3CCCN3N(Cc3ccc(F)cc3)C1=O)=N2,9c49ec3d7b146df0,4
,,,COc1ccc(-n2nc(C#N)c3c2C(=O)N(c2ccc(C4(CN(C)C)CC4)cc2)CC3)cc1,8842593dadf3ce6e,24
,,,CC#Cc1ccnc(-c2cc(C3(C4CC4)N=C(C)C(N)=N3)ccc2O)c1,b485a7f116eac721,10
,,,Cn1cncc1CN(CCN(Cc1ccccc1)S(=O)(=O)c1ccccn1)c1ccc(C#N)cc1,8a90f589d574b637,10
,,,CNC(=O)c1ncc(F)c2c(C(=O)C(=O)N3CCN(C(=O)c4ccccc4)CC3)c[nH]c12,6125ba8e751f4a49,6
,,,Cc1nc2c(cnn2-c2ccccc2)c(=O)n1N1CCCCC1,9790b9f3826a9961,1
,,,COc1ccc(C2(c3cccc(-c4cncnc4)c3)N=C(N)c3nc(C)sc32)cc1,b26cf7930fefa624,19
,,,Cc1cc(C#N)nc(C)c1C(=O)N1CC2CN(CCC3(c4cccc(F)c4)CCN(C(=O)C(C)(C)C)CC3)CC2C1,0943888d895ac32c,4
,,,COc1ccc(-n2nc(C#N)c3ncn(-c4ccc(-c5ccccc5CN5CCCC5)cc4)c(=O)c32)cc1,451d38d96eab7088,8
,,,CC(C)CN(CC(O)C(Cc1ccccc1)NC(=O)OCc1cncs1)C(=O)c1ccc2ncsc2c1,df5454487b6f1825,3
,,,c1ccc(CN2CCCC(Oc3ccc4cnccc4c3)C2)cc1,54706548a13e2e21,9
,,,COc1cc(Nc2nc3n(n2)C(C)CC(=O)N3CC2CC(F)(F)C2)ccc1-n1cnc(C)c1,189c2fc8e7b10255,11
,,,COc1cccc(-c2cccc(C3(c4ccncc4)N=C(N)CS3)c2)c1,a0fae616a9866955,20
,,,Cc1nc(NC(=O)N2CC(O)CC2C(N)=O)sc1-c1csc(C(C)(C)C)n1,b9aab28fccf57a20,1
,,,O=C1CC(c2ccc(CC(Nc3nc4ccc(Br)cc4s3)c3nc4ccccc4[nH]3)cc2)S(=O)(=O)N1,891f6df1365ec218,8
,,,Cc1c(NC(=O)OCC2COCCN2)cn2ncnc(Nc3ccc4c(cnn4Cc4cccc(F)c4)c3)c12,0c6b1121b09d1635,6
,,,COc1cccc(-c2cccc(C3(C)N=C(N)CCO3)c2)c1,8449c66dc5df3d2d,18
,,,CC(c1ccccc1)C(NC(=O)C(N)Cc1ccccc1)C(N)=O,39b1441dd642f7bc,7
,,,O=C1/C(=C/c2cccc(O)c2)CNC/C1=C\c1cccc(O)c1,c09863f448a0b146,10
,,,COc1cc(Cl)ccc1O[C@@H](c1ccccc1)[C@@H]1CNCCO1,1b46fa5e7a45781e,5
,,,NC(CC(=O)N1CCCC1CNS(=O)(=O)C1CC1)Cc1cc(F)c(F)cc1F,cae56f0b49828337,1
,,,NCC(NC(=O)CC1CNC(=O)c2cc(-c3cccc(F)c3)cn21)C1CCCCC1,d2867fa52bd00cbb,2
,,,CC(CNS(=O)(=O)C(C)C)c1ccc(-n2cc(CO)c(C(F)(F)F)n2)cc1,21fdbff0f93a946a,3
,,,C=CC(=O)Nc1ccc(S(=O)(=O)N2CCN(C(=O)C3CC3)CC2)cn1,c5d9ecbeb26b886c,1
,,,CC1CC1(C(=O)NC1OC(CO)C(O)C(O)C1O)c1cccc2ccccc12,ac4998c0bb0915b6,2
,,,C=CCCCS(=O)(=O)NC(=O)c1ccccc1NC(=O)C(NC(=O)OC(C)(C)C)c1ccc(Oc2cc(OC)nc(-c3ccccc3)n2)c(C=C)c1,3ba281499bfc210e,1
,,,CC(C)Cn1cc(C#N)c2cc(Oc3ccc(NC(=O)C4CCCN4)cc3)ccc21,1571a312d7ec6d96,14
,,,CNC1(c2ccc(N3CCc4c(C#N)nn(-c5ccc(OC)cc5)c4C3=O)cc2)CC1,80510740989feafa,22
,,,Cc1nc2cc(-c3nc(=O)n(CCC4CCCO4)c4c3oc3ncc(-c5cnn(C)c5)cc34)ccc2n1C,c20b323f0414da13,14
,,,CSc1ccc(-c2cnc(N3CCC(C(N)=O)CC3)s2)cc1,7b770ef78dfe5cd2,7
,,,O=c1[nH]cnc2c(-n3cc(CCN4CCC(c5cccs5)CC4)cn3)nccc12,746a71885f827db6,3
,,,CN(C)C(=O)c1ccc(-c2ccc3c(c2)CCN(CCN2CCCC2)C3=O)cc1,f1e6f25d26d4398b,17
,,,Oc1cc(N2CCOCC2)nc(Cc2nc3ccccc3n2C2CCCCC2)n1,1b6bfa5def88f2ba,5
,,,O=c1cc([C@H]2CCN[C@@H](Cc3ccc(F)cc3)C2)o[nH]1,7045b44d4e7af9ef,5
,,,CCCCC1C(=O)C(=O)N(c2ccccc2)N1c1ccccc1,ae2c02c3b4e6718e,14
,,,COc1cc(Nc2nc(NC3CCCCC3N)n3ncnc3c2C(N)=O)cc(OC)c1,6d6f3851a3c2491c,6
,,,O=C(NO)c1ccc(-c2ccc(CNCc3ccccc3)cn2)s1,d2a5db0ef884299b,8
,,,CN1CCN(CC(NC(=O)CC2CNC(=O)c3cc(-c4cccc(F)c4)cn32)C2CCCCC2)CC1,d4055d8b9c49ba98,1
,,,C=CCN(C(=O)Cc1ccc(S(=O)(=O)NC)cc1)C1CCN(C[C@H]2CN(C(=O)C3CCCC3)C[C@]2(O)c2ccccc2)CC1,3dc9f9518ef05c75,3
,,,CNC(=O)c1ccc2[nH]nc(Cc3ccc(-c4cnn(C)c4)cc3)c2c1,9dc6850da649e05f,15
,,,COc1cccc(CN2C(=O)CC3(C2=O)C(=O)N(CC(=O)O)c2ccc(Cl)cc23)c1,7e7a58d361692740,16
,,,CNCC1(c2ccc(N3CCC4C(S(C)(=O)=O)=NN(c5ccc(OC)cc5)C4C3=O)cc2)CC1,551b18e10e3026f2,7
,,,CCCC(=O)c1cnn(-c2ccc(NC(=O)c3cn(CC(=O)N4CCN(CCO)CC4)c4ccc(C)cc34)cc2)c1C,7d3b9501f7aa7af4,2
,,,CCNC(=O)C1CC(F)(c2ccc(CN3CCCC3)c(F)c2)C1,f9157284fc71c153,19
,,,CC(=O)N1CCN(c2ccc(N3CCN(C(=O)NC4C5CC6CC4CC(O)(C6)C5)c4ccccc43)nc2)CC1,6b923b7f63dd78fe,12
,,,N#CC1CCCN1C(=O)C(N)Cc1ccc(-c2ccccc2)cc1,967129f08b0c2d36,7
,,,CNc1cc(C#N)cc(-c2c[nH]c(=O)c(NC(=O)c3ccc(N4CCCC4CN4CCCC4)cc3)c2)c1,906970257dc5bead,11
,,,O=C(CC1CNC(=O)c2cc(-c3cccc(F)c3)cn21)NCC1CCCCC1,14a77704b90d6b86,7
,,,O=C1CCCN1Cc1ccc(-n2nc(C(F)(F)F)c3c2CCCC3)cc1F,6c43ff3457e96f9e,12
,,,O=C(Cc1nc(O)cc(N2CCOCC2)n1)Nc1ccc(F)c(F)c1,c6268e295e6829cc,5
,,,CCCCCCC(N)C(=O)N[C@@H](Cc1c(C)cc(O)cc1C)C(=O)N1CCC[C@H]1C(=O)N[C@@H](Cc1c[nH]c2ccccc12)C(=O)N[C@@H](Cc1ccccc1)C(N)=O,3381703737c31afa,2
,,,CN1CCN(CC(NC(=O)CC2CNC(=O)c3cc(-c4cccc(Cl)c4)cn32)C2CCCCC2)CC1,759cd682a936fbf0,3
,,,CC1CN(c2cc(=O)c3cc(C(=O)N(C)C)cc(CN(C)c4cc(F)cc(F)c4)c3o2)CCO1,fbb72b2c90aea371,11
,,,CC#Cc1cncc(-c2cc(C3(C4CC4)N=C(C)C(N)=N3)ccc2O)c1,0d24edfdeb745590,25
,,,CC(=O)NC1CC(n2cnc(NC(=O)Cc3cccc4ccccc34)c2)C1,d25b6c5ebd53df74,12
,,,Cn1cncc1CN1CC(N(CC2CCN(C(=O)c3ccccc3)CC2)S(=O)(=O)c2ccccn2)Cc2cc(C#N)ccc21,f6c30919ee3c92a1,3
,,,CC(C)(N)C(=O)N1CCn2c(nc(-c3ccc(F)cc3)c2Nc2ccc(F)c(F)c2)C1,e7347b7c6921699c,10
,,,Cc1ccnc2nc(Cc3nc4ccc(C(=N)N)cc4[nH]3)[nH]c12,ad289555b614861f,12
,,,CN[C@@H](C)C(=O)N[C@H](C(=O)N1CCC[C@H]1C(=O)N[C@H]1c2ccccc2C[C@H]1OCC#CC#CCO[C@@H]1Cc2ccccc2[C@@H]1NC(=O)[C@@H]1CCCN1C(=O)[C@@H](NC(=O)[C@H](C)NC)C1CCCCC1)C1CCCCC1,b86bacd46fced6b0,2
,,,c1ccc(CCC2(c3ccc4[nH]ccc4c3)CCNC2)cc1,f706471c047d2cc7,16
,,,Cc1ccc(F)c(C)c1Oc1c(C(=O)N2CCNCC2)c2ncccc2n1-c1ccccc1,c24f5f7d048d7ac9,7
,,,COC(=O)OC1CC2OCC2(OC(C)=O)C2C(OC(=O)c3ccccc3)C3(O)CC(OC(=O)C(O)C(NC(=O)OC(C)(C)C)c4ccccn4)C(C)=C(C(OC)C(=O)C12C)C3(C)C,1cd9bff0f09a1e8b,3
,,,COCCCOc1cc(C(=O)N(C[C@@H]2CNC[C@H]2NC(=O)CCc2ccccc2)C(C)C)ccc1OC,7c78f8b0e352441b,1
,,,CN(Cc1c2c(=O)n(-c3ccccc3Cl)[nH]c2cc(=O)n1Cc1ccncc1)c1ccccc1,a1815f1fb2397d8f,9
,,,CCOC(=O)CCN1CC(=O)N(C)c2ccc(NCc3ccc(C(=N)N)cc3)cc2C1=O,fce2081c50ca0b2e,2
,,,CC(C)CCn1nc(-c2cccs2)c(O)c(C2=CS(=O)(=O)c3cc(NS(C)(=O)=O)ccc3N2)c1=O,c9b318e63fc8f3eb,1
,,,CC(C)C[C@H](CO)Nc1nc(S(=O)Cc2ccccc2)nc2nc(O)sc12,b9900868495c460f,7
,,,Cc1ccc(Nc2c(-c3ccc(F)cc3)nc3n2CCN(C(=O)C(C)(C)N)C3(C)C)cc1,9ead338449998853,11
,,,COCCC(CC1(C(=O)NC2CC2c2ccc(OC)cc2)CCCC1)C(=O)O,13976c12764f6ac2,7
,,,CCN(C(=O)CO)[C@H]1CN(/C(=N\C#N)Nc2cccc(OC)c2)N=C1c1ccc(Cl)c(Cl)c1,3519164e6bea23be,7
,,,NCC(=O)N1CCn2c(nc(-c3ccc(F)cc3)c2Nc2ccc(F)cc2)C1,e73eac417682079b,16
,,,O=C(Cc1nc(O)cc(N2CCOCC2)n1)N1CCc2c(-c3cccnc3)cccc21,5a28129cdd6a2fa7,9
,,,COc1cccc(-c2cccc(C3(C4CCOCC4)N=C(C)C(N)=N3)c2)c1,80bb1e6d2f920f0a,7
,,,C=C(C)C1CCC(C)=CC1c1c(O)cc(CC2CN(C(=O)OCC)C2)cc1O,e152bf4903562b88,4
,,,CCCC(=O)N1CCc2c(nc(C)n2C2CC3CCC(C2)N3CCC(NC(C)=O)c2cccc(F)c2)C1,a7235d708889ec84,5
,,,N#Cc1ccc(NCC(F)(F)c2ccccc2)c(F)c1CC(=O)NCCONC(=N)N,a67ff5eee6c1d34c,3
,,,O=C(Nc1cccc(C(F)(F)F)c1)c1nscc1NCc1ccnc2ccccc12,e2c850ca5111032a,11
,,,N=C(N)SCc1c(F)ccc2c1oc1c(CSC(=N)N)c(F)ccc12,2abf5d999b83927b,8
,,,CNc1nc2sc3c(NCCN4CCOCC4)ncnc3c2c2c1CCC(C)(C)C2,f66cb5fb125b8cc0,3
,,,CC(C)n1c(=O)c(C(=O)NC2CC3CCC(C2)N3CCCCCCCN2CCC(CNS(C)(=O)=O)CC2)cc2ccccc21,9da1344b8cc11c8a,3
,,,COc1ccc2c(OC3CC4C(=O)NC5(C(=O)NS(=O)(=O)C6CC6)CC5C=CCCCCCNC(=O)N4C3)cc(-c3nc(C(C)C)cs3)nc2c1Cl,b5928878583febf5,1
,,,CS(=O)(=O)NC(Cc1ccccc1)C(=O)N1CCCC1C(=O)NCC1CCN(C(=N)N)CC1,45798a2f32fa56c7,2
,,,COc1ccc(C2(c3cccc(-c4cncnc4)c3)N=C(N)c3c(F)cccc32)cc1,7a91f843bdeafd6e,17
,,,O=C(O)C1CCCN1S(=O)(=O)c1cc(Cl)c(Cl)c(Cl)c1O,1fea9caf72244e4e,10
,,,CC(=O)NC(Cc1ccccc1)C(=O)NC(Cc1ccccc1)C(=O)NC(Cc1ccccc1)C(N)=O,36b9dd1a29a9f9df,5
,,,O=C(O)c1cn(Cc2ccc3c(c2)CCC3O)c2cccc(F)c2c1=O,aa01d0b5335dbaf7,7
,,,CCOC(=O)C(Cc1ccc(-c2c(C)n(C)c(=O)n(C)c2=O)cc1)NC(=O)c1c(F)cccc1F,6eb9688e4d348150,11
,,,Cc1nc(-c2nc[nH]n2)ccc1-c1cnc2c(n1)N(C1CCC(O)CC1)C(=O)CN2,c846e58ddc156148,2
,,,CCc1nc(N)nc(N)c1-c1ccc2c(c1)N(CCNC(C)=O)C(=O)C(C)(C)O2,498fdbbf56275279,2
,,,Cc1cnc(NCCc2ccc(C(F)(F)F)cc2)c(=O)n1CC(=O)NCCON=C(N)N,32ab6f71511d9e1c,6
,,,Cc1nc2ccccc2c(-c2ccc3c4c(ccnc24)CCO3)c1C(OC(C)(C)C)C(=O)O,d5c0a842745a462d,15
,,,CN(CCCN1CCC(CN2c3ccccc3Sc3ccc(C(=O)O)cc32)CC1)c1cc(=O)n(C)c(=O)n1C,44b090b5ecde5656,4
,,,Cn1c(N2CCCN(CC/C=C3/c4ccccc4COc4ccc(C(=O)O)cc43)CC2)cc(=O)n(C)c1=O,6f98c7d1cf7d1834,4
,,,COc1ccccc1NC(=O)c1nc(-c2ccc(S(=O)(=O)N3CCN(C)CC3)cc2)cnc1N,bf662ea18b645295,1
,,,O=C(O)CC(CC1CCN(C(=O)CCc2ccc3c(n2)NCCC3)CC1)c1cnc2ccccc2c1,d1aadb1d6c6f3db4,4
,,,O=C(C(=O)N1CCN(C(=O)c2ccccc2)CC1)c1c[nH]c2c(-c3cc[nH]n3)ncc(F)c12,b3ef1c65d540f258,2
,,,Cc1cc(N2CCC(N3CCCC3C)C2)ccc1NC(=O)c1cc(F)ccc1C,c6ec8c7b1aee3588,20
,,,COc1cccc(-c2cccc(C3(C)N=C(N)CN3C(C)=O)c2)c1,0af6e802abb912bc,20
,,,CC(C)C[C@@H]1NC(=O)[C@H](Cc2ccc(O)cc2)NC(=O)[C@H]2CCCN2C(=O)[C@H](CC(C)C)NC(=O)[C@H](CC(C)C)N(C)C(=O)[C@@H](CC(C)C)N(C)C1=O,e0c583293b9c8798,2
,,,CN(CCc1cnn(-c2nccc3c(O)ncnc23)c1)Cc1ccc(S(C)(=O)=O)cc1,16185112a2421619,7
,,,Cc1cc(C(F)(F)F)c(-c2ccc(C[C@H](NC(=O)c3c(Cl)cccc3Cl)C(=O)OCCCN3CCOCC3)cc2)c(=O)n1C,d5541b0d51dd22fa,2
,,,COCCOCCOC(=O)C(Cc1ccc(OC(=O)N(C)C)cc1)NC(=O)C1N(S(=O)(=O)c2ccn(C)n2)CSC1(C)C,e85929e5d445674a,5
,,,Cc1onc(C(=O)N2C3CCC2CC(Nc2cc(=O)n(C)c4cc(F)c(F)cc24)C3)c1C,5b646c4eab92b947,5
,,,N=C(N)c1ccc2nc(Cc3ccccn3)[nH]c2c1,fc373537ca00c9b4,12
,,,COc1ccc(N2CCC(=O)NC2=O)cc1C(C)(C)C,10ea541815ae32f9,7
,,,Cc1ccc(F)cc1C(C)(C)CC(O)(Cc1cc2nnccc2[nH]1)C(F)(F)F,d57248b2c84fd76b,6
,,,O=C(NC1(C(=O)NC(Cc2ccccc2)C(=O)NCCC(=O)N2CCN(CC3CCOCC3)CC2)CCCC1)c1cc2ccccc2s1,b5a2414363cc590d,2
,,,CCNCC(=O)Nc1ccc(-c2nc(=O)n(CCOC)c3c2oc2ccc(-c4ccc5c(c4)CCN(C)C5)cc23)cc1,4a800f5f0cbf4940,10
,,,CC(C)(C)CCN1C(=O)C(C2=NS(=O)(=O)c3cc(NS(C)(=O)=O)ccc3N2)=C(O)C2CCCN21,50110739fa454654,3
,,,CC(C)C[C@H]1NC(=O)[C@H](Cc2ccccc2)NC(=O)CNC(=O)[C@@H](C)NC(=O)[C@H](Cc2ccc(O)cc2)NC(=O)/C=C\c2ccccc2OCOC1=O,6a379a6e7115a700,1
,,,CCCC(=O)c1cnn(-c2ccc(NC(=O)c3cn(CC(=O)N4CCN(C)CC4)c4cc(C)c(Br)cc34)cc2)c1C,39ffcceed5f5a462,2
,,,CCCN(Cc1ccoc1)C(=O)c1cc(C)cc(OCC2(CON=C(N)N)CC2)c1,d1f61a5d2e834e1a,3
,,,Cc1cc(OC(F)(F)F)ccc1-c1c(Oc2ccc(C=CC(=O)O)cc2)c2ccc(O)cc2oc1=O,392218c7c692ec39,8
,,,O=C(O)C1CCCN1CCOc1ccc(-c2ccccc2)cc1Sc1cccc(F)c1,fa6c37ec5be537fc,4
,,,NS(=O)(=O)c1ccc(Nc2nccc(-c3ccsc3)n2)cc1,1c40b0b6bbcb4e28,10
,,,COc1cc(C)c(S(=O)(=O)N(C)CCOCC(=O)N2CCC(C(O)CN(C)C)CC2)c(C)c1,bd08a97ef96d9460,2
,,,O=c1c(C2=CS(=O)(=O)c3ccccc3N2)c(O)c2ccccc2n1Cc1ccc(F)cc1,d0484e113cd221b0,8
,,,CCOC1CCC(CN2CC(c3ccccn3)N(C3CCN(C4(C)CCN(C(=O)c5c(C)cc(C#N)nc5C)CC4)CC3)C2=O)CC1,a9a4f8832874d5f8,1
,,,COc1cccc(NC(=O)c2c(C)[nH]n(-c3ccccn3)c2=O)c1,a446217655c38094,3
,,,CCCCCCc1nc2cc(/C=C/C(=O)NO)ccc2n1CCNCC,e23f29cb87932423,13
,,,O=C(N[C@H]1CC[C@@]2(O)[C@H]3Cc4ccc(O)c5c4[C@@]2(CCN3CC2CC2)[C@H]1O5)c1cc2ccccc2cn1,aa6bf2a04c30b0ec,2
,,,CS(=O)(=O)Nc1cccc(-c2c(O)ccc3cc(-c4cccc(O)c4)ccc23)c1,b7f02e385f74038d,11
,,,N#Cc1ccccc1Cn1c(N2CCC[C@@H](N)C2)nc2nc(-c3cccnc3)cc-2c1O,ff4249385ab89478,7
,,,COCCCOc1cc(C(=O)N(CC2CNCC2NCc2ccc3ccccc3c2)C(C)C)ccc1OC,71bece9907c4f19a,5
,,,CC(=O)c1ccc(N2CCN(S(=O)(=O)c3ccc4c(c3)CC(=O)N4)CC2)cc1,7006f5c166f72cf9,3
,,,CCc1nc(N)nc(N)c1-c1ccc2c(c1)N(CCCC(F)(F)F)C(=O)C(C)(c1cc(F)cc(F)c1)O2,d1dcba281f7cc814,7
,,,CC(C)S(=O)(=O)n1c(N)nc2ccc(C(=CC(N)=O)c3cccc(F)c3F)cc21,03690d5d17aa3cdf,11
,,,Cc1cc(N2CCC(N3CCCC3C)C2)ccc1NC(=O)c1ccccc1F,3f433902e9555750,14
,,,O=C(OC1CC(n2cc(F)c(=O)[nH]c2=O)OC1CO)c1ccccc1,b67b6ccdc41a5fc2,9
,,,CCC(CC)COC(=O)C(C)NP(=O)(OCC1OC(C#N)(c2ccc3c(N)ncnn23)C(C)(O)C1O)Oc1ccccc1,9a5dc3d76665a0ed,2
,,,NC1CCCCC1Nc1cc2nc[nH]c(=O)c2c(Nc2cccc3cc[nH]c23)n1,c4c0bdf6954cdc86,8
,,,Cc1noc(C)c1CN(C1Cc2cc(C#N)ccc2N(Cc2cncn2C)C1)S(=O)(=O)c1ccccn1,4901ac38feb39752,8
,,,Cc1ncnc(C)c1C(=O)N1CCC(C)(N2CCC(N3C(=O)N(CC4CCOCC4)CC3c3ccccc3)CC2)CC1,49d1d69f5600b8d3,3
,,,O=C(CCc1cc(Cl)c(Oc2ccncc2C(=O)N2CCN(C3CC3)c3ccccc32)cc1Cl)NCCOCCOCCOCCOCCOCCOCCOCCOCCNC(=O)CCc1cc(Cl)c(Oc2ccncc2C(=O)N2CCN(C3CC3)c3ccccc32)cc1Cl,e48a4b5818dc7dbb,1
,,,COc1ccccc1C(=O)/C=C/c1ncccc1C(F)(F)F,1e29cde650eccce1,3
,,,CC(C)(C)CCn1nc(C2CC2)c(O)c(C2=NS(=O)(=O)c3cc(NS(C)(=O)=O)ccc3N2)c1=O,4711893b87d6f375,12
,,,O=[N+]([O-])c1cn2c(n1)OCC(OCc1ccc(N3CCOCC3)c(F)c1)C2,bbe66dfc594e3c9f,7
,,,CN1C(=O)CC(N2CCN(CCCN3c4ccccc4COc4ccc(CC(=O)O)cc43)CC2)N(C)C1=O,45497cd7c020c68f,2
,,,CCC(C)C1NC(=O)C2CCCN2C(=O)C(C(C)CC)N(C)C(=O)C2CCCN2C(=O)C(Cc2ccccc2)NC(=O)C(C)NC(=O)c2csc1n2,da9e02aab57fa9c4,2
,,,Cc1cccc(C=CC(=O)NC2(C(=O)NC(Cc3ccccc3)C(=O)NCC3CCN(CC4CCOCC4)CC3)CCCC2)c1,9fdb2fb91d83964b,2
,,,CC[C@H](C)[C@H](NC(=O)[C@H](CO)NC(=O)[C@H](CC(N)=O)NC(=O)[C@H](CC(C)C)NC(=O)[C@H](Cc1ccc(O)cc1)NC(=O)[C@H](CCCCN)NC(=O)[C@H](CCCCN)NC(=O)[C@@H](NC(=O)[C@H](C)NC(=O)[C@]1(C)CCCC/C=C\CCCC[C@](C)(NC(=O)[C@H](CCCN=C(N)N)NC(=O)[C@@H](NC(=O)[C@H](Cc2ccc(O)cc2)NC(=O)[C@H](CC(N)=O)NC(=O)[C@H](CC(=O)O)NC(=O)[C@@H](NC(=O)[C@H](Cc2ccccc2)NC(=O)[C@@H](NC(=O)[C@H](C)NC(=O)[C@H](CC(=O)O)NC(=O)[C@H](CO)NC(=O)[C@@H](N)Cc2c[nH]cn2)C(C)C)[C@@H](C)O)[C@@H](C)O)C(=O)N[C@@H](CCCN=C(N)N)C(=O)N[C@@H](CCCCN)C(=O)N[C@@H](CCC(N)=O)C(=O)N1)C(C)C)C(=O)N[C@@H](CC(C)C)C(=O)N[C@@H](CC(N)=O)C(=O)NCC(=O)N[C@@H](CCCCN)C(=O)O,af5f3568745c0746,1
,,,CO[C@H]1C(=O)[C@]2(C)[C@@H](OC(=O)N(C)C)C[C@H]3OC[C@@]3(OC(C)=O)[C@H]2[C@H](OC(=O)c2ccccc2)[C@]2(O)C[C@H](OC(=O)[C@H](O)[C@H](CC(C)C)NC(=O)OC(C)(C)C)C(C)=C1C2(C)C,853c8c7857bcb6c7,2
,,,Cc1oc(-c2ccccc2)nc1CCOc1cccc(CN(CC(=O)O)Cc2ccccc2)c1,cc369892594c1dc2,5
,,,CCCSc1nc(NC2CC2c2ccc(F)c(F)c2)c2nnn(C3CC(OCCO)C(O)C3O)c2n1,690affb3bf2106cc,3
,,,CN1CCC23c4c5ccc(O)c4OC2C(O)C=CC3C1C5,cfc13e42b63cc726,3
,,,CC[C@H](C)[C@@H]1NC(=O)[C@@H]2CCCN2C(=O)[C@H](C(C)C)NC(=O)[C@@H]2CCCN2C(=O)[C@H](Cc2ccccc2)N(C)C(=O)[C@H](C)NC(=O)c2csc1n2,894021cf9e839097,2
,,,N#Cc1c(N2CCCNCC2)n(Cc2ccccc2)c2c(=O)n(Cc3nccc4ccccc34)cnc12,67d914c686115a03,11
,,,O=C(NC1(C(=O)NC(Cc2ccccc2)C(=O)NCCC(=O)N2CCN(C3CCOCC3)CC2)CCCC1)c1cc2ccccc2s1,b1828851579422cd,2
,,,Cc1n[nH]c(=O)cc1-c1ccc(OC2CCN(C3CCC3)CC2)cc1,da03888025e99175,1
,,,Cc1nc(-n2ccc(-c3ccccc3)cc2=O)sc1C(=O)NCc1ccccc1,36ea06b1876254b7,4
,,,CCc1nc(N)nc(N)c1-c1ccc2c(c1)N(CCNC(C)=O)C(=O)C(C)(c1cccc(C(F)(F)F)c1)O2,e4da35e02bffb2a2,2
,,,Cn1c(N2CCN(CC/C=C3/c4ccccc4COc4ccc(CC(=O)O)cc43)CC2)cc(=O)n(C)c1=O,fb421cb218188f50,5
,,,Oc1ncnc2c(-n3cc(CCN4CCCC4)cn3)nccc12,6ef94817153b2245,19
,,,Cc1c(C=NNC(=O)c2ccc([N+](=O)[O-])cc2)no[n+]1[O-],8bcb0c21da68d770,2
,,,COc1ccc(-c2oc3c(CC=C(C)C)c(OC4OC(CO)C(O)C(O)C4O)ccc3c(=O)c2OC2OC(CO)C(O)C(O)C2OC2OC(C)C(O)C(O)C2O)cc1,aaaaa6caf5a50e61,4
,,,C=CCCCS(=O)(=O)NC(=O)c1ccccc1NC(=O)[C@@H](NC(=O)OC(C)(C)C)c1ccc(Oc2cc(OC)nc(-c3ccccc3)n2)cc1,605217f4d028c264,2
,,,Cc1cc(O)cc(C)c1CC(N)C(=O)NCCCCc1nc(O)c(CCCCNC(=O)C(N)Cc2c(C)cc(O)cc2C)nc1C,f89cf459f7f179cc,2
,,,N=C(NO)c1cccc(CC(CC(=O)N2CCC(C(=O)O)CC2)NS(=O)(=O)c2ccc3ccccc3c2)c1,7d7b32cae4b98c69,3
,,,Cc1ccc(F)cc1C(C)(C)CC(O)(Cc1cc2ncncc2[nH]1)C(F)(F)F,5523ed2a9fac23a1,3
,,,Cn1c(-c2ccccn2)c(C2CCCCC2)c2ccc(C(=O)NC(C)(C)C(=O)Nc3ccc(C=CC(=O)O)cc3)cc21,941bbca20b95401c,2
,,,NC(=O)c1cccc(Cn2cccn2)c1,064c11f4f62071ba,11
,,,NC(Cc1c[nH]c2ccccc12)C(=O)NC1OC(CO)C(O)C(O)C1O,23d09a7b6aa7f37d,3
,,,Cc1cc(NC(=O)c2ccc3ccccc3c2)ccc1-c1ccc(OCC(C)(C)C(=O)O)cn1,6748a3aadebd9af1,24
,,,Cc1cnc(NCCc2ccc3c(c2)CCC3)c(=O)n1CC(=O)NCCON=C(N)N,0d40e681bcdef454,1
,,,O=C(NC1(C(=O)NC(Cc2ccccc2)C(=O)NCC2CCN(C3CCOCC3)CC2)CCCC1)c1cc2ccccc2s1,5b89801259026453,1
,,,Cn1c(N2CCN(CCCN3c4ccccc4Sc4ccc(CC(=O)O)cc43)CC2)cc(=O)n(C)c1=O,b93453d64e4b71ea,3
,,,Cn1c(C(F)(F)F)nc2ccc(C(=O)O)cc21,2bf4676d27bf59b1,2
,,,NC(=O)C1OC(NC(=O)C2CCCN2C(=O)C(Cc2cnc[nH]2)NC(=O)C2CCC(=O)N2)C(O)C(O)C1O,0e84dc3c51f9778f,1
,,,COc1cc2c(cc1OC)CN(Cc1ccc(-c3ccccc3)cc1)CC2,562406f12555db9f,8
,,,CC(NC(=O)C(N)CCC(=O)OCc1ccccc1)C(=O)O,c6c36403660e82e9,7
,,,COc1cc2c(cc1OC)CN(Cc1coc(-c3ccc4cc(O)ccc4c3)n1)CC2,b288698fab1627ab,7
,,,COC(=O)NC(C(=O)NN(Cc1ccc(Br)cc1)CC(O)(Cc1ccccc1)C(=O)NC1c2ccccc2CC1O)C(C)(C)C,5d01ff2ac774655e,2
,,,Cc1cc(O)cc(C)c1CC(N)C(=O)NCCCCNC(=O)C(N)Cc1c(C)cc(O)cc1C,46342543d396e807,7
,,,CC(C)CC1NC(=O)C(Cc2ccc(O)cc2)NC(=O)C2CCCN2C(=O)C(CC(C)C)NC(=O)C(CC(C)C)N(C)C(=O)C(CC(C)C)NC1=O,2f7b24dc45cb035d,3
,,,CCCCC(COC(=O)C(C)(C)C)NP(=O)(OC[C@H]1O[C@@H](n2ccc(N)nc2=O)[C@](C)(O)[C@@H]1O)Oc1ccccc1,ba21705adbcc6045,3
,,,Cn1ncc2cc(Cc3n[nH]c4ccc(C(=O)N5CC(O)C5)cc34)ccc21,fe8947cc78708b56,6
,,,CC=C(C)C(=O)NC(c1ccccc1)C(O)C(=O)OC1CC2(O)C(OC(=O)c3cccc(N=[N+]=[N-])c3)C3C4(OC(C)=O)COC4CC(OC(=O)CC)C3(C)C(=O)C(O)C(=C1C)C2(C)C,90de2a4d1c3de563,2
,,,N#Cc1c(-c2csc(-c3no[n+]([O-])c3C#N)c2)no[n+]1[O-],464903d435970a84,5
,,,CN(C)Cc1ccccc1-c1ccc2c(c1)CCN2C(=O)c1cc(C(N)=O)nn1-c1ccc2onc(N)c2c1,5131617e8e9ba2b4,5
,,,O=C(O)Cc1cc(CC(=O)O)cc(-c2ccc(C#CCO)s2)c1,d3764df8ddb16324,15
,,,C[C@@H]1CN(CCCNC(=O)[C@@H](Cc2ccccc2)NC(=O)C2(NC(=O)c3cc4ccccc4s3)CCCC2)C[C@H](C)N1,c62afae37a316a6d,4
,,,Cc1nc(-n2cnn(Cc3ccc(F)cc3)c2=O)sc1C(=O)NCc1cnn(C)c1,c5e090832b03f319,6
,,,Cc1coc2cc(Cl)c(Oc3ccncc3C(=O)N3CCN(C4CC4)c4ccccc43)cc12,5bb32960164a3c84,3
,,,COC(=O)O[C@H]1C[C@H]2OC[C@@]2(OC(C)=O)[C@H]2[C@H](OC(=O)c3ccccc3)[C@]3(O)C[C@H](OC(=O)[C@H](O)[C@@H](NC(=O)c4ccccc4)c4ccccc4)C(C)=C([C@@H](OC)C(=O)[C@]12C)C3(C)C,e2d58b2db16fc117,2
,,,O=C(O)c1cc(-c2ccc3occc3c2)ncn1,d50f34796bd9a7f6,8
,,,O=C1COCCN1c1ccc(COC2COc3nc([N+](=O)[O-])cn3C2)cc1,8e40e6d35615f5a3,7
,,,CN1C(=O)[C@@H]2CN(c3ncc(F)cn3)C[C@]2(c2cc(-c3cccc(C#N)c3)cs2)N=C1N,4320b559195677c6,17
,,,COc1ccc2cc(-c3nc(CN4CCc5cc(OC)c(OC)cc5C4)cs3)ccc2c1,989bfdf11a737b1c,10
,,,Cc1ccc(Nc2c(-c3ccc(F)cc3)nc3n2CC(=O)NC3)cc1,6e1a944b50080a98,7
,,,COc1ccc(C2(c3cccc(-c4cncnc4)c3)N=C(N)n3nc(C)cc32)cc1,2157621b7436799e,20
,,,CCOC(=O)N1CCC(NS(=O)(=O)c2ccc(NC(=O)c3ccccc3C)c3ccccc23)CC1,b2f4c08d7249548c,10
,,,COC1CC2OCC2(OC(C)=O)C2C(OC(=O)c3ccccc3)C3(O)CC(OC(=O)C(O)C(NC(=O)OC(C)(C)C)c4ccccc4)C(C)=C(C(OC(=O)N(C)C)C(=O)C12C)C3(C)C,545635d72021c6bb,2
,,,CC(C)C(N)C(=O)OC(CN1CC2CCCCC2CC1C(=O)NC(C)(C)C)C(Cc1ccccc1)NC(=O)C(CC(N)=O)NC(=O)c1ccc2ccccc2n1,0fd8d3808203437a,3
,,,Cn1c(-c2cccc3cccnc23)c(C2CCCCC2)c2ccc(C(=O)NC(C)(C)C(=O)Nc3ccc(C=CC(=O)O)cc3)cc21,5a4fd39ab614ade1,3
,,,CCCC1C(=O)N(C(Cc2ccc3ccccc3c2)C(=O)NC)CCN1C(=O)C(Cc1ccc(F)cc1)NC(=O)C(C)(C)N,ce7e7ab339f56730,2
,,,CCC[C@H](CO)Nc1nc(SCc2ccccc2)nc2nc(N)sc12,0daf6c5b0c798444,5
,,,CC(C)C(=O)OC1C(CNS(=O)(=O)NC(=O)c2ccccc2O)OC(n2cnc3c(N)ncnc32)C1F,80978c81e19c4c85,2
,,,COc1ccc(C(=O)NCc2cccc(C(=O)Nc3ccc(CN(C)C)cc3)c2)cc1C,d9f615d1cbecc060,16
,,,COc1cc(C)c(S(=O)(=O)N(C)CCOCC(=O)N2CCN(CCCN(C)C)CC2)c(C)c1,7f32ab6635ec4d34,6
,,,Cc1cc(CNC(=O)c2sc(-n3cnn(Cc4ccc(F)cc4)c3=O)nc2C)[nH]n1,0f8dd39cca7ddb30,4
,,,COc1ccc2c(OC3CC4C(=O)NC5(C(=O)NS(=O)(=O)C6CC6)CC5C=CCCCCN(C)C(=O)C4C3)nc(-c3ccc(F)cc3)nc2c1C,1ed202feae21561a,1
,,,COc1ccc(-n2nc(C(N)=O)c3c2C(=O)N(c2ccc(C4(C5=NCCO5)CC4)cc2)CC3)cc1,88f24c26a63c73ee,16
,,,O=C1NCC2(CCCNC2)c2[nH]c(-c3ccnc(-c4ccc5c(c4)OCO5)n3)cc21,df799d9fdfb658b2,2
,,,NCC(=O)N[C@@H](Cc1c[nH]c2ccccc12)C(=O)N[C@@H](CCCN=C(N)N)C(=O)N[C@H](Cc1ccccc1)C(=O)N[C@@H](Cc1ccccc1)C(=O)O,b90daae9f7c08a4a,1
,,,Cc1csc(-c2nc3c(=O)nc(N)nc-3n(C)n2)c1,f905ca1a0f43fe08,2
,,,CCCCC1CN(C2CCOCC2)C(=O)N1C1CCN(C2(C)CCN(C(=O)c3c(C)cc(C#N)nc3C)CC2)CC1,3b32917311885bf4,2
,,,O=C(c1ccccc1C(F)(F)F)N(CC1CCC1)[C@H]1CCNC1,98a4945a12c2be5b,14
,,,CC(C)CC1NC(=O)C(CC2CCCCC2)NC(=O)CNC(=O)C(C)NC(=O)C(Cc2ccc(O)cc2)NC(=O)C=Cc2ccccc2OC1=O,9a602c26cf376eb9,1
,,,c1coc(-c2nc3[nH]cnc3cc2-c2ccncn2)c1,f12a2a9023babadb,8
,,,CCN1C(=O)CNc2ncc(-c3ccc(-c4nc[nH]n4)nc3C)nc21,ec105b4a4061f603,17
,,,CCC(=S)NCC1CN(c2ccc(N3CCN(C=O)CC3)c(F)c2)C(=O)O1,7ee3bdc381fca5f9,3
,,,CN(C)Cc1ccccc1-c1ccc(N2CCc3c(C(F)(F)F)nn(-c4cccc(C(N)=O)c4)c3C2=O)cc1,5cdb3c1b79a41870,8
,,,O=C1CCCCN1c1ccc(CO[C@@H]2COc3nc([N+](=O)[O-])cn3C2)cc1F,c562de4204257ecc,1
,,,CC(C)C[C@H]1C(=O)N2CCC[C@H]2C(=O)N[C@@H](Cc2ccccc2)C(=O)N[C@@H](Cc2ccccc2)C(=O)N[C@@H](Cc2c[nH]c3ccccc23)C(=O)N[C@@H](C(C)C)C(=O)N1C,bf46f5e9607a92d3,1
,,,Cc1cc(O)cc(C)c1C[C@H](N)C(=O)N1CCC[C@H]1C(=O)N[C@@H](Cc1c[nH]c2ccccc12)C(=O)N[C@@H](Cc1ccccc1)C(N)=O,edecf846e2c00123,6
,,,CC1(N)Cc2ccc(F)c(c2)CCC(c2ccc(F)cc2)NC(=O)c2cc(cc(-c3cccc(F)c3C#N)c2)COC1=O,64124368cac704c3,1
,,,Oc1ncnc2c(-n3cc(CCN4CCC(c5ccc(F)cc5F)CC4)cn3)nccc12,437a11915ac7fc11,2
,,,COc1ccc(-c2c(C=CC(=O)N3CCN(c4ncccn4)CC3)noc2-c2cc(Cl)c(O)cc2O)cc1,e182762742d4554a,8
,,,C=CCCCS(=O)(=O)NC(=O)c1ccccc1NC(=O)C(NC(=O)C(NC(=O)OC(C)(C)C)C(C)(C)C)c1ccc(Oc2cc(OC)nc(-c3ccccc3)n2)cc1,1c58980ab6d6960a,2
,,,COc1ccc2c(OC3CC4C(=O)NC5(C(=O)NS(=O)(=O)C6CC6)CC5C=CCCCCN(C)C(=O)C4C3)nc(-c3ccccc3)nc2c1C,8bd8eb172076b4a1,5
,,,CC(=S)NCC1CN(c2ccc(N3CCCS(=O)(=O)CC3)c(F)c2)C(=O)O1,90e3b44b01da55b1,3
,,,CC(=O)N1CC(Oc2cccc(F)c2)CC1C(=O)N1CCCN(C2CCC2)CC1,f341cfbbf6b12656,3
,,,O=C(C1CCOCC1)N1CCCN(c2nc(C(F)(F)F)c(Cl)s2)CC1,b1e63ef4f482786d,3
,,,COc1c(C(=O)NC2(C(=O)NC(CCCN3CCN(CC4CCOCC4)CC3)Cc3ccccc3)CCCC2)ccc2ccccc12,a7b6d1b41c033894,3
,,,CC[C@@H](C(=O)N[C@H](/C=C/C(=O)OCc1ccccc1)C[C@@H]1CCNC1=O)n1cccc(NC(=O)c2cc(C)on2)c1=O,621d72b401e482bc,5
,,,CNC(=O)c1cc(Oc2ccc3sc(Nc4ccc(Br)cc4)nc3c2)ccn1,c82d82c7060eacee,12
,,,CN1C(=O)c2ccccc2S(=O)c2ccc(C(=O)NCCc3cccs3)cc21,f3e5cd3951efb207,9
,,,Cc1nc(-n2ccc(C3CC3)cc2=O)sc1C(=O)NCc1ccccc1,e46d483684a62dc6,2
,,,c1coc(-c2nc3[nH]ccc3cc2-c2ccncn2)c1,6a835b24c7611381,8
,,,COc1ccc(C=CC(=O)NC2OC(CO)C(O)C(O)C2O)c(O)c1,8fcae4da8b69624d,4
,,,Cc1c(-c2cccc(OCCCCC(=O)O)c2F)c(=O)n(CC(c2ccccc2)N(C)C)c(=O)n1Cc1c(F)cccc1C(F)(F)F,f844440e6d2cbdbf,3
,,,NC(CC(=O)N1CCCC1CNC(=O)C1(C(F)(F)F)CC1)Cc1cc(F)c(F)cc1F,2145c342281ee305,1
,,,C=CC1CC1(NC(=O)C1CC(Oc2cc(-c3csc(NC(C)C)n3)nc3c(Br)c(OC)ccc23)CN1C(=O)C(CC(=O)NC1CCCC1)C(C)(C)C)C(=O)O,275e91073c574c82,5
,,,Cc1cc(COc2ccc(C(=O)N[C@@H]3CC4(C[C@@H]3C(=O)NO)OCCO4)cc2)c2ccccc2n1,ae78019e679d4e9e,8
,,,Cn1nc(C(=O)O)c2c1-c1nc(Nc3ccccc3)ncc1CC2,7cff140564b7dafe,9
,,,CCCC(=O)c1cnn(-c2ccc(NC(=O)c3cn(CC(=O)N4CCN(Cc5ccc(F)cc5)CC4)c4ccc(C)cc34)cc2)c1C,3881deec5c75defd,1
,,,CC(C(=O)O)c1ccc(-c2ccc(C3CCCCC3)cc2)c(F)c1,3d1b5852a885f7ac,7
,,,CCOCC(CCc1ccccc1)NC(=O)C1(NC(=O)CC2C3CC4CC(C3)CC2C4)CCCC1,ee8625af1323848f,5
,,,CCOC(=O)c1cc(C#N)c(N2CC(C(=O)NS(=O)(=O)Cc3ccccc3)C2)nc1C,73ef14e4bb7b4f88,10
,,,CC(C)(C)CCN1C(=O)C(C2=NS(=O)(=O)c3cc(NS(C)(=O)=O)ccc3N2)=C(O)C2CCCCN21,594054fb72fc1367,2
,,,Cc1cc(COc2ccc(NC(=O)[C@H]3CN(C)CC[C@@H]3C(=O)NO)cc2)c2ccccc2n1,f07ec7efa74e479c,4
,,,Brc1ccc(C2(CC3CCCC3)c3ccccc3-c3nccn32)cn1,b88ec2ddb00b233c,10
,,,O=C(O)CC1OC(=O)N(CC(=O)NCc2ccc(Nc3nc4ccccc4[nH]3)cc2)c2ccccc21,282938be775b967e,8
,,,O=C(O)CCCN1CC(C(=O)O)Oc2c(/C=C/c3ccc(OCCCCOc4ccccc4)cc3)cccc21,41a0fbd8a04d263d,11
,,,O=C(O)CCNCc1ccc(NC(=O)c2cc(N(CC3CC3)C3CCCCC3)ncn2)cc1,9bce0a3282bd3bdc,2
,,,CC(c1cccnc1F)c1c(CCN(C)C)sc2ccccc12,3c58a14c01531423,22
,,,Cn1cc(-c2ccc(-c3cnc(N)c4ccc(N5CCOC5=O)cc34)cc2)cn1,04167c8ac2276792,8
,,,O=C(NCCC1CC1)c1ccc(N2CCN(C(=O)c3ccc(F)cc3C(F)(F)F)CC2)nn1,4fd38481b277ef88,8
,,,O=c1n(Cc2nc3ccccc3n2CCCS(=O)(=O)C2CC2)c2cnccc2n1C1CC1,4e0b8ad4cbe45bfb,6
,,,CC(C)n1nc(C(=O)NC2CC3CCC(C2)N3CC(O)CN2CCN(S(C)(=O)=O)CC2)c2ccccc21,fdadc577fbe6f397,3
,,,CCC1CN(C(=O)c2ccccc2)CCN1C(=O)C(=O)c1c[nH]c2cccc(F)c12,bd3086374c4f7657,6
,,,Cc1cc(CC(NC(=O)N2CCC(c3cc4ccccc4[nH]c3=O)CC2)C(=O)N2CCN(C3CCN(C)CC3)CC2)cc2cn[nH]c12,e46d154770cbc61c,1
,,,Cn1ncc(C(=O)N2CCC(Nc3cc(=O)[nH]c4cc(F)c(F)cc34)CC2)c1Cl,6c5fc277ba1d1c3e,2
,,,N#Cc1ccccc1Cn1c(N2CCCC(N)C2)nc2[nH]c(-c3cccnc3)cc2c1=O,1e7fbdd4358af323,7
,,,O=C(NC1(C(=O)NC(CCCN2CCN(CC3CCOCC3)CC2)Cc2ccccc2)CCCC1)c1cc2ccccc2s1,953bd1a9e333bcca,2
,,,CC(C)CC1C(=O)NCC(=O)NC(CCCNC(=N)N)C(=O)NCC(=O)NC(CC(=O)O)C(=O)N(C)C(Cc2ccccc2)C(=O)N1C,42eb3842f83b8de5,1
,,,CC(C)(C)CCn1c(=O)c(C2=CS(=O)(=O)c3cc(NS(C)(=O)=O)ccc3N2)c(O)c2cccn21,ff765ecbf0308ba2,3
,,,COc1ccc2oc(C(=O)NC3(C(=O)N[C@@H](CCCN4CCN(CC5CCOCC5)CC4)Cc4ccccc4)CCCC3)cc2c1,12455760191f65cf,1
,,,COc1ccc2nc(NC(Cc3ccc(C4CC(=O)NS4(=O)=O)cc3)c3nc4ccccc4[nH]3)sc2c1,72fcbaca27aa654e,8
,,,Cc1cccc(C)c1C(=O)N1CC2CN(CCC(NC(=O)C3CCCC3)c3ccccc3)CC2C1,95bd4bf111ce6113,6
,,,COCCC(CC1(C(=O)NC2(CO)Cc3ccccc3C2)CCCC1)C(=O)O,44eea95a38ed5d65,3
,,,C#CCN1C[C@H](C(=O)NO)[C@H](NC(=O)c2ccc(Cn3c(C(C)C)nc4ccccc43)cc2)C1,d61b1750c10207f3,4
,,,O=c1cc(C2CCNC(Cc3cccc(F)c3)C2)o[nH]1,7fb8140e32ebae1a,3
,,,CN1C(=O)CC(N2CCCN(CCCN3c4ccccc4COc4ccc(CC(=O)O)cc43)CC2)N(C)C1=O,b2ea5013e8215cd4,1
,,,Cn1c2c(c3cc(S(=O)(=O)c4c[nH]c5ccccc45)ccc31)C1CCC(C2)N1,3889931b2260e4ee,11
,,,COC1CC2OCC2(OC(C)=O)C2C(OC(=O)c3ccccc3)C3(O)CC(OC(=O)C(O)C(NC(=O)OC(C)(C)C)c4ccccn4)C(C)=C(C(OC(=O)N(C)C)C(=O)C12C)C3(C)C,223ff0c8f3393073,1
,,,COc1cncc(-c2nccc(-c3cc4c([nH]3)C3(CCCNC3)CNC4=O)n2)c1,371359e23a5da9aa,3
,,,CS(=O)(=O)Nc1ccc2c(c1)S(=O)(=O)NC(c1c(O)c(C3=CCCC3)nn(CCC3CC3)c1=O)=N2,94d47dd8a12d6006,11
,,,CC(NC(=O)C(=O)Nc1ccccc1C(C)(C)C)C1=NC2CC(=O)OC2(COc2c(F)c(F)cc(F)c2F)O1,5b3260d77e707062,5
,,,O=C(Nc1ccc(C=Cc2ccc(NC(=O)C3CC(O)CN3C(=O)OCc3ccccc3)cc2)cc1)C1CC(O)CN1C(=O)OCc1ccccc1,1d9e5f764b2fce84,4
,,,CC(C)[C@H](NC(=O)C(O)(CCC(=O)Nc1cc(C(=O)N[C@H](C)c2ccccc2)cc(N(C)S(C)(=O)=O)c1)CCc1ccccc1)C(=O)Nc1ccccc1,cef0f43d2054d6bc,4
,,,COC(=O)N1CCc2nc(C)n([C@H]3C[C@H]4CC[C@@H](C3)N4CC[C@H](NC(C)=O)c3cccc(F)c3)c2C1,ad7c727b08c70add,7
,,,CC(C)(C)C1CN(C(=O)c2ccccc2)CCN1C(=O)C(=O)c1c[nH]c2cccc(F)c12,022b7faf20981de1,6
,,,CC1Cc2c(Br)cccc2N1C(=O)Cc1nc(N2CCOCC2)sc1C(N)=O,78cbaa2a10425360,7
,,,N#Cc1cccnc1N1CCN(C(=O)c2cccc(Oc3n[nH]c(=O)c4ccccc34)c2)CC1,261d247e6e370c7a,6
,,,COc1cccc(-c2cccc(C3(C)COCC(N)=N3)c2)c1,e1cc2dde9f2e655b,18
,,,O=C(Nc1nnc(Cc2ccccc2)s1)c1ccc(OC2CCC(C(=O)O)CC2)cc1,672331f09fa6ca68,4
,,,COc1cc(N2CCN(C)CC2)ccc1-c1nc2c(N[C@H]3[C@@H](C(N)=O)[C@@H]4C=C[C@H]3C4)c(Cl)cnc2[nH]1,faeb5db43aafd601,4
,,,COc1cccc(-c2c(C(=O)N3CCCCC3CO)cc3ccccn23)c1,762319e5d8c71b89,5
,,,CC(C)C(N)C(=O)NCCCCCC(=O)OC(CN1CC2CCCCC2CC1C(=O)NC(C)(C)C)C(Cc1ccccc1)NC(=O)C(CC(N)=O)NC(=O)c1ccc2ccccc2n1,58ef974ec3ad25a2,1
,,,CC(C)n1c(=O)c(C(=O)NC2CC3CCC(C2)N3CC(O)CN(C)C(N)=O)cc2ccccc21,73611ae433609789,4
,,,CC(C)NC(=O)N1CCC(CN(C2Cc3cc(C#N)ccc3N(Cc3cncn3C)C2)S(=O)(=O)c2ccccn2)CC1,5280a5bc65623830,4
,,,OC1CCN(c2cnc3nnn(Cc4ccc5ncccc5c4)c3n2)C1,d6f4f997f64bed6d,7
,,,CC(C)C[C@@H]1NC(=O)[C@H](Cc2ccccc2)NC(=O)CN(C)C(=O)[C@H](CC(C)C)N(C)C(=O)[C@H](Cc2ccc(O)cc2)NC(=O)[C@@H]2CCCN2C1=O,40fc971a39563b5a,2
,,,Cc1ccc(C(=O)NC2CC2)cc1-c1ccc2c(N3CCOCC3)nncc2c1,902689c0e5a8ba7c,9
,,,CCOC(=O)c1cc(C#N)c(N2CCN(C(=O)NS(=O)(=O)c3ccccc3)CC2)nc1C(F)(F)F,5cfb52637e0a648e,3
,,,Cn1c(-c2ccccn2)c(C2CCCCC2)c2ccc(C(=O)NC(C)(C)C(=O)Nc3ccc(-c4ccc(C(=O)O)o4)cc3)cc21,cc394951325dc736,1
,,,COC(=O)c1ccc(-c2cccc(OC3OC(CO)C(O)C(O)C3O)c2)cc1,438d526a3257e69e,4
,,,CCCOc1cccc(NC(=O)OCCN2CCCC2)c1,ee9a8c831788ea34,21
,,,Cn1c(N2CCCN(CC/C=C3/c4ccccc4CCc4ccc(CC(=O)O)cc43)CC2)cc(=O)n(C)c1=O,eab415c959637445,3
,,,CCCCC(C)OC(=O)COc1ccc(C(=O)CN2CCN(C3CCNCC3)CC2=O)cc1,3ed53b3959427725,3
,,,CN1C(=O)c2ccccc2[S+]([O-])c2ccc(C(=O)NCCc3cccs3)cc21,37366c11c2d88507,10
,,,c1ccc(Cn2nnnc2C(c2ccc(-n3cncn3)cc2)N2CCCN(C3CCC3)CC2)cc1,f092d3269de93936,4
,,,Cn1cnc(S(=O)(=O)N(CCN(Cc2cncn2C)c2ccc(C#N)cc2)Cc2ccccn2)c1,e4836ceea0ce9a54,8
,,,COc1cccc(-c2c(C3CCCCC3)c3ccc(C(=O)NC(C)(C)C(=O)Nc4ccc(C=CC(=O)O)cc4)cc3n2C)n1,392979446c730065,2
,,,CN(C)C(=O)c1cccc(N=c2c(O)c(O)/c2=N\C2CCCC2)c1O,05a6ea81c37e40a9,6
,,,C#CCN(CC#C)C(=O)[C@@]1(c2cccs2)C[C@H]1CN,2f01f13e60e3a796,7
,,,O=C(O[C@H]1C[C@H](n2cc(F)c(=O)[nH]c2=O)O[C@@H]1CO)c1cncc(C(=O)O[C@H]2C[C@H](n3cc(F)c(=O)[nH]c3=O)O[C@@H]2CO)c1,bd920cc112b6f873,2
,,,Cn1c(N2CCCN(CCC=C3c4ccccc4COc4ccc(C(=O)O)cc43)CC2)cc(=O)n(C)c1=O,d7707b88388073e8,1
,,,CCc1ccc(-c2nc(=O)n(CCC3CCCO3)c3c2oc2ncc(-c4cnn(C)c4)cc23)cn1,a6bf318afabfdd23,12
,,,Cc1cc(Cc2ccc(C(=O)NC3CCOCC3C(=O)NO)cc2)c2ccccc2n1,2f0b464ecc5600fd,2
,,,CCCS(=O)(=O)Nc1ccc(F)c(C(=O)Nc2cnc3[nH]c(-c4ccccc4)cc3c2)c1F,14a9a857930ffc59,8
,,,CO[C@H]1C(=O)[C@]2(C)[C@@H](OC)C[C@H]3OC[C@@]3(OC(C)=O)[C@H]2[C@H](OC(=O)c2ccccc2)[C@]23OC(=O)O[C@H]2[C@H](OC(=O)[C@H](O)[C@@H](NC(=O)OC(C)(C)C)c2ccccc2)C(C)=C1C3(C)C,3b45921e10803c8c,2
,,,CC(C)(C)CCn1nc(CC(C)(C)C)c(O)c(C2=NS(=O)(=O)c3cc(NS(C)(=O)=O)ccc3N2)c1=O,891b66995a17af0e,15
,,,CN(C)CCN(C)C(=O)c1ccc(-c2cnc(N)c(C(=O)Nc3cccnc3)n2)cc1,83918481dfe400f2,20
,,,CC(=O)NC(Cc1c[nH]c2ccccc12)C(=O)NC(C)C(=O)NCC(=O)NCC(=O)NC(CCCCN)C(=O)NC(C)C(N)=O,4d558fe35a6446be,1
,,,C=CCNC(=O)C(NC(=O)C(O)(CCCN(Cc1ccc(Br)cc1)NC(=O)C(NC(=O)OC)C(C)(C)C)Cc1ccc(CC=C)cc1)C(C)(C)C,8e29a012fb6de3aa,4
,,,O=S(=O)(NC1Cc2ccc(Cn3cc(CO)c(C(F)(F)F)n3)cc2C1)C(F)(F)F,0291befa6c327938,1
,,,Fc1ccc(Oc2nccc3[nH]ccc23)cc1,ce15ab20a04781a2,2
,,,N=C(N)c1ccc2[nH]c(Cc3nc4ccccc4[nH]3)nc2c1,08fdea91a625d4a3,12
,,,CCCCCCC(N)C(=O)NC(Cc1ccc(O)cc1)C(=O)NCC(=O)NCC(=O)NC(Cc1ccccc1)C(=O)NC(CC(C)C)C(N)=O,15de920f121c8dd3,1
,,,CCC1CC1(NC(=O)C1CC(Oc2cc(-c3csc(NC(C)C)n3)nc3c(Cl)c(OC)ccc23)CN1C(=O)C(NC(=O)OC1CC2CC2C1)C(C)(C)C)C(=O)O,8c7acfd439a26009,5
,,,CN1CCC(c2cn(-c3ccc(F)cc3)c3ccc(-c4cncnc4)cc23)CC1,644345dda3a3e614,7
,,,CN1CCC2(CC1)CNC(=O)c1cc(-c3ccnc(-c4cc5ccccc5o4)n3)[nH]c12,c3dcdee78cc68fef,6
,,,CC1CCCN1CCCOc1ccc(C2=NNC(=O)C(C)(C)C2)cc1,e1abb36fbd224410,18
,,,COc1cc(CN2CCN(C)CC2)ccc1-c1nc2c(NC3C4C=CC(C4)C3C(N)=O)c(Cl)cnc2[nH]1,72fcd27f19a0ebb1,2
,,,NC[C@@H](NC(=O)C[C@H]1CNC(=O)c2cc(-c3ccnc(F)c3)cn21)c1ccccc1,69118f8f4d9f206d,3
,,,Cc1ncc(CNC2CCN(CCn3c(=O)ccc4ccc(C#N)cc43)CC2F)cc1C#N,39348a375e649b57,4
,,,Oc1cc(N2CCOCC2)nc(Cc2nc3ccccc3n2-c2ccccc2)n1,538c4081f4d7d56b,4
,,,NC(=O)CN1CCNC(=O)CCC(=O)N[C@@H](Cc2ccccc2)C(=O)N[C@H](Cc2ccccc2)C(=O)N[C@@H](CCCN=C(N)N)C(=O)N[C@@H](Cc2c[nH]c3ccccc23)C1=O,01522c333645d1f0,1
,,,CCCS(=O)(=O)Nc1ccc(F)c(C(=O)Nc2cnc3[nH]c(-c4ccc(C(F)(F)F)cc4)nc3c2)c1F,76f51bd8d37c7eb4,3
,,,C[C@@H]1Cc2ccccc2N1C(=O)Cc1nc(O)cc(N2CCOCC2)n1,36ae2b6ebbeb30ee,3
,,,CS(=O)(=O)NCC1CCCN1C(=O)CC(N)Cc1cc(F)c(F)cc1F,8cbe6b3927d06778,2
,,,CC(C)(Oc1ccc2ccccc2c1)C(=O)NC1OC(CO)C(O)C(O)C1O,59c3b0d77af482bf,2
,,,CSCCC(NC(=O)C(CC(C)C)NC(=O)CNC(=O)C(Cc1ccccc1)NC(=O)C(Cc1c[nH]c2ccccc12)NC(=O)C1CCCN1C(=O)C(N)Cc1ccc(O)cc1)C(N)=O,5d679c950eee7b6d,1
,,,Cc1ncnc(C)c1C(=O)N1CC2CN(CCC(c3ccccc3)C3CN(S(=O)(=O)C4CCCC4)C3)CC2C1,d471d4d05777b9f6,1
,,,CCN(CC)CCN(Cc1ccc(-c2ccc(C(F)(F)F)cc2)cc1)C(=O)Cn1cc(CCO)c(=O)nc1SCc1ccc(F)cc1,3f4a2ad276c26d28,3
,,,COc1cc2c(cc1OC)CN(CCCC1CCCc3c(OC)cccc31)CC2,f5e3bc8459a9dd69,6
,,,Cc1cc(C(C)Nc2ccccc2C(=O)NO)c2nc(N3CCOCC3)cc(=O)n2c1,9d257307e3c51161,4
,,,Cc1cc(C2(c3cccc(-c4cncnc4)c3)N=C(N)c3c(F)cccc32)cn(C)c1=O,339f13e8b698c047,16
,,,CN1CC(=O)NCC(=O)NCC(=O)NCC(=O)N(C(Cc2ccccc2)C(N)=O)CCNC(=O)CCNC(Cc2ccccc2)C1=O,565c1c954862b686,4
,,,N=C(N)SCc1cccc2c1oc1c(CSC(=N)N)cccc12,fd7cbaf04f25d756,7
,,,Cn1c(N2CCCN(CCCN3c4ccccc4Sc4cccc(C(=O)O)c43)CC2)cc(=O)n(C)c1=O,8fe459ab29873089,1
,,,C=C(C)n1c(=O)n(Cc2nc3ccccc3n2CCCC#N)c2ncccc21,5de0f0422bbca1a2,12
,,,Cc1ccc(Nc2c(-c3ccc(F)cc3)nc3n2CCNC3)cc1,6b29b62ab48029eb,10
,,,CN1CCN(c2ccc(C(=O)Nc3[nH]nc4ccc(Cc5cc(F)cc(F)c5)cc34)c(NC3CCC(O)CC3)c2)CC1,3476582c503100bd,2
,,,Nc1nccc(C=Cc2ccccc2)n1,580e4d5db010debe,3
,,,COc1ccc2c(OC3CC4C(=O)NC5(C(=O)NS(=O)(=O)C6CC6)CC5C=CCCCCCC(NC(=O)c5ccc(C)s5)C(=O)N4C3)cc(OC(C)C)nc2c1C,7b2a2cf8cc44aa5e,1
,,,CCc1cnc(-c2ccc(C)cc2NC(=O)OC2CC3C(=O)NC4(C(=O)NS(=O)(=O)C5CC5)CC4C=CCCCCN(C)C(=O)C3C2)s1,40c6ea2c35b0eb6c,1
,,,CS(=O)(=O)N1Cc2ccc(S(=O)(=O)c3ccc4c(c3)OCCO4)cc2C1,e301c270587f233a,18
,,,CCCCc1ccc(-c2nc(C)c(-c3ccnc(N)n3)s2)cc1,a841deeb8648210b,8
,,,COc1cc(C)c(S(=O)(=O)N(C)CCOCC(=O)N2CCC(N3CCN(C(C)C)CC3)CC2)c(C)c1,f938dee2abf0d375,7
,,,O=c1cc(C2CCNC(Cc3ccccc3F)C2)o[nH]1,61f6be2172b5dc3d,6
,,,CSCCC(NC(=O)C(CC(C)C)NC(=O)CNC(=O)C(Cc1ccccc1)NC(=O)C(Cc1ccccc1)NC(=O)C(Cc1c[nH]c2ccccc12)NC(=O)C1CCCN1C(=O)C(N)Cc1ccc(O)cc1)C(N)=O,0f3fec33aee01f41,1
,,,CS(=O)(=O)c1ccc(Sc2ccc(F)cc2CSC(=N)N)c(CSC(=N)N)c1,c45894ec4a4316d2,1
,,,Cc1cn(-c2ccnc(Nc3cc(C)c(OCCO)c(C)c3)n2)cc1CN1CCC(O)C1,c7f235b883f0249a,7
,,,Cc1cc(S(N)(=O)=O)ccc1NC(=O)c1cc(NC2CCCCC2)ncn1,cc27e85572419ee9,5
,,,COC(=O)N[C@H](C(=O)NN(CCC[C@@]1(Cc2ccccc2)C(=O)N([C@H]2c3ccccc3C[C@H]2O)C[C@H]1O)Cc1ccc(Br)cc1)C(C)(C)C,e946ef017e0ace79,2
,,,O=C(O)c1cn(Cc2ccc(-n3cccn3)cc2)c2c(c1=O)C(O)CCC2,86c01a1efd281a83,12
,,,COc1ccccc1N1CCN(c2ncnc3c2cnn3C2CCCC2)CC1,8b707a09bcbb11e7,8
,,,CC1(C)CCc2cc3c(=O)c4ccccc4oc3c(O)c2O1,18b3db50bd75e495,4
,,,Cn1ncc(C(=O)N2CCC(Nc3cc(=O)n(C)c4ccccc34)CC2)c1Cl,f8f47573c45414ed,7
,,,Cn1cncc1CN1CC(N(CC2CCN(C(=O)CC(F)(F)F)CC2)S(=O)(=O)c2ccccn2)Cc2cc(C#N)ccc21,3f6a7e45d4885525,4
,,,CON=C(C(=O)NC1C(=O)N2C(C(=O)O)=C(CSc3nc(=O)c(=O)[nH]n3C)CSC12)c1csc(N)n1,8a483ddc502be212,2
,,,Cc1ccccc1/C=C/C(=O)NC1(C(=O)N[C@H](Cc2ccccc2)C(=O)NCC2CCN(CC3CCOCC3)CC2)CCCC1,2f9c8983d2e840f7,3
,,,CC(Nc1cc(F)cc(F)c1)c1cc(C(=O)N2CCN(C)CC2)cn2c(=O)cc(N3CCOCC3)nc12,0caab0f9176b8442,3
,,,Cc1[nH]n(-c2ccccn2)c(=O)c1C(=O)Nc1ccc([N+](=O)[O-])cc1,31332ee9e017104c,1
,,,CN1CCN(S(=O)(=O)c2ccc(-c3cnc(N)c(C(=O)Nc4ncns4)n3)cc2)CC1,8c8416a8c005298b,5
,,,Cc1cc2oc(=O)cc(-c3cccc(N)c3)c2c(C)c1-c1ccc(CN2CCOCC2)cc1,c9c62e6bb074d769,6
,,,Cn1cncc1CN1CC(N(CC2CCN(C(=O)CC(C)(C)C)CC2)S(=O)(=O)c2ccccn2)Cc2cc(C#N)ccc21,26f8213f5d951f25,4
,,,Cc1cc(F)ccc1-c1c(Oc2ccc(C=CC(=O)O)cc2)c2ccc(O)cc2oc1=O,dc4c70372f4013c5,11
,,,COc1cc(CNC(=O)C(CC2CCCCC2)NC(N)=NC(=O)Cc2ccc(OC)c(OC)c2)ccc1F,ca9f1b8e3b68fccc,3
,,,O=C1NN=C(c2ccc(OC3CCN(C4CCC4)CC3)cc2)[C@H]2C[C@@H]12,5ded5a44f068d09d,2
,,,CCC1(O)C(=O)OCc2c1cc1n(c2=O)-c2cc3ccccc3nc2C1,63ff22668d50f7f5,6
,,,Cc1noc(C)c1CCC1CCN(S(=O)(=O)CC(C)(CC(C)c2ncc(F)cn2)N(O)C=O)CC1,a05a8e7a5936f09f,1
,,,COc1ccc(Sc2ccc(F)cc2CSC(=N)N)c(CSC(=N)N)c1,fdc28d4da4a5b2d0,7
,,,COC(=O)O[C@H]1C[C@H]2OC[C@@]2(OC(C)=O)[C@H]2[C@H](OC(=O)c3ccccc3)[C@]34OC(=O)O[C@H]3[C@H](OC(=O)[C@H](O)[C@@H](NC(=O)OC(C)(C)C)c3ccccc3)C(C)=C([C@@H](OC)C(=O)[C@]12C)C4(C)C,333791a3365fa75e,2
,,,O=C(Nc1cnc(-c2ccncc2)c(-c2ccccn2)n1)C1CC1,d391cde3e66827f4,3
,,,O=c1[nH]cnc2c(-n3cc(CCN4CCC(c5cccc(C(F)(F)F)c5)CC4)cn3)nccc12,ea4d5f27c3863dfb,1
,,,C[C@@H]1NC(=O)[C@H](C)NC(=O)[C@H](C)NC(=O)[C@H](Cc2ccccc2)NCCC(=O)NCCN([C@@H](Cc2ccccc2)C(N)=O)C(=O)CNC1=O,bde9832cf21f74fe,2
,,,CC(C)n1nc(C(=O)NC2CC3CCC(C2)N3CC(O)CN2CCCCC2)c2ccccc21,7cbf7e63d2f8ce6f,4
,,,CC(=O)c1ccc(N2CC(CN)OC2=O)cc1,42f18a324acad715,13
,,,NC(=O)c1cccc(Cn2ccnc2)c1,3aa7c5a146dc38fc,9
,,,CCOc1nc(NC(=O)C2(NC(=O)c3ccc4c(C5CCCC5)c(-c5ncc(Cl)cn5)n(C)c4c3)CCC2)ncc1C=CC(=O)O,0441b824b9a94637,9
,,,N[C@@H](Cc1ccc(-c2ccc(F)cc2)cc1)C(=O)N1CCSC1,d6ace7d3d482f195,17
,,,CCCC(=O)c1cc(C#N)c(N2CCC(C(=O)NS(=O)(=O)C3(c4ccccc4)CC3)CC2)nc1SC,3391b501f2037dcb,3
,,,Cn1cc(-c2ccc(-c3cnc(N)c4ccc(C(=O)N5CC(C)(F)C5)nc34)cc2)cn1,d8a26da3c6ba0de2,8
,,,C=CC1CC1(NC(=O)C1CC(Oc2cc(-c3csc(NC(C)C)n3)nc3cc(OC)ccc23)CN1C(=O)C(NC(=O)OC1CCCC1)C(C)(C)C)P(=O)(O)Cc1c(F)cccc1C(F)(F)F,afe6adb6af388b07,1
,,,CNC(=N)c1cccc(CC(CC(=O)N2CCC(C(=O)O)CC2)NS(=O)(=O)c2ccc3ccccc3c2)c1,f604a5eaee0ed71e,3
,,,CC(C)[C@@H]1NC(=O)c2csc(n2)[C@H](C(C)C)NC(=O)[C@@H]2CCCN2C(=O)[C@H](C(C)C)NC(=O)[C@@H]2CCCN2C(=O)[C@H](Cc2ccccc2)NC1=O,92880d68bc7fa5c4,1
,,,COC(=O)OC1C(=O)C2(C)C(OC)CC3OCC3(OC(C)=O)C2C(OC(=O)c2ccccc2)C2(O)CC(OC(=O)C(O)C(NC(=O)OC(C)(C)C)c3ccccc3)C(C)=C1C2(C)C,63bf9b0b046382b3,5
,,,C=CC1CC1(NC(=O)C1CC(OC)(c2ccc(-c3nccs3)cc2)CN1C(=O)C(NC(=O)OC1CCCC1)C(C)(C)C)C(=O)NS(=O)(=O)C1CC1,68893e67f822de59,2
,,,COC(=O)N1CCc2nc(C)n(C3CC4CCC(C3)N4CCC(NC(C)=O)c3cccc(F)c3)c2C1,3f0ae79273da0f48,2
,,,Oc1cc(N2CCOCC2)nc(Cc2nc3cc(F)ccc3[nH]2)n1,d206a2836c51e218,5
,,,N=C(N)SCc1ccccc1Sc1cc(F)ccc1CSC(=N)N,aff220ab09afb6b1,4
,,,CCOc1nc(NC(=O)C2(NC(=O)c3ccc4c(C5CCCC5)c(-c5cncnc5)n(C)c4c3)CCC2)ccc1C=CC(=O)O,2f2ad4229d833654,5
,,,COc1ccc2c(OC3CC4C(=O)NC5(C(=O)NS(=O)(=O)C6CC6)CC5C=CCCCCN(C)C(=O)C4C3)cc(-c3nccs3)nc2c1,e30e574262e2235c,2
,,,COc1cc2c(cc1OC)CN(Cc1ccccc1-c1ccccc1)CC2,a1d93d4d4ba3d2f4,12
,,,CCc1nn2ccccc2c1Cc1ccc(C(=O)N[C@@H]2CCOC[C@@H]2C(=O)NO)cc1,1f12ecc687cc5f3b,1
,,,O=C(O)C1CCN(c2ncc(-c3ccc4c(c3)OCCCO4)s2)CC1,b6708eef2845c594,7
,,,C[C@@H]1COCCN1c1nc(-c2nncc3[nH]ccc23)cc2c1ncn2C,819da0eced3652ba,4
,,,CC1CCCN1CCCOc1ccc(-c2ccc(O)nn2)cc1,5393925ce5b6c624,12
,,,O=C(Cc1nc(N2CCOCC2)cc(=O)[nH]1)N1CCc2c(Br)cccc21,6537145b5d0e7d8d,6
,,,Cc1cc(N2CCC(N3CCCC3C)C2)ccc1NC(=O)c1cn[nH]c1,d649919012f88798,11
,,,Cc1ccc(C(=O)NC2CC2)cc1-c1ccc2c(c1)NC(=O)C21CCS(=O)(=O)CC1,12c3918e993b59d2,3
,,,CCC(=O)N(c1ccccc1)C1CCN(CCC=C(C)Cl)CC1C,50b7b023332701f1,1
,,,COc1ccc(-n2nc(C(N)=O)c3c2C(=O)N(c2ccc(-c4ccccc4CN(C)C)cc2)CC3)cc1,b366b5132b015389,18
,,,CCc1nc2c(C)cc(C)nc2n1Cc1ccc(-c2c(C(=O)O)n(C)c(=O)c3ccccc23)cc1,c06a6ed75c8b4b3a,15
,,,CCN1CCC(NC(=O)c2ccc3c(C4CCCCC4)c(-c4ccccn4)n(C)c3c2)(C(=O)Nc2ccc(C=CC(=O)O)cc2)C1,d4be84cfcfc9141b,1
,,,CCCS(=O)(=O)Nc1ccc(F)c(C(=O)Nc2cnc3[nH]cnc3c2)c1F,ea7028137aa882ac,21
,,,CNc1nc(NCc2ccc(NS(C)(=O)=O)cc2)cc(-c2ccccn2)n1,b3835abde1cb2987,16
,,,CN1C(=O)CN(CCC(=O)O)C(=O)c2cc(NCc3ccc(C(=N)N)cc3)ccc21,075bd0ae566b3259,6
,,,NC(=O)C1(Cc2ccc(OCc3cc(-c4ccccc4)nc4ccccc34)c(F)c2)CC1C(=O)NO,4b79d3bd60625c1e,1
,,,Cn1cc(-c2ccc(-c3cnc(N)c4ccc(C(=O)N5CCC5)cc34)cc2)cn1,79d4dc7294d3acdd,10
,,,Cn1cnc(S(=O)(=O)N(CCN(Cc2cncn2C)c2ccc(C#N)cc2)Cc2ccccc2)c1,4cfa4408b7c00ae0,3
,,,O=C(NCCN1CCOCC1)c1cc(Oc2ccc3sc(Nc4ccc(Br)cc4)nc3c2)ccn1,4fefbb377b0d4a41,2
,,,CCCOCCn1c(=O)c(NC2CCC(O)CC2)nc2cnc(-c3ccc(OC)nc3)cc21,67022e2c27cf2ca2,1
,,,Cn1c(-c2cccc(N)n2)c(C2CCCC2)c2ccc(C(=O)NC3(C(=O)Nc4ccc(C=CC(=O)O)cc4)CCC3)cc21,b50c4bc343682764,6
,,,FC(F)(Cl)Oc1ccc(Nc2nnc(-c3ccncc3CCc3ccncc3)o2)cc1,19209315409a3571,6
,,,CCCCCCC(N)C(=O)NC(Cc1ccc(O)cc1)C(=O)N1CCCC1C(=O)NC(Cc1c[nH]c2ccccc12)C(=O)NC(Cc1ccccc1)C(=O)NC1OC(C(N)=O)C(O)C(O)C1O,2755b41da1c9e9fd,1
,,,COC(=O)c1c(Cc2ccc(C(=O)NCCO)cc2)c(=O)c2ccc(C)nc2n1-c1ccccc1,95ee08b5f96443a9,4
,,,CCc1ccccc1NC(=O)N1CC(C)Oc2cc(-c3ccc(C4CCC(CC(=O)O)CC4)cc3)ccc21,5330cda3ac8f86c5,3
,,,CNC(=O)CCCN(C)C(=O)c1ccc2c(c1)c1c(n2C)CCC(C2CCOCC2)C1,d1117cb4d6581661,1
,,,CN[C@@H](Cc1ccccc1)C(=O)N[C@@H](C)C(=O)N[C@@H](C)C(=O)N[C@@H](C)C(=O)N[C@@H](C)C(=O)N(C)[C@@H](Cc1ccccc1)C(N)=O,912559ac6d63c896,3
,,,COC(=O)NC(C(=O)NN(CCCC(O)(Cc1ccccc1)C(=O)NC1c2ccccc2CC1O)Cc1ccc(-c2ccncc2)cc1)C(C)(C)C,a4c7afee7f821e67,4
,,,Cc1nc2ccccc2n1Cc1ccc(C(=O)N[C@@H]2CN(C(=O)OC(C)(C)C)C[C@@H]2C(=O)NO)cc1,ee85abe9b69091bd,6
,,,CN(C)CCN(C)C(=O)c1ccc(C(=O)Nc2[nH]nc3ccc(Cc4cc(F)cc(F)c4)cc23)c(NC2CCOCC2)c1,ce484493960e15b6,5
,,,Cc1cc(COc2ccc(NC(=O)[C@H]3CCN(C(=O)C(C)C)C[C@@H]3C(=O)NO)cc2)c2ccccc2n1,50764297fc13f72b,4
,,,N#CCCCn1c(Cn2c(=O)n(C3CCC3)c3ccncc32)nc2ccccc21,858ad88f1b6573e0,2
,,,COCCOc1cc(NC(=O)C2(NC(=O)c3ccc4c(C5CCCC5)c(-c5ncc(Cl)cn5)n(C)c4c3)CCC2)ccc1C=CC(=O)O,104db1833366e2c4,4
,,,COc1ccc(C2(c3cccc(-c4cncnc4)c3)N=C(N)C(C(C)C)=N2)cc1,e876c18c1cc1e054,21
,,,CCC(C)CCN1C(=O)C(O)(c2ccc3c(c2)OCO3)c2ccccc21,29e44a4fed2ec44e,19
,,,C=Cc1cc(C(NC(=O)OC(C)(C)C)C(=O)Nc2ccccc2C(=O)NS(=O)(=O)c2ccc(C(F)(F)F)cc2)ccc1Oc1cc(OC)nc(-c2ccccc2)n1,c00b8df40aef760b,1
,,,COc1cccc(OC)c1C(=O)C=Cc1ccco1,926075ba8606ec52,4
,,,CCOc1cc(NC(=O)C2(NC(=O)c3ccc4c(C5CCCC5)c(-c5ncc(Cl)cn5)n(C)c4c3)CCC2)nnc1C=CC(=O)O,f9d612ccf2c132fd,3
,,,CCOC(=O)c1ccc2nc3c(nc2c1)C(=O)c1ccncc1C3=O,795d45b8f52432df,6
,,,CCN(CC)CCN(Cc1ccc(-c2ccc(C(F)(F)F)cc2)cc1)C(=O)Cn1cc(CO)c(=O)nc1SCc1ccc(F)cc1,0449263764937f1f,4
,,,c1cnc2ccc(Cn3nnc4ncc(-c5cnn(C6CCNC6)c5)nc43)cc2c1,2a275ed2408eb7fb,6
,,,CC(=O)NCC1CN(S(=O)(=O)c2ccc(C)cc2)C(=O)O1,be16127b67e27987,5
,,,CC(=O)NC(CCN1C2CCC1CC(n1c(C)nc3c1CCN(C(=O)C(C)(C)C)C3)C2)c1cccc(F)c1,eae79d2422cde663,3
,,,COc1ccccc1Oc1cccc(CN2CCC(NC(=O)C3(c4ccccc4)CCNCC3)CC2)c1,afcd0c5f609879d7,4
,,,NC1=N[C@@](c2cccc(-c3cncnc3)c2)(c2ccnc(C(F)F)c2)c2cc(F)cc(F)c21,e81c8835b49f1c5b,12
,,,CCN1CC(C)(C)OC(=O)C1CC(=O)Nc1ccc(C(C)C)cc1,2f6101d6a842f9ae,8
,,,Cc1cc(COc2ccc(C(=O)NC3CN(C(C)(C)C)CCC3C(=O)NO)cc2)c2ccccc2n1,5cc11935608bc9bd,1
,,,CO[C@H]1C[C@H]2OC[C@@]2(OC(C)=O)[C@H]2[C@H](OC(=O)c3ccccc3)[C@]34OC(=O)O[C@H]3[C@H](OC(=O)[C@H](O)[C@@H](NC(=O)OC(C)(C)C)c3ccccn3)C(C)=C([C@@H](OC(=O)N(C)C)C(=O)[C@]12C)C4(C)C,8b297e543cede372,2
,,,CCOCCCN1C(=O)C(C)(c2cc(F)cc(F)c2)Oc2ccc(-c3c(N)nc(N)nc3CC)cc21,bdfc4ef3cf5e14e8,8
,,,CCC(C)C1NC(=O)C2CCCN2C(=O)C(Cc2ccccc2)NC(=O)C(C)NC(=O)c2csc(n2)C(C(C)C)NC(=O)C2CCCN2C1=O,1ccc8179497e1a1b,1
,,,CC(NC(=O)c1c[nH]c2ncc(C3CC3)nc12)C(C)(C)C#N,2c2f05b8ca9b775c,3
,,,O=C(NCc1ccccn1)c1ccc2c(c1)Cc1c(-c3ccc(-c4ccc(O)cc4)cc3)n[nH]c1-2,639dfff13dd4c704,15
,,,C[C@@H](O)[C@@H]1NC(=O)[C@@H](CCCCN)NC(=O)[C@@H](Cc2c[nH]c3ccccc23)NC(=O)[C@H](Cc2ccccc2)NC(=O)[C@@H]2CCCN2C(=O)[C@@H](Cc2ccccc2)NC1=O,b3a41d94c1b06082,1
,,,CN1CCN(c2ccc(C3CC(c4ccc([N+](=O)[O-])o4)=NO3)cc2F)C(=O)C1,6b758cf97a76f92e,12
,,,O=c1cc([C@@H]2CCN[C@@H](Cc3ccccc3)C2)o[nH]1,9989c4491009128b,4
,,,CN(CCOc1ccccc1Sc1ccccc1)CC(=O)O,9dc9014ddfe502c2,13
,,,COc1cc2ncnc(Nc3c(F)ccc(O)c3C)c2cc1OC,5789077d7b8bac6a,13
,,,CO[C@H]1C[C@H]2OC[C@@]2(OC(C)=O)[C@H]2[C@H](OC(=O)c3ccccc3)[C@]3(O)C[C@H](OC(=O)[C@H](O)[C@@H](NC(=O)OC(C)(C)C)c4ccccc4)C(C)=C([C@@H](OC(=O)N(C)C)C(=O)[C@]12C)C3(C)C,6772c36852e1efa2,3
,,,Cc1cc(COc2ccc(C(=O)N[C@@H]3CN(CCN(C)C)CC[C@@H]3C(=O)NO)cc2)c2ccccc2n1,4cf1d8eca75cc301,3
,,,Nc1ncnc2c1c(-c1cc(OCC34CCC(CC3)O4)ccc1F)cn2C1CC(CN2CC[S+]([O-])CC2)C1,15a84b89b8917dd2,3
,,,CC(C)OC(=O)C(C)NP(=O)(OCC1OC(C#N)(c2ccc3c(N)ncnn23)C(C)(O)C1O)Oc1ccccc1,b63da655f91447c7,5
,,,O=C(NCc1ccc(F)c(C(F)(F)F)c1)C1c2ccccc2C(=O)N1CCc1ncc(F)cn1,1b8d702aebaed65d,2
,,,Cc1cc(COc2ccc(NC(=O)C3CCN(S(C)(=O)=O)CC3C(=O)NO)cc2)c2ccccc2n1,46ca76c3e5377ed8,6
,,,Nc1cc(C(F)(F)F)c(-c2cc(Nc3cnc4ccccc4c3)nc(N3CCOCC3)n2)cn1,5c12684513ed8ebf,8
,,,CC(C)(C)c1ccc2oc(N3CCCN(C(=O)C4CCOCC4)CC3)nc2c1,b0a5e25d4a281c7e,1
,,,O=C(Nc1ccc(OC(F)(F)Cl)cc1)c1ccnn1CCc1ccncc1,7ca1440bef7171f9,6
,,,C[C@H]1Cn2c(nnc2C(F)(F)F)CN1C(=O)c1cccc(C(F)(F)c2nnc(O)c3ccccc23)c1,219b53cb04ee44d2,2
,,,COc1ccc(NC(=O)Nc2ccc(Cc3ccc(NC(=O)Nc4ccc(OC)cc4)cc3)cc2)cc1,6fc238d781f2d602,18
,,,N#Cc1ccc(NCc2cccc3cccnc23)c(F)c1CC(=O)NCCONC(=N)N,6b9057b6b3f4aa73,2
,,,COc1ccc(C2CC(=O)c3c(O)cc(O)cc3O2)cc1O,096e910a84d85b44,9
,,,O=C(O)c1sc(N2CCOCC2)nc1CC(=O)N1CCc2cc(F)ccc21,a39ca94e6666e2f8,6
,,,C=CC1CC1(NC(=O)C1CC(OC)(c2ccc(-c3ccccc3)cc2)CN1C(=O)C(NC(=O)OC1CCCC1)C(C)(C)C)C(=O)NS(=O)(=O)C1CC1,0149b2317faf7ec2,1
,,,CCOc1ccccc1CC(c1ccccc1)N1CCNCC1,0abeee9d2c5ccc9f,2
,,,O=C(NC1(C(=O)NC(Cc2ccccc2)C(=O)NCCCN2CCOCC2)CCCC1)c1ccc(-c2ccccc2)cc1,55b7b6aa9b4a7b50,2
,,,CCN(Cc1ccccc1C(F)(F)F)C(=O)C1CCN(S(=O)(=O)c2ccc3[nH]ncc3c2)CC1,1e58d7ca522b26c2,2
,,,CSc1nc2ccccc2n1Cc1ccc(C(=O)N[C@@H]2CNC[C@@H]2C(=O)NO)cc1,9fff9c37fbfcb8e8,16
,,,CCCC1(C(=O)c2cc(F)c3[nH]ccc3c2)CCCN1,086a2cd027aa13b2,12
,,,Cc1ccc2c(c1)C=C(C(=O)NC1OC(CO)C(O)C(O)C1O)C(=O)C2,4e685080b7a633f7,5
,,,CC#CCN1CC(NC(=O)c2ccc(Cc3cc(C)nc4ccccc34)cc2)C(C(=O)NO)C1,b7d4fefa1ffd1662,1
,,,NC(=O)Cc1cc(N=Nc2ccc(S(=O)(=O)Nc3ccccn3)cc2)ccc1O,329e04f2f94f5b8d,2
,,,CC(C)(C)Cc1nn(CCC2CC2)c(=O)c(C2=NS(=O)(=O)c3cc(NS(C)(=O)=O)ccc3N2)c1O,c69f879af3c6e951,19
,,,COC1C(=O)C2(C)C(OC)CC3OCC3(OC(C)=O)C2C(OC(=O)c2ccccc2)C23OC(=O)OC2C(OC(=O)C(O)C(NC(=O)OC(C)(C)C)c2ccccn2)C(C)=C1C3(C)C,16cbb1487975540f,1
,,,O=c1[nH]cnc2c(-n3cc(CCN4CCCCC4)cn3)nccc12,5c60c687303b63e6,6
,,,COc1cccc(CN2CCCn3c(c4c(=O)n(-c5ccccc5Cl)[nH]c4cc3=O)C2)c1,40e8902c35af49ab,3
,,,COc1ccc(-n2nc(C(N)=O)c3c2C(=O)N(c2ccc(C4(CN5CCCC5=O)CC4)cc2)CC3)cc1,06fcd179eaf9ffa8,9
,,,CC(=O)NC(Cc1ccccc1)C(=O)NCCc1ccccc1,6c0a89a8f85d2efd,14
,,,CNC(=O)CN(C1CCCN(c2ccc(-n3ccccc3=O)cc2F)C1=O)S(=O)(=O)c1cc2ccc(Cl)nc2s1,719776e7232a42bd,4
,,,O=c1[nH]cnc2c(-n3cc(CCO)cn3)nccc12,294083ae7322ee4f,10
,,,Nc1ncnc2c1c(-c1cccc(OCC34CCC(CC3)O4)c1F)cn2C1CC(CN2CC[S+]([O-])CC2)C1,aa5a7f5b6503d4e6,1
,,,Cc1ccc(N2CCN(C(=O)C3CN(C4CCOCC4)CC3c3ccc(Cl)cc3)CC2)c(C(NC(=O)CCN(C)C)C(C)C)c1,cd449d9825d18abe,2
,,,CCCS(=O)(=O)N1CCC(CNC(=O)c2c(F)cccc2F)(C(=O)N2CCOCC2)CC1,25bcd4825fba1751,1
,,,COCCC#Cc1cccc(C2(c3ccc(OC(F)F)cc3)N=C(N)N3CC(F)(F)CN=C32)c1,a0f6be1a892763c2,6
,,,COc1ccc2c(OC3CC4C(=O)NC5(C(=O)NS(=O)(=O)C6CC6)CC5C=CCCCCCC(NC(=O)c5nc(C)cs5)C(=O)N4C3)cc(OC(C)C)nc2c1C,79a2b55e6db6962a,3
,,,COC(=O)NCC(O)CN1C2CCC1CC(NC(=O)c1cc3ccccc3n(C(C)C)c1=O)C2,2c1a57eb30f823b5,2
,,,O=C(Cc1nc(O)cc(N2CCOCC2)n1)N1CCc2cc(F)ccc21,fcac0dce843d83d1,5
,,,COc1ccc(-n2nc(C(N)=O)c3c2C(=O)N(c2ccc(-c4ccccc4CN)cc2)CC3)cc1,39c1b344f68713cf,15
,,,CC#CCn1c(N2CCCNCC2)c(C#N)c2ncn(Cc3ncc4ccccc4n3)c(=O)c21,00f753cc86d808ec,13
,,,CC(C)C[C@@H]1NC(=O)[C@@H](CC(C)C)NC(=O)[C@@H](CC(C)C)NC(=O)[C@@H](CC(C)C)NC(=O)[C@H](Cc2c[nH]c3ccccc23)NC(=O)[C@@H]2CCCN2C1=O,5833fb4c579e6337,1
,,,CC(C)C[C@H](NC(=O)CNC(=O)[C@H](Cc1ccc(O)cc1)NC(=O)[C@H](CO)NC(=O)[C@H](Cc1c[nH]c2ccccc12)NC(=O)[C@H](Cc1c[nH]cn1)NC(=O)[C@H](CCC(=O)O)NC(=O)CCC(=O)N[C@@H]1O[C@H](CO)[C@H](O)[C@H](O)[C@H]1O)C(=O)N[C@@H](CCCN=C(N)N)C(=O)N1CCC[C@H]1C(=O)NCC(N)=O,bb5f8f5ef5b1ecd0,1
,,,COc1ccc(NC(=O)c2ccc(C[S+](C)[O-])c3ccccc23)c(C(=O)NCC2CCOCC2)n1,dec67e6c7df97508,6
,,,COc1cccc(C(=O)Cn2cnc3c(C#N)c(N4CCCC(N)C4)n(CC=C(C)C)c3c2=O)c1,55c26327e68045e9,2
,,,N#Cc1ccc(CCNC(=O)C2CCCN(c3cc(N4CCC(Oc5ccc(CC(=O)O)cc5)CC4)nc(C(F)(F)F)n3)C2)cc1,005c12762a6b16ef,2
,,,COc1ccc(Cn2cccc(NC(=O)C(Cc3ccc(CC(=O)O)cc3)NC(=O)Cc3cccc4ccccc34)c2=O)cc1,358e1afcae888131,1
,,,CN(Cc1ccc(F)cc1)C(=O)C1(c2ccc(Cl)c(Cl)c2)CC1CN1CCN(CC(=O)N2CCCC2)CC1,1b35d326b3dc6290,1
,,,COC(=O)N1CCc2nc(C)n([C@H]3C[C@H]4CC[C@@H](C3)N4CC[C@H](NC(C)=O)c3ccccc3)c2C1,b7897519e6b53316,4
,,,O=C(O)c1ccc(Cn2nnc(-c3ccnc(C(=O)NCc4cccc(F)c4)c3)n2)cc1,98c7f2dffe84f21f,18
,,,Cc1nc(-c2nc[nH]n2)ccc1-c1cnc2c(n1)N(C(C)C)C(=O)CN2,0c14ded3a5d19f01,17
,,,CC(C)CC1NC(=O)C(CC(C)C)NC(=O)C(Cc2ccc(O)cc2)NC(=O)C2CCCN2C(=O)C(CC(C)C)NC(=O)C(CC(C)C)NC1=O,07c7eb8ec5e1ce96,1
,,,NC1=NC(c2ccncc2)(c2cccc(-c3cncnc3)c2)C2=NCCCN12,43bf9fddea3914c7,15
,,,C=CC(=O)NCCCCC(NC(=O)OCc1ccccc1)C(=O)NCC(=O)OC(C)(C)C,88778372c255c928,2
,,,Nc1noc2ccc(-n3nc(C(F)(F)F)cc3C(=O)Cc3ccc(-c4ccccc4CN4CCCC4)cc3)cc12,aa0e268cae1f7623,4
,,,NC(C(=O)NC1C(=O)N2C(C(=O)O)=C(CSc3c[nH]nn3)CSC12)c1ccc(O)cc1,c11931db01505200,5
,,,CC(C)C(=O)O[C@H]1[C@@H](F)[C@H](n2cnc3c(N)ncnc32)O[C@@H]1CNS(=O)(=O)NC(=O)c1ccccc1O,478599d843cbf111,3
,,,c1ccc(CN(c2ccc3[nH]ccc3c2)C2CCNCC2)cc1,4ab1f83eb1d20f2b,2
,,,CN(C(=O)c1ccc2c(c1)c1c(n2C)CC[C@@H](C2CCOCC2)C1)[C@H](CO)CCC(=O)NCCF,88efbce1239f0b59,2
,,,C=CC1CC1(NC(=O)C1CC(Oc2cc(-c3csc(NC(C)C)n3)nc3cc(OC)ccc23)CN1C(=O)C(NC(=O)OC1CCCC1)C(C)(C)C)P(=O)(O)Cc1ccc(OC)cc1,1a04db9986189553,2
,,,CS(=O)(=O)Nc1ccc2c(c1)S(=O)(=O)NC(C1=C(O)C3CCCCN3N(Cc3ccc(F)cc3)C1=O)=N2,ee02c2c0b099d50e,2
,,,Cn1c(C2=CCN(CCCN3c4ccccc4Sc4ccc(CC(=O)O)cc43)CC2)cc(=O)n(C)c1=O,e994be8f819ff858,1
,,,COC(=O)O[C@H]1C(=O)[C@]2(C)[C@@H](OC)C[C@H]3OC[C@@]3(OC(C)=O)[C@H]2[C@H](OC(=O)c2ccccc2)[C@]2(O)C[C@H](OC(=O)[C@H](O)[C@@H](NC(=O)OC(C)(C)C)c3ccccc3)C(C)=C1C2(C)C,c3528184cf199ea7,5
,,,COc1cc(-c2nc3ccc(-c4cccc(CN(C)C)c4)cc3c(=O)n2CC(=O)NC(C)C)ccc1F,69754abface2dc99,7
,,,O=C(Nc1nc(Cc2cc(F)cc(F)c2)no1)c1ccc(OC2CCC(C(=O)O)CC2)cc1,2bee137b124a9f7b,4
,,,COc1ccccc1N1CCN(c2ncnc3c2cnn3-c2ccccc2F)CC1,9edc2bc8bc950c44,10
,,,CCNC(=O)C=C(c1ccc2nc(N)n(S(=O)(=O)C(C)C)c2c1)c1cccc(F)c1F,1ee04de9cfdd78b7,8
,,,Cn1cc(-c2ccc(-c3cnc(N)c4ccc(C(=O)N5CCNCC5)nc34)cc2)cn1,a3d167fc35bc784a,8
,,,C=C(F)CN(CC)C(=O)[C@@]1(c2cccs2)C[C@H]1CN,979517dfa721fe7d,16
,,,COc1cc(N2C(=O)N(Cc3c(F)cc(F)cc3F)c3ncccc3S2(=O)=O)cnc1OC,b46dc1a8df78f943,7
,,,CC1CC(c2cccnc2)=Cc2ccccc21,5bb7ce63eeaf7b87,14
,,,O=[N+]([O-])c1cn2c(n1)OC[C@@H](OCc1ccc(N3CCOCC3)cc1)C2,cd120953eeb9cf72,3
,,,O=c1ncn(Cc2c(F)cc(F)cc2F)c2ccc(Oc3cccc(-c4nc5ncccc5o4)c3C(F)(F)F)cc12,91bf3702d1b43079,10
,,,CCOc1ccc(C(=O)NC2(C(=O)NC(Cc3ccccc3)C(=O)NCC3CCN(CC4CCOCC4)CC3)CCCC2)cc1,6eac7a800e1a6b00,4
,,,CC(C)=CCn1c(N2CCCC(N)C2)c(C#N)c2ncn(Cc3ccnc4ccccc34)c(=O)c21,682a3bfb82547766,4
,,,Cc1cc(COc2ccc(NC(=O)[C@H]3CCN(C(=O)c4ccco4)C[C@@H]3C(=O)NO)cc2)c2ccccc2n1,d09eee213709dfb1,4
,,,Cn1c2c(c3cc(S(=O)(=O)c4ccc5[nH]ccc5c4)ccc31)C1CCC(C2)N1,761e7e9313ec8f05,13
,,,COc1ccc(-c2nc(OC3CC4C(=O)NC5(C(=O)NS(=O)(=O)C6CC6)CC5C=CCCCCN(C)C(=O)N4C3)c3ccc(OC)c(C)c3n2)cc1,a51e8529965cb518,1
,,,CC1Cn2c(nnc2-c2cc[nH]n2)C(=O)N1Cc1cccc(C(F)(F)F)c1Cl,3af82a0750911511,3
,,,CC(=O)N(C)CC(O)CN1C2CCC1CC(NC(=O)c1cc3ccccc3n(C(C)C)c1=O)C2,2676652dfe20c44f,6
,,,N#Cc1ccccc1Cn1c(N2CCCC(N)C2)nc2[nH]ccc2c1=O,7419684974226092,7
,,,COc1cc(C2(c3cccc(-c4cncnc4)c3)N=C(N)c3c(F)cccc32)ccn1,b13d94e692df567a,16
,,,CCC(C)C1NC(=O)C2CCCN2C(=O)C(C(C)C)NC(=O)C2CCCN2C(=O)C(Cc2ccccc2)N(C)C(=O)C(C)NC(=O)c2csc1n2,a8dadba94bd7b185,4
,,,COc1cc2cncc(Cc3nc4c(=O)n(C)c(=O)n(CC(C)C)c4[nH]3)c2cc1OC,4e461a7183a109e0,10
,,,NC(=O)c1cncc(-c2ccc(C3CCC(CC(=O)O)CC3)cc2)n1,caa77ecfda7d8ebf,2
,,,COc1cc2cncc(Cc3nc4c(=O)n(C)c(=O)n(CC(C)(C)C)c4[nH]3)c2cc1OC,aae504c50a65e382,8
,,,COc1cccc2c(CCCN3CCN(C4CCCCC4)CC3)cccc12,f12f9814fb9b6aad,2
,,,O=[N+]([O-])c1cn2c(n1)OC[C@@H](OCc1ccc(N3CCCCC3)c(F)c1)C2,261c8b31437cdcb9,2
,,,Cc1cc(C)cc(Nc2nccc(-n3cc(C)c(CN4CC[C@@H](O)C4)c3)n2)c1,ad398903dce929df,8
,,,Cc1ccc(-c2c(C3CCCCC3)c3ccc(C(=O)NC(C)(C)C(=O)Nc4ccc(C=CC(=O)O)cc4)cc3n2C)cn1,c2960b7a04269f59,1
,,,CN(Cc1ccccc1)C(=O)C(NC(=O)c1cc2cc(NC(=O)c3ccccc3-c3ccc(C(F)(F)F)cc3)ccc2n1C)c1ccccc1,ee35819f985e44ca,3
,,,O=C(Cc1nc(O)cc(N2CCOCC2)n1)Nc1ccc(F)c(Br)c1,5819894f43a1a90a,7
,,,CC1=NC(c2ccc(F)cc2)(c2cccc(-c3cccnc3)c2)N=C1N,2ccbccb259dc02a3,13
,,,COc1ccc(NC(=O)c2c(NCc3ccncc3)ncn2C)cc1OC,539c7e605cd880f5,7
,,,CCC(=O)N1CCC(CC(=O)NO)(NC(=O)c2ccc(OCc3cc(C)nc4ccccc34)cc2)CC1,eff1c7c022a34705,13
,,,CN(C)C(=O)CNC(=O)Nc1nc2ccc(-c3cncc(S(=O)(=O)NC(C)(C)C)c3)cn2n1,5e4210c8069d8fa0,1
,,,O=C(O)c1ccc2c(C3CCCCC3)c(-c3ccoc3)n(CC(=O)N3CCC(N4CCCC4)CC3)c2c1,5c7c9ff69f7dbe82,5
,,,C=CC1CC1(NC(=O)C1CC(c2nc(-c3ccccc3)cs2)CN1C(=O)C(NC(=O)OC1CCCC1)C(C)(C)C)C(=O)NS(=O)(=O)C1CC1,356e34978318ef7f,2
,,,O=C1Cc2cc(C(=O)NC3CC4CCC(C3)N4S(=O)(=O)N3CCC(NCc4ccccc4)CC3)c(Cl)cc2N1,769dcbeeeba6ad17,3
,,,O=C(C=Cc1cccc(F)c1)NC1(C(=O)NC(Cc2ccccc2)C(=O)NCC2CCN(CC3CCOCC3)CC2)CCCC1,313f4438c7429b62,3
,,,N=C(N)SCc1cc(F)ccc1Sc1ccc(C(F)(F)F)cc1CSC(=N)N,9a929ad884f38811,3
,,,CC(C)CC1NC(=O)C(Cc2ccc(O)cc2)N(C)C(=O)C2CCCN2C(=O)C(CC(C)C)NC(=O)C(CCCCN)N(C)C(=O)C(CC(C)C)N(C)C1=O,ecae0514d7dab935,2
,,,Cc1nc(NC(=O)N2CCCC2C(N)=O)sc1-c1csc(C(C)(C)C)n1,0b766f584ffe76d2,5
,,,CS(=O)Cc1ccc(C(=O)Nc2ccc(OCCOCCO)nc2C(=O)NCC2CCC2)c2ccccc12,7f0529d2ad38a3b5,10
,,,CN1CC(=O)N(C)CC(=O)N([C@@H](Cc2ccccc2)C(N)=O)CCNC(=O)CCN[C@@H](Cc2ccccc2)C(=O)N(C)CC(=O)N(C)CC1=O,ca73ed738b4c31b5,2
,,,C[C@@H]1NC(=O)[C@H](Cc2ccccc2)NCCC(=O)NCCN([C@@H](Cc2ccccc2)C(N)=O)C(=O)CNC(=O)CNC(=O)CNC1=O,99cd6790ed828800,2
,,,Cc1cnc(NCCc2ccc(F)c(F)c2)c(=O)n1CC(=O)NCCONC(=N)N,ee643816b4b4eb53,3
,,,CCCc1nn(C)c2c(O)nc(-c3cc(C(=O)CN4CCOCC4)ccc3OCC)nc12,8327535ae0f88547,6
,,,COC(=O)N[C@H](C(=O)NN(CCC[C@@](O)(Cc1ccccc1)C(=O)N[C@H]1c2ccccc2C[C@H]1O)Cc1ccc(Br)cc1)C(C)(C)C,4c9dd82eb4aa22dc,3
,,,Cc1nc(-n2ccc(OCc3ccccc3)cc2=O)sc1C(=O)NCc1ccccc1,f9874857016d9f40,3
,,,N#Cc1ccc(C2(CC3CCCCC3)c3ccccc3-c3nccn32)cc1,6fe2d36ed1a8dc6a,5
,,,C=CC1CC1(NC(=O)C1CC(Oc2cc(-c3csc(NC(C)C)n3)nc3cc(OC)ccc23)CN1C(=O)C(NC(=O)OC1CCCC1)C(C)(C)C)P(=O)(O)Cc1ccc(C)cc1,fdf015d65a254d1f,1
,,,CC1NC(=O)C(C)NC(=O)C(C)NC(=O)C(Cc2ccccc2)NCCC(=O)NCCN(C(Cc2ccccc2)C(N)=O)C(=O)CNC1=O,680fe092cb4d2d86,2
,,,COC(=O)CCCCN(C(=O)N1CCOCC1)c1ccc(C(O)(C(F)(F)F)C(F)(F)F)cc1,33fb4926806bd8d1,10
,,,O=C1COCCN1c1ccc(C2CC(c3ccc([N+](=O)[O-])o3)=NO2)cc1,bcf6ac62aab8c626,10
,,,CCCCc1cc(-c2c[nH]c3ncc(-c4cnn(C5CCNCC5)c4)cc23)nc(N)n1,445d1180a30b9fcb,4
,,,COc1ccc2c(O[C@@H]3C[C@H]4C(=O)N[C@]5(C(=O)NS(=O)(=O)C6CC6)C[C@H]5/C=C\CCCCN(C)C(=O)N4C3)nc(-c3ccccc3)nc2c1C,68a47e675616f8fa,3
,,,CCc1cc(-c2ccc(C(F)(F)F)o2)n(-c2ccc3c(c2)nc(-c2cc(C(=O)N4CCCC4)ccc2O)n3Cc2ccc(=O)[nH]c2)n1,ae080877c72d4200,6
,,,O=C(NCc1ccccc1)N(c1ccc(Br)cc1)C1CCN(Cc2ccnnc2)CC1,fc784dabd3ecd93b,2
,,,C=CC1CC1(NC(=O)C1CC(OC)(c2ccc(-c3cnn(C)c3)cc2)CN1C(=O)C(NC(=O)OC1CCCC1)C(C)(C)C)C(=O)NS(=O)(=O)C1CC1,1cd811a787c6c96c,2
,,,Oc1ncnc2c(-n3cc(CCN4CCC(c5ccccc5)CC4)cn3)nccc12,af85e76a73d95f22,4
,,,CC#CCn1c(N2CCCC(N)C2)c(C#N)c2c1c(=O)n(CC(=O)c1cccc(OC)c1)c(=O)n2C,012759f69669eb2a,5
,,,Nc1noc2ccc(-n3nc(C(F)(F)F)cc3C(=O)NC3CCN(c4ccccc4CN4CCCC4O)CC3)cc12,f688c76b48e5bd3b,5
,,,COc1cc(C=C2CCCN3C2=NOC3(C)c2ccc(F)cc2)ccc1-n1cnc(C)c1,9e8c10d19b20d79d,18
,,,O=C(NC1(C(=O)N[C@H](Cc2ccccc2)C(=O)NCCCN2CCOCC2)CCCC1)c1ccc2ccccc2c1,dfe5543d9aa50ccb,3
,,,COc1ccc(C(=O)OC2CC(n3cc(F)c(=O)[nH]c3=O)OC2CO)cc1,307e6d2878b9cbd2,5
,,,COc1cc(C(=O)c2ccn(-c3cccc(N)c3)c2)cc(OC)c1OC,fc6be120484314bf,9
,,,Cc1cc(COc2ccc(NC(=O)C3CCN(C(=O)C4CC4)CC3C(=O)NO)cc2)c2ccccc2n1,3e6ca4471698cc8d,2
,,,O=[N+]([O-])c1ncn(CC(O)(Cn2cncn2)c2ccc(-c3ccccc3)cc2)n1,b394baeecb21f902,13
,,,CCCCCN1C(=O)C2(CCc3cc4c(cc32)OCO4)c2ccccc21,a66267ae46b4546e,23
,,,Cc1nc(C(=O)N2c3cccc(O)c3N=C3CC(C)(C)CC(O)=C3C2c2ccc(OCc3ccccc3)cc2F)c(C)o1,10b048fa0064b98a,5
,,,C=CC1CC1(NC(=O)C1CC(n2cnc(-c3ccccc3)c2)CN1C(=O)C(NC(=O)OC1CCCC1)C(C)(C)C)C(=O)NS(=O)(=O)C1CC1,36e0c5d95b50ab15,3
,,,CCCCC1CN(CC2CCOCC2)C(=O)N1C1CCN(C2(C)CCN(C(=O)c3c(C)ncnc3C)CC2)CC1,22da874b89056835,3
,,,O=C(Nc1ccc(C=Cc2ccc(NC(=O)C3CCCN3C(=O)Cc3cccnc3)cc2)cc1)C1CCCN1C(=O)Cc1cccnc1,d1093588c70f3afc,5
,,,C[C@@H]1O[C@H](/C=C/c2ccccc2)OC[C@H]1NC(=O)Cc1ccccc1,2e9a4fd03193a8da,9
,,,C=CCN(Cc1nccs1)C(=O)C1(c2cccs2)CC1CN,fdd0cd357eee88ec,8
,,,Cc1cc(C(F)(F)F)nc(C)c1C(=O)N1CC2CN(CCC3(c4ccccc4)CN(C(=O)C4CCC(F)(F)CC4)C3)CC2C1,27fe61abffca1b63,2
,,,N=C(N)NCCCC1NC(=O)C(Cc2ccccc2)NC(=O)C(Cc2ccccc2)NC(=O)CCC(=O)NCCCN(CC(N)=O)C(=O)C(Cc2c[nH]c3ccccc23)NC1=O,98345daff5d6bffe,1
,,,COc1ccc2c(OC3CC4C(=O)NCCCCCC=CC5CC5(C(=O)NS(=O)(=O)C5CC5)NC(=O)C4C3)nc(-c3ccc(F)cc3)nc2c1C,bd1c8669b4ecb660,5
,,,COc1ccc(C(=O)NCc2cccc(C(=O)Nc3ccc4c(c3)CN(C)CC4)c2)cc1OC,9afd56561645de15,7
,,,CC(C)CC1NC(=O)C(Cc2ccccc2)NC(=O)C(CC(=O)O)NC(=O)CNC(=O)C(CCCNC(=N)N)NC(=O)CNC1=O,2d906d47f179663b,1
,,,CN(CC1CCCN1C(=O)CC(N)Cc1cc(F)c(F)cc1F)S(=O)(=O)C(F)(F)F,c4a21ef9f4f21704,1
,,,CC(Nc1nc(C(=O)N2CCCC2)c2sccc2n1)c1cccnc1,45bb15a2c18c7da5,11
,,,NCC(NC(=O)CC1CNC(=O)c2cc(-c3cccc(F)c3)cn21)c1ccccc1,65aa80d717f41992,5
,,,CCCCc1nc(Cl)c(C=O)n1Cc1ccc(-c2ccccc2-c2nnn[nH]2)cc1,9005e0bef930a7e1,12
,,,CCCCCC[C@H](NC(=O)[C@H](CC(C)C)NC(=O)[C@H](Cc1ccccc1)NC(=O)CNC(=O)CNC(=O)[C@H](Cc1ccc(O)cc1)NC(C)=O)C(N)=O,e5466a03198b9126,1
,,,CC(C)C[C@@H]1NC(=O)[C@H](Cc2ccccc2)NC(=O)CNC(=O)[C@H](C)NC(=O)[C@H](Cc2ccc(O)cc2)NC(=O)[C@H]2CCCN2C1=O,700251accc294c88,3
,,,N#Cc1ccc2cc3c(=O)[nH]c(=O)nc-3n(-c3ccccc3)c2c1,eff0260e5f2cbad7,2
,,,Cc1cc(COc2ccc(NC(=O)[C@H]3CCN(C(=O)C4CC4)C[C@@H]3C(=O)NO)cc2)c2ccccc2n1,82cee8562534b933,1
,,,CCCCN1C(=O)C(CC2CCCCC2)NC(=O)C12CCN(CCc1cccc(Oc3ccc(C(=O)O)cc3)c1)CC2,960a1d561341a657,5
,,,NC(=O)c1nc(-c2ccc(C(F)(F)F)cc2)oc1N,6432c8163ecbcb64,2
,,,CC(C)C(NC(=O)C(OCc1ccccc1)C(O)C(O)C(OCc1ccccc1)C(=O)NC1c2ccccc2CC1O)C(=O)NCCF,caaad5c4a2ea659e,6
,,,CC(O)C1NC(=O)C(CCCCN)N(C)C(=O)C(Cc2c[nH]c3ccccc23)N(C)C(=O)C(Cc2ccccc2)NC(=O)C2CCCN2C(=O)C(Cc2ccccc2)NC1=O,323fb70212cd62f2,2
,,,COc1ccc2c(OC3CC4C(=O)NC5(C(=O)NS(=O)(=O)C6CC6)CC5C=CCCCCCNC(=O)N4C3)cc(-c3nccs3)nc2c1,3ddac21dfaf6b32a,2
,,,O=c1n(Cc2nc3ccccc3n2CCC2(O)CC2)c2cnccc2n1C1CC1,24dee5f955f75dc2,5
,,,COc1cc(N2CCN(C)CC2)ccc1-c1nc2c(NC3C4C=CC(C4)C3C(N)=O)c(Cl)cnc2[nH]1,59a4943c51467ef2,2
,,,COC(=O)C1=C(C)NC(C)=C(C(=O)OCCN(C)Cc2ccccc2)C1c1cccc(N(O)O)c1,52a4397a5e3a6ea5,9
,,,Cc1ncc(C(N)=O)nc1-c1ccc(C2CCC(CC(=O)O)CC2)cc1,03c9e02d30709b3f,6
,,,COC1CN(C(=O)c2ccc3c(N)ncc(-c4ccc(-c5cnn(C)c5)cc4)c3n2)C1,c67b5e7c9f61fd19,10
,,,COC1C(=O)C2(C)C(OC(=O)N(C)C)CC3OCC3(OC(C)=O)C2C(OC(=O)c2ccccc2)C2(O)CC(OC(=O)C(O)C(NC(=O)c3ccccc3)c3ccccc3)C(C)=C1C2(C)C,f8ecdb36493717c4,2
,,,C=CC1CC1(NC(=O)C1CC(OC)(c2ccc(-c3ccncc3)cc2)CN1C(=O)C(NC(=O)OC1CCCC1)C(C)(C)C)C(=O)NS(=O)(=O)C1CC1,2f6bf752dd80628b,2
,,,COc1cc(C)c(S(=O)(=O)N(C)CCOCC(=O)N2CCN(CC3CCN(C)CC3)CC2)c(C)c1,fd63ce46a0f7849f,1
,,,COc1ccc2c(OC3CC4C(=O)NC5(C(=O)NS(=O)(=O)C6CC6)CC5C=CCCCCCNC(=O)N4C3)cc(-c3nc(C(C)C)cs3)nc2c1C,665dc700927efb64,4
,,,O=C(N1CCC(c2cn[nH]c2)C1)N1CCOc2ccccc21,308e7e8fd64e27ab,8
,,,CC(=O)N(C)C1(c2ccccc2)CCN(CC2CC2(C(=O)N(C)Cc2ccccc2)c2ccc(Cl)c(Cl)c2)CC1,e15a21f1d8564aa1,1
,,,CC(=O)N1CCN(c2nc(NCc3cnc4ccccc4c3)c3c(n2)C(=O)N(C(C)C)C3)CC1,f46012d5a14aaffe,6
,,,CNc1cncc(-c2c[nH]c(=O)c(NC(=O)c3ccc(N4CCCC4CN4CCCC4)cc3)c2)n1,3473c02f8ed1aa1d,11
,,,CC(C)Oc1cc(NC(=O)C2(NC(=O)c3ccc4c(C5CCCC5)c(-c5ccccn5)n(C)c4c3)CCC2)ccc1C=CC(=O)O,2518f163daf49108,4
,,,COc1cc2c(Cc3nc4c(=O)n(C)c(=O)n(CC(C)C)c4[nH]3)cnc(C)c2cc1OC,3e92e45d112f53e9,11
,,,CC1(N)Cc2cccc(c2)CCC(c2ccccc2)NC(=O)c2cc(cc(-c3ncco3)c2)COC1=O,06eacac67947aa8c,6
,,,Cc1nc(NC(=O)N2CCCC2(C)C(N)=O)sc1-c1csc(C(C)(C)C)n1,cf4c0449d0346209,4
,,,Oc1cc(N2CCOCC2)nc(Cc2nc3c(-c4ccccc4)cccc3o2)n1,f35bdd3967fb9453,7
,,,CN1CC(=O)NCC(=O)NCC(=O)N(C(Cc2ccccc2)C(N)=O)CCNC(=O)CCNC(Cc2ccccc2)C(=O)N(C)CC1=O,cc67d23f87f33dc9,3
,,,NC(=O)[C@H](Cc1ccccc1)NC(=O)[C@@H]1NCC[C@@H]1c1ccccc1,b8bc8fae6cfff911,3
,,,CCCCn1c(-c2ccccc2C)cn2c3c(=O)[nH]c(=O)n(C)c3nc12,2f6653d8bef3b779,19
,,,CC1(C(=O)Nc2ccc(F)nc2)CCCN1c1nc(Nc2cc(C3CC3)[nH]n2)c2cccn2n1,3f47fc44bb7bf6a5,7
,,,CCSc1ccc(C(=O)NC2(C(=O)N[C@H](Cc3ccccc3)C(=O)NCC3CCN(CC4CCOCC4)CC3)CCCC2)cc1,69b8045668f3c7a1,2
,,,CC(=S)NCC1CN(c2ccc(N3CCCS(=O)CC3)c(F)c2)C(=O)O1,606218be5cc18c0a,5
,,,CCCc1nn(C)c2c(O)nc(-c3cc(C(C)=O)ccc3OCC)nc12,026af98c627a3cc4,16
,,,CCN1CCN(c2ccc(Nc3nc4cc(Oc5ccnc(C(=O)NC)c5)ccc4o3)cc2)CC1,64f979329eb22923,6
,,,COc1cc(Nc2nc3n(n2)CCC(=O)N3Cc2ccccc2C)ccc1-c1cnnc(C)c1,6e36e90c95091b49,19
,,,COc1cc(C)c(S(=O)(=O)N(C)CCOCC(=O)N2CCN([C@@H]3CN4CCC3CC4)CC2)c(C)c1,162f0c6057946d7f,3
,,,CCCCCCC(NC(=O)C(N)CCC(=O)O)C(=O)NC(Cc1c[nH]c2ccccc12)C(N)=O,505afdd2a1f3261d,4
,,,Cc1ccccc1CN(CCN(Cc1cncn1C)c1ccc(-c2ccccc2)cc1)S(=O)(=O)c1cn(C)cn1,525bccb90268b14e,3
,,,CN1CCC(NC(=O)c2ccc3c(C4CCCCC4)c(-c4ccccn4)n(C)c3c2)(C(=O)Nc2ccc(C=CC(=O)O)cc2)CC1,8568c3118254fbf2,2
,,,O=C(NC1(C(=O)NC(Cc2ccccc2)C(=O)NCC2CCN(CC3CCOCC3)CC2)CCCC1)c1cc2ccc(Br)cc2s1,b9926f7bc3b72048,2
,,,Cc1cncc(C=CC(=O)N2CCC(NC(=O)C(c3ccccc3)C3CCCCC3)CC2)c1,69b3eedaf66e5e7c,1
,,,CN(C)Cc1ccccc1-c1ccc(N2CCc3c(C(F)(F)F)nn(-c4ccc5onc(N)c5c4)c3C2=O)cc1,72488e2f0e6a1937,24
,,,CCc1ccc(Nc2nc3cc(Oc4ccnc(C(=O)NC)c4)ccc3o2)cc1,6a7bd9a7adbda322,18
,,,CC1CN(C(=O)OC2(C(F)(F)F)COC2)CCN1c1ncc(OCc2ccncc2C#N)cn1,fbf6d5d7719e13e5,6
,,,Cc1cc(C(=O)Nc2ccc(-c3ccccc3S(N)(=O)=O)cc2)n(-c2cccc(CN)c2)n1,4a30f343f5c6fe77,2
,,,CN[C@@H](Cc1ccccc1)C(=O)N(C)CC(=O)N(C)CC(=O)NCC(=O)NCC(=O)N(C)[C@@H](Cc1ccccc1)C(N)=O,8e694e23b629e11a,2
,,,Cc1cccc(C(=O)N2c3cccc(O)c3N=C3CC(C)(C)CC(O)=C3[C@@H]2c2ccc(OCc3ccccc3)cc2F)n1,6b7aed1babb135db,3
,,,CN(C)C(=O)Oc1ccc(CC(NC(=O)C2N(S(=O)(=O)c3cnn(C)c3)CSC2(C)C)C(=O)OCC(C)(C)C)cc1,59c769e615e47335,1
,,,CC(C)c1nnc2ccc(-c3c[nH]nc3-c3cc(F)ccc3F)cn12,f9ed2ce5dea19347,9
,,,CNC(=O)C(NC(=O)C(OCc1ccccc1)C(O)C(O)C(OCc1ccccc1)C(=O)NC1c2ccccc2CC1O)C(C)C,cfb33e300e7f21df,2
,,,CCC(C)C1NC(=O)C2CCCN2C(=O)C(C(C)O)NC(=O)C2CCCN2C(=O)C(Cc2ccccc2)NC(=O)C(C)NC(=O)c2csc1n2,d18f0a3618f97cde,2
,,,COC(=O)C1=C(C)NC(C)=C(C(=O)OCC(C)C)C1c1ccccc1N(O)O,cee043828bcfde46,9
,,,Cc1ccc(C(F)(F)CNc2ccc(C#N)c(CC(=O)NCCON=C(N)N)c2F)nc1,3ea7e3e5f333734e,5
,,,N#Cc1cccnc1N1CCN(C(=O)c2cccc(C(F)(F)c3nnc(O)c4ccccc34)c2)CC1,76cab8cf926a94bf,1
,,,CC(=O)N(C)CC1CC(c2ccc(CN3CCCC3)c(Cl)c2)C1,eac554fa87524b69,18
,,,COc1ccc(-n2nc(C(N)=O)c3c2C(=O)N(c2ccc(-c4ccccc4CN4CC[C@@H](O)C4)cc2)CC3)cc1,63b6aa8f796f1e38,2
,,,CCCOCOCC1CN(c2ccc(C(C)=O)cc2)C(=O)O1,abcb610401d5da90,6
,,,CCC(C)C1NC(=O)C2CCCN2C(=O)C(Cc2ccccc2)N(C)C(=O)C(C(C)(C)C)NC(=O)c2csc(n2)C(C(C)CC)NC(=O)C2CCCN2C1=O,f7b315c5d8d54fed,2
,,,COC(=O)N(C)c1cc2c(NCc3ccc(OC)c(Cl)c3)ncnc2c(CCO)c1OC,7be0fcd7364e4feb,9
,,,CC1Cn2c(nnc2-c2cnccn2)C(=O)N1Cc1cccc(C(F)(F)F)c1Cl,624351315c34b8b9,5
,,,CN(CC(=O)NC1CC1)C(=O)c1ccc2c(c1)c1c(n2C)CCC(C2CCOCC2)C1,bfdde80c19782808,1
,,,N=C(N)SCc1cccc2cc3cccc(CSC(=N)N)c3nc12,074da82d50cc7224,2
,,,COC(=O)C(N)CCCCNC(=S)Nc1ccc2c(c1)C(=O)OC21c2ccc(O)cc2Oc2cc(O)ccc21,73aefaf1d6c0d301,3
,,,N=C(N)NCCCC1NC(=O)C(Cc2ccccc2)NC(=O)C(Cc2ccccc2)NC(=O)CCCC(=O)NCCN(CC(N)=O)C(=O)C(Cc2c[nH]c3ccccc23)NC1=O,8cfe3ab8bbc5fa31,2
,,,O=C(Nc1nc2cccc(-c3ccc(NS(=O)(=O)C4CC4)cc3)n2n1)C1CC1,6fb1cc687961a07a,8
,,,Cc1nc(-n2cnn(Cc3ccc(F)cc3)c2=O)sc1C(=O)NCc1cccnc1,29810fa94103bce0,5
,,,CC1(C)CN(C(=O)Cc2nc(N3CCOCC3)cc(=O)[nH]2)c2ccccc21,e6557843683beac7,5
,,,CCc1nc(N)nc(N)c1-c1ccc2c(c1)N(CCC(=O)NC)C(=O)C(C)(c1cc(F)cc(F)c1)O2,59fd65b1cf747d24,6
,,,COc1ccc2c(OC3CC4C(=O)NC5(C(=O)NS(=O)(=O)C6CC6)CC5C=CCCCCN(C)C(=O)C4C3)nc(-c3ccc(F)cc3)nc2c1,f2a76e1c3c6e24a9,3
,,,O=C(Nc1nc(Cc2ccccc2)no1)c1ccc(OC2CCC(C(=O)O)CC2)cc1,29bacbae22ca84c2,7
,,,CSc1ccc(C(=O)NC2(C(=O)N[C@H](Cc3ccccc3)C(=O)NCC3CCN(CC4CCOCC4)CC3)CCCC2)cc1,f93792a72e6b0db2,1
,,,Cc1cc(COc2ccc(C(=O)NC3COCCC3C(=O)NO)cc2)c2ccccc2n1,df240fa4f3a910e1,2
,,,O=c1[nH]cnc2c(-n3cc(CCN4CCC(c5cc(F)cc(F)c5)CC4)cn3)nccc12,f5b3a34d9f33b30f,2
,,,CN(CC1CCCN1C(=O)CC(N)Cc1cc(F)c(F)cc1F)C(=O)C(C)(C)C,78f862701507d4d3,6
,,,COc1cccc(-c2cccc([C@]3(c4ccncc4)N=C(N)N4CC(F)(F)CN=C43)c2)c1F,925dc6f664041e90,15
,,,CN(C)C(=O)Oc1cccc(NC(=O)C2(N(C)C)CCN(c3ncnc4[nH]c5c(c34)CCCC5)CC2)c1,277617897567c6e6,2
,,,Cn1c(Cc2nc(O)cc(N3CCOCC3)n2)nc2cc(F)ccc21,bc6cee9b13f689f8,6
,,,NC(=O)C1C(c2ccccc2)CCN1C(=O)C(N)Cc1ccccc1,707fff4f5c547b20,6
,,,Cc1cc(C(F)(F)F)nc(C)c1C(=O)N1CC2CN(CCC3(c4ccccc4)CN(C(=O)C4CC(F)(F)C4)C3)CC2C1,376f7382a7ae1487,5
,,,CC(=O)NC(Cc1ccccc1)C(O)CNC1CC(C)(C)Oc2sc(CC(C)(C)C)cc21,bae1fd630b67f5e1,5
,,,CCC(=O)N(Cc1ccc(C(F)(F)F)cc1)c1cc(F)cc(-c2nn[nH]n2)c1,b23e320ef91b95b9,7
,,,O=C(NCC1CCC1)c1nccnc1NC(=O)c1ccc(Cn2ccnn2)c2ccccc12,8a66cf67869b0668,1
,,,O=C(Nc1cc(C(F)(F)F)cc(C(F)(F)F)c1)c1cnc(F)nc1C(F)(F)F,d14025ad088ed03b,9
,,,COc1ccc2c(OC3CC4C(=O)NC5(C(=O)NS(=O)(=O)C6(C)CC6)CC5C=CCCCCCNC(=O)N4C3)cc(-c3nc(C(C)C)cs3)nc2c1,e595a7367f5b7dae,1
,,,CC1CCCN1CCCOc1ccc(C2=NNC(=O)C3CC23)cc1,260ea6fad7dda369,10
,,,CC1CN(C(=O)c2ccccc2)CCN1C(=O)C(=O)c1c[nH]c2ccncc12,cafabd416e424b38,9
,,,CCOC(=O)c1cc(C#N)c(N2CC(C(=O)NS(=O)(=O)CC3CCCCC3)C2)nc1C,cf96a0f7fb0a842f,5
,,,CCOc1ccc(-c2nnc(SCC(=O)Nc3cc(C)cc(C)c3)[nH]2)cc1,ead91ce633c7c230,6
,,,C[C@@H]1COCCN1c1nc(-c2c(F)ncc3[nH]ccc23)cc2c1ncn2C,bfaed1b8e7669cbc,3
,,,OCCCNc1ccc2c(c1)nc(-c1ccc3c(c1)OCO3)n1ncnc21,0c56488c09140633,19
,,,CCOC(=O)C(Cc1ccc(OC(=O)N(C)C)cc1)NC(=O)C1N(S(=O)(=O)c2cnn(C)c2)CSC1(C)C,4e5423de54d88d86,4
,,,CSc1ccc(C=CC(=O)NC2(C(=O)NC(Cc3ccccc3)C(=O)NCC3CCN(CC4CCOCC4)CC3)CCCC2)cc1,bff8226448ebc2d5,1
,,,Cn1nnnc1-c1cccc(NC(=O)NC2CCCCC2CN2CCCC(Cc3ccc(F)cc3)C2)c1,d29fc3a9b6d6cc4a,4
,,,COc1ccc2cc(-c3ccc(CN4CCc5cc(OC)c(OC)cc5C4)o3)ccc2c1,ec9ca6131ac8a859,4
,,,COc1cc(Nc2nc3n(n2)CCC(=O)N3Cc2ccccc2)ccc1-n1cnc(C)c1,225ee1a547791b91,20
,,,CCCCCC[C@H](NC(C)=O)C(=O)N[C@@H](Cc1ccc(O)cc1)C(=O)NCC(=O)NCC(=O)N[C@@H](Cc1ccccc1)C(=O)N[C@@H](CC(C)C)C(N)=O,303c68961b5b269d,4
,,,C[C@H](c1ccccc1)[C@@H](NC(=O)[C@@H](N)Cc1ccccc1)C(N)=O,8a5ee142c882b373,4
,,,CC(=O)N1CCC(CC(=O)NO)(NC(=O)c2ccc(OCc3cc(C)nc4ccccc34)cc2)CC1,17309175672afbea,6
,,,CC(C)C(=O)N1CCC(CN(C2Cc3cc(C#N)ccc3N(Cc3cncn3C)C2)S(=O)(=O)c2ccccn2)CC1,7ce5ada143b084b7,9
,,,CN1CCC(c2cn(-c3ccc(F)cc3)c3ccc(-c4ncn(C)n4)cc23)CC1,99c11eeb9b8459e1,4
,,,COc1ccc(-n2nc(Cn3ccnn3)c3c2C(=O)N(c2ccc(-c4ccccc4CN4CC[C@@H](O)C4)cc2)CC3)cc1,4d1e2c0e3d1977bd,3
,,,CC(C)(C)c1ccc(C(=O)OC2CC(n3cc(F)c(=O)[nH]c3=O)OC2CO)cc1,4a96a7e25da83dba,8
,,,CC(C)=CCn1c(N2CCCC(N)C2)c(C#N)c2ncn(Cc3nc(C)c4ccccc4n3)c(=O)c21,4228fb014b13f0b7,3
,,,CC(C)(C)CCN1C(=O)C(C2=NS(=O)(=O)c3cc(NS(C)(=O)=O)ccc3N2)=C(O)C2CCCCC21,4d757be4d9a1225d,3
,,,CC(C)CCn1nc(N2CCOCC2)c(O)c(C2=NS(=O)(=O)c3cc(NS(C)(=O)=O)ccc3N2)c1=O,059b77d6f155721a,3
,,,Cc1ccc(-c2cc(C(F)(F)F)nn2-c2ccc(S(=O)(=O)NC(=O)CCc3cccc(N=Nc4ccc(O)c(C(=O)O)c4)c3)cc2)cc1,8b6ce17e29cf88bd,5
,,,CN1CCN(C(=O)CCNC(=O)[C@@H](Cc2ccccc2)NC(=O)C2(NC(=O)c3cc4ccccc4s3)CCCC2)CC1,43a0db78a18c0c3b,4
,,,CC(=O)c1ccc(N(C)S(=O)(=O)c2cccc(C(=O)Nc3ccc(C#N)cc3)c2)cc1,80e87ec7716df851,8
,,,COc1cccc(-c2cccc(C3(C)N=C(N)CS3)c2)c1,38613c47cc0be39e,16
,,,CC(C)c1nc2ccccc2n1Cc1ccc(C(=O)N[C@@H]2CNC[C@@H]2C(=O)NO)cc1,22a1a990b11ffe87,13
,,,O=C1NN=C(c2ccc(OC3CCN(C4CCC4)CC3)cc2)C2CC12,8acfaf885a9b4c02,4
,,,CC(C)(C)NC(=O)C1CN(Cc2cccnc2)CCN1CC(O)CC(Cc1ccccc1)C(=O)NC1c2ccccc2CC1O,2133e093dd7d9ab2,5
,,,CC(=O)N[C@@H](Cc1ccccc1)[C@H](O)CNC1CC(C)(C)Cc2nn(CC(C)(C)C)cc21,4ef8dae253ad7eb4,5
,,,O=[N+]([O-])c1cn2c(n1)OCC(OCc1ccc(OC(F)(F)F)cc1)C2,6d9929d389e1aecc,4
,,,COc1ccc2c(OC3CC4C(=O)NC5(C(=O)NS(=O)(=O)C6CC6)CC5C=CCCCCCNC(=O)N4C3)nc(-c3ccccc3)nc2c1C,f87b6d061ec3cf31,2
,,,O=C(O)C=Cc1ccc(NC(=O)C2(NC(=O)c3ccc4c(c3)nc(-c3ccoc3)n4C3CCCCC3)CCCC2)cc1,0230ce774299fc4a,1
,,,COC1(C)CN(C(=O)c2ccc3c(N)ncc(-c4ccc(-c5cnn(C)c5)cc4)c3n2)C1,182fb8abe15443a7,13
,,,CN(C)C(=O)Oc1ccc(CC(NC(=O)C2N(S(=O)(=O)c3ccn(C)n3)CSC2(C)C)C(=O)OCOC(=O)C(C)(C)C)cc1,dd5f1caa1b636c4c,3
,,,CC1OC(c2ccc([N+](=O)[O-])cc2)OCC1N,66b97465095210d2,6
,,,COc1cc2c(cc1OC)CN(CCC=C1CCCc3c(OC)cccc31)CC2,1370e7ae85886a80,3
,,,C#CCN1CC(NC(=O)c2ccc(Cn3c(C(C)(C)C)nc4ccccc43)cc2)C(C(=O)NO)C1,b5a0e2d24175de64,12
,,,CCN1CCC(CC(=O)NO)(NC(=O)c2ccc(OCc3cc(C)nc4ccccc34)cc2)CC1,59cbfa8aa98d99c1,4
,,,O=C(NC1(C(=O)N[C@H](Cc2ccccc2)C(=O)NCCCN2CCC(O)CC2)CCCC1)c1cc2ccccc2s1,e437cd8f5ae4379c,1
,,,COc1ccc(-n2nc(C(N)=O)c3c2C(=O)N(C2CCN(c4ccccc4S(C)(=O)=O)CC2)CC3)cc1,468384e4f5a37841,2
,,,O=c1n(Cc2nc3ccccc3n2CCCCF)c2cnccc2n1CC(F)(F)F,717ca224661e125f,15
,,,COc1ccc(-c2oc3c(CC=C(C)C)c(OC4OC(CO)C(O)C(O)C4O)cc(O)c3c(=O)c2OC2OC(C)C(O)C(O)C2OC2OCC(O)C(O)C2O)cc1,fc1312c9c792ed0e,2
,,,N#Cc1ccc(CCNC(=O)C2CCN2c2cc(N3CCC(Oc4ccc(CC(=O)O)cc4)CC3)nc(C(F)(F)F)n2)cc1,4c9eea6379b670f5,4
,,,Cc1cc(Cc2ccc(C(=O)NC3CN(C)CC3C(=O)NO)cc2)c2ccccc2n1,b97f4d555777ccbd,10
,,,CCN(CCO)C(=O)c1cc2ccccn2c1-c1cccc(OC)c1,8bbbb56aa9aba8f0,7
,,,Cn1cc(-c2ccc(-c3cnc(N)c4ccc(C(=O)N5CCCC5)nc34)cc2)cn1,eb703433c489f77c,8
,,,CC(Nc1cc(F)cc(F)c1F)c1cc(C(=O)N(C)C)cc2c(=O)cc(N3CCOCC3)oc12,6aa1581a43498676,4
,,,O=C(N[C@@H]1CC[C@@]2(O)[C@H]3Cc4ccc(O)c5c4[C@@]2(CCN3CC2CC2)[C@H]1O5)c1ccncc1,50019cca59a97f64,4
,,,Cn1c(N2CCN(CCCCN3c4ccccc4Sc4ccc(C(=O)O)cc43)CC2)cc(=O)n(C)c1=O,d08a23d1d1f827e9,1
,,,CCN(CC)c1nn(CCC(C)C)c(=O)c(C2=NS(=O)(=O)c3cc(NS(C)(=O)=O)ccc3N2)c1O,540a84e34a0ec8ef,12
,,,N[C@@H](CC(=O)N1CCC[C@H]1CNC(=O)C1(C(F)(F)F)CC1)Cc1cc(F)c(F)cc1F,bd4e296e17236216,9
,,,CS(=O)(=O)NC(=O)C1CN(CCCC(=O)O)c2cccc(NC(=O)c3ccc(OCCCCc4ccccc4)cc3)c2O1,737128b932515d95,2
,,,O=C(N1CCC(c2cn[nH]c2)C1)N1CCCc2ccccc21,c165f1552833a8a5,12
,,,N=C(N)SCc1cccc2c1sc1c(CSC(=N)N)c(Br)ccc12,5c9c87414b104b0f,5
,,,CCCCCCc1nc2cc(C=CC(=O)NO)ccc2n1CCN(C)C,c515b83534934363,12
,,,CCOP(=O)(OCC)C(Cc1ccc(F)c(F)c1)c1sc2ccccc2c1C,9f392df5c2f761f0,15
,,,Cc1cc(S(=O)(=O)N2CCN(C)CC2)c(C)cc1-c1cnc(N)c(C(=O)Nc2cccnc2)n1,b239d138eece879a,11
,,,CC(=O)NC(CCN1C2CCC1CC(n1c(C)nc3c1CCN(c1ccncn1)C3)C2)c1cccc(F)c1,3411dd9adad98ab8,2
,,,CCOc1cc(OC2CC3C(=O)NC4(C(=O)NS(=O)(=O)C5CC5)CC4C=CCCCCCC(NC(=O)OC(C)(C)C)C(=O)N3C2)c2ccc(OC)c(C)c2n1,1c7857327727167d,2
,,,CC(C)C[C@@H]1NC(=O)[C@H](Cc2ccc(O)cc2)NC(=O)[C@H]2CCCN2C(=O)[C@H](CC(C)C)NC(=O)[C@H](CC(C)C)NC(=O)[C@@H](CC(C)C)NC1=O,1361d34e4071a31f,2
,,,CC(F)(F)c1nc2ccccc2n1Cc1ccc(C(=O)NC2CCOCC2C(=O)NO)cc1,ba491ff07ca2008e,6
,,,O=C1COCCN1c1ccc(C2CC(c3ccc([N+](=O)[O-])o3)=NO2)cc1F,9cd874fb63d6f6fb,16
,,,COc1ccccc1C=C1CNCC(=Cc2ccccc2OC)C1=O,43576464d0a86442,8
,,,Cc1cnc(NCCc2ccc3c(c2)CCC3)c(=O)n1CC(=O)NCCONC(=N)N,cb3433ec22a475ca,7
,,,CC(C)(F)C(=O)NC[C@@H]1CCCN1C(=O)C[C@H](N)Cc1cc(F)c(F)cc1F,914e36b563e1d499,7
,,,Cn1c(N2CCN(CCC=C3c4ccccc4COc4ccc(CC(=O)O)cc43)CC2)cc(=O)n(C)c1=O,6e7fe3bed08edc6d,2
,,,Cc1cccc(NC(=O)Cc2nc(O)cc(N3CCOCC3)n2)c1,3e8d9d65c4be1155,5
,,,COC(=O)C1C(O)C2(O)c3c(OC)cc(OC4COCC(CO)O4)cc3OC2(c2ccc(OC)cc2)C1c1ccccc1,24a351ef4fa03176,2
,,,CC(=O)O[C@@H]1[C@H](OC(C)=O)[C@@H](COS(=O)(=O)NC(=O)c2ccccc2O)O[C@H]1n1cnc2c(N)ncnc21,bcd47250d2e47828,3
,,,CCC1CC(n2c(=O)nc(-c3cnn(C)c3)c3oc4ccc(-c5cncn5C)cc4c32)CCO1,de1372d9dc35811c,3
,,,Oc1ncnc2c(-n3cc(CCN4CCC(c5ccncc5)CC4)cn3)nccc12,07618e1aa65fcc19,3
,,,CCCCCCCCC(N)C(=O)N[C@@H](Cc1ccc(O)cc1)C(=O)N1CCC[C@H]1C(=O)N[C@@H](Cc1c[nH]c2ccccc12)C(=O)N[C@@H](Cc1ccccc1)C(=O)N[C@@H](Cc1ccccc1)C(=O)NCC(=O)N[C@@H](CC(C)C)C(=O)N[C@@H](CCSC)C(N)=O,2a993d950758f175,4
,,,CC(C)CC1NC(=O)C(Cc2ccccc2)NC(=O)C(CC(=O)O)NC(=O)CNC(=O)C(CCCNC(=N)N)N(C)C(=O)CNC1=O,341056650630f796,1
,,,c1ccc(C(C(c2ccccc2)N2CCCCC2)N2CCCCC2)cc1,abb09c239cd9d30b,1
,,,C=CCn1c2c(c3cc(C(=O)N4CCC(C)CC4)ccc31)CN(CC1CC1)CC2,238ad0f458552b22,7
,,,COC(=O)N[C@H](C(=O)NN(CC[C@@]1(Cc2ccccc2)C(=O)N([C@H]2c3ccccc3C[C@H]2O)C[C@@H]1O)Cc1ccc(Br)cc1)C(C)(C)C,5f5cca84d55e3852,9
,,,C#CCN1C[C@H](C(=O)NO)[C@H](NC(=O)c2ccc(Cn3c(C(C)(C)C)nc4ccccc43)cc2)C1,fce3433cdbde7fdc,12
,,,CN(Cc1ccccc1)C(=O)C1(c2ccc(Cl)c(Cl)c2)CC1CN1CCC(C(=O)N2CCCCC2)(c2ccccc2)CC1,16a51f86aaae53ee,1
,,,Cc1c(O)cccc1C(=O)NC(CSc1ccccc1)C(O)CN1CC2CCCCC2CC1C(=O)NC(C)(C)C,02d1a0d33dd9d828,1
,,,CN(C)CCOc1cnc2nnn(Cc3ccc4ncccc4c3)c2n1,443047fb36c0114a,15
,,,N=C(N)NCCCNC(=O)C1CCCCN1C(=O)C(CC1CCCCC1)NCC(=O)O,0974ed53b88e3e71,1
,,,O=C(Cc1nc(N2CCOCC2)cc(=O)[nH]1)Nc1ccccc1,fd95102e3a1d486d,4
,,,CCC1CC(n2c(=O)nc(-c3cnn(C)c3)c3oc4ccc(-c5cnn(C)c5)cc4c32)CCO1,e5050fb99d35b05a,1
,,,Cc1ccc(-c2nn(Cc3ccccc3)c(=O)c(C3=CS(=O)(=O)c4ccccc4N3)c2O)s1,5dfb9fc17ef69f82,2
,,,O=C(O)C=Cc1ccc(NC(=O)C2(NC(=O)c3ccc4c(c3)nc(-c3ccccn3)n4C3CCCCC3)CCCC2)cc1,32f1109a6893fbe6,1
,,,COc1cccc(OC2CN(c3c4c(nc5ccnn35)CCNCC4)C2)c1,6c6dce2a9ff2cbe3,12
,,,CN1CCN(c2ccc(C(=O)Nc3n[nH]c4ccc(Cc5cc(F)cc(F)c5)cc34)c(NC3CCC(O)CC3)c2)CC1,26818609336329a9,4
,,,COc1ccc(-n2nc(S(C)(=O)=O)c3c2C(=O)N(c2ccc(C4(CN5CCCC5=O)CC4)cc2)CC3)cc1,fb078336d4f70dcd,13
,,,Nc1ncnc2c1OC(c1ccc(C3CCC(CC(=O)O)CC3)cc1)CO2,e046d39dab50c46a,3
,,,FC(F)(F)c1ccc(Nc2nnc(-c3ccncc3CCc3ccncc3)o2)cc1,460a56dd4bc50d55,4
,,,COc1ccc2c(n1)C1(CO2)C(=O)N(Cc2ccc(C(F)(F)F)o2)c2ccccc21,496c3765ae772e32,7
,,,O=C1CC(c2ccc(CC(Nc3nc4ccccc4s3)c3nc4ccccc4[nH]3)cc2F)S(=O)(=O)N1,853c6214ed4fae3e,6
,,,Oc1c2c(nn1-c1nc3ccccc3s1)CCc1ccccc1-2,e4421c16eeae7003,2
,,,CS(=O)(=O)N1CCN(c2cnc(N3CCN(C(=O)NC4C5CC6CC4CC(O)(C6)C5)c4ccccc43)nc2)CC1,fed6dbaf8b5ce99d,5
,,,Cn1c(N2CCOC(c3ccc(F)cc3)C2)nc(-c2ccncn2)cc1=O,85f0dade89364533,3
,,,NC(=O)c1cccc(Oc2ccc3c(c2)c(=O)ncn3Cc2c(F)cc(F)cc2F)c1C(F)(F)F,7abf3aaeac00e553,9
,,,Cc1nc(-n2cnn(Cc3cc(F)cc(F)c3)c2=O)sc1C(=O)NCc1cccnc1,bce108e262a962c6,8
,,,OC(CN1c2cccc(-c3cccc(OC(F)(F)F)c3)c2CCC1c1cccc(OC(F)(F)F)c1)C(F)(F)F,5a6e79ab26146e81,15
,,,N#Cc1ccccc1Cn1c(N2CCC[C@@H](N)C2)nc2c(-c3ccncc3)cnc-2c1O,fd80461e4a9f9a6a,4
,,,C=CCOC(=O)c1cccnc1NC12CC3CC(CC(C3)C1)C2,c3b5f68db4e92b3f,4
,,,Cc1cc(COc2ccc(C(=O)N[C@@H]3CCNC[C@@H]3C(=O)NO)cc2)c2ccccc2n1,3013b4bdae2cf847,3
,,,CCCCN1C(=O)C(CC2CCCCC2)NC(=O)C12CCN(Cc1ccc(Oc3ccc(C(=O)O)cc3)cc1)CC2,7516dc1c07cac246,2
,,,COC(=O)NC(CCN1C2CCC1CC(n1c(C)nc3c1CN(C(C)=O)CC3)C2)c1cccc(F)c1,8c852d331a507abc,2
,,,Cn1cncc1CN1CC(N(CC2CCN(C(=O)C3CCCC3)CC2)S(=O)(=O)c2ccccn2)Cc2cc(C#N)ccc21,8d1f9dd5f0bf24cf,1
,,,CC(C)CCn1c(=O)c(C2=NS(=O)(=O)c3cc(N(C)S(C)(=O)=O)ccc3N2)c(O)c2cccn21,7269ea2ab4e8a893,6
,,,CCc1nn2ccccc2c1Cc1ccc(C(=O)NC2CCOCC2C(=O)NO)cc1,ac28cea7f34e1118,2
,,,CNC(=O)[C@H](Cc1c[nH]cn1)NC(=O)CN(CCCc1ccccc1)CC(=O)OC,94b03a126dc0c9d1,8
,,,CCN1CC(C)(C)OC(=O)C1CC(=O)NCc1cccc(-c2ccccc2)c1,a6003c668612f9dc,6
,,,O=[N+]([O-])c1ccc(C[Se][Se]Cc2ccc([N+](=O)[O-])cc2)cc1,48ca47e64e60cfef,16
,,,Nc1ncnc2c1C(=O)N(c1ccc(C3CCC(CC(=O)O)CC3)cc1)CCO2,291031c191d24f64,6
,,,CC1(C)SC2(C)C(NC(=O)C(N)c3ccccc3)C(=O)N2C1C(=O)O,8790e0ae0a63469c,16
,,,O=c1nc(O)ccn1C1OC(CO)C(O)C1O,48be13818b4e2609,10
,,,O=C(NC1(C(=O)N[C@H](Cc2ccccc2)C(=O)NCC2CCN(CC3CCOCC3)CC2)CCCC1)c1cc2ccccc2s1,3e93c6169b9542c2,1
,,,COC(=O)N[C@@H](CCN1[C@@H]2CC[C@H]1C[C@@H](n1c(C)nc3c1CN(C(=O)OC)CC3)C2)c1cccc(F)c1,29db21c1b040c06e,5
,,,Cc1nc(-n2cnn(CCCC(F)(F)F)c2=O)sc1C(=O)NCc1cccnc1,f24acd025173511e,5
,,,CN(c1ccc2c(c1)S(=O)(=O)NC(C1=C(O)C3CCCN3N(CCC(C)(C)C)C1=O)=N2)S(C)(=O)=O,8a671972c8fe7e71,4
,,,CN(C)Cc1ccccc1-c1ccc(-c2ccc3c(C(N)=O)nn(-c4ccc5onc(N)c5c4)c3c2F)c(F)c1,74b5901b3bb28f54,8
,,,O=C(O)CC(C1CCN(C(=O)CCCc2ccc3c(n2)NCCC3)CC1)C1CNc2ccccc2C1,ab86efc20c7f6cae,1
,,,COc1ccc2c(OC3CC4C(=O)NC5(C(=O)NS(=O)(=O)C6CC6)CC5C=CCCCCNC(=O)N4C3)cc(-c3nc(C(C)C)cs3)nc2c1,406203a4a7967776,6
,,,O=[N+]([O-])c1cn2c(n1)OCC(OCc1ccc(N3CCOCC3)nc1)C2,16cf83c1eb18eb0d,4
,,,CC(=O)NC(Cc1ccc(O)cc1)C(=O)NC(C)C(=O)NCC(=O)NC(Cc1ccccc1)C(=O)NC(CC(C)C)C(N)=O,c23558eec10cb2e7,2
,,,C=CCn1c(=O)c2cccnc2n(CC=C)c1=O,f67abd6c775d4f63,21
,,,CNC(=O)C=C(c1cccc(F)c1)c1ccc2nc(N)n(S(=O)(=O)NC(=O)N3CCCC3)c2c1,383fd62231dc5247,2
,,,COCCn1cc(C(C(=O)NS(=O)(=O)c2ccc(C)cc2OC)c2ccc3c(c2)OCO3)c2ccc(COC)cc21,552e6a4f5ad4226d,7
,,,CCOC(=O)CNC(=O)C=Cc1oc2ccc(Cl)c(Oc3ccncc3C(=O)N3CCN(C4CC4)c4ccccc43)c2c1C,951d5c3c50a75aa8,2
,,,CC(C)CCn1c(=O)c2cccnc2n(CCC(C)C)c1=O,5c8100710a433fab,17
,,,COc1ccc2c(c1)C(CCCN1CCc3cc(OC)c(OC)cc3C1)CCC2,9221c375f93405e9,11
,,,COc1cccc2c1CCN2C(=O)Cc1nc(N2CCOCC2)cc(=O)[nH]1,0f2bd704b58e9611,4
,,,O=C(O)CCCN1CC(c2nn[nH]n2)Oc2c(/C=C/c3ccc(OCCCCc4ccccc4)cc3)cccc21,7018da934c1f5fce,3
,,,N#Cc1ccccc1Cn1c(N2CCC[C@@H](N)C2)nc2ccnc-2c1O,13af5cdfac7631af,4
,,,O=C(Cc1nc(O)cc(N2CCOCC2)n1)Nc1cccc(Br)c1,5d0766fbb2096595,6
,,,O=C(CCC1=CCCN(CCc2ccc3ccccc3c2)C1=O)NO,1e0358ca8e45ad46,8
,,,O=C(COc1ccc(C(=O)CN2CCN(C3CCN(C(=O)OCC=C4OC(=O)c5ccccc54)CC3)CC2=O)cc1)OC1CCCCC1,8c6ee7149a3f1fbf,6
,,,CC1CCCN1CCCOc1ccc(-c2ccc(=O)[nH]n2)cc1,c7eacb843e4f906a,17
,,,Cn1cc(-c2ccc(Cc3n[nH]c4ccc(C(=O)N5CCC(F)(F)C5)cc34)cc2)cn1,11d74e78463bb826,8
,,,CO[C@H]1C(=O)[C@]2(C)[C@@H](OC)C[C@H]3OC[C@@]3(OC(C)=O)[C@H]2[C@H](OC(=O)c2ccccc2)[C@]23OC(=O)O[C@H]2[C@H](OC(=O)[C@H](O)[C@@H](NC(=O)c2ccccc2)c2ccccc2)C(C)=C1C3(C)C,9ef6ab3d0d60b76a,1
,,,CCc1ccccc1Nc1nc2cc(Oc3ccnc(C(=O)NC)c3)ccc2o1,3e82d8442a9fdec8,12
,,,NC1=NC(c2cccc(-c3cncnc3)c2)(c2ccnc(C(F)(F)F)c2)c2ccccc21,231baf88b19f32ac,18
,,,CC(C)CCC1(C)CN(C2CCC2)C(=O)C(C2=NS(=O)(=O)c3cc(NS(C)(=O)=O)ccc3N2)=C1O,d4418d1418310d94,4
,,,Cn1cc(-c2cccc(-c3cnc(N)c(C(=O)NC4C5CC6CC4CC(O)(C6)C5)n3)c2)cn1,1f8fe5c324113e38,7
,,,CS(=O)(=O)Nc1ccc2c(c1)S(=O)(=O)N=C(C1=C(O)C3CCCCC3N(Cc3ccc(F)cc3)C1=O)N2,506a0fac3837dc50,1
,,,CCC(C)C1NC(=O)c2csc(n2)C(C(C)CC)NC(=O)C2CCCN2C(=O)C(C(C)CC)NC(=O)C2CCCN2C(=O)C(Cc2ccccc2)N(C)C1=O,7fbd6376b7f3ebf8,1
,,,COC(=O)N[C@H](C(=O)NN(CC[C@@](O)(Cc1ccccc1)C(=O)N[C@H]1c2ccccc2C[C@H]1O)Cc1ccc(-c2cccnc2)cc1)C(C)(C)C,98e75ef50d9edc8c,1
,,,COc1ccc(-n2nc(C(N)=O)c3c2C(=O)N(c2ccc(C4(N(C)CCO)CC4)cc2)CC3)cc1,7b72f4570141f203,2
,,,CN(C)Cc1cnccc1-c1ccc(-c2ccc3c(C(N)=O)nn(-c4ccc5onc(N)c5c4)c3c2F)c(F)c1,7674bb07cbd9b2e6,7
,,,CNC(Cc1ccccc1)C(=O)NCC(=O)NCC(=O)NCC(=O)NCC(=O)N(C)C(Cc1ccccc1)C(N)=O,cf7a71b836dc9e83,1
,,,CCOC(=O)N1CCN(CCCN2C3CCC2CC(NC(=O)c2cc4ccccc4n(C(C)C)c2=O)C3)CC1,c6bdd041092333f4,2
,,,CC1Cn2c(nnc2C(F)(F)F)CN1C(=O)c1cccc(C(F)(F)c2n[nH]c(=O)c3ccccc23)c1,937a894987d710f5,6
,,,O=C(C(=O)N1CCN(C(=O)c2ccccc2)CC1)c1c[nH]c2c(-c3nn[nH]n3)ccc(F)c12,cedaf524ec74abd4,4
,,,CCCCC(=O)NCCCCC1NC(=O)C2CCCN2C(=O)C(CCCN=C(N)N)NC(=O)C(CCCCN)NC(=O)C(CCCCN)NC1=O,d354654711ea3736,1
,,,CC(C(=O)O)c1ccc2c(c1)N(CCCN1CCCN(c3cc(=O)n(C)c(=O)n3C)CC1)c1ccccc1CO2,7c944d82b8faf0b2,1
,,,CC(C)(C)c1nc2ccccc2n1Cc1ccc(C(=O)N[C@@H]2C[C@@]3(CCCO3)C[C@@H]2C(=O)NO)cc1,909c39ffd466742b,10
,,,CCCS(=O)(=O)Nc1ccc(F)c(C(=O)Nc2cnc3ccnn3c2)c1F,c8fdf5aadd29633c,18
,,,O=C(Nc1nc(-c2cccc(C(F)(F)F)c2F)cs1)c1ccc(N2CCC(C(=O)O)C2)nc1,54c2be59c97e7965,13
,,,CCOC(=O)C(Cc1ccc(OC(=O)N(C)C)cc1)NC(=O)C1N(S(=O)(=O)c2ccn(C)n2)CSC1(C)C,6fae2ed29404ad10,1
,,,CC(=O)N[C@@H](CCN1[C@@H]2CC[C@H]1C[C@@H](n1c(C)nc3c1CCN(C(=O)C(C)(C)C)C3)C2)c1cccc(F)c1,691fab19736f846c,9
,,,Cc1nc(-n2cnn(Cc3ccc(F)cc3)c2=O)sc1C(=O)NCc1ncco1,fa8e34979f1fdb95,2
,,,CN(c1cc2cc(n1)CCCCCc1cccc(c1)CC(C)(N)C(=O)OC2)S(C)(=O)=O,e25308f8648a646f,2
,,,CC(NC(=O)C(C)NC(=O)C(Cc1ccccc1)NCCC(=O)O)C(=O)NC(C)C(=O)NC(C)C(=O)N(CCN)C(Cc1ccccc1)C(N)=O,919bce83a8891e4c,5
,,,Cc1[nH]n(-c2ccccn2)c(=O)c1C(=O)Nc1ccc2c(c1)OCO2,13c05fd5b7accd2b,2
,,,CC(C)n1c(=O)c(C(=O)NC2CC3CCC(C2)N3CCCN2CCN(S(C)(=O)=O)CC2)cc2ccccc21,6e5b927acfdd8847,1
,,,O=C(NC1(C(=O)NC(Cc2ccccc2)C(=O)NC2CCN(CC3CCOCC3)CC2)CCCC1)c1cc2ccccc2s1,4e9188d0bbe3248c,1
,,,NC(=O)C(Cc1ccccc1)N1CCNC(=O)CCCNC(Cc2ccccc2)C(=O)NCC(=O)NCC(=O)NCC(=O)NCC1=O,2320700871b1af87,2
,,,CCCCCn1c(=O)nc(-c2ccc(NC)nc2)c2oc3ccc(-c4cnn(C)c4)cc3c21,3e1807d3f1622856,22
,,,CC(NC(=O)C1CSSCC(NC(=O)c2nc3ccccc3cc2O)C(=O)NCC(=O)N1C)c1ccccc1,4f76e8f9bd035294,2
,,,COc1ccc2c(OC3CC4C(=O)NCCCCC=CC5CC5(C(=O)NS(=O)(=O)C5CC5)NC(=O)C4C3)nc(-c3ccc(F)cc3)nc2c1C,e1c483b272a10d6a,4
,,,CCCCc1ccc(C(=O)NC2(C(=O)NC(Cc3ccccc3)C(=O)NCC3CCN(CC4CCOCC4)CC3)CCCC2)cc1,6de0415f610143cd,5
,,,Nc1ncnc2c1C(=O)N(c1ccc(-c3ccc(CC(=O)N4CCC(O)C4)cc3Cl)cc1)CCO2,a9ec60d0539276bc,16
,,,CC(=O)NCC1CN(c2ccc(C(C)O)cc2)C(=O)N1,9641bbe08a74a420,6
,,,CC(C)C[C@@H]1NC(=O)[C@H](Cc2ccc(O)cc2)NC(=O)[C@@H]2CCCN2C(=O)[C@H]2CCCN2C(=O)[C@@H](CC(C)C)NC(=O)[C@H](CC(C)C)NC1=O,aa73c57b3c1f32d4,1
,,,CC(C)S(=O)(=O)n1c(N)nc2ccc(C(=CC(N)=O)c3ccc(F)c(F)c3F)cc21,0e0dd3f673630b9a,11
,,,O=C(NC1(C(=O)N[C@H](Cc2ccccc2)C(=O)NCCCN2CCOCC2)CCCC1)c1ccc(-c2ccccc2)s1,c44a6388b0dc72b6,2
,,,COc1cnc2ccc(=O)n(CCN3CCC(NCc4cnc(C)c(C#N)c4)C(OC)C3)c2c1,99c1be94fdd85028,3
,,,CC(C)CC1C(=O)N2CCCC2C2C(C(C)C)C(NC(=O)C3C=C4c5cccc6c5C(CC4N(C)C3)C(Br)N6)C(=O)N12,3d70be13d3d23585,1
,,,COC(=O)C1C(O)C2(O)c3c(OC)cc(OC4OC(C(O)CO)COC4OC)cc3OC2(c2ccc(OC)cc2)C1c1ccccc1,108baf0874b52e59,4
,,,CC(C)CN(CC(O)C(Cc1ccccc1)NC(=O)OCc1cncs1)C(=O)c1ccc2nc(N)sc2c1,6ad3ee83a33ec8b9,1
,,,C=CCCCS(=O)(=O)NC(=O)c1ccccc1NC(=O)[C@@H](NC(=O)OC(C)(C)C)c1ccc(Oc2cc(OC)nc(-c3ccccc3)n2)c(C=C)c1,44996a93f6d8d58a,1
,,,COC(=O)C(C)NP(=O)(OCC1C=CC(n2cc(C)c(=O)[nH]c2=O)O1)Oc1ccc(C)cc1,d0a16182faf1cccb,4
,,,Oc1cc(N2CCOCC2)nc(Cc2nc3c(-c4cccs4)cccc3o2)n1,830a725ef13f864c,3
,,,O=C(NC1CCCC1NC(=O)c1ccc(Cl)s1)c1ccc(-n2ccccc2=O)cc1,3cc1c46e718551ba,10
,,,O=C(N[C@@H]1C[C@@]2(CCCO2)C[C@@H]1C(=O)NO)c1ccc(Cn2c(C3CC3)nc3ccccc32)cc1,9ff6946210122aec,11
,,,CC1CN(C(=O)C(=O)c2c[nH]c3cccc(F)c23)CC(C)N1C(=O)c1ccccc1,127edaa32509b808,5
,,,CCOc1cc(NC(=O)C2(NC(=O)c3ccc4c(C5CCCC5)c(-c5ccccn5)n(C)c4c3)CCC2)ccc1C=CC(=O)O,e0cf8ec4e7b49163,8
,,,CNC(=O)C(NC(=O)C(O)(CCCN(Cc1ccc(C#Cc2cccnc2)cc1)NC(=O)C(NC(=O)OC)C(C)(C)C)Cc1ccccc1)C(C)(C)C,1d59e65fd6b2d88f,1
,,,O=C(Nc1ccccn1)c1cccc(Oc2ccc3c(c2)c(=O)ncn3Cc2c(F)cc(F)cc2F)c1C(F)(F)F,69aa95c992d07579,4
,,,c1ccc(Cn2nnnc2C(c2ccc(Cn3cncn3)cc2)N2CCCN(C3CCC3)CC2)cc1,50193e06776ee5ca,7
,,,CCC1CC1(NC(=O)C1CC(Oc2cc(-c3csc(NC(C)C)n3)nc3c(Cl)c(OCCN4CCOCC4)ccc23)CN1C(=O)C(NC(=O)OC1CC2CC2C1)C(C)(C)C)C(=O)O,7dcd077fbb14c52a,3
,,,CCOc1cc(C(Nc2ccc3c(N)nccc3c2)C(=O)NCc2ccccc2)ccc1OC(C)C,f1cec75fbb366f32,5
,,,CNC(=O)CCC(CO)N(C)C(=O)c1ccc2c(c1)c1c(n2C)CCC(C2CCOCC2)C1,666f2ee6684245c1,2
,,,O=C(NC1(C(=O)NC(Cc2ccccc2)C(=O)NCCCN2CCOCC2)CCCC1)c1ccc(-c2ccccc2)s1,a730dc5404f6b55d,4
,,,Cc1nn(-c2cccc(NC(=O)C3CC3c3ccccc3)c2)c(C)c1CC(=O)O,c5fe9a593be4daa4,9
,,,O=C(O[C@H]1C[C@H](n2cc(F)c(=O)[nH]c2=O)O[C@@H]1CO)c1cccnc1,9026317f4aa9ca07,6
,,,CCc1ccc(-c2nc3c(=O)n(Cc4ccccc4)c(=O)nc-3n(C)n2)cc1,ea849455f12ef48d,4
,,,Oc1ccc(-c2cnc(-c3cccc(O)c3)s2)cc1,e18a137bd228f745,10
,,,NC(Cc1ccccc1)C(=O)OCC1OC(n2cc(F)c(=O)[nH]c2=O)CC1O,b9a908c97e19f30d,2
,,,CC(C)NS(=O)(=O)n1c(N)nc2ccc(C(C(N)=O)c3cccc(F)c3)cc21,0f6ecd7b5824797d,18
,,,Cc1ccccc1C(Cc1ccco1)C(=O)NC1OC(CO)C(O)C(O)C1O,7d7fb7881aa9ad98,2
,,,Cc1cc(C(F)(F)F)c(-c2ccc(CC(NC(=O)c3c(Cl)cccc3Cl)C(=O)OCC3CCOC3)cc2)c(=O)n1C,4e2e9d26a1d2c2eb,11
,,,CC(C)NC(=O)N1CCC(NC2=Nc3cc(F)ccc3N(CC(F)F)c3ccc(Cl)cc32)C1,e9f6564ae0cb9707,8
,,,CNC(=O)C(NC(=O)C(O)(CCCN(Cc1ccc(-c2ccncc2)cc1)NC(=O)C(NC(=O)OC)C(C)(C)C)Cc1ccccc1)C(C)(C)C,9cfcc30c2d8527b7,4
,,,O=c1[nH]cnc2c(-n3cc(CCN4CCC(c5ccc(F)cc5)CC4)cn3)nccc12,77b60096786fc41f,4
,,,COc1cc(C)c(C(=O)N2CC3CN(CCC(NC(=O)C4CCCC4)c4ccccc4)CC3C2)c(C)c1,23c85a4cfb490500,4
,,,CC(C)C[C@@H]1NC(=O)[C@@H](CC(C)C)NC(=O)[C@@H](CC(C)C)NC(=O)[C@@H](CC(C)C)NC(=O)[C@H](Cc2ccc(O)cc2)NC(=O)[C@@H]2CCCN2C1=O,d5072aadc88e0003,1
,,,O=C(C=Cc1ccccc1Cl)NC1(C(=O)NC(Cc2ccccc2)C(=O)NCC2CCN(CC3CCOCC3)CC2)CCCC1,7f6d0c82c0e2d046,1
,,,CC(CO)Oc1cc(Oc2ccc(C(=O)N3CCC3)cc2)cc(C(=O)Nc2ccn(C)n2)c1,30c2758cafa8cbd1,8
,,,CC(C)CCn1nc(-c2ccccc2)c(O)c(C2=CS(=O)(=O)c3cc(NS(C)(=O)=O)ccc3N2)c1=O,e7af684dbf1b78b3,4
,,,CN(C)S(=O)(=O)c1ccc(Sc2ccc(F)cc2CSC(=N)N)c(CSC(=N)N)c1,dc29f49569f0b69e,1
,,,CCCCOC(=O)COc1ccc(C(=O)CN2CCN(C3CCN(C(=O)OCc4oc(=O)oc4C)CC3)CC2=O)cc1,7d1ed8702714f072,7
,,,CC1CCC(C(=O)N(c2ccc(Oc3ncccc3C(F)(F)F)cc2C(=O)O)C(C)C)CC1,ebb2c63198e68ba3,4
,,,CCOCC(CCc1ccccc1)NS(=O)(=O)c1cccc(NC(=O)C(CC(C)C)OC(=O)C(C)(C)C)c1,b84fc050868bd1c1,11
,,,CC1NC(=O)C(CC(=O)O)NC(=O)CNC(=O)CNC(=O)C(C)NC(=O)C(Cc2c[nH]c3ccccc23)NC1=O,56baf90bfe0af65c,3
,,,COc1ccc(N2N=C(S(C)(=O)=O)C3CCN(c4ccc(C5(CN(C)C)CC5)cc4)C(=O)C32)cc1,ed3605ea711ec0ae,10
,,,CN(C)C1CCN(CC(NC(=O)CC2CNC(=O)c3cc(-c4cccc(Cl)c4)cn32)C2CCCCC2)CC1,6126a63fc268bebe,5
,,,O=[N+]([O-])c1ccc(C2=NOC(c3ccc(N4CCSCC4)cc3)C2)o1,f1de3f1753dc77b2,9
,,,CC(O)c1ccc(N(C)S(=O)(=O)c2cccc(C(=O)Nc3ccc(C#N)cc3)c2)cc1,21a3ffefbb032f84,4
,,,CC(C)CC1NC(=O)C(Cc2ccccc2)N(C)C(=O)CN(C)C(=O)C(C)NC(=O)C(Cc2ccc(O)cc2)N(C)C(=O)C2CCCN2C1=O,b0ed84172548a672,4
,,,C[C@H]1Cc2ccccc2N1C(=O)Cc1nc(O)cc(N2CCOCC2)n1,286084f2d2fa9e42,4
,,,C[C@@H]1CCCN1CCCOc1ccc(C2=NNC(=O)[C@@H]3C[C@H]23)cc1,8beb2933efd33ed0,16
,,,N#Cc1ccccc1Cn1c(N2CCC[C@@H](N)C2)nc2nccc-2c1O,694825d54c98cd4a,5
,,,Cn1cc(-c2ccc(Cc3n[nH]c4ccc(C(=O)N5CCC(O)C5)cc34)cc2)cn1,828b73d9a868eeaf,9
,,,C#CCN(CC#C)C(=O)C1(c2ccc3c(c2)OCCO3)CC1CN,eb386ab1aec4ce51,18
,,,COCCC(CC1(C(=O)NCCCc2ccc(F)cc2)CCCC1)C(=O)O,6ade1d2961b0a09a,3
,,,CN(Cc1ccccc1)C(=O)[C@@]1(c2ccc(Cl)c(Cl)c2)C[C@H]1CN1CCC(C(=O)N2CCCCC2)(c2ccccc2)CC1,a0c7df7785ef9222,4
,,,CCCCOC(=O)N1CCN(C(=O)[C@H](CCC(=O)O)NC(=O)c2cc(OCCOC)cc(-c3ccccc3)n2)CC1,b32a42d8a3d85a23,4
,,,Cc1cc(NC(O)=C2C(=O)c3ccccc3S(=O)(=O)N2C)no1,f753f414c1f654e6,5
,,,Cn1c(-c2ccccn2)c(C2CCCC2)c2ccc(C(=O)NC(C)(C)C(=O)Nc3ccc(C=CC(=O)O)cc3)cc21,eba098611bae26e5,2
,,,CCCCn1c(-c2cc(-c3cccc4[nH]ncc34)ccc2C)cn2c3c(=O)[nH]c(=O)n(C)c3nc12,4e8d5e10ccd847c4,23
,,,NC(=O)c1cc(C(=O)N2CCc3cc(N4CCCCC4=O)ccc32)n(-c2ccc3onc(N)c3c2)n1,2c1a88bb75260e2a,1
,,,Cc1cc(COc2ccc(C(=O)NC3CC4(CC3C(=O)NO)OCCO4)cc2)c2ccccc2n1,2de96e022e8dd378,12
,,,CC(NC(=O)c1cc(C(=O)NC(Cc2ccccc2)C(O)CNC2CC2)cc(N(C)S(C)(=O)=O)c1)c1ccc(F)cc1,ab0ea117af143e05,3
,,,CC(NC(=O)c1c[nH]c2ncc(C3CC3)nc12)C(C)(C)O,36d5c9217173b63e,8
,,,CSc1ccccc1CNc1ncc([N+](=O)[O-])c(NCC2CCC(CN)CC2)n1,77c288ae04fa258c,2
,,,FC(F)(F)Oc1cccc(Nc2nnc(-c3cccnc3CCc3ccncc3)o2)c1,205c1c0887b210a0,3
,,,Cc1cc(C(F)(F)F)c(-c2ccc(CC(NC(=O)c3c(Cl)cccc3Cl)C(=O)OCCCN3CCOCC3)cc2)c(=O)n1C,62547b269e72c4a6,2
,,,C=CC1CC1(NC(=O)C1CC(OC)(c2ccc(-c3cccc(OC)c3)cc2)CN1C(=O)C(NC(=O)OC1CCCC1)C(C)(C)C)C(=O)NS(=O)(=O)C1CC1,1439736e8762b3d4,1
,,,Cn1cncc1CN1CC(N(CC2CCN(C(=O)OCc3ccccc3)CC2)S(=O)(=O)c2ccccn2)Cc2cc(C#N)ccc21,22d9bc5655a0479b,1
,,,CC(Cn1ncnn1)Nc1ncc2cc(Oc3ccc(F)cc3F)c(=O)n(C)c2n1,b7ae34f2a5f6a5fb,17
,,,CCCC(=O)c1cnn(-c2ccc(NC(=O)c3cn(CC(=O)N4CCN(CCOC)CC4)c4ccc(C)cc34)cc2)c1C,7e98a2d1d5561d4a,6
,,,CC(C)Cc1nc2sc3c(NCCN4CCOCC4)ncnc3c2c2c1CCC(C)(C)C2,e655d1f7642e77da,2
,,,CC(=O)N1CCC(CN2CCC(CNC(=O)c3cccc4[nH]c(C(C)C)nc34)CC2)CC1,5e5dd3e4d65003a3,2
,,,Cc1cccc(NC(=O)Nc2ccc(Cc3ccc(NC(=O)Nc4cccc(C)c4)cc3)cc2)c1,c47b2441b6a3b9c8,18
,,,COc1cc(N2CCOCC2)ccc1-c1nc2c(N[C@H]3[C@@H](C(N)=O)[C@@H]4C=C[C@H]3C4)c(Cl)cnc2[nH]1,6f7aba89ef287a4c,3
,,,CC(C)n1c(=O)c(C(=O)NC2CC3CCC(C2)N3CCCCCCCN(C)CCCN(C)S(C)(=O)=O)cc2ccccc21,00d1937296d8c1df,5
,,,Cn1c(N2CCCN(CCCN3c4ccccc4Sc4ccc(/C=C\C(=O)O)cc43)CC2)cc(=O)n(C)c1=O,13d136e2f6e87a31,5
,,,COCCN1CC(=O)Nc2ncc(-c3ccc(-c4nc[nH]n4)nc3C)nc21,4136eb845b178168,13
,,,CCOc1ccc([C@@H](C)Nc2nc(N3CCN(C(C)=O)CC3)nc3c2CN(C(C)C)C3=O)cc1F,3fb1a7b52550e705,11
,,,COc1cc(Oc2ccc(C3NC(=O)[C@H](NC(=O)OC(C)(C)C)CCCCC/C=C/CCCS(=O)(=O)NC(=O)c4ccccc4NC3=O)cc2)nc(-c2ccccc2)n1,b4e4a0dabc6b6710,2
,,,CS(=O)(=O)Nc1ccc2c(c1)S(=O)(=O)NC(C1=C(O)[C@@H]3CCCC[C@@H]3N(Cc3ccc(F)cc3)C1=O)=N2,aeff7a8cd8a4cb28,8
,,,Cn1ncc2cc(Cc3[nH]nc4ccc(C(=O)N5CC(O)C5)cc34)ccc21,b3a2cedbc8d2659a,3
,,,CC(C)=CCn1c(N2CCCNCC2)c(C#N)c2c1c(=O)n(Cc1nccc3ccccc13)c(=O)n2C,9096f21b6cfa0f14,5
,,,CS(=O)(=O)Nc1ccc2c(c1)S(=O)(=O)N=C(C1=C(O)C3CCCN3N(Cc3ccc(F)cc3)C1=O)N2,fc095fb98913a69d,8
,,,CC=C(C)C(=O)OC(C(O)c1cc2ccc(=O)oc2cc1OC)C(C)(C)O,34146dbb4bc22ec9,6
,,,CN(C)CCc1cnn(-c2nccc3c(O)ncnc23)c1,c695539898933e43,18
,,,O=C1CCCCN1c1ccc(COC2COc3nc([N+](=O)[O-])cn3C2)cc1,d85224494a0f6991,4
,,,CN1C(=O)CC(N2CCCN(CCCN3c4ccccc4CCc4ccc(C(C)(C)C(=O)O)cc43)CC2)N(C)C1=O,ce1d9e2ddd91fe56,3
,,,Cc1ccc(C(=O)Nc2ccon2)cc1Nc1ncnc(NC(C)C)c1C#N,777ebf287ebca0ae,5
,,,Oc1c2c(nn1-c1ccccn1)CCc1cc(Br)ccc1-2,252b8b3b27aa7f57,2
,,,COCC(C)n1cc(C(=O)C(=O)Nc2ccc(OC)nc2)c2ccccc21,bc2766b09de5c9d6,9
,,,CCOCC(COCC)OC(=O)COc1ccc(C(=O)CN2CCN(C3CCN(C(=O)OC(C)OC(C)=O)CC3)CC2=O)cc1,12b19f4cfcf3839c,3
,,,COCC(C)Oc1cc(Oc2ccc(S(C)(=O)=O)cc2)cc(C(=O)Nc2ccc(C(=O)O)cn2)c1,ae969a39fc2423d5,1
,,,CC1(C)NC(=O)c2cc(S(=O)(=O)Nc3ccc(F)cc3F)cc(C#N)c2NC1=O,6f72abf9c2de78ca,9
,,,CCN(C)Cc1ccccc1N1CCC(NC(=O)c2cc(C(F)(F)F)nn2-c2ccc3onc(N)c3c2)CC1,6f842bf5d1962f8c,4
,,,CCOP(=O)(OCC)N1C/C(=C\c2cc(OC)c(OC)c(OC)c2)C(=O)/C(=C/c2cc(OC)c(OC)c(OC)c2)C1,3acf72b27444c3d4,2
,,,CC(NP(=O)(OCC1OC(C#N)(c2ccc3c(N)ncnn23)C(C)(O)C1O)Oc1ccccc1)C(=O)OC1CCCC1,5f1daa4ca79df537,3
,,,CCCC(=O)c1cnn(-c2ccc(NC(=O)c3cn(CC(=O)N(C)C)c4cc(C)c(C)cc34)cc2)c1C,3065b8cb21765ad3,6
,,,CC(C)CC[C@]1(C)CN(C2CCC2)C(=O)C(C2=NS(=O)(=O)c3cc(NS(C)(=O)=O)ccc3N2)=C1O,5f4e88f9ea657481,7
,,,O=C(O)c1cn(Cc2ccc3c(c2)OCCO3)c2cccc(F)c2c1=O,b0c6b2be1894f9fa,18
,,,CCNc1cnc2nnn(Cc3ccc4ncccc4c3)c2n1,ec595534c2a8f750,11
,,,CO[C@H]1C(=O)[C@]2(C)[C@@H](OC(=O)N(C)C)C[C@H]3OC[C@@]3(OC(C)=O)[C@H]2[C@H](OC(=O)c2ccccc2)[C@]2(O)C[C@H](OC(=O)[C@H](O)[C@@H](NC(=O)c3ccccc3)c3ccccc3)C(C)=C1C2(C)C,5578ecc922cfa4c6,2
,,,CCN1CCN(C(=O)Cn2c(-c3ccoc3)c(C3CCCCC3)c3ccc(C(=O)O)cc32)CC1,2f3c68304cf24cf3,6
,,,N#Cc1ccccc1Cn1c(N2CCCC(N)C2)nc2nccc-2c1O,8649858cca8772a7,6
,,,Fc1cccc(Cn2ncc3cc(Nc4ncnn5ccc(COCC6CNCCO6)c45)ccc32)c1,feee38d86234a5f2,3
,,,Cc1cc(COc2ccc(C(=O)N[C@@H]3C[C@H](O)C[C@@H]3C(=O)NO)cc2)c2ccccc2n1,dc0e4b8e2b4f69a1,3
,,,CC1COCCN1c1cc(C2(S(C)(=O)=O)CC2)nc(-c2cccc3[nH]ccc23)n1,f53b368681b7100c,5
,,,CC(C)CCn1nc(-c2cccs2)c(O)c(C2=NS(=O)(=O)c3cc(N(C)S(C)(=O)=O)ccc3N2)c1=O,12c97a83538327c8,10
,,,COc1c(C)cc(C2(c3cccc(-c4cncnc4)c3)N=C(N)c3c(F)cccc32)nc1C,a19ec0f37e86c705,12
,,,C#CC(C)(C)N1CCC(CC(=O)NO)(NC(=O)c2ccc(OCc3cc(C)nc4ccccc34)cc2)CC1,3884fb7ea5c6ccea,5
,,,CC1C(n2ccc(N)nc2=O)OC(CO)(N=[N+]=[N-])C1O,1b6ce673aa820db7,8
,,,O=C(Cc1nc(N2CCOCC2)cc(=O)[nH]1)N1CCc2c(-c3ccccc3)cccc21,2842cb80ec3d0faa,4
,,,C=CC1CC1(NC(=O)C1CC(OC)(c2ccc(-c3cc(C)ccc3OC)nc2)CN1C(=O)C(NC(=O)OC1CCCC1)C(C)(C)C)C(=O)NS(=O)(=O)C1CC1,8c6c6837eae6f99f,3
,,,Cn1c(CC(=O)N2CCc3ccccc32)nc(N2CCOCC2)cc1=O,ab0aff04e89a8dce,6
,,,Nc1nc(C(=CCC(=O)O)C(=O)NC2C(=O)N3C(C(=O)O)=CCSC23)cs1,aa6abe5d78469547,8
,,,COc1ccccc1N1CCN(C(=O)C=Cc2noc(-c3cc(Cl)c(O)cc3O)c2-c2ccc(O)cc2)CC1,e433c6ac9eedcc91,4
,,,COc1cccc(NC(=O)Cc2nc(N3CCOCC3)cc(=O)[nH]2)c1,5559809df6bd6f25,8
,,,O=C1COCCN1c1ccc(COC2COc3nc([N+](=O)[O-])cn3C2)cc1F,50048437949a3563,2
,,,CN(c1ccc2c(c1)S(=O)(=O)N=C(c1c(O)c3cccn3n(Cc3ccc(F)cc3)c1=O)N2)S(C)(=O)=O,962bf0f0700492b7,4
,,,Cc1cnc(NCC(c2ccccc2)c2ccccc2)c(=O)n1CC(=O)NCCON=C(N)N,a9930f5d988d230d,2
,,,COc1ccc2c(OC3CC4C(=O)NC5(C(=O)O)CC5C=CCCCCCC(NC(=O)OC5CCCC5)C(=O)N4C3)cc(-c3csc(NC(C)C)n3)nc2c1,6bff065ef610a089,2
,,,N#Cc1ccc(Cn2cncc2CN2CCCN(C(=O)C34CC5CC(CC(C5)C3)C4)CC2)cc1,80386f29970ec4d3,2
,,,CN(C)CCC(Oc1ccc(NC(=O)c2ccc(Cl)c(Cl)c2)cc1)c1ccccc1,ae960080f7a2c1ed,13
,,,CCCCOc1cccc(C(=O)NC2(C(=O)NC(Cc3ccccc3)C(=O)NCC3CCN(CC4CCOCC4)CC3)CCCC2)c1,9cc0006512d33e6c,1
,,,O=C(CC1CNC(=O)c2cc(-c3cccc(F)c3)cn21)NC(CO)C1CCCCC1,c522e90496d96704,1
,,,CCCC1(C(=O)c2ccc3[nH]ncc3c2)CCCN1,1f9e066b88c03fb5,11
,,,CO[C@H]1C[C@H]2OC[C@@]2(OC(C)=O)[C@H]2[C@H](OC(=O)c3ccccc3)[C@]3(O)C[C@H](OC(=O)[C@H](O)[C@@H](NC(=O)c4ccccc4)c4ccccc4)C(C)=C([C@@H](OC(=O)N(C)C)C(=O)[C@]12C)C3(C)C,2dea8528b8b4a314,1
,,,CCCCC1N(CC2CCOCC2)C(=O)OC12CCN(C1(C)CCN(C(=O)c3c(C)ncnc3C)CC1)CC2,0ef6afe4bb19aa4e,1
,,,CC(C)CC(CO)Nc1nc(SC(C)c2ccccc2)nc2[nH]c(=O)sc12,8cdf352b7d805704,11
,,,O=C(O)CCCN1CC(c2nn[nH]n2)Oc2c(C=Cc3ccc(OCCCCc4ccccc4)cc3)cccc21,e547f049249173ec,6
,,,COc1ccc2oc(C(=O)NC3(C(=O)NC(CCCN4CCN(CC5CCOCC5)CC4)Cc4ccccc4)CCCC3)cc2c1,5d866122fb04f5fa,1
,,,O=C1CSCCN1c1ccc(COC2COc3nc([N+](=O)[O-])cn3C2)cc1,54df3321658904af,4
,,,CC(C)C[C@H]1NC(=O)[C@H](Cc2ccccc2)NC(=O)CNC(=O)[C@@H](C)NC(=O)[C@H](Cc2ccc(O)cc2)NC(=O)[C@@H]2CCCN2C1=O,33b75c45857a4fee,2
,,,CC(C)c1ccc(Nc2nnc(-c3cccnc3CCc3ccncc3)o2)cc1,b5df7dd1de6de489,4
,,,OC(c1ccc2[nH]c(-c3ccc(OCc4ccccc4)cc3)nc2c1)c1ccccc1C(F)(F)F,b4ddf602710227cc,18
,,,CCCN(CCO)C(=O)c1cc2ccccn2c1-c1ccccc1,57a266a8b94b6e5c,6
,,,Cc1cc(C(=O)Nc2ccc(N3CCC(N4CCCC4C)C3)cc2)n[nH]1,abe29e1ccc67b14d,10
,,,COC(=O)N[C@H](C(=O)NN(CCC[C@@]1(Cc2ccccc2)C(=O)N([C@H]2c3ccccc3C[C@H]2O)C[C@H]1O)Cc1ccc(-c2cccnc2)cc1)C(C)(C)C,ba34f82081aac64d,1
,,,Cn1ccc2c(=O)n(Cc3ccccc3C#N)c(N3CCCC(N)C3)nc21,4ab93d438f841f31,4
,,,CC(C)C[C@H](NC(=O)CNC(=O)[C@H](Cc1ccc(O)cc1)NC(=O)[C@H](CO)NC(=O)[C@H](Cc1c[nH]c2ccccc12)NC(=O)[C@H](Cc1c[nH]cn1)NC(=O)[C@@H]1CCC(=O)N1)C(=O)N[C@@H](CCCN=C(N)N)C(=O)N1CCC[C@H]1C(=O)NCC(N)=O,857d3e5f7e7ba093,3
,,,CC1(N)Cc2cccc(c2F)CCC(c2ccc(F)cc2)NC(=O)c2cc(cc(-c3ccccc3C#N)c2)COC1=O,16f7b41c39ce1ffb,4
,,,Nc1nc(O)c2ncn(COCCO)c2n1,bb6386f670db3a79,10
,,,NCC(=O)N1CCn2c(nc(-c3cccc(F)c3)c2Nc2ccc(F)cc2)C1,91b44074be863244,18
,,,COc1cc(OC)c2c(c1)OC1(c3ccc(C#N)cc3)C(c3ccccc3)C(C(=O)N(C)C)C(O)C21O,b3d0d22a30b84ad5,5
,,,CC(C)(C)c1noc(C2CCCN2C(=O)CC(N)Cc2cc(F)c(F)cc2F)n1,daebebac4e0cb230,9
,,,COc1cccc(-c2c(C)n(Cc3c(F)cccc3C(F)(F)F)c(=O)n(CC(NCCCC(=O)O)c3ccccc3)c2=O)c1F,98babfa1b0c97df6,2
,,,Cc1ccc2c(NC3CC3)noc2c1-c1ccc2c(c1)NC(=O)C21CCOCC1,f40d58c3d6642d73,9
,,,C[C@H](Cc1cccc(CC(=O)NC2Cc3ccccc3C2)c1)NC[C@H](O)c1ccc(O)c(CO)c1,05859e4826904aaa,2
,,,CNC(=O)c1ccc(O)cc1OCC(O)CN1CCC2(CC1)Cc1cc(F)ccc1O2,fd68d9b0ca90bcaf,5
,,,CC(C)C[C@@H]1NC(=O)[C@H](Cc2ccc(O)cc2)NC(=O)[C@H]2CCCN2C(=O)[C@@H](CC(C)C)NC(=O)[C@H](CC(C)C)NC(=O)[C@@H](CC(C)C)NC1=O,5199cfc3d27fb610,2
,,,CCN1CCC(N2CCN(C(=O)COCCN(C)S(=O)(=O)c3c(C)cc(OC)cc3C)CC2)CC1,1aba91d24ab0c649,1
,,,NC(=O)c1ccc(F)c2c(C(=O)C(=O)N3CCN(C(=O)c4ccccc4)CC3)c[nH]c12,fcef38c7d51d93fc,4
,,,Nc1ncnc2c1c(-c1cc(OCC3CCCO3)ccc1F)cn2C1CC(CN2CC[S+]([O-])CC2)C1,9d77415c1a966a62,2
,,,O=C(Cc1nc(O)cc(N2CCOCC2)n1)N1CCc2ccccc21,76ebde77c93c073e,3
,,,COc1cc(Nc2cc(-c3cccc(CC#N)c3)ccn2)ccc1N1CCN(C)CC1,caf430f161239647,12
,,,O=C(C=Cc1ccc(O)c(O)c1C=Cc1ccc(O)c(O)c1)OC(Cc1ccc(O)c(O)c1)C(=O)O,759ce1a1087f8711,3
,,,O=C(C1CCOCC1)N1CCCN(c2nc(-c3ccccc3)ns2)CC1,043bc5275d32f4c1,7
,,,COc1ccnc2[nH]cc(C(=O)C(=O)N3CCN(C(=O)c4ccccc4)CC3C)c12,b313e832b866202c,8
,,,COC(=O)O[C@H]1C[C@H]2OC[C@@]2(OC(C)=O)[C@H]2[C@H](OC(=O)c3ccccc3)[C@]3(O)C[C@H](OC(=O)[C@H](O)[C@@H](NC(=O)OC(C)(C)C)c4ccccn4)C(C)=C([C@@H](OC)C(=O)[C@]12C)C3(C)C,cb04ef80ce7c2ff6,3
,,,NC(=O)C(Cc1ccccc1)NC(=O)C(Cc1c[nH]c2ccccc12)NC(=O)C1CCCN1C(=O)C(Cc1ccc(O)cc1)NC(=O)CCC(=O)NC1OC(CO)C(O)C(O)C1O,47c7cc1f9aa5b1eb,1
,,,COC(=O)NC(C(=O)NN(CCCC1(Cc2ccccc2)C(=O)N(C2c3ccccc3CC2O)CC1O)Cc1ccc(Br)cc1)C(C)(C)C,79c38a9d1c256401,4
,,,CCCN(CCC)C(=O)Cc1c(-c2ccc(C)cc2)nc2ccc(C)cn12,3ef3176824023762,10
,,,CNC(=O)c1ccc2[nH]nc(Cc3ccc4c(cnn4C)c3)c2c1,51ee04438a6b5f95,13
,,,COCCCOc1cc(C(=O)N(C[C@@H]2CNC[C@H]2NC(=O)OCc2ccccc2)C(C)C)ccc1OC,ec90b77a3561d6b7,1
,,,Cc1cc(COc2ccc(C(=O)N[C@@H]3CCC[C@@H]3C(=O)NO)cc2)c2ccccc2n1,d685264888fa5a0f,8
,,,CCOC(=O)[C@H](C)NP(=O)(OC[C@H]1O[C@@H](n2ccc3c(-c4cccs4)ncnc32)[C@H](O)[C@@H]1O)Oc1ccccc1,aec93fc4b2c64787,3
,,,COc1cc(F)c2[nH]c(-c3c(C)nn(C)c3C)c(C=C3Oc4ccc(NC(=O)Nc5ccc(C(=O)N(C)CCN(C)C)cc5)cc4C3=O)c2c1,b195dba080fd1405,3
,,,CNC(=O)C(Cc1ccccc1)NC(=O)CNC(C)=O,4ef8ae0ec3c6b0b4,10
,,,COc1cccc2c1c(C(=O)/C=C(\O)C(=O)O)cn2Cc1ccc(F)cc1,e18b28ec6a35d123,3
,,,CCc1nc(N)nc(N)c1-c1ccc2c(c1)N(CCNC(C)=O)C(=O)C(C)(c1ccccc1)O2,a01568228fe1ce69,1
,,,CNC(=O)c1ccc(Oc2ccc(C#CC3(O)CN4CCC3CC4)cc2)cc1,18b48950b9052579,20
,,,CC(C)Nc1nc2oc3c(NCCCN4CCCC4=O)ncnc3c2c2c1CCC(C)(C)C2,cc936d36179d9bf8,6
,,,COc1cc2cncc(Cc3nc4c([nH]3)c(=O)n(C)c(=O)n4CC(C)(C)C)c2cc1OC,ca00f43f206dbb97,12
,,,CC(C)(C)c1ccc(Nc2nnc(-c3cccnc3CCc3ccncc3)o2)cc1,2c80d08a74363d81,7
,,,COc1cccc(CNc2ccc(S(=O)(=O)Nc3nc4ccccc4s3)cc2)c1O,d0ecf282f23dc342,6
,,,COC(=O)OC1CC2OCC2(OC(C)=O)C2C(OC(=O)c3ccccc3)C3(O)CC(OC(=O)C(O)C(NC(=O)OC(C)(C)C)c4ccccc4)C(C)=C(C(OC)C(=O)C12C)C3(C)C,72eff0cd7c2d5fe8,2
,,,COC(=O)N[C@@H](CCN1[C@@H]2CC[C@H]1C[C@@H](n1c(C)nc3c1CN(C(C)=O)CC3)C2)c1cccc(F)c1,569d81c035934a2d,3
,,,NC(=O)c1cccc(-n2nc(C(F)(F)F)c3c2C(=O)N(c2ccc(-c4ccccc4CN4CCC(O)C4)cc2)CC3)c1,be4e994752607efb,1
,,,CN(C(=O)c1ccc2c(c1)c1c(n2C)CCC(C2CCOCC2)C1)C(CO)CCC(=O)NCCF,f466681a8a4cc529,1
,,,CCCCCCCNC(=O)N1CCOc2cc(-c3ccc(C4CCC(CC(=O)O)CC4)cc3)ccc21,31457b948768b36b,8
,,,CC(C)CC(NC(=O)CN)C(=O)OCC1OC(n2cc(F)c(=O)[nH]c2=O)CC1O,e9658bec6d19ee09,1
,,,CC(C)(C)c1nn2ccccc2c1Cc1ccc(C(=O)N[C@@H]2CCOC[C@@H]2C(=O)NO)cc1,b78055d18b7a47dc,13
,,,OCC1OC(n2ccc3c(-c4cccs4)ncnc32)C(O)C1O,1671793c4750885a,1
,,,CC1(c2cccc(-c3cncnc3)c2)N=C(N)c2c(F)cccc2O1,eee4595df628dfeb,16
,,,O=c1[nH][nH]c2nc(-c3ccco3)c(-c3ccncn3)cc12,2eb9cfe4a30d12a6,7
,,,N=C(N)SCc1ccccc1Sc1ccc(F)cc1CSC(=N)N,d2d7c209c3d01421,10
,,,COc1ccc2c(OC3CC4C(=O)NC5(C(=O)NS(=O)(=O)C6CC6)CC5C=CCCCCCNC(=O)N4C3)nc(-c3ccc(F)cc3)nc2c1C,3fa33b0d859b612b,1
,,,C=CCCCS(=O)(=O)NC(=O)c1ccccc1NC(=O)C(NC(=O)OC(C)(C)C)c1ccc(Oc2cc(OC)nc(-c3ccccc3)n2)cc1,5e55f709018fbffb,3
,,,CCCC(=O)NC1CCCCCC=CC2CC2(C(=O)NS(=O)(=O)C2CC2)NC(=O)C2CC(Oc3cc(OCC)nc4c(C)c(OC)ccc34)CN2C1=O,41c27ae858c0b108,2
,,,O=C(Nc1ccc(-c2ccncn2)c(-c2ccco2)n1)C1CC1,c7dd22230e9496d4,5
,,,NC(=O)[C@H](Cc1c[nH]c2ccccc12)NC(=O)[C@@H](N)CCC(=O)O,551b722f23a49c04,1
,,,CC(=O)N1C(C(=O)Nc2ncc(-c3ccc(N)cc3)s2)CCC1c1ccccc1,b2801191700bd824,3
,,,Cn1c(N2CCCN(CCCN3c4ccccc4Sc4ccc(CCC(=O)O)cc43)CC2)cc(=O)n(C)c1=O,28038fb14f3fddf5,3
,,,COc1ccc(CCC2(C3CCCC3)CC(=O)C(Sc3nc4nc(C)cc(C)n4n3)=C(O)O2)cc1Cl,b8e3e91e2ba9a1e4,2
,,,O=C(NC1(C(=O)NC(CCCN2CCN(CC3CCOCC3)CC2)Cc2ccccc2)CCCC1)c1ccc(-c2ccccc2)cc1,dcb9e01822373dde,1
,,,CCCCCCC(N)C(=O)N[C@@H](Cc1ccc(O)cc1)C(=O)N1CCC[C@H]1C(=O)N[C@@H](Cc1c[nH]c2ccccc12)C(=O)N[C@@H](Cc1ccccc1)C(N)=O,b98a4c8b86074e11,1
,,,CC(C)n1c(=O)c(C(=O)NC2CC3CCC(C2)N3CC(O)CN2CCN(S(C)(=O)=O)CC2)cc2ccccc21,a4fbb7e6234b8405,2
,,,COc1ccc(-c2c(/C=C/C(=O)N3CCN(c4ncccn4)CC3)noc2-c2cc(Cl)c(O)cc2O)cc1,ed929bd62bbad179,6
,,,COC(=O)N[C@H](C(=O)NN(CCC[C@@]1(Cc2ccccc2)C(=O)N([C@H]2c3ccccc3C[C@H]2O)C[C@H]1O)Cc1ccc(-c2ccccn2)cc1)C(C)(C)C,d042c0ceabeb5022,3
,,,Cn1c(N2CCCN(CC/C=C3/c4ccccc4COc4ccc(CC(=O)O)cc43)CC2)cc(=O)n(C)c1=O,27ea80dae01697b2,2
,,,CC1CNC(C2CC2)C(=O)N(C)C(C)C(=O)NC(Cc2ccc(F)cc2)C(=O)NCCCc2ccccc2O1,7302f1148799fac1,5
,,,Oc1ncnc2cnccc12,97d9fc38dfbdfdeb,1
,,,CC1COCCN1c1nc(-c2nncc3[nH]ccc23)cc2c1ncn2C,cd676745e9f0e214,3
,,,CNC(=O)C(NC(=O)C(O)(Cc1ccccc1)CN(Cc1ccc(Br)cc1)NC(=O)C(CC(=O)OC)C(C)(C)C)C(C)(C)C,828d3d5f233a9129,2
,,,CCC1=CC2CN(C1)Cc1c([nH]c3ccccc13)C(C(=O)OC)(c1cc3c(cc1OC)N(C)C1C(O)(C(=O)OC)C(OC(C)=O)C4(CC)C=CCN5CCC31C54)C2,bd9aa911d2309684,3
,,,Oc1cccc(-c2ccc3cc(O)ccc3c2)c1,0fc0ae407269e3de,12
,,,COc1ncccc1[C@@H](C)c1c(CCN(C)C)sc2ccccc12,f4a4157684b407e3,13
,,,N#Cc1ccc(C2CCN(CCc3cnn(-c4nccc5c(O)ncnc45)c3)CC2)cc1,58f3916c22622e7f,4
,,,N=C(N)c1cccc(CC(CC(=O)N2CCCCC2C(=O)O)NS(=O)(=O)c2ccc3ccccc3c2)c1,167b64a7813e104e,2
,,,NC(Cc1ccccc1)C(=O)OCC1OC(n2ccc(O)nc2=O)C(O)C1O,d9870b4669192386,4
,,,Cc1cccc(-c2c(C3CCCCC3)c3ccc(C(=O)NC(C)(C)C(=O)Nc4ccc(C=CC(=O)O)cc4)cc3n2C)n1,6cc1767f8f05daa4,6
,,,CC(C)(C)C(=O)OCOC(=O)c1ccccc1-c1ccc(CN2CCC(COC(=O)c3c4n(c5ccccc35)CCCO4)CC2)cc1,7b462876e8f463ad,5
,,,CS(=O)(=O)N1CC(c2noc(C3CCCN3C(=O)CC(N)Cc3cc(F)c(F)cc3F)n2)C1,5f4fbbbe5bef385c,4
,,,Cn1cc(-c2ccc(Cc3n[nH]c4ccc(C(=O)N5CCNCC5)cc34)cc2)cn1,786be7cbd02b9e88,5
,,,CNC(=O)C(NC(=O)C(O)(CCCN(Cc1ccc(Br)cc1)NC(=O)C(NC(=O)OC)C(C)(C)C)Cc1ccccc1)C(C)(C)C,f833f91c362778ef,2
,,,Cc1nc(NC(=O)N2CCCC2C(N)=O)sc1-c1ccnc(C(C)(C)C(F)(F)F)c1,f1db023a2f0143bb,3
,,,Cc1cnc(NCCc2cccc3ccccc23)c(=O)n1CC(=O)NCCON=C(N)N,5fe1c39af03026f3,5
,,,N=C(N)SCc1cc(F)ccc1Sc1ccc(F)cc1CSC(=N)N,b92b65635e3aba45,3
,,,COc1ccc2c(OC3CC4C(=O)NC5(C(=O)NS(=O)(=O)C6CC6)CC5C=CCCCCN(C)C(=O)C4C3)cc(-c3nc(C(C)C)cs3)nc2c1Cl,82113634c2611982,3
,,,COC(=O)N1CCN(CCN2CCC(CNC(=O)c3cccc4[nH]c(C(C)C)nc34)CC2)CC1,66cbcea0bd2ff714,5
,,,COC1C(=O)C2(C)C(OC(=O)N(C)C)CC3OCC3(OC(C)=O)C2C(OC(=O)c2ccccc2)C23OC(=O)OC2C(OC(=O)C(O)C(NC(=O)OC(C)(C)C)c2ccccn2)C(C)=C1C3(C)C,51968d28a2bddd3b,2
,,,CN1C(=N)NC2(c3cc(-c4cccc(C#N)c4)cs3)CN(c3ncc(F)cn3)CC2C1=O,b00d75ec8b6546da,12
,,,CCc1ccnc(C(CC(=O)N2CCC(N3Cc4ccccc4NC3=O)CC2)Cc2cc(C)c3[nH]ncc3c2)c1,3bb3deaf9bb06a0d,8
,,,CCS(=O)(=O)CCCn1c(Cn2c(=O)n(C(F)F)c3ccncc32)nc2ccccc21,b3d9de8c6cee9e2d,3
,,,N#Cc1ccccc1Cn1c(N2CCCC(N)C2)nc2nc(Br)cc-2c1O,ea6842111065491a,1
,,,O=C(c1ccc(F)cc1OCC(O)CN1CCC2(CC1)Cc1cc(F)ccc1O2)N1CCC(O)C1,4afb3c4b406719a2,4
,,,CCCCn1c(=O)c2cccnc2n1Cc1ccc(-c2ccccc2-c2nn[nH]n2)cc1,ace300370aec5f72,4
,,,Cn1cnc2c(C#N)c(N3CCCC(N)C3)n(Cc3ccccc3)c2c1=O,71baf880c9c6e9eb,5
,,,CC(C)CC(NC(=O)C(Cc1ccccc1)NC(=O)CNC(=O)CNC(=O)C(N)Cc1ccc(O)cc1)C(=O)O,b0e4ce67c39a1cc9,4
,,,COc1cccc(N2CCN(C(=O)C=Cc3noc(-c4cc(Cl)c(O)cc4O)c3-c3ccc(O)cc3)CC2)c1,358ad8876bdc43f8,4
,,,CC(C)N1CCN(C(=O)Cn2c(-c3ccoc3)c(C3CCCCC3)c3ccc(C(=O)O)cc32)CC1,bf6a0431f48bf62a,3
,,,Nc1ncnc2c1ncn2C1OC(COP(=O)(O)OP(=O)(O)OP(=O)(O)O)C2OC3(OC21)C([N+](=O)[O-])=CC([N+](=O)[O-])=CC3[N+](=O)[O-],aec454fb55f17ac5,2
,,,CO[C@H]1CC[C@H](N2C(=O)CNc3ncc(-c4ccc(-c5nc[nH]n5)nc4C)nc32)CC1,6a2b9ff08c1172c3,6
,,,COc1ccc2c(c1)C(=O)N(O)C(=O)/C2=C(/O)NCc1ccc(F)cc1,2140c2b6e3dca2f7,13
,,,Cn1c(N2CCCN(CCCN3c4ccccc4Sc4ccc(C(C)(C)C(=O)O)cc43)CC2)cc(=O)n(C)c1=O,a320d7ec90e25b79,2
,,,CC(C)c1nnc2ccc(-c3cnoc3-c3cc(F)ccc3F)cn12,ba13532a68b8261e,12
,,,COc1c(C)cc([C@@]2(c3cccc(-c4cncnc4)c3)N=C(C)C(N)=N2)cc1C,96ee33c222ebaa54,8
,,,CC(C)(C)c1cc(NC(=O)C2CCC(=O)N2c2ccc(C(F)(F)F)cc2)on1,4f7191c1538eda7c,5
,,,COc1cc(C)c(S(=O)(=O)N(C)CCOCC(=O)N2CCC(C3CCN(C)CC3)CC2)c(C)c1,271cdf66247522cf,5
,,,CC(C)CCn1nc(CC2CCCC2)c(O)c(C2=NS(=O)(=O)c3cc(NS(C)(=O)=O)ccc3N2)c1=O,17519b9957f1fb4b,14
,,,COc1cc(NS(C)(=O)=O)cc(C(=O)O[C@@H](Cc2c(Cl)c[n+]([O-])cc2Cl)c2ccc(OC(F)F)c(OCC3CC3)c2)c1,a5e41784be988dac,2
,,,COc1cc(Sc2c(-n3cncn3)[nH]c3ccccc23)cc(OC)c1OC,bcceacceb4e68409,6
,,,C=Cc1cc(C(NC(=O)OC(C)(C)C)C(=O)Nc2ccc(C(=O)NS(=O)(=O)c3ccc(C(F)(F)F)cc3)cc2)ccc1Oc1cc(OC)nc(-c2ccccc2)n1,0dd2037c6eebaccf,3
,,,O=C(O)CCCN1CC(c2nn[nH]n2)Oc2c(NC(=O)c3ccc(OCCCCc4ccccc4)cc3)cccc21,d4f1131eb1a55555,4
,,,CC(C)C[C@@H]1C(=O)N(C)[C@H](CC(C)C)C(=O)N[C@H](CC(C)C)C(=O)N(C)[C@@H](CC(C)C)C(=O)N2CCC[C@H]2C(=O)N[C@@H](Cc2ccc(O)cc2)C(=O)N1C,991333404257d0f0,2
,,,NC(=O)[C@H](Cc1ccccc1)N1CCNC(=O)CCCCN[C@@H](Cc2ccccc2)C(=O)NCC(=O)NCC(=O)NCC(=O)NCC1=O,179a11c534c3156b,3
,,,CC1CN(C(=O)c2ccccc2)CCN1C(=O)C(=O)c1c[nH]c2ccccc12,55efbbc628edd784,8
,,,CCCCn1nc(-c2nc3ccccc3s2)nc2c(=O)n(C)c(=O)nc1-2,c324dfc2bc684880,16
,,,CCCC(=O)N1CCC(NS(=O)(=O)c2ccc(NC(=O)c3ccccc3C)c3ccccc23)CC1,38aa0c76d7311e2c,3
,,,NC(=O)c1cc(-c2ncc(F)c3c(C(=O)C(=O)N4CCN(C(=O)c5ccccc5)CC4)c[nH]c23)n[nH]1,6fc5609687100afe,6
,,,CNC(=O)C=C(c1ccc2nc(N)n(C(C)C)c2c1)c1cccc(F)c1F,1b5740c19d43ab88,10
,,,CN(C)C(=O)c1cccc(N=c2c(O)c(O)c2=Nc2ccccc2)c1O,d5f85e71cc24251d,1
,,,Cc1cnc(NCCc2ccc(C(F)(F)F)cc2)c(=O)n1CC(=O)NCCONC(=N)N,8efe1b9bb67bcbd1,2
,,,N#Cc1ccccc1Cn1c(N2CCCC(N)C2)nc2nc(-c3ccc(C(F)(F)F)cc3)cc-2c1O,d69182bc35f80573,5
,,,Cn1cncc1CN1CC(N(CCn2cccc2)S(=O)(=O)c2ccccn2)Cc2cc(C#N)ccc21,a77394a57846c070,3
,,,CCOc1nc(NC(=O)C2(NC(=O)c3ccc4c(C5CCCC5)c(-c5ncc(Cl)cn5)n(C)c4c3)CCC2)ccc1C=CC(=O)O,e176354ae10d4b42,1
,,,Cc1c(CN(CCc2ccccn2)C2CCN(C(=O)c3c(F)cccc3F)CC2)c(=O)n(-c2ccc(F)cc2)n1C,916c483b83458eaa,5
,,,COc1ccc(CN2CCC(NC(=O)c3noc(-c4cc(Cl)c(O)cc4O)c3-c3ccc(OC)cc3)CC2)cc1,1ea2584e0cfecc86,2
,,,COc1c(C)cc([C@]2(c3cccc(-c4cncnc4)c3)N=C(C)C(N)=N2)cc1C,cd4ab9cd9073ecba,8
,,,C=C(C)CN1CC(NC(=O)c2ccc(OCc3cc(C)nc4ccccc34)cc2)C(C(=O)NO)C1,aa2c50f32d4e0cff,6
,,,CN(C)CC1(C(N)=O)CCCN1C(=O)Nc1nc2c(s1)-c1nc(C(C)(C)C)ncc1CC2,e3a98c10124f707e,6
,,,Cc1cc(COc2ccc(NC(=O)[C@H]3CCN(C(=O)NC(C)(C)C)C[C@@H]3C(=O)NO)cc2)c2ccccc2n1,cdcf6f93258d2758,1
,,,CC(=O)NC(Cc1ccccc1)C(=O)NC(Cc1ccccc1)C(N)=O,9a04d0d5df2a6aae,6
,,,Cn1c(-c2ccccn2)c(C2CCCCC2)c2ccc(C(=O)NC(C)(C)C(=O)Nc3ccc(CCC(=O)O)cc3)cc21,0c80c413701fac2e,3
,,,CC1CN(c2cccc3nc(-c4nc(-c5cc(C(=O)N(C)C)ccn5)cnc4N)n(C)c23)CCN1,a48611989c441c43,5
,,,CN(Cc1ccccc1)C(=O)[C@@]1(c2ccc(Cl)c(Cl)c2)C[C@H]1CN1CCC(NC(N)=O)(c2ccccc2)CC1,a99f03f5876116c8,1
,,,O=C(O)CCCCN(C(=O)N1CCOCC1)c1ccc(C(O)(C(F)(F)F)C(F)(F)F)cc1,fb9dddca42e4cf6d,2
,,,CC1CN(c2cc(=O)c3cc(C(=O)N4CCOCC4)cc(CN4CCOc5c(F)cccc54)c3o2)CCO1,9c468a3f618492a8,3
,,,O=C(C(=O)N1CCN(C(=O)c2ccccc2)CC1)c1c[nH]c2c(-c3nnc[nH]3)ccc(F)c12,cf9a3e10ff742a4b,2
,,,CS(=O)(=O)Nc1ccc(CCN(CCOc2ccc(NS(C)(=O)=O)cc2)c2ccc([N+](=O)[O-])c3nonc23)cc1,806461122348bbe5,2
,,,O=c1[nH]c2cc(-c3ccncn3)c(-c3ccco3)nc2[nH]1,e61e8223fe97d3be,3
,,,O=C1CC(=O)N(CCc2cccc(F)c2)C(=O)N1CCc1cccc(F)c1,cc5d9ff28cdeab2c,13
,,,C[C@@H]1CCCN1CCCOc1ccc(-c2ccc(O)nn2)cc1,1683b9ea8de16530,17
,,,CCOC(=O)c1cc(C#N)c(N2CCC(C(=O)NS(=O)(=O)Cc3ccc(F)cc3F)CC2)nc1C,1bb43ec2c3ba4b07,5
,,,COc1ccc2cc(C(=O)NC3(C(=O)N[C@H](Cc4ccccc4)C(=O)NCC4CCN(CC5CCOCC5)CC4)CCCC3)sc2c1,258c3304d556d846,1
,,,C[C@@H]1CCCN1CCCOc1ccc(-c2cnn(-c3ccccn3)c(=O)c2)cc1,c840da2d69f67491,11
,,,CC(=O)NC1(c2ccccc2)CCN(C[C@@H]2C[C@@]2(C(=O)N(C)Cc2ccccc2)c2ccc(Cl)c(Cl)c2)CC1,efb721130f95037f,1
,,,CC(Oc1cc(F)cc(F)c1)c1cc(C(=O)N(C)C)cc2c(=O)cc(N3CCOCC3)oc12,e267cc9473c89f19,5
,,,CC(C)C[C@@H]1NC(=O)CNC(=O)[C@@H]2CCCN2C(=O)[C@H](Cc2ccc(O)cc2)NC(=O)[C@H](Cc2ccccc2)NC(=O)[C@@H]2CCCN2C1=O,cd04e1edfa544831,3
,,,CCOC(=O)N(Cc1ccccc1-c1ccccc1)C1CCNC1,9b3995e52c8def7d,16
,,,Cc1nc(-c2nc[nH]n2)ccc1-c1cnc2c(n1)N(CC1CCOCC1)C(=O)CN2,7d731db958e31751,7
,,,COc1cnn(C)c(=O)c1-c1ccc(CC(NC(=O)c2c(Cl)cccc2Cl)C(=O)O)cc1,cd42d483e2f341db,14
,,,COc1cc(Nc2nc3n(n2)C(c2ccccc2)CCN3CC(C)(C)O)ccc1-n1cnc(C)c1,cfc44587d6aace79,11
,,,Cc1cc(NC(=O)c2c(NCc3ccncc3)ncn2C)ccc1C(F)(F)F,ed3c486185013f03,11
,,,COc1ccc(C(=O)NCc2cccc(C(=O)Nc3ccc(CN(C)C)cc3)c2)cc1Cl,415ee6cb44db74aa,3
,,,Cc1cc(COc2ccc(NC(=O)[C@@H]3[C@@H](C(=O)NO)CCCN3C)cc2)c2ccccc2n1,28bdefec380d01be,3
,,,O=[N+]([O-])c1cn2c(n1)OCC(OCc1ccc(N3CCCCC3)nc1)C2,568ad424693bbd07,4
,,,CN(c1ccc2c(c1)S(=O)(=O)N=C(C1=C(O)C3CCCN3N(CCC(C)(C)C)C1=O)N2)S(C)(=O)=O,8427f35c54066936,8
,,,NC(=O)CN1CCCNC(=O)CCCCC(=O)N[C@@H](Cc2ccccc2)C(=O)N[C@H](Cc2ccccc2)C(=O)N[C@@H](CCCN=C(N)N)C(=O)N[C@@H](Cc2c[nH]c3ccccc23)C1=O,3865300aa599dbb0,1
,,,O=C1CC(c2ccc(CC(Nc3nc4cc(Br)ccc4s3)c3nc4ccccc4[nH]3)cc2)S(=O)(=O)N1,f556cfc9e6aba653,8
,,,CC(C)C1NC(=O)c2csc(n2)C(C(C)C)NC(=O)C2CCCN2C(=O)C(C(C)C)NC(=O)C2CCCN2C(=O)C(Cc2ccccc2)NC1=O,5c6f6e3fe56ba816,1
,,,CC(=O)NC(CCN1C2CCC1CC(n1c(C)nc3ccccc31)C2)c1ccccc1,547f869fb2066e31,4
,,,COc1cc2ccccc2cc1C(=O)NC1(C(=O)NC(CCCN2CCN(CC3CCOCC3)CC2)Cc2ccccc2)CCCC1,fb8de9cc5228579d,1
,,,C=CC1CC1(NC(=O)C1CC(Oc2cc(OCC)nc3c(Cl)cccc23)CN1C(=O)C(CC(=O)Nc1ccccc1)C(C)(C)C)C(=O)NS(=O)(=O)C1CC1,eef53ceb3998b0ec,2
,,,CO[C@H]1C[C@H]2OC[C@@]2(OC(C)=O)[C@H]2[C@H](OC(=O)c3ccccc3)[C@]34OC(=O)O[C@H]3[C@H](OC(=O)[C@H](O)[C@H](CC(C)C)NC(=O)OC(C)(C)C)C(C)=C([C@@H](OC(=O)N(C)C)C(=O)[C@]12C)C4(C)C,6180ccdb19a7f230,1
,,,CCCCCCC(NC(=O)C(Cc1ccccc1)NC(=O)C(Cc1c[nH]c2ccccc12)NC(=O)C1CCCN1C(=O)C(Cc1ccc(O)cc1)NC(=O)CCC(=O)NC1OC(CO)C(O)C(O)C1O)C(N)=O,e3e60ea8f8abe3c5,1
,,,O=C(O)CCCN1CCOc2c(NC(=O)c3ccc(OCCCCc4ccccc4)cc3)cccc21,67074102f67f83cb,5
,,,CC(C)c1nnc(N2CCN(c3ncc(OCc4ccncc4C#N)cn3)C(C)C2)o1,8e2688cb0c7961df,3
,,,O=C(NC1(C(=O)N[C@@H](CCCN2CCN(CC3CCOCC3)CC2)Cc2ccccc2)CCCC1)c1ccc(-c2ccccc2)cc1,846e0a40802a82f4,5
,,,Oc1ncnc2c(-n3cc(CCN4CCC(c5cc(F)cc(F)c5)CC4)cn3)nccc12,0de0f41fd1f5dd57,3
,,,COc1cc(OC)c(C=CS(=O)(=O)Cc2ccc(OC)c(N)n2)c(OC)c1,9e2a97ff2ac4d12d,9
,,,COc1ccc(NC2=C(Cl)C(=O)c3ccncc3C2=O)cc1,c54b92d322ff5d53,8
,,,COc1cccc(CNC(=O)c2cc(-c3nnn(Cc4ccc(C(=O)O)cc4)n3)cc(C)n2)c1,ac74341d8031205c,20
,,,CN(C)C(=O)N1CCC(C(=O)NCc2cccs2)CC1,abd11251afd17b2a,9
,,,COCCC(=O)NC(C)c1ccc(Nc2ncc3cc(-c4ccncc4)ccc3n2)cc1,9590e5851816b6f2,14
,,,CN1CCN(c2nc(NCCNc3ccc([N+](=O)[O-])cc3)c3ccccc3n2)CC1,e06c3b0c1975261c,4
,,,CC(C)(CCCCCOCCc1ccccc1)NCCc1ccc(O)c2nc(O)sc12,77d68c74881ae001,5
,,,COCCNCc1cncc(-c2ccc(F)cc2OC)n1,c9d1b45cfba92e31,12
,,,O=C(Cc1ccc(OCc2ccccc2)cc1)NO,cbc9bb708fc39373,9
,,,O=C1COc2ccc(CNC3CCN(CCN4C(=O)COc5ccc(OC(F)(F)F)cc54)CC3)nc2N1,1ad22d95d5328827,3
,,,COc1ccc(NC(=O)c2ccnc(N)n2)cc1,834633db53c9d664,2
,,,OCC[C@@]1(c2cc3ccccc3o2)CCCNC1,e505efac1069cda0,5
,,,COc1cc(C(=O)c2cc(Cl)ccc2N)cc(OC)c1OC,eb7747ff42027a69,4
,,,O=c1[nH]c2c(O)ccc([C@@H](O)CNCCc3cccc(-c4cccc(CNCc5ccccc5)c4)c3)c2s1,bfbd348c547660bd,2
,,,C[C@H](CO)Nc1nc(SCc2ccccc2F)nc2nc(N)sc12,c72f14595ab33834,5
,,,Oc1ccc(-c2ccc3cc(O)ccc3n2)cc1,c798698436d4b9f4,6
,,,O=C(O)c1cn(C2CC2)c2cc(N3CCN(C(=O)CC[N+](=O)[O-])CC3)c(F)cc2c1=O,6907935eca154207,3
,,,CCN(CC)C(=O)c1ccc(C(=C2CCNCC2)c2cccc(C(F)(F)F)c2)cc1,3f5c0b1ba4d33acc,6
,,,NC(=O)c1ccc(=O)n(Cc2ccc(F)c(F)c2)c1,c12037f8671f2cd5,15
,,,CC(C)c1ccc(Sc2cnc(O)c(C(=O)NCc3ccccc3)c2)cc1,4f59fc929f8c68b1,9
,,,CCO/N=C(\c1ccc(Br)cc1)C1CCN(C2(C)CCN(C(=O)c3c(Cl)cncc3Cl)CC2)CC1,6645416dc6cca003,2
,,,COc1ccccc1C(=O)NCC12CC3CC(CC(C3)C1)C2,b36973b8f4ad0eec,5
,,,CN[C@@H](C)C(=O)N[C@H](C(=O)N[C@H]1CCCN(CCc2ccc(OC)cc2)C1)C(C)(C)C,ee81b6be135996b7,3
,,,Cc1cn([C@H]2CCCN(Cc3cccc(Oc4cccc(Br)c4)c3)C2)c(=O)[nH]c1=O,1f0c3209f284829d,4
,,,CC(C)C(NC(=O)Cn1c(-c2ccccc2)ccc(NC(=O)NCc2ccc[n+]([O-])c2)c1=O)C(=O)C(F)(F)F,f1e33edbed555dcd,1
,,,Nc1n[nH]c(N)c1Cc1ccc2c(c1)OCO2,01b366ecdfab7e7b,8
,,,O=C(Nc1ccc(N2CCOCC2)nc1)c1nnc(Nc2ccc(F)c(F)c2)o1,fa7661c4724221c6,4
,,,Cc1ccc(S(=O)(=O)Nc2ccc(/C=C/C(=O)Nc3ccccc3N)cc2)cc1,1c5b310f1bb684a7,10
,,,CC(C)C(NC(=O)Cn1c(-c2ccccc2)ccc(N)c1=O)C(=O)C(F)(F)F,ecb62f064bfba6c6,5
,,,CC(=O)Nc1ccc2ccn(-c3cc(NCCN4CCCC4)n4ncc(C#N)c4n3)c2c1,af35688d955a9159,4
,,,COc1cc(F)ccc1-c1cncc(CNC(=O)c2cnccn2)c1,facfc5dfb1f767cc,13
,,,Cc1ccc(-c2nccn2C)cc1NC(=O)c1ccc(OCc2ccccn2)cc1,68533a713e571c83,5
,,,CC(C)Nc1nc(NCc2ccccc2)c2sccc2n1,deec0ad319ab09cc,14
,,,Cc1ccccc1-c1c(C(=O)O)n(CCCOc2cccc3ccccc23)c2ccccc12,b378b37a4cf28b2d,5
,,,C1=C(c2cc3ccccc3o2)C2CCN1CC2,ab4be8bc710687a2,2
,,,COc1ccnc(NC2CCN(C(=O)c3ccc(Cl)cc3)CC2)c1,147e734cfc2c0d57,7
,,,O=C(O)c1ccccc1C(=O)N1CCC(N2CCC(Oc3ccc(Cl)c(Cl)c3)CC2)CC1,ff2b9274e9966747,6
,,,CC(C)(C)c1cc(O)n2nc(N)nc2n1,e12d97a8200822b0,1
,,,CC(=O)Nc1ccc2[nH]cc(-c3cc(NC4CC4)n4ncc(C#N)c4n3)c2c1,273cf99ac868480d,6
,,,CC[C@H](NC(=O)c1c(S(C)(=O)=O)c(-c2ccccc2)nc2ccccc12)c1ccccc1,b46ff96dd68fccbd,9
,,,COc1cc(/C=C2/SC(=O)NC2=O)cc(OC)c1O,d98ebe96b78430fc,2
,,,COC(Cn1c(=O)[nH]c2c(=O)n(CC(=O)NC(C(=O)C(F)(F)F)C(C)C)c(-c3ccccc3)cc2c1=O)OC,03920a704b52fb85,7
,,,CN(CC[C@@H](Oc1ccc(-c2ccccc2)cc1)c1ccc(F)cc1)CC(=O)O,f8af1a5a797c4a08,12
,,,NC(=O)c1cnc2[nH]c(-c3ccc(OCCN4CCCCC4)cc3)nc2c1NCCCNC(=O)C1CCC1,b88c6a5dc88c6813,1
,,,COc1ccc(-c2nc3c(NCCCNC(=O)C4CCCC4)c(C(N)=O)cnc3[nH]2)cc1,fb8e832ac22081da,6
,,,CCCC(=O)NCc1cncc(-c2ccc(F)cc2OC)c1,d750c50923592a3f,23
,,,O=C(c1cc(Cc2n[nH]c(=O)c3ccccc23)ccc1F)N1CCCNCC1,008308dd50a2ff05,12
,,,COCCN1CCN(CC(=O)Nc2ccc(-c3cccn4c(=O)cc(N5CCOCC5)nc34)c3sc4ccccc4c23)CC1,f9e136082f355933,4
,,,Cc1ccc(C(=O)NC2CCC2)cc1-n1cnc2ccc(N3CCN(C)CC3)cc2c1=O,cddbbe72ef0efce4,6
,,,O=C(NS(=O)(=O)c1ccc(NCCSc2ccccc2)c([N+](=O)[O-])c1)c1ccc(N2CCNCC2)cc1,9458cadb7554d726,8
,,,CC(C)[C@H]1C(=O)N[C@H](CO)Cc2ccccc2N1C,4c9631c0af870186,1
,,,CCNC(=O)c1cc2c(-n3ccc(C(F)(F)F)n3)c(-c3cncc(C(=O)NC)c3)cnc2[nH]1,f81fac75af1b8edc,11
,,,COc1cc(F)ccc1-c1cncc(CNC(=O)C2CC2)c1,a15ebd4d546eb863,18
,,,COc1ccc(-c2cc(Nc3ccn(C)n3)n3ncc(C#N)c3n2)cc1,29a60728802b4832,4
,,,CC1CC(=O)Nc2ccccc2N1,0e1dd16b52bde572,4
,,,O=C(CC12CC3CC(CC(C3)C1)C2)Nc1cccc2ncccc12,8c27e56fe6139013,6
,,,COc1cc(C(=O)NS(=O)(=O)c2ccccc2)ccc1Cn1cnc2ccc(NC(=O)CC3CCCC3)cc21,0c5951b62cdd2d42,3
,,,CCCc1c(OCc2cccc(NC(=O)Cc3ccccc3C(=O)O)c2)ccc(C(C)=O)c1O,28595724cda5d114,1
,,,Cc1oc(CN2CCNCC2)cc1C(=O)NCC12CC3CC(CC(C3)C1)C2,653fbeb1373a788a,4
,,,O=C(Nc1cccc(Cl)c1)N1CCN(C[C@@H]2CCCN(C3CC3)C2)CC1,d97dd65d263c74ee,5
,,,c1ccc(CN(Cc2ccccc2)c2nn[nH]n2)cc1,211ff0648fd50a09,6
,,,COc1ccc(-c2cc(O)c3cc(Cl)ccc3n2)cc1,2a0548ff50ebc70a,8
,,,O=C(Cc1c(C(=O)O)[nH]c2ccccc12)Nc1cccc(C(F)(F)F)c1,9039f0431b2375e5,5
,,,COc1cccc(C(COCc2cc(C(F)(F)F)cc(C(F)(F)F)c2)N2CCNCC2)c1,05df2d9fb34f0805,2
,,,CC(C)Cn1c(=O)n(C)c(=O)c2c(C(=O)N3CC[C@@H](O)C3)c(Oc3cccc4ccccc34)sc21,c8a883db1809a579,8
,,,Cn1c(N)nc(CCc2ccc3cc[nH]c3c2)cc1=O,f2e009b497b40487,8
,,,CC(=O)NC[C@H]1CN(c2ccc(N3CCN(c4ccc(C#N)cn4)CC3)c(F)c2)C(=O)O1,a4cfb2998dd95732,8
,,,O=C1NC(=O)c2cc(OCc3ccccc3)ccc21,a9ca2d171da9844a,5
,,,COc1cccc(/C=C2\SC(=O)NC2=O)c1N1CCC[C@@H](N)C1,e9669f284f49292d,5
,,,CC(C)C[C@H](CO)Nc1nc(SCc2ccccc2F)nc2nc(N)sc12,d5d0dfe5f6753b4e,2
,,,Cc1ccc(NC(=O)c2ccno2)cc1-n1cnc2ccc(N3CCN(C)CC3)cc2c1=O,80fe475d1c6c56ab,3
,,,CC(NC(=O)Cc1cc(F)cc(F)c1)C(=O)NC1C(=O)N(C)c2ccccc2-c2ccccc21,f7ab85079d8eeb0a,5
,,,NC1(c2ccc(-c3ncc4cccn4c3-c3ccccc3)cc2)CCC1,ac3159df36295fb9,9
,,,CC(C)C(=O)Nc1ccc2c(c1)C(=O)NC2=O,ce3ec670f262bac0,6
,,,CC(=O)Nc1ccc(O)cc1OC[C@@H](O)CN1CCC2(CC1)Cc1cc(F)ccc1O2,4bb77c869af88c5e,3
,,,O=C1COc2ccc(CNC3CCN(CCN4C(=O)COc5ccc(Br)cc54)CC3)nc2N1,dae5ad1f08171a03,6
,,,COc1cc2c(Nc3ccc(Cl)cc3F)ncnc2cc1OCCn1cncn1,b919be9b91a7d4a7,4
,,,O=c1cc(N2CCOCC2)oc2c(-c3cccc4c5c(sc34)CCCC5)cccc12,1779e428235ce8ec,5
,,,CC12NC(Cc3ccccc31)c1ccccc12,68904da3b7c44c44,4
,,,Cc1cn([C@H]2CCCN(S(=O)(=O)c3ccc(O)c(Oc4ccccc4)c3)C2)c(=O)[nH]c1=O,ab6d46d3947bd135,2
,,,O=C(NCc1ccncn1)c1ccc(Oc2ccc(C#C[C@@]3(O)CN4CCC3CC4)cc2)cc1,5f0a4cd3df3dcc27,18
,,,N#Cc1ccc(Nc2nccc(NC3CC3)n2)cc1,d8fe8b08aac4f974,8
,,,CN[C@@H](C)C(=O)N[C@H](C(=O)N[C@H]1C[C@@H]2CC[C@H]1N(CCc1ccccc1)C2)C1CCCCC1,287df21f809f67e3,3
,,,Oc1cc(-c2ccccc2)nc2ccccc12,b69ea9f07d7796eb,4
,,,NC(=O)c1cccc(N[C@H]2C[C@H]3CC[C@@H](C2)N3Cc2ccccc2)c1,a65ef1b21db86602,15
,,,O=C1C(=O)c2cc(-c3ccccc3F)ccc2-c2ccccc21,d2b1018cf24c1d41,4
,,,COCCNCc1ccc(-c2cc(C(N)=O)c(NC(N)=O)s2)cc1,03f7b97cf4ef3ab6,4
,,,COc1cc(N2CCN(CCS(C)(=O)=O)CC2)ccc1Nc1ncc(Cl)c(-c2cnc3ccccn23)n1,de6b883584880e2f,4
,,,Cc1ccc(-c2cn(C)c(C)n2)cc1NC(=O)c1ccc(OCc2ccccn2)cc1,2f05b000a641e911,7
,,,CCOc1cc2nnc(C(N)=O)c(Nc3ccc(F)cc3F)c2cc1N1CCN(C)CC1,40156a5fc4fb7f33,1
,,,COc1ccc(-c2nc(N3CCOCC3)nc(O)c2C#N)cc1,1e516da29d461aea,5
,,,COc1cc2ncc(C(N)=O)c(Nc3ccc(F)cc3F)c2cc1N1CCN(C)CC1,e8b874caa3c0dde2,11
,,,CCN(CC)CCOc1ccc(N(C)C(=O)c2ccc(-c3ccc(C(F)(F)F)cc3)cc2)cc1OC,dcf3691c3a5f0da4,4
,,,Nc1nc(N)c2nc(CO)cnc2n1,698291f71813bf76,1
,,,O=C1/C(=N\O)c2ccccc2N1Cc1ccccc1[N+](=O)[O-],794b077927c55131,5
,,,CCN(CC)C(=O)c1ccc(C(=C2CCNCC2)c2ccccc2OC)cc1,2ad6048b615e5859,4
,,,Cc1cc(Nc2nc(N[C@@H](C)c3ccc(F)cn3)c(C#N)nc2C)n[nH]1,4bad96967a367cce,4
,,,Nc1c(C(=O)NC2CC2)nnc2c(-c3ncccn3)c(F)ccc12,3fef38cc9fbf81a1,2
,,,COCCOc1ccc(C(=O)Nc2cc(NC(=O)c3cccc(N(C)C)c3)ccc2C)cc1,bb1a5b03d3123f56,4
,,,O=C(NO)[C@@H](Cc1ccc2ccccc2c1)NS(=O)(=O)c1ccc2ccccc2c1,e1b3adf0a7ef75f5,7
,,,O=C(NCc1ccc(OC(F)(F)F)cc1)C1c2ccccc2C(=O)N1CC1CC(F)(F)C1,75c1a8800a63c545,6
,,,O=[N+]([O-])c1c(Cl)c(Cl)cc2nc(O)c(O)nc12,ffc07eac8b41bec5,1
,,,O=C1O[C@@H](Cn2nncc2F)CN1c1ccc(C2=CCS(=O)(=O)CC2)c(F)c1,3e56a8e105594ee5,8
,,,CC1CN(C(=O)c2nnc3c(-c4ncccn4)cccc3c2N)C1,32ee9c9b0533a659,4
,,,Nc1nc(SCc2ccccc2)nc2c1ncn2[C@@H]1O[C@H](CO)[C@@H](O)[C@H]1O,9f458cea602b02c6,10
,,,N#Cc1cnn2c(NC3CC3)cc(-n3ccc4ccc(CO)cc43)nc12,d0455cdba8e174be,12
,,,CN1CCOc2cc(OC(=O)c3ccccc3)cnc21,edd2d80147fae119,4
,,,COc1cc(C(=O)NS(=O)(=O)c2ccccc2)ccc1Cn1ccc2ccc(C(=O)NCC3CCCC3)cc21,9e5bef63d57111ff,3
,,,NC1(c2ccc(-c3nn4ccc(=O)nc4cc3-c3ccccc3)cc2)CCC1,1ceb5051edd80952,8
,,,C#CC(C)(C)NC(=O)c1sccc1Oc1ccc(F)cc1[N+](=O)[O-],c200507d9783baf3,3
,,,O=C1CCOc2nc(C#CC3CCCCC3)ccc21,6d3b27fa4d54a526,2
,,,COc1ccc2c(C)cc(N[C@H]3CCC[C@H](NCc4cccc(OC(F)(F)F)c4)C3)nc2c1,8dce7393291730fb,1
,,,C[C@H](Nc1nc(Nc2cc(C3CC3)[nH]n2)cnc1C#N)c1ccc(F)cn1,86d5d1cf708211cb,11
,,,O=C(CC12CC3CC(CC(C3)C1)C2)Nc1cccc2nc(NCCNCCO)ccc12,1826afd86d221ae9,4
,,,Oc1nc2ccccc2nc1NCc1ccccc1,01d312a4892c3f1f,2
,,,COc1ccc(Cl)c(Nc2ncnc3cc(OC)cc(OC4CCN(C)CC4)c23)c1,8c722ffe5bdb30a2,1
,,,CNc1nc2nc(SCc3cccc(F)c3F)nc(N[C@H](C)CO)c2s1,de4f4f0cc186c762,9
,,,Cc1ccc(S(=O)(=O)Nc2c(C(=O)N[C@@H](C)C(C)(C)C)c(C)nn2C2CCC2)cc1,929e671b041fb08e,3
,,,c1ccc2sc(C3CCCNC3)nc2c1,f50efcb86d72a59a,3
,,,Cc1cn([C@H]2CCCN(S(=O)(=O)c3cccc(Oc4ccccc4)c3)C2)c(=O)[nH]c1=O,8f4b61d3c0931257,6
,,,Cc1cc(O)nc(-n2nc(C)c(Oc3ccccc3O)c2C)n1,149ae41192693733,4
,,,COc1ccc2c(C)nc(NC(=N)N)nc2c1,7f362e70c2827dd1,4
,,,O=C(Nc1ccc(C(F)(F)F)c(Cl)c1)N1CCN(C[C@@H]2CCCN(C3CC3)C2)CC1,d7027b99c619b9fe,4
,,,CN1CCOc2cc(COC3CCCCC3)cnc21,324e880a90508d82,6
,,,COc1ccc(-n2cnc3cc(NS(=O)(=O)c4ccccc4)ccc32)cc1,e60f1c1d1c44738e,17
,,,Cc1ccc(-c2ncc(CN3CCOCC3)s2)cc1NC(=O)c1ccc(OCc2ccccn2)cc1,949a6546977f9de8,5
,,,CCC(NC(=O)c1c(S(C)=O)c(-c2cccs2)nc2ccccc12)c1ccccc1,7a0b98eac0ee81d4,6
,,,COc1cc(-c2nnc(S)n2-c2cccc(C(F)(F)F)c2)cc(OC)c1OC,f4aa0df192df77cd,8
,,,Cc1ccc(-c2[nH]cnc2C)cc1NC(=O)c1ccc(OCc2ccccn2)cc1,1e54699a03e74ca8,4
,,,CC(C)C(NC(=O)Cn1c(-c2ccccc2)ccc(NC(=O)OCc2ccc(C(=O)O)cc2)c1=O)C(=O)C(F)(F)F,d197818f9cb8564c,3
,,,CC(NC(=O)C1(N)CCN(c2ncnc3[nH]ccc23)CC1)c1ccccn1,659c394e80cf2575,8
,,,COc1cc(F)ccc1-c1cccc(CNC2CCCC2)c1,a3a9e9a355c99be2,3
,,,COc1ccc2nc(C)cc(N3CC(CNC(=O)C4CC4)OC3=O)c2c1,3560e398ad17deb8,5
,,,O=C(c1ccc(C(=C2CCN(Cc3cscn3)CC2)c2cccc3cccnc23)cc1)N1CCCC1,94da3df22bba8e85,4
,,,CC(C)C(NC(=O)Cn1c(-c2ccccc2)cc2c(=O)n(CCN3CCOCC3)c(=O)[nH]c2c1=O)C(=O)C(F)(F)F,518ea5a41f43bbba,1
,,,Cc1nc2ccc(NC(=O)CCNC(N)=O)cc2s1,ecaa802cf8ec2840,7
,,,CC(C)Cn1c(=O)n(C)c(=O)c2c(C(=O)N3CCCCC3)c(Cc3ccccc3C(F)(F)F)sc21,257fe4d8e845874e,4
,,,COc1nc(Cl)cnc1NS(=O)(=O)c1cccc2c(N(C)C)cccc12,7c341cd48320c6b4,9
,,,CN(C)C(=O)N[C@H]1CC[C@@H](CCN2[C@@H]3CC[C@H]2C[C@@H](Oc2cccc(C(N)=O)c2)C3)CC1,1487d21577eb75cc,4
,,,Cc1ccc(S(=O)(=O)Nc2c(C(=O)N(C)C3CCCCC3)c(C)nn2-c2ccccc2)cc1,3ebb891a3752cacd,1
,,,CN(CCCc1ccccc1)S(=O)(=O)c1cc(C(=O)N2CCc3ccc(S(=O)(=O)NCCc4ccccc4)cc3C2)c(O)c(O)c1O,103eb4cff09d6442,3
,,,NS(=O)(=O)c1ccc(Nc2nccc(-c3ccccc3)n2)cc1,ca99f7445aa78427,8
,,,c1ccc(-c2[nH]nc3ccccc23)cc1,77eb786ecfcd39aa,2
,,,Cn1c(SCc2c(Cl)cccc2Cl)nnc1-c1ccc2nonc2c1,3dd3cb441dbe9d96,11
,,,COc1cccc(C(=O)NCCCOc2cccc3ccc(N)nc23)c1,da7a5a480e94ec1f,8
,,,CCOC(=O)C1(c2cccc(O)c2)CCCN(CC2CC2)C1,ef72eff963d54bee,10
,,,N[C@H](CNC(=O)c1cc2c(-c3ccccc3Cc3ccccc3)cccc2[nH]1)C(=O)O,7c2df54776390fd4,1
,,,CN[C@@H](C)C(=O)N[C@H](C(=O)N[C@H]1CCCN(Cc2ccccc2)C1)C1CCCCC1,ae1a90c43372633f,4
,,,CC1CCC(CC(=O)Nc2cccc3ncccc23)CC1,a687a91a48dd1a23,3
,,,COc1ccc(OC)c(CNc2n[nH]c3ccnc(Oc4ccccc4)c23)c1,4b5a7e223ecfbb87,9
,,,Cc1c(O[C@H]2C[C@H]3CC[C@@H](C2)N3Cc2ccccc2)cccc1C(N)=O,420aadf21231a92f,10
,,,CC(CO)(CO)Nc1nc(SCc2cccc(F)c2F)nc2nc(N)sc12,406d5303d380ff91,1
,,,CCN(C(=O)Cc1ccc(S(=O)(=O)N(C)C)cc1)C1CCN(CCC(c2ccccc2)c2ccccc2)CC1,cc6147c73e2d3ef4,3
,,,O=C(NC[C@@H](O)CN1CCC(Oc2ccc(Cl)c(Cl)c2)CC1)c1c[nH]c(=O)c2ccccc12,95c04fc769e7f5ec,4
,,,COc1ccnc(CCc2nc3c(C)ccnc3[nH]2)c1,33de03f4dd5c2c75,9
,,,CN[C@@H](C)C(=O)N[C@H](C(=O)N[C@H]1CCN(CCCc2ccccc2)C1)C1CCCCC1,19e07c4357556375,4
,,,O=C(Cc1ccc(Oc2ccccc2)cc1)NO,0f3b9912e4e8b004,7
,,,CCC(c1nc2ccsc2c(=O)n1Cc1ccccc1)N(CCCN)C(=O)c1ccc(C)cc1,7020de36bdd0b358,3
,,,CCC(c1nc2nccnc2c(=O)n1Cc1ccccc1)N(CCCN)C(=O)c1ccc(C)cc1,765bf24b1aa361ae,1
,,,CC(C)C(=O)NCCNCC(O)COc1ccc(O)cc1,78aea4b976ee7b0e,10
,,,O=C(NCc1ccccn1)c1ccc(Oc2ccccc2)cc1,0215bcba9999884d,13
,,,Nc1cc2n[nH]c(=O)n2c2cc(-c3cccs3)ccc12,788c896cacd36d60,3
,,,COC(=O)c1ccc2c(c1)N(CCN1CCC(NCc3ccc4c(n3)NC(=O)CO4)CC1)C(=O)CO2,a89b19ec5661cdfb,2
,,,COc1ccc(-n2sc3ccccc3c2=O)cc1,0873ec6efa06facd,2
,,,Cc1ncc(-c2ccnc(Nc3ccc(C(=O)NCCN(C)C)c(F)c3)n2)n1C(C)C,23a34ecee6a2aa13,13
,,,CCCN1CCC(Oc2nccc(Nc3cc(NC(=O)c4cccc(N5CCOCC5)c4)ccc3C)n2)CC1,8536f7055d8d83a2,4
,,,Cc1cc(C)c(C(=O)N[C@@H](Cc2ccc(OCCCNc3ccccn3)cc2)C(=O)O)c(C)c1,7c6355a7540cd4e8,3
,,,CN(C)CC(O)COc1ccc(Nc2cc(Nc3ccc(F)cc3F)ncn2)cc1,83a90520a2157c03,5
,,,Cc1nn(C2CCOCC2)c(NS(=O)(=O)c2ccc(C3CC3)cc2)c1C(=O)N[C@@H](C)C(C)(C)C,57b77e9a33b6ad6e,1
,,,Cc1cc(Nc2ncc(F)c(N[C@H]3[C@@H](C(N)=O)[C@@H]4C=C[C@H]3C4)n2)ccc1N1CCN(C)CC1,e31b5aa576d9a2c5,3
,,,COc1ccc(Cl)cc1NC(=O)CCS(=O)(=O)c1ccc(Br)cc1,a1db68c417b21237,3
,,,CCN1CCN(CC(=O)Nc2ccc(-c3cccc4c(=O)cc(N5CCOCC5)[nH]c34)c3sc4ccccc4c23)CC1,09d90d2ab7c84399,2
,,,COc1cc(N2CCN(C)CC2)c2nc(C(=O)Nc3ccc(N4CCOCC4)cc3)cc(N(C)C)c2c1,753df45d14ab9a1e,6
,,,CCOc1cc(Nc2nc3c(cc2F)ncn3[C@@H](CO)c2ccc(F)cn2)n[nH]1,e2fbcca64ded33e3,4
,,,C[C@H](NC(=O)c1cccnc1Oc1ccccc1)c1ccccc1,43fdfc1fe14ccf9e,3
,,,COc1ccc(/C=C2\SC(=S)NC2=O)cc1OC,31bb569a2ee9cf19,5
,,,Cn1cnc2cc(OC(=O)c3ccccc3)cnc21,00ab553cc4879499,2
,,,O=C(Cc1ccccc1)Nc1nccs1,1b15db10d76e0be0,2
,,,Oc1ccc(-c2nc3ccc(O)cc3o2)cc1,33579f486385d30d,4
,,,CN[C@@H](C)C(=O)N[C@H](C(=O)N[C@H]1CCCN(CCc2ccc(O)cc2)C1)C(C)(C)C,0dca451e43ba8a9d,4
,,,Cn1cnc2cc(C#Cc3ccccc3)cnc21,c806c8b18e391e9e,1
,,,CC(NC(=O)C1CCCCN1C)c1ccc(Nc2ncc3cc(-c4ccncc4)ccc3n2)cc1,b296e32ddd05c74c,2
,,,CC(C)C(NC(=O)Cn1c(-c2ccccc2)ccc(NC(=O)CN2C(=O)CCC2=O)c1=O)C(=O)C(F)(F)F,cd188b3cdc2409bd,2
,,,COc1ccccc1S(=O)(=O)NC(=O)N1CCC(N2CCC(Oc3ccc(Cl)c(Cl)c3)CC2)CC1,a26292caf3ce49c4,1
,,,O=S1NC(Cc2ccc3ccccc3c2)=NO1,cdfddf6822c82d3d,6
,,,NC(=O)c1sc2nccc(Nc3ccccc3)c2c1N,d71585ec6d8d2bf4,5
,,,COc1ccc(OC)c(-c2cccc3c(N)c(C(=O)NC4(C)CCC4)nnc23)c1,b47e7c2787aff68a,19
,,,Cc1ccc(-c2ncc(C)n2C)cc1NC(=O)c1ccc(OCc2ccccn2)cc1,d2423e2238ecd4ba,1
,,,CNc1nc(C)c(-c2nc(Nc3cccc(N4CCNCC4)c3)ncc2C#N)s1,7f4e7702a8259784,10
,,,CC(=O)N[C@@H]1CC2(CCN(Cc3ccc4[nH]c5ccccc5c4c3)CC2)c2ccccc21,b0165c7656e8b8d5,1
,,,O=C1CCOc2nc(OCc3ccccc3)ccc21,c3ba31e9d9b1a3d6,6
,,,CCc1nc2c(N)nc3ccccc3c2n1CC(C)(C)O,e1b6f78a75dcb6b8,14
,,,CC[C@H](NC(=O)c1c(N)c(-c2ccccc2)nc2ccccc12)c1ccccc1,72ab45aacae6dfc8,9
,,,O=C(Nc1ccc(F)cc1)c1cccnc1Oc1ccccc1,037b42e40c433815,2
,,,CCNc1nc(C#N)nc(Nc2ccccc2)n1,de501a9d718e57a8,9
,,,Cc1cc(N)c2cc(NC(=O)CCCCC(=O)Nc3ccc4nc(C)cc(N)c4c3)ccc2n1,3a5a6f851b5ad2a8,5
,,,COc1ccc(-c2nc3c(NCC4CCNCC4)c(Br)cnc3[nH]2)cc1,1ebb3ff3654f4c82,5
,,,Cc1c(Cl)ccc(OC2CCN(C[C@H](O)CNC(=O)c3c[nH]c(=O)c4cc(S(C)(=O)=O)ccc34)CC2)c1Cl,57ee053b72db08c9,5
,,,CN[C@@H](C)C(=O)N[C@H](C(=O)N(C)[C@H]1CCCN(CCc2ccccc2)C1)C1CCCCC1,90a334abd5328404,5
,,,CCCCN1Cc2c(nc3cc(-c4ccco4)nn3c2O)C1=O,722e71f458598737,11
,,,Cc1cc(Oc2ccnc(Nc3cccc(N4CCOCC4)c3)c2)c(-c2ccccn2)nc1C,c35bc3368d5122d8,1
,,,O=c1c(-c2ccc(F)cc2)coc2cc(O)cc(O)c12,f3620074c6051310,4
,,,CCOc1ccc2nc(NC(=O)CC)sc2c1,3fbcf911f3246461,9
,,,COc1ccc(NC(=O)CSc2nnc(C)n2-c2ccc(C)cc2)cc1,6ce18416684cec4e,13
,,,COc1ccc(S(=O)(=O)NCC(c2ccccc2)N2CCCCCC2)cc1,5555ff3d5810b9b5,5
,,,NC(=O)c1cc(O)cc2nc(-c3ccc(O)cc3)oc12,a2243aae862f28ef,4
,,,Cc1cn(C2CCCN(Cc3cccc(Oc4ccccc4)c3)C2)c(=O)[nH]c1=O,c116d9c4d906e7fa,7
,,,CC(C)C(NC(=O)Cn1c(-c2ccccc2)ccc(NC(=O)NCc2ccncc2)c1=O)C(=O)C(F)(F)F,034bfd9ca62829c2,1
,,,Cc1c(-c2ccc(O)cc2)c(=O)oc2cc(O)ccc12,e5a0a3632689ee4e,4
,,,O=C(Nc1ccc(Cl)c(Cl)c1)N1CCN(C[C@@H]2CCCN(CC3CC3)C2)CC1,4b7365a2a9b0222f,2
,,,C[C@H](Nc1nc(Nc2ncc(C#N)s2)cc(N2CCOCC2)n1)c1ncc(F)cn1,f69b4b13056eca79,3
,,,O=C1COc2ccc(CNC3CCN(CCN4C(=O)COc5ccc(O)cc54)CC3)nc2N1,d506588c82d9174b,3
,,,COc1ccc(-c2cc(O)nc(N)n2)cc1,11caf2bb50c94a8d,4
,,,Cc1cc(C)nc(SCC(=O)Nc2cc(C)on2)n1,0cf8d667f983ce59,4
,,,COc1cc(OC)c(S(=O)(=O)N(c2ccccc2)C(C)C)cc1NC(C)=O,f77708b7408fc02f,4
,,,CCc1[nH]c2nc(Sc3cnc4ccc[n+]([O-])c4c3)nc(N3C[C@@H]4[C@@H](N)[C@@H]4C3)c2c1Cl,72e97b17d981e804,12
,,,CNc1cnc(-c2ccc(F)cc2)n(CC(=O)NC(C(=O)C(F)(F)F)C(C)C)c1=O,fa0b0d57aaaadf2c,4
,,,O=C(NCC12CC3CC(CC(C3)C1)C2)c1ccccc1,ac4618ffc273ade6,4
,,,c1ccc(-c2ccc(C3CN4CCC3CC4)cc2)cc1,9adf1d2888743f80,8
,,,O=S(=O)(Nc1cccnc1)c1cccs1,4ec20465b4379663,10
,,,CC(=O)Nc1ccc(-c2ccnc(Nc3ccc(N4CCOCC4)cc3)n2)cc1,65a45a41cede0fbf,6
,,,CN1CCC(NC(=O)c2ccc(Oc3ccc(C#C[C@]4(O)CN5CCC4CC5)cc3)cc2)CC1,fc9155a7f7518abd,3
,,,CNC(=O)c1cccc(NC(=O)Nc2cccc(C#N)c2)c1CN1CCC(Cc2ccc(F)cc2)CC1,3f8ed4843111b26a,6
,,,Nc1ccc(Cl)c(-c2nc3ncccc3o2)c1,92461d351a75df93,2
,,,Cc1cc(NCc2ccccc2)nc2ccccc12,3fbcecffe7ea41d7,4
,,,Cc1cc(Nc2nc(N[C@@H](C)c3ccc(F)cn3)c(C#N)cc2F)n[nH]1,8513e5c4a7439ccd,4
,,,O=C(NC[C@@H](O)CN1CCC(Oc2ccc(Cl)c(Cl)c2)CC1)c1c[nH]c(=O)c2c(F)cccc12,97ca29f3f16388f0,4
,,,CC(C)C(NC(=O)Cn1c(-c2ccc(F)cc2)ncc(NC(=O)OCc2ccccc2)c1=O)C(=O)C(F)(F)F,701eba5b8290c68d,3
,,,O=C1[C@@H]2[C@@H]3CC[C@@H](C3)[C@@H]2C(=O)N1[C@H]1CC[C@H](C(=O)Nc2cccc3cccnc23)CC1,dfff40d2c2942a2b,1
,,,COc1cccc(-c2ccc(/C=C3\SC(=S)N([C@@H](Cc4ccccc4)C(=O)O)C3=O)cn2)c1OC,a2d8b038c880a873,7
,,,CCOC(=O)[C@H](Cc1ccc([N+](=O)[O-])cc1)NC(=O)c1ccccc1,991f750de1724d98,11
,,,Cc1[nH]c(C(=O)NC2CCN(c3cc(C(=O)O)cc(Cl)n3)CC2)c(Cl)c1Cl,dee96847753e9dbc,4
,,,COc1cc(N2CC[C@@H](N(C)C)C2)c2[nH]c(C(=O)Nc3ccc(N4CCOCC4)cc3)cc(=O)c2c1,53f99b8ca648811f,4
,,,CONC(=O)c1cnc(N2CCC(NC(=O)c3[nH]c(C)c(Cl)c3Cl)CC2)s1,00e6d4513e42169f,3
,,,Cc1cc2n[nH]c(=O)n2c2cc(-c3ccc(C(=O)N4CCOCC4)cc3)ccc12,4d3e42ce0d49998b,6
,,,COC(=O)N1CCN(c2ccnc(-n3ccnc3)n2)C(CC(=O)NCc2ccc3c(c2)OCO3)C1,e0c19b7ca9a74942,2
,,,COCCNC(=O)c1ccc(Nc2ncc3cc(-c4cccnc4)ccc3n2)cc1,1e88e3d4174576da,24
,,,Cc1ccc(S(=O)(=O)NC(=O)N2CCC(N3CCC(Oc4ccc(Cl)c(C)c4Cl)CC3)CC2)cc1,1055d761061b01d9,4
,,,CC1=C(C2=C(C)C(=O)c3c(cc(O)c(O)c3Cc3ccccc3)C2=O)C(=O)c2cc(O)c(O)c(Cc3ccccc3)c2C1=O,3880b8c28ae73acc,10
,,,Cc1ccc(S(=O)(=O)Nc2c(C(=O)N[C@@H](C)C(C)(C)C)c(C)nn2C(C)C)cc1,585a75cc60495b93,3
,,,O=C(NCC12CC3CC(CC(C3)C1)C2)c1ccccc1Br,abdce7bc53ff3ebc,6
,,,N#Cc1cccc(S(=O)(=O)NC(=O)N2CCC(N3CCC(Oc4ccc(Cl)c(Cl)c4)CC3)CC2)c1,7a71ebb5b227e109,5
,,,CC(C)N(CCNCCc1ccc(O)c2[nH]c(=O)sc12)C(=O)CCOCCc1ccccc1,3c42075b419542b1,1
,,,O=C(NC[C@@H](O)CN1CCC(Oc2ccc(Cl)c(Cl)c2)CC1)c1c[nH]c(=O)c2cc(S(=O)(=O)NCCO)ccc12,7c73c17f31ed6ca2,2
,,,CC(NC1=NC(=O)C(C)(C(F)(F)F)S1)c1ccccc1F,a4aab22cfaacf614,12
,,,COc1cc(-c2nn[nH]n2)ccc1Cn1ccc2ccc(NC(=O)OC3CCCC3)cc21,a8fad223c1542d98,6
,,,CC(C)Cn1c(=O)n(C)c(=O)c2c(C(=O)N3C[C@H](O)CO3)c(Cc3c[nH]c4ncccc34)sc21,8bc6814034f628ec,2
,,,CCC(CC)NC(=O)c1cnn(Cc2ccccc2)c1NS(=O)(=O)c1ccc(C)cc1,4fcfb23f00f49bab,4
,,,O=C(COCc1ccncc1)N1CCC(c2ccc(F)cc2Cl)CC1,92ece2f34236cdde,4
,,,CN(C)C(=O)N[C@H]1CC[C@H](CCN2CCN(c3ccc(Cl)cc3)CC2)CC1,686214c53f234053,4
,,,Nc1n[nH]c(Nc2ccccc2)n1,89434e52e007e6d9,3
,,,Cc1nn(-c2ccc(F)cc2)c(NS(=O)(=O)c2cccnc2)c1C(=O)N[C@@H](C)C(C)(C)C,1f2bf19cc0eddb26,5
,,,CN1CCCC1CCNC(=O)c1ccc(Nc2ncc3cc(-c4ccncc4)ccc3n2)cc1,4cd3b18e82748f81,8
,,,O=c1[nH]c(S)nc2[nH]cnc12,f9389b5f22899233,1
,,,O=C(N[C@H]1CN2CCC1CC2)c1ccc(-c2ccccn2)s1,5b3a5bf2929432cb,3
,,,Cc1ccc(-c2csc3ncnc(O)c23)cc1,a7464c3cf20660cd,3
,,,CN1CCN(C(=O)c2ccc(C(=C3CCN(Cc4cscn4)CC3)c3cccc4cccnc34)cc2)CC1,d6d18551b26e3b8f,4
,,,CC(C)Nc1ccc2cnn(-c3cncc(-n4ccc(CC(=O)O)c4)n3)c2c1,287690fc7e549a22,4
,,,CC(C)Cn1c(=O)n(C)c(=O)c2c(C(=O)N3C[C@@H](O)[C@@H](O)C3)c(Cc3ccnc4ccccc34)sc21,a873229df71a13aa,7
,,,Nc1cccc2c1C(=O)C(=O)c1ccccc1-2,c80facc512f948f5,2
,,,CC(C)Cn1c(=O)n(C)c(=O)c2c(C(=O)N3CC[C@@H](O)C3)c(Cc3c[nH]c4ccccc34)sc21,0dc1bb1ad6fc22bf,7
,,,CS(=O)(=O)c1ccc2c(C(=O)NC[C@@H](O)CN3CCC(Oc4ccc(Cl)c(Cl)c4)CC3)c[nH]c(=O)c2c1,bb448eb2bc996caf,5
,,,CCC(c1nc2sccc2c(=O)n1Cc1ccccc1)N(CCCN)C(=O)c1ccc(C)cc1,d5a7f08f500788c8,7
,,,COc1cc2ncnc(Nc3ccncc3)c2cc1OC,1083543616bf32ee,3
,,,COc1cc2c(Nc3c(Cl)ccc4c3OCO4)ncnc2cc1OCC1CCN(C)CC1,e2f5844f1a1d0d00,3
,,,O=C(c1ccc(-c2noc(=O)[nH]2)cc1)N1CCC(N2CCC(Oc3ccc(Cl)c(Cl)c3)CC2)CC1,739ed53aba6e4be2,10
,,,CC(=O)Nc1ccc2c(c1)c(-c1cc(NC3CC3)n3ncc(C#N)c3n1)cn2C,4a7e4b1a9d40a8fc,4
,,,O=C(CCS(=O)(=O)c1ccc(Br)cc1)NCc1ccc(F)cc1,94422f4665ad797a,5
,,,OC1(c2ccccc2)CNCCc2ccccc21,603773de6ae879eb,7
,,,CC(C)C(NC(=O)Cn1c(-c2ccccc2)ccc(NS(N)(=O)=O)c1=O)C(=O)C(F)(F)F,7239a91d701a61b8,2
,,,Cc1nc2nc(NC(=O)c3ccc(F)cc3)nn2c(O)c1Cc1ccccc1,4def13e97fd4063d,8
,,,CCC(NC(=O)c1c(S(C)=O)c(-c2ccccc2)nc2c(F)cccc12)c1ccccc1,faa945ec71493e15,8
,,,N=C(N)Nc1ccc(C(=O)Oc2ccc([N+](=O)[O-])cc2)cc1,326fbacfca5dc64b,7
,,,CN[C@@H](C)C(=O)N[C@H](C(=O)N[C@H]1CCN(C(=O)c2ccccc2)C1)C1CCCCC1,26aa9c93837353cb,2
,,,Nc1ncnc2c1ncn2[C@@H]1O[C@H](CSCCCNC(=O)Nc2ccccc2)[C@@H](O)[C@H]1O,7a1537a307b2b09f,4
,,,Nc1nc2ccccc2n1C(=O)c1ccccc1,59a933f35e7981cf,2
,,,CN[C@@H](C)C(=O)N[C@H](C(=O)N[C@H]1CCN(C(=O)Cc2ccccc2)C1)C1CCCCC1,0ef3eded327408dd,3
,,,Cc1ccc(-c2ccc(N)nn2)cc1NC(=O)c1ccc(OCc2ccccn2)cc1,7b6ba3c3975fc526,4
,,,O=C(c1ccc(C(=C2CCN(Cc3cscn3)CC2)c2cccc3cccnc23)cc1)N1CCOCC1,9ee62085a228fbda,5
,,,O=C1N=C(O)NC1(c1ccccc1)c1ccccc1,ef8b93c41b56b87d,2
,,,O=c1c(-c2ccc([N+](=O)[O-])cc2)coc2cc(O)cc(O)c12,3b73ba9863414aff,4
,,,CCOc1ccc(-n2c([C@@H](C)N(Cc3cccnc3)C(=O)Cc3ccc(C(F)(F)F)cc3)nc3ccccc3c2=O)cc1,a52053caa941f8fe,5
,,,CCN1CCC[C@H](CN2CCN(C(=O)Nc3ccc(Cl)c(Cl)c3)CC2)C1,80eb9d9d588350e8,1
,,,CC(C)Oc1cc(Nc2nc3c(cc2F)ncn3[C@@H](CO)c2ccc(F)cn2)n[nH]1,1f0cc30b6e0fca42,5
,,,O=C(Nc1cccc(-c2nnn[nH]2)c1)c1cc(F)cc2[nH]cnc12,8000c81cb72da964,3
,,,O=[N+]([O-])c1cccc2ccc(C(Cl)(Cl)Cl)nc12,d85e7df5437c0807,1
,,,CNc1c(C(N)=O)cnc2[nH]c(-c3ccc(OCCN4CCOCC4)cc3)nc12,9530e1e70da37fab,3
,,,O=C1NC(=O)/C(=C\c2ccc3c(c2)OC(F)(F)O3)S1,91978b2345c67f09,1
,,,O=C1CN(/N=C/c2ccc(-c3ccc([N+](=O)[O-])cc3)o2)C(O)=N1,bacac7c6280aa857,3
,,,COc1cc(F)ccc1-c1cc(CNC2CCCC2)ccn1,e917cc54e8097e54,8
,,,CCOc1ccccc1-c1ccc(-c2nc3ccc(F)cc3c(N[C@H](C)C(=O)O)c2C#N)cc1,d2efcdf7b793df9c,5
,,,Cc1ccccc1Cn1ccn2c(=O)cc(N3CCOCC3)nc12,cc8883c68dff9ce2,6
,,,Oc1cccc(-c2nc3ccc(O)cc3s2)c1,4a2fcadd35a528d5,7
,,,Cn1sc(NC(=O)c2ccccc2)nc1=O,36a9a7405a097ac0,2
,,,Cc1cccc(C)c1OC[C@H](C)N,39065ac922b83a82,8
,,,CS(=O)(=O)c1ccccc1C(=O)NC[C@@H](O)CN1CCC(Oc2ccc(Cl)c(Cl)c2)CC1,a36ea4d9eb5f933c,2
,,,Cc1nc(C(=O)N2CCCC3(CCN(Cc4ccccc4)CC3)C2)cs1,55e55c9b75887170,5
,,,CCOC(=O)C1=C(C)NC(C)=C(C(C)=O)[C@H]1c1cccc2c(=O)cc(C)oc12,5c376f6407597375,9
,,,N#Cc1cnn2c(N)cc(-c3cccs3)nc12,d38955c70e2d3b03,2
,,,CC(C)C(NC(=O)Cn1c(-c2cccs2)ncc(NC(=O)OCc2ccccc2)c1=O)C(=O)C(F)(F)F,85e946eee57fd330,1
,,,O=C(NO)C1COC(c2ccc(F)c(C(F)(F)F)c2)=N1,d095a46d06e1565c,4
,,,COc1ccc(Cn2c(=O)[nH]c3c(=O)n(CC(=O)NC(C(=O)C(F)(F)F)C(C)C)c(-c4ccccc4)cc3c2=O)cc1,994011557e9c6b5d,12
,,,CCS(=O)(=O)c1ccc2c(c1)N(CCN1CCC(NCc3ccc4c(n3)NC(=O)CO4)CC1)C(=O)CO2,8065b9756ec7def5,1
,,,CSc1nc(-c2ccccc2)nn1Cc1ccccc1,f063f7e41617a886,2
,,,O=C(O)c1cncc(-c2cnc3[nH]c(C(=O)NC4CC4)cc3c2-n2ccc(C(F)(F)F)n2)c1,34eddb34dc876297,11
,,,CNc1c(Br)cnc2[nH]c(-c3ccc(OCCCN4CCOCC4)cc3)nc12,9c8483a48e40bb76,4
,,,C[C@@H](NC1=CC(=O)CCC1)c1ccc(Nc2ncc3cc(-c4ccncc4)ccc3n2)cc1,fd52d292e7cda2d1,14
,,,C[C@@H](NC1=CC(=O)NCC1)c1ccc(Nc2ncc3cc(-c4ccncc4)ccc3n2)cc1,72771578113f3e59,16
,,,CCC(CC)NC(=O)c1cnn(-c2ccccc2)c1NS(=O)(=O)c1ccc(-c2cnco2)cc1,8f12c5105c3db0af,4
,,,N#Cc1ccc(NC(=O)Nc2ccccc2Br)c2nn[nH]c12,061bd286ba25a1aa,2
,,,CCCCCc1ccc(-c2nnc(N)s2)cc1,53b5466092d4253f,21
,,,CC(C)C(NC(=O)Cn1c(-c2ccccc2)cc2c(O)nc(O)nc2c1=O)C(=O)C(F)(F)F,16c92e0059befdd8,5
,,,Cc1ccc(S(=O)(=O)Nc2c(C(=O)NC3CCOCC3)c(C)nn2-c2ccccc2)cc1,8b3b4f62f967b028,6
,,,CC(CC(=O)NCc1ccccc1)C1CCCO1,4ada6afbc20aa272,16
,,,CCCc1c(OCCCCSCC(=O)O)ccc(C(C)=O)c1O,d22bf048e51fcecd,4
,,,CN(CCO)C(=O)c1ccc([C@H](c2cccc(NC(=O)C3CC3)c2)N2CCN(Cc3ccc(F)cc3)CC2)cc1,bae85d855419f3b3,2
,,,Cc1cc2n[nH]c(=O)n2c2cc(-c3cn[nH]c3)ccc12,814c8672e3749815,4
,,,CNC(=O)C1(N2CCCCC2=O)CCN(CC[C@H](CN(C)C(=O)c2cc(C#N)cc3ccccc23)c2ccc(Cl)c(Cl)c2)CC1,bbbd168d964e8972,1
,,,CN(C(=O)Cc1ccc(O)cc1)C1CCN(CCC(c2ccccc2)c2ccccc2)CC1,fc99ddac4c154142,1
,,,NC(=O)c1cccc(S[C@H]2C[C@H]3CC[C@@H](C2)N3Cc2ccccc2)c1,8a0bbddc60c245a4,12
,,,COc1ccc(C(=O)NCCN2CCN(Cc3ccc(Cl)c(Cl)c3)CC2)cc1Cl,34e09ddf24f1d229,7
,,,NC(=O)c1cc(F)cc(O[C@H]2C[C@H]3CC[C@@H](C2)N3Cc2ccccc2)c1,0f872ed8473602d8,9
,,,CN[C@@H](C)C(=O)N[C@H](C(=O)N[C@H]1CCCN(CCc2cccc(F)c2)C1)C1CCCCC1,a7c8144647dfca2d,3
,,,O=C(Nc1nc2ccccc2n1CCCO)c1cccc([N+](=O)[O-])c1,adc238b99347964b,7
,,,CCc1nc2cc(O)ccc2c(Oc2ccc(/C=C/C(=O)O)cc2)c1-c1ccccc1,b45806a482a53f7c,13
,,,CCc1nc2c(N)nc3ccccc3c2n1Cc1ccccc1,66ab80bae1a068bc,5
,,,Cc1c(-c2ccc(O)cc2)n(C)c2ccc(O)cc12,9ee8e25444c471ed,8
,,,COc1ccc(CN2C(=O)CCC2(C)C(=O)NC2CCCCC2)c(OC)c1,85f375174301d957,2
,,,CC(=O)Nc1ccc2ccn(-c3cc(Nc4ccn(C)n4)n4ncc(C#N)c4n3)c2c1,63153b7386d05f41,3
,,,COc1ccc(C(=O)NCc2cn(-c3cc(C)nc4ccc(OC)cc34)nn2)cc1,e593bd9ad2951551,11
,,,CCCCN(CCNCCc1ccc(O)c2[nH]c(=O)sc12)C(=O)CCOCCc1ccccc1,64a0e2648a0bab2f,2
,,,NC(=O)c1cccc(O[C@H]2C[C@H]3CC[C@@H](C2)N3Cc2ccccc2)c1,63bd989125c8e5f8,13
,,,Cc1nc(Cl)c(Cl)n1Cc1sc2c(c1C(=O)N1CC[C@@H](O)C1)c(=O)n(C)c(=O)n2CC(C)C,01cb7e32c7d57f91,3
,,,CCCCc1nc2c(N)nc3ccccc3c2n1CC(C)(C)O,b1f10f28d6720676,12
,,,CNc1c(Br)cnc2[nH]c(-c3ccc(OCCN4CCCCC4)cc3)nc12,9b7222a21c7a8dd9,4
,,,O=C(Oc1ccc2c(c1)OCCC2=O)c1ccccc1,c33b657d237547de,4
,,,CNc1nc2ccccc2n1Cc1sc2c(c1C(=O)N1CC[C@@H](O)C1)c(=O)n(C)c(=O)n2CC(C)C,3a877ee421da3dc7,4
,,,Cc1ccc(S(=O)(=O)Nc2c(C(=O)N[C@@H](C)C(C)(C)C)c(C)nn2C2CCN(C)CC2)cc1,65e1b5549982383c,3
,,,CC(=O)c1ncccc1NC(=O)[C@H]1CC[C@H](N2C(=O)[C@@H]3[C@@H]4CC[C@@H](C4)[C@@H]3C2=O)CC1,1d501c5a8b402795,1
,,,CNC1=Nc2ncccc2C(c2cc[nH]c2)=NC1c1cccs1,f58ae0facea03acd,15
,,,Nc1nccc(-n2ccc3ccccc32)n1,f572f88da22cdaa5,3
,,,c1ccc(CNc2nc3ccccc3[nH]2)cc1,e04e59a2a4317bef,4
,,,CC(=O)NC[C@H]1CN(c2ccc(-n3cc(C#N)nn3)c(F)c2)C(=O)O1,2d947bd69d88f657,2
,,,CN(C)C(=O)c1ccc(CN2CCC(c3ccc(C(=O)Nc4ccccc4N)cc3)CC2)cc1,1974a160a1aea385,1
,,,CC(C)NC(=O)c1cc2c(-n3ccc(C(F)(F)F)n3)c(-c3cncc(C(=O)O)c3)cnc2[nH]1,9df4610aaf673257,10
,,,NC(=O)c1cccc(C[C@H]2C[C@H]3CC[C@@H](C2)N3Cc2ccccc2)c1,d44e669f8ffe731f,19
,,,Cc1ncc(-c2ccnc(Nc3ccc(C#N)cc3)n2)n1C(C)C,c0da4e179b46df60,8
,,,CCN(C(=O)Cc1ccc(S(C)(=O)=O)cc1)C1CCN(CCC(c2ccccc2)c2ccc(C#N)cc2)CC1,d0a02129437a8c46,3
,,,CCN(CC)C(=O)c1ccc(C2=CC3(CCNCC3)Oc3ccccc32)c(O)c1,43e4f6bc6e00c548,3
,,,CCNC(=O)c1ccc(C)c(-n2cnc3ccc(N4CCN(C)CC4)cc3c2=O)c1,9b076fc4d3c30087,5
,,,Cc1ccc(S(=O)(=O)Nc2c(C(=O)NCC(C)(C)C)c(C)nn2-c2ccccc2)cc1,debc5dae4c0c4253,4
,,,O=C(Nc1cccc(-c2nnn[nH]2)c1)c1cc(O)cc(C(F)(F)F)c1,d37b13adb50fbf9e,14
,,,c1ccc(-c2nnc3ccc(NC4CC4)nn23)cc1,a56b560883c68c51,6
,,,CCC(CC)n1nc(C)c(C(=O)N[C@@H](C)C(C)(C)C)c1NS(=O)(=O)c1ccc(C)cc1,c9cfd0c13ad6e72a,9
,,,COc1ccc2nc(N[C@H]3CCC[C@H](NCc4ccsc4)C3)cc(C)c2c1,33a99f63edc2c555,3
,,,C=CCN(C(=O)Cc1ccc(S(C)(=O)=O)cc1)C1CCN(CCC(c2ccccc2)c2ccccc2)CC1,20e85da1031c285d,6
,,,C1=CCC(c2ccc3ccccc3c2)CNC1,f6eb01c9f4b32212,6
,,,CNC1=Nc2ncccc2C(c2cccs2)=NC1c1cccs1,98c6dea2d4031ba4,15
,,,Cn1c(-c2ccc(O)nc2)nc2ccccc21,b54db4b6fa23b2ae,4
,,,CCCc1cc(C2=N[C@@H](C(=O)NO)CO2)cc(OC)c1OC,11efc783b56bf6ad,9
,,,Cc1cn([C@H]2CCCN(S(=O)(=O)c3ccc(O)c(Oc4cccc(C(F)(F)F)c4)c3)C2)c(=O)[nH]c1=O,7fa1af1fb92a98dc,1
,,,Cc1ccc(-c2ccc(S(=O)(=O)N3CCC[C@H]3C(=O)N3CC[C@@H](N)C3)cc2F)o1,4cdb412ed61b03fe,3
,,,Cc1c(Cl)ccc(OC2CCN(C3CCN(C(=O)NS(=O)(=O)c4ccc(N(C)C)cc4)CC3)CC2)c1Cl,bf28f03526f61872,2
,,,N=C(N)Nc1nc2ccccc2o1,3bdae4583b148e4c,2
,,,N#C/N=C(\N)c1sc(Nc2ccccc2)nc1N,45bbab0d9c3b9d3c,2
,,,Nc1ccc2c(c1)-c1ccccc1C(=O)C2=O,085179d2c13870d8,2
,,,C[C@@H](NC1=CC(=O)CC1)c1ccc(Nc2ncc3cc(-c4ccncc4)ccc3n2)cc1,91b0c110bd0e033f,13
,,,Nc1ccc(-c2nc3ccc(O)cc3s2)cc1,621ea8ab3725ca17,2
,,,C[C@H](CO)Nc1nc(SCc2cccc(F)c2F)nc2nc(N)cnc12,aff862e31a05fd40,10
,,,O=C(O)/C=C/c1cccc(-c2cnc3[nH]ccc3c2)c1,455fa9d3d7d264c8,13
,,,Cn1c(N)nc(CCc2cccc(-c3ccccc3)c2)cc1=O,0db5c71beb11033e,9
,,,COCCNC(=O)c1ccc(Nc2ncc3cc(-c4ccncc4OC)ccc3n2)cc1,14c4db82b8811c0c,19
,,,COc1ccc(/C=C2/CCc3ccccc3C2=O)cc1CN1CCOCC1,86c2dac24dcb91c0,5
,,,CC(=O)N(C)c1ccc2ccn(-c3cc(NC4CC4)n4ncc(C#N)c4n3)c2c1,aae7aec73aa457ad,6
,,,Cc1ccnc(NCc2ccccc2O)c1,31603cd1c4788b23,2
,,,COc1cc(F)ccc1-c1cccc(CNC2CCCC2)n1,921e54b67ad494ff,5
,,,COc1cc(F)ccc1-c1cncc(CNC2CCC2)n1,33c600bcd5353241,13
,,,O=C(CSc1nc2c(c(=O)n1-c1ccccc1)SCC2)Nc1ncc(-c2ccccc2)s1,f9c97c6a1f9e4054,4
,,,CNc1cccc(CCOc2ccc(C[C@H](NC(=O)c3c(C)cc(C)cc3C)C(=O)O)cc2)n1,71c407ec302dcd3c,1
,,,CCN1CCN(CC(=O)Nc2ccc(-c3cccc4c(=O)cc(N5CCOCC5)oc34)c3sc4ccccc4c23)CC1,a8eb33e2564e184b,1
,,,Cc1cc(C)c2c(n1)sc1c(N3CCN(C)CC3)ncnc12,2adaadf006c7bc60,3
,,,Cc1cnc(Nc2cncc(N[C@@H](C)c3ncc(F)cn3)n2)s1,5e776804a3aacb28,4
,,,CCC(NC(=O)c1c(S(=O)C(C)C)c(-c2ccccc2)nc2ccccc12)c1ccccc1,c6d4aef20f25d8f9,9
,,,Cc1cc(Nc2nc(N[C@@H](C)c3ccc(F)cn3)cnc2C)n[nH]1,e999b66805519da0,8
,,,CCN1CCO[C@@H](CN2CCN(C(=O)Nc3ccc(Cl)c(Cl)c3)CC2)C1,fadbf8e66208baa6,6
,,,Oc1ccc(-c2nc3ccccc3nc2-c2ccc(O)cc2)cc1,ecb9ec0562ae37eb,2
,,,Cn1ccc2c(-c3nc(CS(C)(=O)=O)cc(N4CCOCC4)n3)cccc21,898bad1a8a429ef6,8
,,,O=C(Nc1cccc([C@@H](c2ccc(C(=O)N3CCC3)cc2)N2CCN(Cc3ccc(F)cc3)CC2)c1)C1CC1,0f2509aa531ea481,9
,,,NC1(c2ccc(-c3ncc4cnccc4c3-c3ccccc3)cc2)CCC1,5f136d28c8ab4c52,8
,,,COc1ccc(-c2c(F)ccc3c(N)c(C(=O)NC4CC4)nnc23)c(OC)n1,13fbd1b4558da11c,4
,,,CCN1CCC[C@@H](CN2CCN(C(=O)Nc3ccc(Cl)c(Cl)c3)CC2)C1,1f5fd39fce1a0544,7
,,,Cc1nc2ccccc2n1Cc1sc2c(c1C(=O)N1CC[C@@H](O)C1)c(=O)n(C)c(=O)n2CC(C)C,dade7c7f1124a4aa,4
,,,NCCc1ccc(O)c2nc(O)sc12,f2f11195c9c3bcbd,9
,,,COc1ccc(-c2nc3c(NCCCNC(=O)c4ccccc4)c(Br)cnc3[nH]2)cc1,135709c3a222e2be,5
,,,Cc1cc(Nc2nc(N[C@@H](C)c3ncc(F)cn3)c(C#N)nc2C)n[nH]1,dc4890e8747fc054,3
,,,O=C(CC12CC3CC(CC(C3)C1)C2)Nc1ccc2[nH]ncc2c1,beb3a8c33cd54e86,5
,,,CCOC(=O)c1c(C)n(Cc2ccco2)c2ccc(O)cc12,9ec19322a01338f0,13
,,,COc1ccc(-c2cc(NC(=O)Cc3ccc4ccccc4c3)[nH]n2)cc1OC,d4d0bb398fadedb6,9
,,,CCNC(=O)c1cc2c(-n3ccc(C(F)(F)F)n3)c(-c3cnc(OC)c(-c4n[nH]c(=O)o4)c3)cnc2[nH]1,728f876bd19825e0,13
,,,O=C(NC[C@@H](O)CN1CCC(Oc2ccc(Cl)c(Cl)c2)CC1)n1c(=O)[nH]c2ccccc21,ae584e72356e4de8,1
,,,c1cn(-c2ccc(Oc3nccc(Oc4ccc5c(c4)OCO5)n3)cc2)cn1,67fc386ccb77bc02,4
,,,CNC(=O)c1ccc(Oc2ccc(C#C[C@]3(O)CN4CCC3CC4)cc2)cc1,c700b1b2c0fa8e6d,17
,,,Cc1[nH]c(C(=O)NC2CCN(c3nc(C(=O)O)cs3)CC2)c(Cl)c1Cl,ce7b4c46d2866dd6,6
,,,CCOc1cccc(Nc2nnc(C(=O)Nc3ccc(N4CCOCC4)nc3)o2)c1,a2e0de1adf63c8e7,4
,,,CN1CCOc2cc(COc3ccccc3)cnc21,4073966fda9a1bd8,9
,,,Cc1ccc(-c2c[nH]nn2)cc1,e3855e3fa2f036ea,2
,,,CC(C)Cn1c(=O)n(C)c(=O)c2c(C(=O)N3CC=CC3)c(Cc3ccccc3C(F)(F)F)sc21,89cb986b41b955df,7
,,,CN(C)CC1CCn2c(c(C3=C(c4cn(C)c5ccccc45)C(=O)NC3=O)c3ccccc32)C1,d7748bbbe8d1a2c3,8
,,,CC(C)C[C@H](CO)Nc1nc(SCc2ccccc2)nc2[nH]c(=O)sc12,376a4facd748c350,3
,,,O=S(=O)(Nc1ccc2[nH]c(-c3ccc(Br)o3)nc2c1)c1ccccc1,79feabb1c1113adf,5
,,,CC(C)Cn1c(=O)n(C)c(=O)c2c(SC(C)C)c(Cc3ccccc3C(F)(F)F)sc21,b1e7dd4466104790,8
,,,Cc1nocc1C(=O)Nc1ccc(-c2ccccc2OC(F)(F)F)c(N)n1,131a32f428cc7a22,10
,,,COc1cc2ncc(C(N)=O)c(Nc3ccccc3Cl)c2cc1OC,739328c641c8fee0,6
,,,Cc1cn([C@H]2CCCN(S(=O)(=O)c3ccc(O)c(Oc4cccc(Br)c4)c3)C2)c(=O)[nH]c1=O,1d17a4c47727a46e,3
,,,CCC(CC)NC(=O)c1cnn(-c2ccccn2)c1NS(=O)(=O)c1ccc(C)cc1,d531a3a686d2b545,3
,,,Fc1ccc(C(COCc2cc(C(F)(F)F)cc(C(F)(F)F)c2)N2CCNCC2)cc1,2eb0a0d21b774212,3
,,,CC(C)[C@H](NC(=O)C[C@H](NC(=O)/C=C/c1ccccc1)c1ccccc1)C(=O)[C@@H]1C(=O)NC(=O)[C@H]1C,ff9be3b4fb7859a3,4
,,,NC(=O)c1cnc(N[C@H]2CCCNC2)c2cc(Br)sc12,849b749faa9a6256,4
,,,O=C(Nc1ccccn1)c1ccc2[nH]c(-c3ccc(NC(=O)C45CC6CC(CC(C6)C4)C5)cc3)nc2c1,adaaa263128d40f7,7
,,,CCC(c1nc2ncccc2c(=O)n1Cc1ccccc1)N(CCCN)C(=O)c1ccc(C)cc1,8c6dc571be1a2530,7
,,,CCc1cc(O)c(Oc2ccc(C(N)=O)cc2F)cc1F,0228c07490c89b50,16
,,,O=c1[nH]nc2cc(CO)c3ccc(-c4ccc[nH]4)cc3n12,bb8ca2e7280efbf4,8
,,,O=[N+]([O-])c1ccc2c(c1)N(c1cccc[n+]1[O-])CC(C(F)F)(C(F)F)O2,068ac2eb39b19d1a,1
,,,O=S(=O)(NCC(c1ccccc1)N1CCCCCC1)c1ccc(Br)s1,f7a27177360bca2e,5
,,,COCCNc1nc(NCc2ccccc2F)c2sccc2n1,bdc1273c72187761,22
,,,CC(C)C(NC(=O)Cn1c(-c2cccnc2)ncc(NC(=O)OCc2ccccc2)c1=O)C(=O)C(F)(F)F,5de314d0e9430c78,3
,,,COC(=O)CCCC(=O)Nc1ccc2c(c1)-c1ccccc1C(=O)C2=O,af9728e8e622519a,10
,,,Nc1scc2c(C(=O)NC3CC3)nn(-c3ccc(F)cc3)c(=O)c12,581a1a59a1fc3299,3
,,,CCCNC(=O)c1cc2c(-n3ccc(C(F)(F)F)n3)c(-c3cncc(C(=O)O)c3)cnc2[nH]1,4c80801208e3e9eb,15
,,,CCCc1c(OCc2ccc(C(=O)O)c(Br)c2)ccc(C(C)=O)c1O,bdaeeeffa311a519,10
,,,CCOc1ccc(-n2c(CC)nc3ccccc3c2=O)cc1,7ded44ebf1c1bbaa,11
,,,OB1c2ccccc2N=C(S)N1c1cccnc1,6212546883d4e601,7
,,,CCCN(CCC)C(=O)c1cccc(C(=O)N[C@@H](Cc2ccccc2)[C@H](O)CNCc2cccc(OC)c2)c1,b302793b81094927,4
,,,Cc1cn([C@H]2CCCN(S(=O)(=O)c3ccc(O)c(Oc4cc(F)cc(Cl)c4)c3)C2)c(=O)[nH]c1=O,139b14135c098790,1
,,,CC(=O)Nc1cnc2ccn(-c3cc(NC4CC4)n4ncc(C#N)c4n3)c2c1,07d75bb94722778e,5
,,,CCCNC(=O)c1nnc2c(-c3cnc(OC)nc3OC)cccc2c1N,4e3d3c3b722c0341,16
,,,Cn1nnc(-c2ccc(-c3ccc(N4C[C@H](COc5ccon5)OC4=O)cc3F)cn2)n1,cf5649dfc7053518,8
,,,COc1cccc(CNc2nc(NC(C)C)nc3ccsc23)c1OC,837b27379f1b20dd,8
,,,COc1cc2nnc(C(N)=O)c(Nc3cccc(Cl)c3F)c2cc1N1CCN(C)CC1,bdf923289a5258bc,4
,,,COc1cc(N2CCN(C(C)=O)CC2)ccc1Nc1ncc(Cl)c(-c2cnc3cc(C)ccn23)n1,553c57d38fc6dc49,7
,,,CCNC(=O)Nc1nc2cc(-c3cccnc3)ccc2[nH]1,be39d30cb2cfd9cc,7
,,,COc1cc2ncc(C(N)=O)c(Nc3ccccc3C)c2cc1OC,2f18c822837a68a3,4
,,,CC(=O)NC1CC(C)N(C(=O)c2ccccc2)c2ccccc21,909e9e6e451f45e5,7
,,,O=S(=O)(NCC(c1ccccc1)N1CCCCCC1)c1ccccc1OC(F)(F)F,9917bcda9987e2e5,2
,,,CN(C)c1ccnc2sc(C(=O)NCc3ccccc3)c(N)c12,faf09e324e51830b,5
,,,C[C@H]1O[C@@H](n2cnc3c(N)nc(Oc4ccccc4)nc32)[C@H](O)[C@@H]1O,9dfe0fdd84cc8b97,9
,,,CN[C@@H](C)C(=O)N[C@H](C(=O)N[C@H]1CCN(Cc2ccccc2)C1)C1CCCCC1,b9f6db8b4bdab28a,5
,,,COc1cc2ncc(C(N)=O)c(Nc3ccc(F)cc3F)c2cc1OC,60c317270a768524,6
,,,CC(=O)Nc1ccc2ccn(-c3cc(NCCCN(C)C)n4ncc(C#N)c4n3)c2c1,8a1de587ab44bcee,5
,,,Cc1cccc([C@H](C)c2c[nH]cn2)c1C,ed7c2a37d9e3c5bf,4
,,,C[C@@H](NC(=O)[C@H]1CCCCN1)c1ccc(Nc2ncc3cc(-c4ccncc4)ccc3n2)cc1,f255c4df142516fc,1
,,,COc1cc2ncc(C(N)=O)c(Nc3ccc(F)cc3F)c2cc1NCCN1CCCCC1,1601e329589a0623,3
,,,O=C(NS(=O)(=O)c1ccccc1Cl)N1CCC(N2CCC(Oc3ccc(Cl)c(Cl)c3)CC2)CC1,e5ddfe3c1ffb0075,2
,,,CC(=O)Nc1cccc(S(=O)(=O)Nc2ccc(-c3ccccc3)n(CC(=O)NC(C(=O)C(F)(F)F)C(C)C)c2=O)c1,536958cee3a581f2,3
,,,COc1ccccc1N1CCN(Cc2c(Br)c(=O)n(-c3ccccc3)n2C)CC1,e6ff76cf11c3c2b8,3
,,,CC(C)Cn1c(=O)n(C)c(=O)c2c(C(=O)N3C[C@H](O)CO3)c(Cc3ccnc4ccccc34)sc21,1d60c98c9a982a95,6
,,,COCC1=C(C(=O)OC(C)OC(=O)OC(C)C)N2C(=O)C(NC(=O)C(=NOC)c3csc(N)n3)C2SC1,97ef09c2daa09bf6,1
,,,Cc1ccc(NC(=O)c2ccnc(N3CCOCC3)c2)cc1Nc1ccnc(OCC2CCCN(C)C2)n1,d0217631c190ef16,1
,,,CN1CCC[C@H]1CCN1CCCc2cc(NC(=N)c3cccs3)ccc21,6187262852716a46,15
,,,c1ccc2c(c1)CCN(c1ccncc1)C2,4ad592337748d021,6
,,,CCCS(=O)(=O)c1ccc(C(CNS(=O)(=O)c2ccc(C(F)(F)F)cc2)N2CCCCCC2)cc1,8cfbd7111095d989,6
,,,COc1ccc2nc(N[C@H]3CCC[C@H](NCc4ccsc4)C3)ccc2c1,5fc067cf11e35862,4
,,,COc1cc2c(Nc3c(Cl)ccc4c3OCO4)ncnc2cc1OCCCN1CCCC1,822f8cca006c271a,10
,,,CC(C)Cn1c(=O)n(C)c(=O)c2c(C(=O)N3CC(C)(O)C3)c(Cc3ccccc3C(F)(F)F)sc21,2a91e6f56d3942e8,5
,,,CC(C)Oc1ccc(S(C)(=O)=O)cc1C(=O)N1CCN(c2ccc(C(F)(F)F)cc2)CC1,20a553d0442bf925,6
,,,O=c1oc2c(O)cccc2cc1-c1ccc(O)cc1,4ac97572b55edc7b,4
,,,O=S(=O)(NCC(c1ccccc1)N1CCCCCC1)c1cccnc1,022be8d6beb7a68b,8
,,,O=C(NCC1CCOCC1)c1ncccc1NC(=O)c1cccc2ccccc12,6afacde0428a09bc,6
,,,CC(C)C(NC(=O)Cn1c(-c2ccccc2)ncc(NC(=O)OCC(F)(F)F)c1=O)C(=O)C(F)(F)F,32b4e921e1942728,6
,,,C[C@@](O)(C(=O)Nc1ccc(C(=O)N2CCCCC2)cc1Cl)C(F)(F)F,aeff691b278663b4,3
,,,Cc1cc2n[nH]c(=O)n2c2cc(-c3ccncc3)ccc12,6349352e212c9e16,2
,,,Cn1c(CN2CCC(c3ccccc3)CC2)nc2ccccc21,b28a33a8c2fafbfa,3
,,,N#Cc1nc(NC2CC3CCC2C3)c(N)c(N2CCOCC2)n1,aa7fcf605b30b347,10
,,,CC(C)C(NC(=O)Cn1c(-c2cccc(C(=O)O)c2)ccc(NC(=O)OCc2ccccc2)c1=O)C(=O)C(F)(F)F,00acd1ff5ea15f27,5
,,,COc1cncc(NC(=O)c2cc(NC(=O)c3cccc(C(C)(C)C#N)c3)ccc2C)c1,bf54981145fed7c3,1
,,,CN1CCCC(CN2CCN(C(=O)Nc3ccc(Cl)c(Cl)c3)CC2)C1,af001c7e5ddb35d0,4
,,,Nc1cc2n[nH]c(=O)n2c2cc(-c3ccc[nH]3)ccc12,9f6b19997fba348c,3
,,,O=c1c2ccccc2nc2n1CCS2(=O)=O,70211fe13a7b6043,2
,,,COCC(C)n1nc(C)c(C(=O)NC(C)C(C)(C)C)c1NS(=O)(=O)c1ccc(C)cc1,e693418783626490,7
,,,CCCS(=O)(=O)N1CCCC(C(=O)N2CCC(Cc3ccccc3)CC2)C1,d05bbd61d52456df,2
,,,CCC(c1nc2snc(C)c2c(=O)n1Cc1ccccc1)N(CCCN)C(=O)c1ccc(C)cc1,62ee3fd7fbe23228,5
,,,CC(=O)N1CCOc2cc(COc3ccccc3)cnc21,e5fd0d710fbe9438,7
,,,CCNCc1cncc(-c2ccc(F)cc2OC)n1,6f5e8b4d74c2a8c0,17
,,,Nc1nc2cc3c(cc2s1)CCN(Cc1ccccc1)CC3,433db34166042be1,9
,,,CNC1=Nc2ncccc2C(c2ncco2)=NC1c1cccs1,8eba16f2d084e34f,12
,,,COc1ccnc(CCc2nc3cc(Br)cnc3[nH]2)c1,b0e4752bb4174d30,8
,,,Cc1sc(CN2CCNCC2)cc1C(=O)NCC12CC3CC(CC(C3)C1)C2,366d08a2486c5cc7,3
,,,CCNc1ccc(-c2ccccc2)n(CC(=O)NC(C(=O)C(F)(F)F)C(C)C)c1=O,d31b4c967b304fa2,3
,,,CN(C)CCNC(=O)c1ccc(Nc2ncc3cc(-c4ccncc4)ccc3n2)cc1,55c3f3e3f429f84d,19
,,,Cc1ncc(-c2ccnc(Nc3ccc(C(=O)NCCO)cc3)n2)n1C(C)C,54e21cdc793661ba,12
,,,CC(C)Cn1c(=O)n(C)c(=O)c2c(C(=O)N3C[C@H](O)CO3)c(Cc3ccccc3C(F)(F)F)sc21,d290f8c4fee82a44,4
,,,CC(=O)Nc1nc(CCc2ccc(NC(=N)N)cc2)cs1,17dddca1267021fe,3
,,,COc1cc(F)ccc1-c1cncc(CNC[C@@H]2CCCO2)n1,69a8f49bd4f59b47,6
,,,O=C(NC[C@@H](O)CN1CCC(Oc2ccc(Cl)c(Cl)c2)CC1)c1c[nH]c(=O)c2ccc(F)cc12,de95b023668da527,3
,,,CO[C@@H](C(=O)N1Cc2n[nH]c(NC(=O)c3ccc(N4CCN(C)CC4)cc3)c2C1)c1ccccc1,fcf44daeeea79270,7
,,,CN[C@H]1CCN(C(=O)c2ccc(Nc3nccc(-c4cnc(C)n4C(C)C)n3)cc2)C1,c1ec70b5f00076fa,18
,,,O=C(c1cccc(Cc2n[nH]c(=O)c3ccccc23)c1)N1CCN(c2ccccn2)CC1,40d38d1304da6123,11
,,,CN1CCN(c2ccc(Nc3ccnc4ccccc34)cc2)CC1,261932bd313927e4,4
,,,O=c1[nH]c([C@@H]2CCCN2)nc2c1oc1ccc(Br)cc12,0662eca54abaaf5a,4
,,,Cc1cc(C)c2c(N)c(C(=O)NC3CC3)sc2n1,50e830c49a89475d,2
,,,CN[C@@H](C)C(=O)N[C@H](C(=O)N[C@H]1CCCN(CCc2ccccn2)C1)C(C)(C)C,12eb0a6cac483d48,2
,,,COCCC(=O)N[C@H](C)c1ccc(Nc2ncc3cc(-c4ccncc4)ccc3n2)cc1,c6cb6a7371a478c3,10
,,,COc1cc2c(Nc3ccc(F)cc3F)c(C(N)=O)cnc2cc1N1CCN(C)CC1,2ba67242f9ab7eb8,4
,,,CC(C)C(NC(=O)Cn1c(-c2ccc(F)cc2)ncc(NC(=O)OCc2ccncc2)c1=O)C(=O)C(F)(F)F,42f1aad470a937b3,5
,,,O=S1(=O)CC(O)C(N2CCC(c3ccccc3)CC2)C1,c385a221016b7d7a,1
,,,Cc1ccc(S(=O)(=O)Nc2c(C(=O)N[C@@H](C)C(C)(C)C)c(C)nn2C2CCCC2)cc1,cfdb52db6ebcc11f,3
,,,CCCNC(=O)c1nnc2c(-c3ccc(OC)cc3OC)c(F)ccc2c1N,937159aa77ea86cf,16
,,,CC(C)C[C@H](CO)Nc1nc(SCc2ccncc2)nc2nc(N)sc12,68d4c482288ac7d5,11
,,,CCCc1c(OCc2ccc(-c3nn[nH]n3)cc2OC)ccc(C(C)=O)c1O,331917bc0b33e71c,8
,,,Cc1cc(COC(=O)Nc2ccc(-c3ccccc3)n(CC(=O)NC(C(=O)C(F)(F)F)C(C)C)c2=O)cc(C)n1,c4ae1c518c38620b,5
,,,Cc1nc(C(=O)[C@H](C)Oc2ccc(SCCCCCc3ccccc3)cc2)sc1CCCC(=O)O,e6e117a14dae5e2a,4
,,,NC1=NC(c2cccs2)Nc2cccc(F)c21,28162c2ba3fba21e,4
,,,NC(=O)c1cnc(N[C@H]2CCCNC2)c2cc(-c3ccc(F)c(F)c3)sc12,8a3fcae0c4a0e6a1,2
,,,CNS(=O)(=O)c1ccc2c(C(=O)NC[C@@H](O)CN3CCC(Oc4ccc(Cl)c(Cl)c4)CC3)c[nH]c(=O)c2c1,d87c757e1814b058,2
,,,CC(=O)N[C@H](C)c1ccc(Nc2ncc3cc(-c4ccncc4)ccc3n2)cc1,08c095f4e1e61628,8
,,,CC(=O)N[C@H](C)c1ccc(Nc2ncc3cc(-c4ccncc4)cc(C)c3n2)cc1,fbc5b4fb8ceb07c4,9
,,,CCOC(=O)c1coc2ccccc2c1=O,ad6c3ecf7a587b22,7
,,,COCCNC(=O)c1cccc(Nc2ncc3cc(-c4ccncc4)ccc3n2)c1,d90c40f3b058afc6,9
,,,COc1ccc(N(C(=O)c2ccccc2)C(C(=O)NCC(C)O)c2ccccc2F)c(OC)c1,681dca52212981e3,5
,,,COc1ccc(-c2ccc3c(N4CCOC[C@@H]4C)nc(N4CCOC[C@@H]4C)nc3n2)cc1C(N)=O,eb0fc398b0ad8566,7
,,,N#Cc1cnn(-c2ccccc2)c1NC(=O)CN1CCN(c2ccccc2)CC1,771e3fdf6d150575,5
,,,CN[C@@H](C)C(=O)N[C@H](C(=O)N[C@H]1CCCCN(Cc2ccccc2)C1)C1CCCCC1,b3e533bcb1dd1b83,2
,,,Cc1cnc(Nc2cc(N3CCN(C)CC3)nc(N[C@@H](C)c3ccc(F)cn3)n2)s1,e0f2674ba2e03a00,4
,,,CC(C)N(C(=O)C(c1cccnc1)C(CNC(=O)NCc1ccccc1F)c1ccccc1)C(C)C,cbc80d6103e95cb8,1
,,,CC(C)C(NC(=O)Cn1c(-c2ccccc2)ccc(NC(=O)OCc2ccncc2)c1=O)C(=O)C(F)(F)F,1ca81633d1c8b556,5
,,,CCNC1=Nc2ccccc2C(c2ccccc2)=NC1c1cccs1,eb2813fe55f89d85,13
,,,COc1ccc(N(C(=O)c2ccccc2)C(C)C(=O)NC2CCCC2)c(OC)c1,f29b807f33f3c45b,8
,,,C[C@@H]1c2c([nH]c3ccc(C(F)(F)F)cc23)C[C@@H]2CCN(CCN3CCOCC3)C[C@H]21,af3232ea269ce22a,4
,,,CCN(C)C(=O)c1ccc(C(=C2CCN(Cc3ccc(F)cc3)CC2)c2ccccc2NC(C)=O)cc1,df7cc92a7c8f5f16,6
,,,Cc1occc(=O)c1OCc1ccc(F)cc1,aff1a6886c702bef,4
,,,O=C(NC[C@@H](O)CN1CCC(Oc2ccc(Cl)c(Cl)c2)CC1)c1c[nH]c(=O)cc1C(F)(F)F,c73110f279f94edc,8
,,,CCN(CC)C(=O)c1ccc(C(=C2CCN(Cc3ccc(F)cc3)CC2)c2cccc3cccnc23)cc1,d052177a0d7eb6e7,6
,,,C=CC12CCN(CC1)C(C(O)c1ccnc3ccc(OC)cc13)C2,398bf2b68d0309ce,13
,,,CCCNC(=O)c1nnc2c(-c3ccccc3)cccc2c1N,2ee74b2654ac67ee,8
,,,COc1ccccc1N1CCN(CCCCNC(=O)c2ccc3ccccc3c2)CC1,d50ee3fb099f982e,2
,,,NC1(c2ccc(-c3nc4ccccn4c3-c3ccccc3)cc2)CCC1,269d3de683e2caaa,8
,,,CCN(C(=O)Cc1ccc(S(C)(=O)=O)cc1)C1CCN(CC[C@H](c2ccc(S(C)(=O)=O)cc2)c2cccc(Cl)c2)CC1,059b9e488a18cdda,1
,,,O=C(NC[C@@H](O)CN1CCC(Oc2ccc(Cl)c(Cl)c2)CC1)c1n[nH]c2ccccc12,bcf2b9d69735e219,4
,,,COc1cc(F)ccc1-c1cncc(CNCC2CC2)n1,febb4fad3e463694,11
,,,COc1cc(N2CCN(C)CC2)c2[nH]c(C(=O)Nc3ccc(N4CCOCC4)cc3)cc(=O)c2c1,0973223a75df45ba,8
,,,COc1ccc2c(c1)c(-c1ccnc3cc(Cl)ccc13)c(C)n2CC(=O)O,c480a08741901d4b,13
,,,NS(=O)(=O)c1ccc2c(c1)C1C=CCC1C(c1cccc3ccccc13)N2,ba6ddf1b07f0eb69,9
,,,CN1CCN(c2cc(F)cc3c(=O)cc(C(=O)Nc4ccc(N5CCOCC5)cc4)[nH]c23)CC1,c52f19b3f077dafd,1
,,,C[C@@H](NC(=O)[C@H]1CCCNC1)c1ccc(Nc2ncc3cc(-c4ccncc4)ccc3n2)cc1,ef7ec9fde54ba4f2,5
,,,OC1(c2ccc(-c3ccccc3)cc2)CN2CCC1CC2,62104aa77d0db464,7
,,,CCN(CC)S(=O)(=O)c1ccc(-c2nnc(SCC(=O)N3CCc4ccccc43)o2)cc1,3ceaff418de1ea20,4
,,,CNC(=O)c1cccc(S(=O)(=O)Nc2ncc(C)nc2OC)c1-c1ccc(CC(C)C)cc1,834edf216572a47f,8
,,,O=c1cc(O)oc2c1c(=O)n(-c1ccccc1)c1ccccc21,91cf3df8995ae381,4
,,,COc1c(N2CCO[C@@H](CN(C)C)C2)c(F)cc2c(=O)c(C(=O)O)cn(C3CC3)c12,69e27aec5531f69d,5
,,,Cc1cc([C@H](O)[C@](C)(OCc2ccc(-c3ccccc3)cc2)C(=O)NO)no1,36870cdea924bec4,5
,,,CCn1nc(C)c(C(=O)N[C@@H](C)C(C)(C)C)c1NS(=O)(=O)c1ccc(C)cc1,4a3bb4a502b82b14,4
,,,Cc1ccc(S(=O)(=O)Nc2c(C(=O)NC(C)C(C)(C)C)c(C)nn2-c2ccccc2)cc1,4b4f1bef016bfad1,4
,,,CCNC(=O)c1cc2c(-n3ccc(C(F)(F)F)n3)c(-c3cncc(C#N)c3)cnc2[nH]1,0e7e591eec6f747f,11
,,,CCOC(=O)C(CCc1ccccc1)NC1CCc2ccccc2N(CC(=O)O)C1=O,dd69a964c604604b,2
,,,Cc1nc(-c2ccccn2)nc(N2CCCC2)c1Cl,5435590f02295f4a,4
,,,O=S(=O)(c1ccccc1-c1ccc(CNC2CCOCC2)cc1)N1CCCC1,e710d21b6ea4f13b,8
,,,O=S(=O)(NCC(c1ccccc1)N1CCCCCC1)c1ccc(C(F)(F)F)cc1,1134e94f0a2856fc,9
,,,O=C(O)CCCS(=O)(=O)c1cccc(C(=O)N2CCC(N3CCC(Oc4ccc(Cl)c(Cl)c4)CC3)CC2)c1,2107533fcfe87783,1
,,,Cc1ccc(NC(=O)c2ccnc(N3CCOCC3)c2)cc1Nc1ccnc(OCCCN(C)C)n1,77b1fb0c63fdcc9b,2
,,,O=C(NS(=O)(=O)N1CCC(N2CCC(Oc3ccc(Cl)c(Cl)c3)CC2)CC1)c1ccccc1,c84b5bc4ab9306f4,6
,,,CC(C)N1CCN[C@@H](CN2CCN(C(=O)Nc3ccc(Cl)c(Cl)c3)CC2)C1,5037dd92af52d42d,2
,,,CN[C@@H](C)C(=O)N[C@H](C(=O)N[C@H]1CCCN(C(=O)c2ccccc2)C1)C1CCCCC1,ab0e0bb5bd7ab18a,2
,,,CNc1nc2ccccc2n1Cc1sc2c(c1C(=O)N1C[C@H](O)CO1)c(=O)n(C)c(=O)n2CC(C)C,0eac388231a794ae,4
,,,Nc1nc2nc(-c3cccs3)cc(C(F)(F)F)n2n1,96088dc922008a0e,2
,,,Cc1cc(O)ccc1N1C(=O)c2ccc(O)cc2C1=O,6a603f66fbd5bfef,12
,,,CC(C)Cc1ccc([C@H](C)C(=O)NS(C)(=O)=O)cc1,8c5c34c80cc53e10,14
,,,CNc1c(Br)cnc2[nH]c(-c3ccc(S(C)(=O)=O)cc3)nc12,63afa158ba434201,2
,,,CS(=O)(=O)c1ccc(C(CCNC(=O)c2ccc(C#N)cc2)c2ccc(F)cc2)cc1,246cb9025c48a796,2
,,,COc1ccc(/C=N/N=C/c2ccc(OC)c(OC)c2)cc1OC,33cf336d3a12b84f,16
,,,CCOc1ccccc1-c1ccc(-c2nc3ccc(F)cc3c(C(=O)O)c2C)cc1,c4647eca5b0f7ebd,6
,,,CC(O)(C(=O)Nc1ccc(S(=O)(=O)Nc2ccccc2)cc1)C(F)(F)F,b851ca462aef76b4,9
,,,Cc1cccc(C(N)=O)c1NC(=O)c1ccccc1,54ee5b329467c312,7
,,,Nc1ccc2[nH]c(Cc3ccc(Oc4ccccc4)cc3)nc2c1,4b0c2d42ed8c1278,7
,,,COc1ccccc1C(=O)Nc1nc2ccccc2s1,1d6fbb3b12209965,1
,,,Cc1ccccc1NC(=O)CCS(=O)(=O)c1ccc(Br)s1,ea34802d181a28f1,1
,,,Cc1cc(Nc2cnc(C#N)c(N[C@@H](C)c3ncc(F)cn3)n2)n[nH]1,5ea138ddcfa86021,6
,,,N#Cc1c(-c2ccc(-c3ccccc3C(F)(F)F)cc2)nc2ccncc2c1O,1ab4c7b2f5343fc4,4
,,,CN1CCN(C(=O)c2cccc(Cc3n[nH]c(=O)c4ccccc34)c2)CC1,4f015d9e002b2927,4
,,,Cc1cccc(NC(=O)c2ccc(-c3ccccc3)c(C#N)c2)n1,4637e3cca7320ddd,10
,,,Cc1ccc(NC(=O)c2cccc(C(F)(F)F)c2)cc1NC(=O)c1cccnc1,f998fbd1c9f65bcc,12
,,,COc1ccc(CNC(=O)CSc2nc3cccnc3s2)cc1,401d5c79f36d830c,5
,,,O=C(NCCN1CCCC1)c1ccc(Nc2ncc3cc(-c4ccncc4)ccc3n2)cc1,3e4bf8268482298b,23
,,,NC1=NC(c2ccco2)Nc2c(F)ccc(F)c21,80f3db3569549f56,2
,,,CC(=O)Nc1nc(N)n(-c2ccccc2)n1,dc0fdf763fcc0cb9,4
,,,COc1ccc(-c2cc(N)n3ncc(C#N)c3n2)cc1,a95f28f80c04a32a,4
,,,Cc1nc(-c2ccc(CN3CCC(n4c(=O)[nH]c5ccccc54)CC3)cc2)c(-c2ccccc2)[nH]c1=O,f0aeae3e29671d1f,2
,,,CC(=O)Nc1ccc2c(c1)N(c1cc(NC3CC3)n3ncc(C#N)c3n1)CC2,da475db174ef207a,6
,,,COc1cc(F)ccc1-c1cncc(CNC(C)C)c1,5e00713b8a7712f0,15
,,,O=C(Nc1ccc(N2CCOCC2)cn1)c1nnc(Nc2ccccc2F)o1,44398b73781ea62b,4
,,,Cc1cccc(Nc2ncnc3ccccc23)c1,a275b8c40c38e893,6
,,,CC(C)C(NC(=O)Cn1c(-c2cccs2)ncc(NC(=O)OCC(F)(F)F)c1=O)C(=O)C(F)(F)F,a1a6f023c35fdb40,5
,,,CC(=O)NC[C@H]1CN(c2ccc(N3Cc4ccncc4C3)c(F)c2)C(=O)O1,e6839c846cf86521,3
,,,CCNC(=O)c1cc2c(-n3ccc(C(F)(F)F)n3)c(-c3cncc(C(=O)O)c3)cnc2[nH]1,854af4438751220a,14
,,,O=C(O)COc1cccc(C(=O)N2CCC(N3CCC(Oc4ccc(Cl)c(Cl)c4)CC3)CC2)c1,bcabba10ab34e3da,1
,,,N#Cc1ccc2c(c1)NC(=O)C2c1ncnc2cc(OCCCN3CCOCC3)ccc12,6d3ba97b8a244973,3
,,,NC(=O)c1cccc(O[C@@H]2C[C@H]3CC[C@@H](C2)N3CC2CC2)c1,3b6411de6d3d8469,21
,,,O=C(NCc1ccccc1)c1cccnc1Oc1ccccc1,e2ace867b2230679,3
,,,Cn1ncc2c(=O)[nH]c(-c3ccccc3)nc21,9965ab56ddaf4187,2
,,,O=C(O)COc1ccc(-c2nccs2)cc1-c1ccccc1,cadc3df4434c73e5,12
,,,CN[C@@H](C)C(=O)N[C@H](C(=O)N[C@H]1CCCN(S(=O)(=O)Cc2ccccc2)C1)C(C)(C)C,76c889af7daf8ce9,5
,,,O=C(NC[C@@H](O)CN1CCC(Oc2ccc(Cl)c(Cl)c2)CC1)c1cn2cc(F)ccc2n1,ba6f354e548d5bea,3
,,,NC(=O)c1cnc(N[C@H]2CCCNC2)c2cc(-c3ccc(F)cc3)sc12,38c29672c878ed91,2
,,,O=C(O)C(c1ccccc1)N1CCC(CN2CCC(Oc3ccc(Cl)c(Cl)c3)CC2)CC1,22a20f6e5820ae1d,1
,,,Oc1ncnc2scc(-c3ccccc3)c12,796e2f2e7ae44067,2
,,,COc1cccc2sc(NC(=O)c3ccccc3)nc12,0a1dd535c4c66b9a,3
,,,Nc1ncnc2oc(-c3ccoc3)c(-c3ccco3)c12,94dbb8e882785f0f,7
,,,Nc1ccc2nc(-c3ccc(O)cc3)sc2c1,27796235d2fc65ef,2
,,,O=C(c1cc(Cc2n[nH]c(=O)c3ccccc23)ccc1F)N1CCN(c2ccccn2)CC1,95cdef579781f3cb,13
,,,CCCSc1nc(N[C@@H]2C[C@H]2c2ccccc2)c2nnn([C@@H]3C[C@H](C(N)=O)[C@@H](O)[C@H]3O)c2n1,4c302a9a71d7bc4f,7
,,,COc1cc2ncc(C(N)=O)c(Nc3cccc(Cl)c3F)c2cc1OC,542c07e013e738ec,6
,,,CCC(c1nc2ccsc2c(=O)n1Cc1ccc(C)cc1)N(CCCN)C(=O)c1ccc(C)cc1,5eb25c237f73da6c,4
,,,NC(=O)Cc1nc(-c2ccccc2)cs1,722d0b5d14f01fc9,2
,,,c1ccc(-c2ccc(COc3ccc4c(c3)CCC(CCN3CCCCC3)C4)cc2)cc1,a1f24ddad3044a3b,2
,,,Cc1ccc(S(=O)(=O)Nc2c(C(=O)N[C@@H](C)C(C)(C)C)c(C)nn2C2CCN(CC(F)(F)F)CC2)cc1,129f5249b7c09b4f,2
,,,Cc1ncc(-c2ccnc(Nc3ccc(C(=O)N(C)C)cc3)n2)n1C(C)C,e7fe81cd6bfeff75,17
,,,CN[C@@H](C)C(=O)N[C@H](C(=O)N[C@H]1CCCN(CCc2ccc(Br)cc2)C1)C(C)(C)C,97f455f945d52b10,2
,,,NC(=O)c1nnn(-c2ccccc2)c1N,8c66c2e81ae1691b,2
,,,O=C(NC[C@@H](O)CN1CCC(Oc2ccc(Cl)c(Cl)c2)CC1)c1n[nH]c(=O)c2ccccc12,fe31a77f1ae8cd1a,7
,,,COc1cc(Nc2ncc(C)s2)nc(N[C@@H](C)c2ncc(F)cn2)n1,7459ad2f63752b7d,5
,,,CCC(NC(=O)c1c(S(C)=O)c(-c2ccc(F)cc2)nc2ccccc12)c1ccccc1,9092bb9b6771d389,7
,,,Cc1ccc(NC(=O)c2ccc(Cl)c(C(F)(F)F)c2)cc1C(=O)Nc1cccnc1,378777008e39f362,10
,,,Nc1c(-c2ccccc2)c(CN2CCOCC2)nn1-c1ccc(F)cc1,f1cc3e1aec681b55,8
,,,Cc1ccc(NC(=O)[C@@H]2CCCN2S(=O)(=O)c2cccc3cccnc23)c(C)c1,173c8915b289798d,4
,,,Cc1cc(-c2ccc(N3C[C@H](Cn4ccnn4)OC3=O)cc2F)on1,5a5f89a519cf0d38,2
,,,COc1cc2ncnc(Nc3ccc(F)c(Cl)c3)c2cc1OCCCN1CCCC1,864d9e6c1a2b3fb1,1
,,,Cc1cccc(Br)c1C(=O)N[C@@H](Cc1ccc(NC(=O)c2c(Cl)cccc2Cl)cc1)C(=O)O,ce63990990d2349c,3
,,,O=C(O)CSCC(=O)Nc1nc(-c2ccc(F)cc2)cs1,93a630421442d269,8
,,,CCC(c1nc2ccsc2c(=O)n1Cc1ccccc1)N(CC1CCNCC1)C(=O)c1ccc(C)cc1,5b2e88d2bf1959ed,6
,,,Cc1cnc(Oc2ccc(-n3ccnc3)cc2)nc1Oc1ccc2c(c1)OCO2,d7f8b69691fa2537,4
,,,O=C(NS(=O)(=O)Cc1ccccc1)N1CCC(N2CCC(Oc3ccc(Cl)c(Cl)c3)CC2)CC1,434b14b6e579f3e4,2
,,,Cc1ccc(-c2c[nH]cn2)cc1NC(=O)c1ccc(OCc2ccccn2)cc1,f905312841010cc8,3
,,,NC(=O)Nc1sc(-c2ccc(F)cc2)cc1C(=O)N[C@H]1CCCNC1,82d8d511890d75fe,2
,,,Cc1ccc(-c2nc3ccccc3[nH]2)cc1NC(=O)c1ccc(OCc2ccccn2)cc1,29d08f5db57745c9,7
,,,COc1cc2ncnc(N3CC[C@@H](Oc4cnc5ccccc5n4)C3)c2cc1OC,d8be61faeb719359,14
,,,Cc1ncc(-c2nc(Nc3ccc(C(=O)NC4CCN(C)CC4)cc3)ncc2F)n1C(C)C,51566b89de162c75,6
,,,O=C1CCOc2nc(COc3ccccc3)ccc21,1d1d5ce150911a01,8
,,,CN(C)CCCOc1ccc(-c2cc(C(N)=O)c(NC(N)=O)s2)cc1,e19e9d174c8606b7,11
,,,CS(=O)(=O)c1ccc(CC(=O)N(C2CC2)C2CCN(CCC(c3ccccc3)c3ccccc3)CC2)cc1,ba3bc0faa9f9c1d6,7
,,,COc1ccc(N(C(C)=O)C(C(=O)NC2CCCC2)c2ccccc2F)c(OC)c1,7b8e5ded733b599f,5
,,,O=C(COc1ccc(OCCNCC(O)COc2ccccc2)cc1)NCCO,1e0222a7fadbf5fc,3
,,,COc1ccc(C)c(NC(=O)CC23CC4CC(CC(C4)C2)C3)c1,930974a687f5be38,4
,,,Cc1nnsc1C(=O)Nc1ccccc1,10c9053c747df0e0,3
,,,CCN(CC)C(=O)c1ccc(C(=C2CCN(Cc3ccc(F)cc3)CC2)c2ccccn2)cc1,a50a3504d67679d0,7
,,,Cc1cccc(C(=O)N2CCC(C(=O)c3ccc(F)cc3)CC2)c1,778c8749001cab56,3
,,,Oc1ccc(-c2ccc3cc(O)ccc3c2)cc1,fd8deff9ae0ad0f8,7
,,,CC[C@H](CO)Nc1nc(SCc2ccccc2)nc2nc(N)sc12,961dab79b8756bf8,3
,,,CC1(C)CC(=O)c2c(nc3ccccc3c2N)C1,5f8469f09dc4d0d0,2
,,,CN(CCNC[C@H](O)c1ccc(O)c2[nH]c(=O)sc12)C(=O)CCOCCc1ccccc1,23ebf8d415be9f9f,3
,,,Nc1cc2n[nH]c(=O)n2c2cc(-c3ccsc3)ccc12,40d4c7361304fa62,4
,,,COc1cc2ncnc(Nc3cc(NC(=O)c4cccc(N(C)C)c4)ccc3Cl)c2cc1OC,38417a1d7b1900b1,2
,,,COc1cc2ncc(C(N)=O)c(Nc3cc(C)ccc3F)c2cc1OC,6578b786c2149469,5
,,,N#CC1=C2C(=NC1=O)c1cccc3c(N4CCSCC4)ccc2c13,28d09bf05860f5cd,3
,,,O=C(Cc1cccc2ccccc12)Nc1ccccc1,a712a80808775685,4
,,,CN(C)CCCNS(=O)(=O)c1ccc(Nc2nccc(-c3cnc4ccccn34)n2)cc1,aa11521e5e93dfd1,12
,,,Cc1ccc(C(=O)C2CCN(C(=O)c3ccc(C)cc3)CC2)cc1,b7bacd7cf4621d80,6
,,,Cc1ccccc1C(=O)N1CCN(c2ccccn2)CC1,79d83dfc78e6a626,7
,,,COc1ccc(-c2nc3c(NCCCNC(C)=O)c(Br)cnc3[nH]2)cc1,4fb168508bcc66b1,3
,,,C[C@@H](NC1=CC(=O)CNC1)c1ccc(Nc2ncc3cc(-c4ccncc4)ccc3n2)cc1,c502ffd261a0168f,8
,,,O=c1cc(O)oc2c1c(=O)n(Cc1ccccc1)c1ccccc21,00bc60de5da53e8c,2
,,,Nc1nc2cc3c(cc2s1)CCN(Cc1cccc(F)c1)CC3,122c965db265cdc0,8
,,,CCCc1c(C(=O)Nc2cc(C)on2)cnn1-c1ccccc1,6a0fc44717894311,5
,,,CN[C@@H](C)C(=O)N[C@H](C(=O)N[C@H]1CCCN(CCc2ccccc2F)C1)C1CCCCC1,d379dfdc91affe9b,1
,,,CC(C)Cn1c(=O)n(C)c(=O)c2c(C(=O)N3CC[C@@H](O)C3)c(Cc3c[nH]c4ncccc34)sc21,14d6f592cbcfcbb2,6
,,,Nc1ncnc2nc(-c3ccc(N4CCOCC4)nc3)cc(-c3cccc(Br)c3)c12,ce9145efe7bc93f8,6
,,,CCS(=O)(=O)c1ccc(-c2cc(C(F)(F)F)ccc2O[C@H](C)C(=O)O)c(C)c1,4e34036ef2344c89,8
,,,COc1ccc(-c2cncc(CNC3CCCC3)n2)c(OC)c1,7d344d15ff1bc73f,11
,,,CC(=O)N1CCN(CC(O)COc2ccc(Br)cc2)CC1,5559951a32e63d39,5
,,,CS(=O)(=O)c1ccc(-c2cc(C(=O)N[C@H]3CCCNC3)c(NC(N)=O)s2)cc1,ec98aaa206cc59ba,1
,,,CC(C)(C)c1ccc(C2=NC(=O)C(CC(=O)O)S2)cc1,96eede8bf9b977e8,17
,,,COc1cc2c(Nc3ccc(F)c(Cl)c3)c(C(N)=O)cnc2cc1OCCN(C)CCO,c317e07711d3d716,3
,,,CCN(CC)C(=O)c1ccc(C(=C2CCNCC2)c2ccccc2)cc1,6d1be28ad1d780bc,6
,,,CCCCCCCN(CCc1ccc(OC(C)(C)C(=O)O)cc1)C(=O)Nc1ccc(F)cc1F,57bc55dbc2b22c48,3
,,,N#C[C@@]1(NC(=O)[C@@H](N)Cc2cccs2)C[C@@H]1c1ccccc1,d2da45abd78d00de,12
,,,Nc1[nH]nc2ccccc12,c1dbb6eea31aba92,1
,,,Cc1cc(Oc2cc(S(=O)(=O)N3CCC[C@H](n4cc(C)c(=O)[nH]c4=O)C3)ccc2O)ccc1Cl,ed5a534815fc3fc9,4
,,,CCOC(=O)c1ccc(OC(=O)CCCCCN=C(N)N)cc1,4164fea7507de635,10
,,,CCC(CC)NC(=O)c1cnn(C)c1NS(=O)(=O)c1ccc(C)cc1,89527f2ce84e3a22,4
,,,COc1ccc(Cl)c(C(=O)NCC23CC4CC(CC(C4)C2)C3)c1,c8dfd045925633ac,6
,,,Cc1nc2ncnn2c(O)c1CCOC(=O)c1ccccc1F,1f19e4ba9982199e,6
,,,CSc1ncccc1C(=O)NCc1ccc(C)cc1,98dde4b63c271c60,2
,,,COC(=O)c1ccc(NC(=O)c2cc(OC)c(OC)c(OC)c2)cc1,dfc5c56d46ab5f22,10
,,,CN(C)C(=O)c1ccc(C(=C2CCN(Cc3cscn3)CC2)c2cccc3cccnc23)cc1,0b631b6f2aa184b7,6
,,,COc1ccnc(CCc2nc3cccnc3[nH]2)c1,494d5a48fcb7690d,7
,,,Cc1ccc(F)cc1S(=O)(=O)N[C@@H]1CCN(Cc2ccc(-c3ccccc3)cc2)C1,a44e632da38a06ea,2
,,,NC1(c2ccc(-c3ncc4ccccc4c3-c3ccccc3)cc2)CCC1,83eb5af6d0254a23,8
,,,N=C(N)NC(=O)c1nc(Cl)c(NCc2ccccn2)nc1N,896c4fec2f9592cd,2
,,,CCCc1c(OCCCOc2ccc3c(=O)cc(C(=O)O)oc3c2CCC)ccc(C(C)=O)c1O,b5b2d8e8c94b307e,3
,,,OCCO[C@H]1C[C@@H](n2nnc3c(N[C@@H]4C[C@H]4c4ccc(F)c(F)c4)nc(SCCC(F)(F)F)nc32)[C@H](O)[C@@H]1O,856105a63ae62645,6
,,,CCC(c1nc2ccsc2c(=O)n1Cc1ccccc1)N(CCCN)C(=O)c1ccc(C(C)C)cc1,0ed611d893f0ed80,6
,,,CCN(CCCOCCOCCc1ccccc1)CCc1ccc(O)c2nc(O)sc12,ff6a9e897d4385f9,5
,,,Cc1cc(N)c2cc(NC(=O)CC(=O)Nc3ccc4nc(C)cc(N)c4c3)ccc2n1,e6e7b74f7edd25d7,5
,,,CCN(CC)C(=O)c1ccc(C(=C2CCN(Cc3ccc(F)cc3)CC2)c2ccc(NC(=O)OC)cc2)cc1,b0bb4ee5c2bd1c9c,10
,,,CCCc1c(OCc2ccc(/C=C/c3nn[nH]n3)cc2)ccc(C(C)=O)c1O,01b64196d8c17da1,8
,,,CNC(=O)c1cccc(O[C@H]2C[C@H]3CC[C@@H](C2)N3Cc2ccccc2)c1,e0015a66d10c7dd3,12
,,,CCCc1c(C(=O)Nc2ccc(F)cc2C)cnn1-c1ccccc1,673fc2da3d5dc16a,8
,,,CC(=O)NC[C@H]1CN(c2ccc(N3Cc4cccnc4C3)c(F)c2)C(=O)O1,1bc7c113f017050a,2
,,,Cc1[nH]c(/C=C2\C(=O)Nc3ccc(F)cc32)c(C)c1C(=O)NCCN(C)C,40ad74d6987c3ce9,10
,,,Cc1ccc2c(c1)c(Sc1ccccc1)c(CC(=O)O)n2C,1b0c71df0d95fab7,6
,,,CC(C)Oc1cc(OCCc2cccnc2)cc(C(=O)Nc2ccc(C(=O)O)cn2)c1,3d3beb0c2f13b1e6,3
,,,CCN(CCNCCc1ccc(O)c2[nH]c(=O)sc12)C(=O)CCOCCc1ccccc1,22286032c019349d,3
,,,O=C1c2ccc(O)cc2C(=O)N1c1cccc(O)c1,77c80378b536f2e0,6
,,,N#Cc1nc(NC2CCOC2)c(N)c(N2CCOCC2)n1,b3835123a251b9b8,6
,,,O=C(NCc1ccncn1)c1ccc(Oc2ccc(C#C[C@]3(O)CN4CCC3CC4)cc2)cc1,a41d5818b7055eee,20
,,,CC(C)Cn1c(=O)n(C)c(=O)c2c(-c3cncn3C)n(Cc3cccc4ccccc34)nc21,fd7a84fc6a539185,8
,,,CC(=O)Nc1ccc2c(c1)c(-c1cc(NC3CC3)n3ncc(C#N)c3n1)cn2CCC(=O)O,3f6d513153ac411f,11
,,,O=S(=O)(Nc1nc(-c2ccccc2)nn1Cc1ccccc1)c1ccccc1,4a653d20f539b5fd,12
,,,NS(=O)(=O)c1cccc2c1c([N+](=O)[O-])cc1nc(O)c(O)nc12,e711c85b590cb93a,4
,,,Cc1ccc(CO)cc1N(C)c1ccnc(Nc2cc(N3CCOCC3)nc(N3CCOCC3)n2)n1,6e17a83a76f4faf1,8
,,,Cc1cc(Nc2ccccc2)n(CCC#N)n1,47e1336d20bc8849,9
,,,CS(=O)(=O)c1ccc2c(C(=O)NC[C@@H](O)CN3CCC(Oc4ccc(C#N)c(Cl)c4)CC3)c[nH]c(=O)c2c1,c838d4203ad88fe4,1
,,,Nc1nc2ccc(-c3cccc(O)c3)cc2s1,35dcab3f357d4213,8
,,,O=C(O)CCC(=O)N1CCC(c2nc(-c3cccs3)no2)CC1,6cf904e1335f023b,5
,,,COc1cc(Nc2cc(Oc3cc(C)c(C)nc3-c3ccccn3)ccn2)cc(OC)c1OC,0347d61f4b4bac89,17
,,,CCCc1c(OCc2cccc(NC(=O)c3ccccc3C(=O)O)c2)ccc(C(C)=O)c1O,b22d05d3dbe0e67f,5
,,,COc1ccc(OC)c(-c2c(F)ccc3c(N)c(C(=O)NC(C)C)nnc23)c1,35073f2cf6647a74,7
,,,COC(=O)CCn1cc(-c2cc(NC3CC3)n3ncc(C#N)c3n2)c2cc(NC(C)=O)ccc21,54627f539570ba03,6
,,,Cc1ccc(NC(=O)CCC2CCCCC2)cc1NC(=O)c1ccc(O)cc1,cd8e9f3c96b6b4d1,4
,,,N#C[C@]1(NC(=O)[C@@H](N)Cc2cccs2)C[C@H]1c1ccccc1,bab2f37d03455630,5
,,,Cn1c(N)nc(CCc2ccccc2)cc1=O,3177a6802b1074ed,6
,,,COc1ccc(OC)c(-c2cccc3c(N)c(C(=O)NC(C)C)nnc23)c1,802d52b9c5b754e8,10
,,,CCOc1ccc(-n2c([C@@H](C)N(CC3CCN(C)CC3)C(=O)Cc3ccc(F)c(C(F)(F)F)c3)nc3ncccc3c2=O)cc1,4b21a467345a2698,4
,,,Cc1cc(C)c(CNC(=O)c2cc(C3CC3)nc3c2cnn3C(C)C)c(O)n1,1698525df7d8ed27,14
,,,CC(=O)c1ccc2c(c1)N(CCN1CCC(NCc3ccc4c(n3)NC(=O)CO4)CC1)C(=O)CO2,a5a1a1377912c1f2,3
,,,Cc1cc(Nc2nc(O[C@H](C)c3ccc(F)cn3)c(C#N)nc2C)n[nH]1,26c56b8500eae9d1,2
,,,Cn1c(N)nc(CCc2cccc(-c3cccnc3)c2)cc1=O,e9bb52ed87ecae54,14
,,,COc1cc(N2CCN(C(C)=O)CC2)ccc1Nc1ncc(Cl)c(-c2cnc3cc(C#N)ccn23)n1,3661bf605d1ad00e,9
,,,CN(C)S(=O)(=O)c1ccc2c(c1)N(CCN1CCC(NCc3ccc4c(n3)NC(=O)CO4)CC1)C(=O)CO2,0ec36cfe977a240d,5
,,,CC(C)(O)c1ccc(Nc2nc3ccc(C#N)cc3[nH]2)cc1,821a0b5614efefd1,15
,,,COc1ccc(N(C(=O)c2occc2CO)C(C(=O)NCC(C)O)c2ccccc2F)c(OC)c1,41371dce541dabe3,2
,,,Cc1ccc(S(=O)(=O)NC(=O)N2CCC(N3CCC(Oc4ccc(F)c(F)c4)CC3)CC2)cc1,129c2f8f744ba53c,1
,,,CC(C)C(NC(=O)Cn1c(-c2ccccc2)ccc(NC(=O)Cc2cccc(C(=O)O)c2)c1=O)C(=O)C(F)(F)F,6e41e78fe0ec6c6f,4
,,,Cc1nn(-c2ccccc2)c(NS(=O)(=O)c2cccc(CN3CCOCC3)c2)c1C(=O)N[C@@H](C)C(C)(C)C,6ccd650bcc869de6,1
,,,CC(=O)Nc1ccc(CNc2[nH]nc3ccnc(Oc4ccccc4)c23)cc1,73e4e4f9c29bedba,4
,,,Cc1cnc2c(N[C@H](C)CO)nc(SCc3cccc(F)c3F)nc2n1,59c473a9099013d2,10
,,,C(=C/c1c(-c2ccccc2)nc2sccn12)\c1ccncn1,97ee8ad260c9f9cb,8
,,,Cc1ccccc1S(=O)(=O)NC(=O)N1CCC(N2CCC(Oc3ccc(Cl)c(Cl)c3)CC2)CC1,626424d28a25560f,4
,,,CCCSc1nc(NC)ccc1C(=O)NC1C2CC3CC1CC(O)(C3)C2,83ceb9311f5d5772,18
,,,CCN(C(=O)Cc1ccc([N+](=O)[O-])cc1)C1CCN(CCC(c2ccccc2)c2ccccc2)CC1,0ace56beddb324f7,2
,,,O=c1c(O)cccc2cc(O)c(O)c(O)c12,325a682df532b8b0,1
,,,CC(C)C(NC(=O)Cn1c(-c2cc(F)cc(F)c2)ncc(N)c1=O)C(=O)C(F)(F)F,810cb4958177f089,7
,,,COCCNc1nc(N)c2nc(O)n(Cc3ccccc3)c2n1,310330e2e9003f29,20
,,,COc1cc2ncc(C(N)=O)c(Nc3ccc(F)cc3)c2cc1OC,60ad52cb9fdc914c,5
,,,N=C(N)c1cc2c(OCc3ccccc3)cccc2s1,589781411f9ecf98,10
,,,CC(C)C(NC(=O)Cn1c(C2CCCCC2)ncc(NC(=O)OCc2ccccc2)c1=O)C(=O)C(F)(F)F,65a830e50d53b79d,2
,,,Nc1cc(C(=O)Nc2cccc(-c3nnn[nH]3)c2)cc(C(F)(F)F)c1,d6bcb27f66e89521,11
,,,CCCc1cc(OCc2ccccc2)cc(=O)n1Cc1ccc(-c2ccccc2-c2nn[nH]n2)cc1,3ac36b5e8317d227,1
,,,CC(=O)NCc1ccc(CN2CCN(c3ccccc3)CC2)cc1,db82dc7ea8c202fe,4
,,,Cc1oc(-c2ccccc2)cc1C(=O)Nc1cccc(C(=O)O)c1,e300a09f463a7ae2,6
,,,CCC(NC(=O)c1c(S(C)=O)c(-c2ccccc2)nc2cc(CN(C)C)ccc12)c1ccccc1,c2b59fceeb1f0f76,6
,,,CCC(c1nc2ccn(C)c2c(=O)n1Cc1ccccc1)N(CCCN)C(=O)c1ccc(C)cc1,7653e435ef066323,5
,,,CCc1c(C)nc(SCC(=O)Nc2nc(-c3ccc(OC)cc3)cs2)nc1O,2935e974f32468c5,8
,,,CC(=O)c1ccc(N2CCN(S(=O)(=O)C[C@]34CC[C@H](CC3=O)C4(C)C)CC2)nc1,5ca96d0f490a207b,8
,,,N#Cc1ccc(S(=O)(=O)NCC(c2ccccc2)N2CCCCCC2)cc1,fcaf90009962ba92,9
,,,Fc1cc(F)cc(-c2cc(N(CCCN3CCCCCC3)Cc3ccc4c(c3)OCO4)on2)c1,6e827f0c19c79397,9
,,,COCCNC(=O)c1ccc(Nc2ncc3cc(-c4ccnc(C)c4)ccc3n2)cc1,6b24e8715348573c,22
,,,Oc1ncc(NCc2ccccc2)c(O)n1,93d34358f5fecebe,7
,,,O=C(NCc1ccncn1)c1ccc(Oc2ccc(CCC3(O)CN4CCC3CC4)cc2)cc1,bba48bd8fd8e0df5,22
,,,C[C@H](Cc1cccc(CC(=O)NC23CC4CC(CC(C4)C2)C3)c1)NC[C@H](O)c1ccc(O)c(CO)c1,31695b18c57c1c30,3
,,,Oc1ccc2nc(-c3ccccc3)sc2c1,b9619e559292195b,2
,,,O=C(O)c1cccc(C(=O)N2CCC(N3CCC(Oc4ccc(Cl)c(Cl)c4)CC3)CC2)c1,3d5db9c88b25810d,4
,,,CC1CN(C(=O)c2cc3ccccc3[nH]2)CCN1,de1d3faad30025cd,6
,,,COc1ccc(-c2nc3c(NCCCNC(=O)C4CC4)c(Br)cnc3[nH]2)cc1,01b941f9bd2cabcd,2
,,,O=C1CCOc2nc(CCc3ccccc3)ccc21,f3a9120ff9f87c74,13
,,,CC(C)C(NC(=O)Cn1c(-c2cccnc2)ccc(NC(=O)OCc2ccccc2)c1=O)C(=O)C(F)(F)F,5257e17ab33a038d,4
,,,Nc1nccc(-c2cc3c([nH]2)[C@@H](CCF)CNC3=O)n1,4f2c43e534244790,5
,,,CC(C)C(=O)Nc1nc(-c2ccccn2)cc2ccccc12,7ca014a33bb6fca2,6
,,,CC(C)Oc1cc(-n2cnc3cnc(N[C@@H](C)c4ncc(F)cn4)nc32)n[nH]1,43f6d892e7850721,7
,,,CN(C)c1ccnc2sc3c(=O)n(-c4ccccc4)cnc3c12,0067947d08d412bb,4
,,,COc1cc(N2CCN(C(C)=O)CC2)ccc1Nc1ncc(Br)c(-c2cnc3ccccn23)n1,0711557e37dad9cf,8
,,,NC(=O)Nc1sc(-c2ccc(CN3CCCCC3)cc2)cc1C(N)=O,687ffb4c42e48aa1,1
,,,O=c1cc(N2CCOCC2)oc2cc(O)ccc12,59317492dd16c0bd,4
,,,CNC(=O)C1(N2CCCCC2=O)CCN(CC[C@H](CN(C)C(=O)c2c(OC)c(C#N)cc3ccccc23)c2ccc(Cl)c(Cl)c2)CC1,7b2f8bafde2c1836,4
,,,COc1cc(N2CCN(C(C)=O)CC2)ccc1Nc1ncc(Cl)c(-c2cnc3cc(Cl)ccn23)n1,2f7080536f3fa9c7,8
,,,COCCN(C)Cc1ccc(Nc2ncc3cc(-c4ccncc4)ccc3n2)cc1,5a27552318c7e7ff,22
,,,COc1cc(O)c2c(c1)/C=C\C[C@H](O)[C@H](O)C(=O)/C=C\C[C@H](C)OC2=O,ebe28482061a8d93,2
,,,CC(=O)NC1CC2CCCC(C1)N2C(=O)Nc1ccc(Cl)c(C(F)(F)F)c1,e6ca4cfc636cad29,3
,,,C[C@H](CO)Nc1nc(SCc2cccc(F)c2F)nc2nccnc12,5d5df75b9f4a1061,8
,,,CN[C@@H](C)C(=O)N[C@H](C(=O)N[C@H]1CCCN(CCc2ccc(C(F)(F)F)cc2)C1)C(C)(C)C,d540e06fc7472b82,3
,,,CN[C@@H](C)C(=O)N[C@H](C(=O)N[C@H]1CCCN(C(=O)Cc2ccccc2)C1)C1CCCCC1,6a05678c9d13767a,1
,,,O=S(=O)(Nc1cccc2[nH]ncc12)c1cccs1,0c4e8f5fd6b23b5a,8
,,,CC(C)C1NCCc2c1sc1ccccc21,01cf8c4e0b3c6d24,10
,,,CC1(C)[C@@H]2CC[C@@]1(CS(=O)(=O)N1CCN(c3ccc(C#N)cn3)CC1)C(=O)C2,599fe05b99fb5113,13
,,,Cc1cc2n[nH]c(=O)n2c2cc(-c3ccc(CO)cc3)ccc12,6bea97f47ac486fd,6
,,,O=S(=O)(NCC(c1ccccc1)N1CCCCCC1)c1ccc(F)c(F)c1,25097f19d912ed71,1
,,,CC(C)[C@H](NC(=O)CCc1ccccc1)C(=O)N1CCCC1,9059bf39701382d7,7
,,,C[C@@H]1CN(C(=O)[C@@](C)(O)C(F)(F)F)[C@@H](C)CN1C(=O)c1ccc(C#N)cc1,011289e299016615,3
,,,Cc1cc(Nc2nc(NCc3ccccn3)ncc2Br)n[nH]1,a41ad8e06f38d531,7
,,,COCc1ccoc1C(=O)N(c1ccc(OC)cc1OC)C(C(=O)NCC(C)O)c1ccccc1F,35d041eaac4e3200,2
,,,Cc1ncccc1Oc1ncnc(OC2CCN(C(=O)OC(C)C)CC2)c1C,02f000176ed8e11d,6
,,,CCNC(=O)c1cc2c(-n3ccc(C(F)(F)F)n3)c(-c3cncc(C(N)=O)c3)cnc2[nH]1,2cb155c0ac045a3a,15
,,,COc1ccc(C(=O)Nc2cccc(NC(=O)c3ccc(OC)c(OC)c3)n2)cc1OC,2da883c468a32406,7
,,,CCOc1ccccc1-c1ccc(-c2nc3ccncc3c(O)c2C#N)cc1,b4bbbc99dd72e14a,6
,,,CC(C)C(NC(=O)Cn1c(-c2ccccc2)ccc(NC(=O)NCc2ccccn2)c1=O)C(=O)C(F)(F)F,bd2579574036d089,6
,,,CN(C)C(=O)c1ccc(CN2CCc3cc4nc(N)sc4cc3CC2)cc1,d211a4222e36e36b,1
,,,C[C@@](N)(Cc1ccccc1)c1ccccc1,c0039890a6b9cc97,9
,,,O=C(O)CCc1ccc(OCc2cccc(Br)c2)cc1,e042f0e9a41c4f21,11
,,,COC1=CC(c2cc3ccccc3[nH]2)=N/C1=C\c1[nH]c(C)cc1C,0c9a2fe9e900f977,2
,,,Cc1[nH]c2nc(NCc3cccc(Br)c3)nn2c(=O)c1Cc1ccccc1,76d6fc0e0cc5856d,15
,,,CCCNC(=O)c1nnc2c(-c3cncc(C(=O)N4CCC4)c3)cccc2c1N,fd938d10c2bde18c,11
,,,COc1cc(Nc2nccc(Oc3cnc4ccccc4c3)n2)cc(OC)c1OC,c91a59e40b8872e0,7
,,,CC(C)C(NC(=O)Cn1c(-c2ccccc2)ccc(NC=O)c1=O)C(=O)C(F)(F)F,26ce0309aeb4cc9b,3
,,,Brc1cc(Br)cc(COC[C@H](c2ccccc2)N2CCNCC2)c1,b9562b47bb35fce4,6
,,,COCCC(=O)Nc1ccc(Nc2ncc3cc(-c4ccncc4)ccc3n2)cc1,179be8520fddcbe5,12
,,,COc1cc(C(=O)N2CC[C@](CCN3CCC(C(N)=O)(c4ccccc4)CC3)(c3ccc(Cl)c(Cl)c3)C2)cc(OC)c1OC,5dd70855d80613aa,2
,,,Nc1c(C(=O)NC2CC2)nnc2c(-c3ncccn3)cccc12,cac4bad445ae5798,2
,,,CCC(NC(=O)c1c(S(C)=O)c(-c2ccccc2)nc2cc(F)ccc12)c1ccccc1,29427c22a832d5b6,3
,,,COc1ccc(S(=O)(=O)NC(=O)N2CCC(N3CCC(Oc4ccc(Cl)c(Cl)c4)CC3)CC2)cc1,a60ef9c852d34264,5
,,,Cc1ccc(F)c(Nc2ccnc(Nc3ccc(OCC(O)CN(C)C)cc3)n2)c1,63d48bdf4ac62b34,6
,,,COc1ccc(OC)c(-c2c(F)ccc3c(N)c(C(=O)NC4CC4)nnc23)c1,81b5ecea91fb6949,6
,,,Cn1sc(=O)c2cc(S(N)(=O)=O)ccc21,0e3cff1118ff1b7b,2
,,,O=C(NC1CCCCC1)N1CCN(c2ccccc2Cl)CC1,91b455f05429a03f,5
,,,O=C(O)Cc1ccc(-c2ccc(NC(=O)c3nnc(Nc4ccccc4F)o3)cc2)cc1,48428849560d0c38,7
,,,Cc1ccc(-n2[nH]c(=O)c3cccnc32)cc1,3c42fd441e068ab3,4
,,,Cc1ccc(C(NC(=O)c2ccccc2O)C(=O)Nc2c(C)cccc2C)s1,61ea10cda4bf1c2f,6
,,,CCCNC(=O)c1nnc2c(-c3cc(C)ccc3OC)cccc2c1N,0da409998e2f3499,17
,,,CN(C)S(=O)(=O)c1ccc2c(C(=O)NC[C@@H](O)CN3CCC(Oc4ccc(Cl)c(Cl)c4)CC3)c[nH]c(=O)c2c1,c9c89e68a1ed7a5e,5
,,,CCCSc1nc2ccc(NC(=O)CCC(=O)O)cc2s1,0ea8626eba096ae1,8
,,,CCN(C(=O)Cc1ccc(S(C)(=O)=O)cc1)C1CCN(CCC(c2ccccc2)c2ccc(S(C)(=O)=O)cc2)CC1,e83e17c50183d2e3,2
,,,O=C(C1CCN(c2nnc(-n3cccc3)s2)CC1)N1CCc2ccccc2C1,7620925d61b2f625,3
,,,CN1CCN(c2cc3c(Nc4ccc(F)cc4F)c(C(N)=O)cnc3cc2F)CC1,2294d21901b4880b,4
,,,COc1cccc(COCC(O)CN2CCC(C(N)=O)CC2)c1,4909ba7f315070ff,6
,,,COc1cc(C(=O)NC[C@@H](O)CN2CCC(Oc3ccc(Cl)c(Cl)c3)CC2)ccc1N,20ce17af563ded71,2
,,,C[C@H]([C@H](O)c1ccc(O)cc1)N1CCC(O)(c2ccccc2)CC1,9555a198eb49e22c,11
,,,O=c1oc2ccccc2cc1-c1ccc(O)cc1,fefe2f268a08c066,4
,,,NC(=O)C1CCN(CC(=O)Nc2ccc3c(c2)OCO3)CC1,79229979006d7f43,4
,,,COc1ccc(CCN2CN=C(SCc3ccc(Cl)cc3)NC2)cc1OC,75f4af6de65b5581,4
,,,COc1ccnc(NC2CCN(C(=O)c3ccccc3)CC2)c1,a746bad6c495f539,3
,,,CC(C)Cn1c(=O)n(C)c(=O)c2c(C(=O)N3CC[C@@H](O)C3)c(Cc3cncc4ccccc34)sc21,e833d3f0c8e671cc,7
,,,CCn1c(=O)c2c(=O)cc(O)oc2c2ccccc21,e4f9c8405e67df7c,4
,,,COC(=O)CCCCCCC(=O)Nc1ccc2c(c1)-c1ccccc1C(=O)C2=O,6ead44ef235bda3f,10
,,,COC(=O)c1c(O)cccc1OC/C=C/c1ccc(F)c(-c2cc(C(=O)O)no2)c1,e3dd32d7b160d732,4
,,,CC1CN(CC2(C(N)=O)CC2)CCN1S(=O)(=O)c1ccc(C(C)(O)C(F)(F)F)cc1,8633ba1f3a3f8bd2,1
,,,O=C(NC[C@@H](O)CN1CCC(Oc2ccc(Cl)c(Cl)c2)CC1)c1c[nH]c2ccccc12,d9c0ad88f2f46c0e,7
,,,COc1cc2nnc(C(N)=O)c(Nc3ccc(F)cc3F)c2cc1N1CCN(C)CC1,2a3d2a2ffd9a44b8,4
,,,COc1ncccc1-c1cccc2c(N)c3c(nc12)CN(C1CCC1)C3=O,c81541728b3c919d,7
,,,COc1cc(OC2CCN(C)CC2)c2c(Nc3cccc4c3OCCO4)ncnc2c1,88922d055cf4c9c5,3
,,,CCCN(CCNCCc1ccc(O)c2[nH]c(=O)sc12)C(=O)CCOCCc1ccccc1,8fa31e94d193c0f7,3
,,,CC(=O)NC[C@H]1CN(c2ccc(-n3ccc(C#N)c3)c(F)c2)C(=O)O1,d11b317e4b87bb41,3
,,,CC[C@H](CO)Nc1nc(SCc2ccccc2)nc2[nH]c(=O)sc12,cd04f3152687446f,9
,,,COc1ccc(Oc2ncccc2C(=O)NCc2ccccc2Cl)cc1,0f1d4960cd438d11,9
,,,COc1ccc(C(C)NC(=O)C2(N)CCN(c3ncnc4[nH]ccc34)CC2)cc1OC,f8a6bfebde8c1e49,1
,,,COc1cc2ncnc(Nc3ccc(F)c(Cl)c3)c2cc1OCCN(C)C,bf28adbc9c4b37f1,11
,,,O=[N+]([O-])c1ccc2c(c1)nc1n2CCCCC1,fbe3383c3d316ccf,2
,,,Cc1ccc2c(N)c(C#N)sc2n1,8cf48490058cb46a,1
,,,COc1cccc(-c2cc(O)c3cc(NC(C)=O)ccc3n2)c1,07f78e5bb74b0282,13
,,,NC1CCN(c2nccc(C(=O)NCC34CC5CC(CC(C5)C3)C4)c2Cl)CC1,d642fd5d50f53d9f,7
,,,NC(=O)c1cccc(S(=O)C2CC3CCC(C2)N3Cc2ccccc2)c1,17f6dd4c2952e848,16
,,,CCn1cnc2cnc(-c3ccc(C4(N)CCC4)cc3)c(-c3ccccc3)c21,4a5263936c723a7e,14
,,,Cc1ccc(NC(=O)c2ccnc(N3CCOCC3)c2)cc1Nc1ccnc(OC2CCN(C)CC2)n1,197e3d8c51c58be5,2
,,,COc1cc(C(=O)Nc2ccc(N3CCOCC3)cc2)nc2c(N3CCN(C)CC3)cc(F)cc12,5da68e20c3fa9dd7,6
,,,CS(=O)(=O)Cc1ccc2ccn(-c3cc(NC4CC4)n4ncc(C#N)c4n3)c2c1,b009651feb220579,11
,,,CCCNC(=O)c1nnc2c(-c3cnccc3OC)cccc2c1N,fdcb0bacbd4716c7,13
,,,O=c1[nH]cnc2cc(F)c(F)cc12,828884e549f7576d,1
,,,COc1cc(F)ccc1-c1cncc(C2CCCN2)c1,4063c2d32d3dc649,17
,,,CN1CCN(CC(=O)Nc2c(C#N)cnn2-c2ccccc2)CC1,0f746e8ea204dcba,7
,,,COc1cc(O)c(C(CC(=O)N2CC(C)CC(C)C2)c2ccc3c(c2)OCO3)c(OC)c1,e62740486a1bae56,4
,,,CC(=O)Nc1ccc2cnn(-c3cc(NC4CC4)n4ncc(C#N)c4n3)c2c1,34599c69d559979e,3
,,,Cc1nc(CS(=O)(=O)c2ccccc2)cc(N2CCOCC2)n1,6325136fa3597366,3
,,,O=C1COc2ccc(CNC3CCN(CCN4C(=O)COc5ccc(-c6ccco6)cc54)CC3)nc2N1,108a2b36e2440eb8,4
,,,CCC(CC)NC(=O)c1cnn(-c2ccccc2)c1NS(=O)(=O)C1CCCC1,29bcfa5fe845b7a1,3
,,,CNC1CCN(c2ccc(NC(=O)c3ccc(-c4ccccc4)cc3)cn2)C1,7e6ed4e26b2618e3,19
,,,COc1cc(OC)cc(-c2ccc(NC(=O)OCc3ccccc3)c(=O)n2CC(=O)NC(C(=O)C(F)(F)F)C(C)C)c1,5d6fe1033485ef00,7
,,,Cc1ccc(S(=O)(=O)Nc2c(C(=O)N[C@@H](C)C(C)(C)C)c(C)nn2CC(F)(F)F)cc1,dbc780b4e351e0b1,1
,,,O=C1CCOc2cc(OCc3cccc(F)c3)ccc21,39f6d74e1132606c,14
,,,CCNC(=O)c1cc2c(-n3nc(C(F)(F)F)cc3C)c(-c3cncc(C(=O)O)c3)cnc2[nH]1,0023d577e700cf4e,12
,,,O=C(N[C@@H]1CN2CCC1CC2)c1ccc(-c2ccccc2)s1,6d5c99f701432dba,4
,,,CC(=O)Nc1ccc(CNc2[nH]nc3cccc(Oc4ccc(F)cc4)c23)cc1,ccbdeccd1bf4d00e,5
,,,COc1cc(N2CCN(C(C)=O)CC2)ccc1Nc1ncc(Cl)c(-c2cnc3c(OC)cccn23)n1,f4092b77b0ad0a4d,5
,,,O=C1O[C@]2(CN3CCC2CC3)CN1c1cccs1,11d7425e3612e524,2
,,,Nc1nc(Nc2ccc3nc(-c4ccc(F)cc4)cc(N)c3c2)cc(-c2ccc(C(F)(F)F)cc2)n1,7979c7f144db57d2,23
,,,CCCCc1nc2c(N)nc3ccccc3c2n1Cc1ccccc1,a9bd9e3c20e573ba,15
,,,COc1c(C#N)cc2ccccc2c1C(=O)N(C)C[C@@H](CCN1CCC(N2CCCNC2=O)CC1)c1ccc(Cl)c(Cl)c1,b2afc86e5779ea93,6
,,,O=c1cc(-c2ccccc2)ccn1-c1ccc2c(cnn2CCN2CCCC2)c1,e6458637cd8438a0,15
,,,Oc1nc(-c2ccccc2)nc2ccccc12,9997ad2de94581d8,1
,,,COc1cc2ncc(C(N)=O)c(Nc3ccc(F)cc3F)c2cc1NCCN(C)C,4e37dc5b0d6c0041,5
,,,CC(C)C(NC(=O)Cn1c(-c2ccccc2)ncc(NC(=O)OCc2ccccc2)c1=O)C(=O)C(F)(F)F,c13275520efbb52e,9
,,,C[C@H](Nc1ncc(F)c(Nc2cc(C3CC3)[nH]n2)n1)c1ccc(F)cn1,51838f6f6d2024d6,8
,,,CC(=O)Nc1ccc(-c2ccccc2)n(CC(=O)NC(C(=O)C(F)(F)F)C(C)C)c1=O,2d2a2f00b4fe6492,3
,,,CC(C)[C@@H]1N=C(c2ccccc2)c2ccccc2NC1=O,42ed44add2ca1805,4
,,,COc1cc2ncc(C(N)=O)c(Nc3cc(F)ccc3F)c2cc1OC,b8ff84f09c29e9d9,6
,,,O=C(Nc1cccc(-c2nnn[nH]2)c1)c1cc(C(F)(F)F)cc2[nH]cnc12,9434aa91cf8f4eec,6
,,,N#Cc1cc(S(=O)(=O)NCC(c2ccccc2)N2CCCCCC2)ccc1F,b2d1bf5da33b5e5f,13
,,,Cc1ncc(-c2nc(Nc3ccc(C(=O)NCCN(C)C)c(F)c3)ncc2F)n1C(C)C,529f4a65025fc559,11
,,,Cc1ccc2c(c1)c(-c1ccnc3c(C#N)cccc13)c(C)n2CC(=O)O,52c5b50efea882aa,8
,,,Cc1cn([C@H]2CCCN(S(=O)(=O)c3ccc(C(=O)O)c(Oc4ccc(Cl)c(Cl)c4)c3)C2)c(=O)[nH]c1=O,3e6bcecdb44944ba,4
,,,O=c1c2ccc(O)cc2ncn1-c1ccc(O)cc1,05a087fa741942b5,7
,,,c1ccc(CSc2nc3cccnc3[nH]2)cc1,77653c63772c0259,3
,,,Cc1ccc(COC(=O)N2CCC(CNc3ncccn3)CC2)cc1,48e64d83793c86bb,9
,,,COC(=O)Nc1cnc(-c2ccc(F)cc2)n(CC(=O)NC(C(=O)C(F)(F)F)C(C)C)c1=O,35b7a1d59c658693,2
,,,COc1cccc(NC(=O)c2cccc(Cc3c(C)nn(CCO)c3-c3ccccc3)c2)c1,da752f4f64750b07,8
,,,COc1ccc([C@]2(O)CC[C@H](N3CC[C@@H](NC(=O)CNC(=O)c4cccc(C(F)(F)F)c4)C3)CC2)cn1,89d32142f00b2669,1
,,,O=S(=O)(NCC(c1ccccc1)N1CCCCCC1)c1ccc(Br)cc1,4f9dae52aaf9190a,15
,,,Cc1cc2n[nH]c(=O)n2c2cc(-c3ccccc3CO)ccc12,36138ff93287ca49,6
,,,NC(=O)c1cccc(C[C@@H]2C[C@H]3CC[C@@H](C2)N3Cc2ccccc2)c1,a47d65d6a78adbdb,20
,,,C[C@@]1(C(=O)Nc2ccc(F)nc2)CCCN1c1nc(Nc2cc(C3CC3)n[nH]2)c2cccn2n1,9aaf9de2fde0b4ac,6
,,,C[C@H](Nc1nc(Nc2ncc(C#N)s2)cc(N2CCOCC2)n1)c1ccc(F)cn1,a83394b71054d83d,3
,,,NC(=O)c1cccc(O[C@H]2C[C@H]3CC[C@@H](C2)N3Cc2ccccc2)n1,7be7f234d3842952,7
,,,CC1(c2nc(N3CCOCC3)ncc2C(=O)NC2C3CC4CC2CC(O)(C4)C3)CC1,26c2caf9bb7579a9,10
,,,CCOc1cc2ncc(C(N)=O)c(Nc3ccc(F)cc3F)c2cc1N1CCC(O)CC1,02be42955f7da83c,5
,,,Nc1nc2nc(SCc3cccc(F)c3F)nc(O)c2s1,0ed4c6e44152893a,5
,,,CC(C)Cc1ccc(C(C)C(=O)NS(C)(=O)=O)cc1,59d6c10c4d1bb597,20
,,,COc1cc(OC)c(S(=O)(=O)N(C)c2ccccc2)cc1NC(C)=O,4b6d5be8c88c6e06,5
,,,COC(=O)N1CCN(C(=O)Cc2ccc(Cl)c(Cl)c2)[C@@H](CN2CCCC2)C1,117c49dc59c32728,4
,,,CCN(CC)C(=O)c1ccc(C(c2cccc3cccnc23)N2CCNCC2)cc1,9803c3ebfd47f032,5
,,,Nc1c2c(nc3c(-c4ncccn4)cccc13)CN(C1CCC1)C2=O,3136ab1c00ddfdbd,5
,,,COc1cc(CCc2cc(Nc3ccnc(NCc4ccccn4)n3)n[nH]2)cc(OC)c1,d1e89bc9aee25a1a,7
,,,CC1(c2ccccc2)CC(=O)NC(N)=N1,e021ab90c6200a17,4
,,,CS(=O)(=O)c1cccc(Nc2nccc(Nc3cccc4ocnc34)n2)c1,f8c5e25414d2c71d,10
,,,NCCCCN(Cc1nc2ccccc2[nH]1)C1CCCc2cccnc21,43b0fc389bd2cb6f,4
,,,CS(=O)(=O)c1ccc2c(c1)N(CCN1CCC(NCc3ccc4c(n3)NC(=O)CO4)CC1)C(=O)CO2,25e4f160423f37a7,9
,,,COc1ccccc1C(C#N)NC(=O)C1CCCCC1C(=O)N1CCN(Cc2ccc(F)cc2)CC1,08b2fcf71c578e56,2
,,,O=C1C2=Nc3ccccc3CN2c2ccccc21,5da2322e72e06a70,1
,,,Cc1ccc(S(=O)(=O)N2N=Cc3oc(C)cc3B2O)cc1,4a01d704ebc98767,3
,,,NC(=O)c1ccc(O[C@H]2C[C@H]3CC[C@@H](C2)N3Cc2ccccc2)c(F)c1,2d4be0c933cf01e9,11
,,,COc1cc2nc(Nc3ccc([C@@H](C)NC(C)=O)cc3)ncc2cc1-c1ccncc1,5ce11f3c3cc162c1,9
,,,CCC(c1nc2ccsc2c(=O)n1Cc1cccnc1)N(CCCN)C(=O)c1ccc(C)cc1,86d58cb4b6b0c846,4
,,,CN(C(=O)Cc1ccc(C#N)cc1)C1CCN(CCC(c2ccccc2)c2ccccc2)CC1,c7017ce2bfb4afab,4
,,,COc1ncc(-c2cccc3c2C[C@H](NC(=O)c2ccc(OCC(F)(F)F)nc2)CO3)cn1,c9ed90757535f64b,20
,,,Cc1ccc(-n2c(C)cc(C(=O)NS(=O)(=O)c3ccc(C)cc3)c2C)cc1,e1efcb5f008d76ec,4
,,,CCN(C(=O)Cc1ccc(S(C)(=O)=O)cc1)C1CCN(CCC(c2ccccc2)c2ccccc2)CC1,c1bc02abd28771b3,7
,,,Nc1nc(-c2ccccc2)nc2c1nc(O)n2Cc1ccccc1,373a8894c30506c8,2
,,,O=C(Nc1nnn[nH]1)c1cc(Oc2ccccc2)c2ccccn2c1=O,dcebe042c71da9fa,2
,,,N#Cc1c(-c2ccccc2)nc(SCc2ccccc2)[nH]c1=O,e8f0d47a9dcdbefc,3
,,,CC(C)(CS(=O)(=O)N1CCN(c2ccc(F)cc2)CC1)N(O)C=O,fd5138b0a9cd9239,1
,,,C[C@H](CO)Nc1nc(SCc2cccc(F)c2F)nc2[nH]c(=O)ccc12,e7927924f399fa2e,5
,,,COc1cc(N2CCN(C(C)=O)CC2)ccc1Nc1ncc(Cl)c(-c2cnc3ccc(N(C)C)cn23)n1,307c8e8ca094229b,7
,,,O=C(NS(=O)(=O)c1ccc(F)cc1)N1CCC(N2CCC(Oc3ccc(Cl)c(Cl)c3)CC2)CC1,935bbb753f59fbd4,3
,,,CCC(c1nc2ccsc2c(=O)n1Cc1ccccc1)N(CCCN)C(=O)c1ccc(C)nc1,c00495e5eb401b72,5
,,,CCOC(=O)Nc1cccc([C@@H](c2ccc(C(=O)N3CCC3)cc2)N2CCN(Cc3cccnc3)CC2)c1,937018c30b1b3146,9
,,,CS(=O)(=O)c1ccc(C(=O)NC[C@@H](O)CN2CCC(Oc3ccc(Cl)c(Cl)c3)CC2)s1,8bb3c1f6a40c7ea0,2
,,,Cc1nc(NC(=N)N)nc2ccccc12,d9c4aac68b2fb696,2
,,,CCN(CC)C(=O)c1ccc([C@H](c2cccc(NC(=O)C3CC3)c2)N2CCN(CCOC)CC2)cc1,cdab89a7b048e9f5,9
,,,NC1(c2ccc(-c3ncc4nccn4c3-c3ccccc3)cc2)CCC1,b082a9ab5cb431e1,8
,,,Cc1nc2ncnn2c(O)c1CCOC(=O)c1c(F)cccc1F,50e6360459b2355f,8
,,,Cc1ccc(NC(=O)c2ccnc(N3CCOCC3)c2)cc1Nc1ccnc(N(C)C2CCN(C)CC2)n1,226229e8c19fde94,2
,,,CNc1c(Br)cnc2[nH]c(-c3ccnc(N)c3)nc12,07d08f0e1e314f17,3
,,,C[C@H](N)C(=O)N[C@H](/C=C/S(=O)(=O)c1ccccc1)CCc1ccccc1,bc34669e24ed6636,15
,,,O=C(O)C(c1ccccc1)N1CCC(N2CCC(Oc3ccc(Cl)c(Cl)c3)CC2)CC1,a475583e74561be8,9
,,,Cc1cc(C(N)=O)ccc1O[C@H]1C[C@H]2CC[C@@H](C1)N2Cc1ccccc1,04a7b278b454b407,12
,,,O=C(c1ccc(C(=C2CCN(Cc3cscn3)CC2)c2cccc3cccnc23)cc1)N1CCC1,959b9880e0f939a8,8
,,,COc1cc(N2CCN(C(C)=O)CC2)ccc1Nc1nccc(-c2cnc3ccccn23)n1,10cb74d51758ed1a,9
,,,Cc1ccc2nc(CCNCCCO)ccc2c1NC(=O)CC12CC3CC(CC(C3)C1)C2,eb127b71c5049bf8,7
,,,COCCC(C)n1nc(C)c(C(=O)NC(C)C(C)(C)C)c1NS(=O)(=O)c1ccc(C)cc1,fd48e2af9a55cf90,1
,,,CCc1[nH]c2nc(Sc3cnc4ccc[n+]([O-])c4c3)nc(N3CC[C@@H](N)C3)c2c1Cl,b6e333c78ac32dc0,4
,,,O=S(=O)(NCC(c1ccccc1)N1CCCCCC1)c1cccc(C(F)(F)F)c1,cac6eed56e04c465,9
,,,CNc1c(Br)cnc2[nH]c(-c3ccc(OCCN4CCN(C)CC4)cc3)nc12,4136d3f14683f588,4
,,,CCOC(=O)[C@H](Cc1ccc(O)cc1)NC(=O)c1cccc2ccccc12,ede7e47e3f1079d3,14
,,,Nc1[nH]nc2cccc(Cl)c12,9ebb9c41fcea74a7,1
,,,Cc1cccc(N(Cc2cc(F)c(F)cc2F)C(=O)O[C@H]2CN3CCC2CC3)c1,48efd98bb4137e34,17
,,,CNC(=O)c1[nH]cnc1C(=O)Nc1ccc(OC)cc1,406f63924fd4a314,3
,,,O=C1C2CCC(N2)C(=O)N1Cc1ccccc1,d00976a81a5bd590,4
,,,CN(C)C(=O)C1(N2CCCCC2=O)CCN(CC[C@H](CN(C)C(=O)c2cc(C#N)cc3ccccc23)c2ccc(Cl)c(Cl)c2)CC1,64d5d4604495773a,4
,,,N#Cc1ccc(-c2csc(Nc3ccc(O)cc3)n2)cc1,4abdb7251dadd296,7
,,,CN1CCC(C#N)(c2cccc3ccccc23)CC1,0bdc169f31de0130,6
,,,CC(C)(C)c1cc2nc3c(c(O)n2n1)CN(Cc1ccccc1)C3=O,f1881c11372d116e,4
,,,COc1ccc(Cl)cc1NC(=O)Nc1cnccn1,b13bc79f055117e6,1
,,,COc1ccnc(CSc2nc3ccccc3[nH]2)c1,a3d3654f65770179,7
,,,CN[C@@H](C)C(=O)N[C@H](C(=O)N[C@H]1CCCN(CCc2ccccc2OC)C1)C(C)(C)C,e481b2fbadbf5436,5
,,,N#Cc1cnn2c(N)cc(-c3ccc(F)cc3)nc12,577a7e05f5aaa532,2
,,,O=S(=O)(c1ccccc1)C1(c2cc(N3CCOCC3)nc(-c3cccc4[nH]ccc34)n2)CC1,239270b5a193e9e2,7
,,,CS(=O)CCN1C(=O)C(NC(=O)c2cc3cc(Cl)sc3[nH]2)Cc2ccccc21,71feefbbb35b17a2,2
,,,COCCCc1cc(Nc2ccnc(NCc3cc(C)no3)n2)n[nH]1,86f4a41306d49e38,12
,,,COc1c(C#N)cc2ccccc2c1C(=O)N(C)CC(CCN1CCC(c2ccc(O)cc2S(C)=O)CC1)c1ccc(Cl)c(Cl)c1,5a28a742724590e9,4
,,,Cc1ccc(OC(=O)N2CCN3CCC2CC3)cc1,cf03dc3e3f69ea9b,11
,,,C[C@H](NC(=O)/C=C/c1ccccc1)c1cccc(N2CCOCC2)c1,30f9e68bd2167a59,4
,,,O=S(=O)(Cc1ccccc1)NCC(c1ccccc1)N1CCCCCC1,5ed9acdc00ddb213,6
,,,C[C@H](CO)Nc1nc(SCc2cccc(F)c2F)nc2[nH]c(N)nc12,fd263209ffee3bd0,3
,,,CC(=O)Nc1cc2c(ccn2-c2cc(NC3CC3)n3ncc(C#N)c3n2)cc1C,af47d258ed08920f,3
,,,CC(O)(C(=O)Nc1ccc(S(=O)(=O)c2ccc(F)cc2)cc1)C(F)(F)F,9fcd10c26ef7e281,7
,,,COc1cccc(NC(=O)CC23CC4CC(CC(C4)C2)C3)c1C,43ce15ad35659ccf,6
,,,COc1cc(-c2ccncc2)cc2cnc(Nc3ccc([C@@H](C)NC(C)=O)cc3)nc12,0a338da2652e214b,13
,,,c1ccc(Nc2[nH]nnc2-c2ccccc2)cc1,f02bc8dac79f9aa4,6
,,,Cc1ccc(NC(=O)c2cccc(N(C)C)c2)cc1NC(=O)c1ccc(OC(C)C)cc1,2fcee85fdd03e710,4
,,,CCOC(=O)Nc1cccc([C@@H](c2ccc(C(=O)N(C)CC)cc2)N2CCN(Cc3nc[nH]c3C)CC2)c1,534150af50ca6061,3
,,,c1csc(Cn2nnnc2CN2CCN(c3nc4ccccc4s3)CC2)c1,e29068ebf93eafb4,7
,,,COc1ccc2nc(C)cc(OCC(=O)NCc3ccccc3)c2c1,ffb8dd9a38cc13e4,6
,,,COc1cccc(C(=O)N2CCC(n3c(=O)[nH]c4ccccc43)CC2)c1,8304ff6b768fc0d4,4
,,,CS(=O)(=O)N1CCOc2cc(COc3ccccc3)cnc21,aadab7395993e006,12
,,,CCOc1ccc(-c2cnc3n2CCC3)cc1,131891e7c8fc2b6c,12
,,,COc1cc2ncn(-c3cc(OCc4ccccc4C(F)(F)F)c(C(=O)O)s3)c2cc1OC,efb4fb16d0dedc55,5
,,,CCN(C(=O)Cc1ccc(C#N)cc1)C1CCN(CCC(c2ccccc2)c2ccccc2)CC1,90113683a7fdc81e,6
,,,CN(C)c1cccc2c(S(=O)(=O)Nc3cnccn3)cccc12,04a1ab490b5f6f24,12
,,,Cc1ccc(N(CC#N)c2cc(Nc3ccc(OCC(O)CN(C)C)cc3)ncn2)c(Br)c1,e06f406c024c19b4,11
,,,COc1ccc(C(=O)Nc2cc(NC(=O)c3cccc(N(C)C)c3)ccc2C)cc1,3cbbd707c307f712,9
,,,CCN(CC)c1ccc(-c2nn3c(-c4[nH]nc5c4CCC5)nnc3s2)cc1,98454139ccd8d755,13
,,,CCCCN(CCNC[C@H](O)c1ccc(O)c2[nH]c(=O)sc12)C(=O)CCOCCc1ccccc1,e1ad1e72bee1aaa5,2
,,,Fc1ccc(-c2ncn(C3CCNCC3)c2-c2ccncc2)cc1,5d5ad8551232b41a,3
,,,COc1cc(F)ccc1-c1cncc(CNC(=O)c2ccccc2)c1,8d3206e89af55fad,19
,,,O=C(c1ccc(-c2nn[nH]n2)cc1)N1CCC(N2CCC(Oc3ccc(Cl)c(Cl)c3)CC2)CC1,76e874a9f946de83,1
,,,CNC(=O)c1ccc(-c2cc(C(=O)N[C@H]3CCCNC3)c(NC(N)=O)s2)cc1,479b55b13e3c0ae8,2
,,,O=C1O[C@@H](COc2ccon2)CN1c1ccc(C2=CCOCC2)c(F)c1,a4478a908b837224,12
,,,CCC(c1nc2ccsc2c(=O)n1Cc1cscn1)N(CCCN)C(=O)c1ccc(C)cc1,705060ff07edc3ec,4
,,,CN(C)c1ccc(S(=O)(=O)NC(=O)N2CCC(N3CCC(Oc4ccc(Cl)c(Cl)c4)CC3)CC2)cc1,fb5b11eda50e9f8c,3
,,,Cc1ccc(S(=O)(=O)Nc2c(C(=O)NC(C)C(C)(C)C)c(C)nn2C2CCOC2)cc1,4548578aae23d199,4
,,,Cc1cc2n[nH]c(=O)n2c2cc(-c3ccc[nH]3)ccc12,452ab6fe6c1ba7e0,3
,,,COc1ccc(-c2cc(=O)c3ccccc3[nH]2)cc1,fe8b3700fbdf9f68,4
,,,COc1ccc(S(=O)(=O)Nc2ccc(-c3ccccc3)n(CC(=O)NC(C(=O)C(F)(F)F)C(C)C)c2=O)cc1,36329edbf237ea66,2
,,,O=C(O)c1cc(-c2ccncc2)nc2ccc(F)cc12,128904085f73cad3,7
,,,COc1ccc(S(=O)(=O)Nc2ccccn2)cc1,c989ed118d7d4000,10
,,,Cc1ccc(NC(=O)c2ccnc(N3CCOCC3)c2)cc1NC(=O)c1ccc(OCc2ccccn2)cc1,8690b0b950a9ba38,4
,,,Nc1cc2n[nH]c(=O)n2c2cc(-c3ccco3)ccc12,8468b51fd0a5b1d1,2
,,,C1=CCC(c2cc3ccccc3o2)CNC1,6e47a31cb44a94ea,5
,,,Cc1ccc(-c2nnc(N3CCN(C(=O)c4ccco4)CC3)c3ccccc23)cc1,ffbeb3eb5282686a,6
,,,CCCCC(NC(=O)CC1CCN(Cc2ccn(-c3ccc(C(F)(F)F)cc3)c2)CC1)c1ccc(=O)[nH]c1,4ed367696fd6c289,4
,,,CCCc1c(OCc2ccc(-c3nn[nH]n3)cc2)ccc(C(C)=O)c1O,8fabd071742c9afb,11
,,,NC(=O)Nc1sc(-c2cc(F)cc(F)c2)cc1C(=O)N[C@H]1CCCNC1,8e73c2bc53381916,6
,,,NC(=O)Nc1cc(-c2cccc(O)c2)sc1C(N)=O,c034a53c1f3c2477,5
,,,CC(=O)Nc1ccc(S(=O)(=O)Nc2ccc(Cc3ccncc3)cc2)cc1,7dfd6a2915d88c16,3
,,,O=C(NCc1ccco1)c1ccc2[nH]c(COc3ccc(C45CC6CC(CC(C6)C4)C5)cc3)nc2c1,7b2d70d911df6475,18
,,,N#Cc1cccc(C(=O)NC[C@@H](O)CN2CCC(Oc3ccc(Cl)c(Cl)c3)CC2)c1,7f9a6202d328fae1,6
,,,COc1cc(CNc2nc3ccccc3[nH]2)cc(OC)c1OC,3f36d00a7121e975,7
,,,O=C(Nc1ccc(Cl)c(Cl)c1)N1CCN(C[C@H]2CN(C3CC3)CCO2)CC1,f9dc4cbe65996eff,4
,,,CC(C)C[C@H](CO)Nc1nc(SCc2ccccc2)nc2nc(N)sc12,d39764eb55336475,10
,,,CN1CCC[C@H]1c1ccccn1,8f7be85c74103209,6
,,,CC(=O)Nc1ccc2ccn(-c3cc(NCCCCO)n4ncc(C#N)c4n3)c2c1,8965b3726e9e2bc8,2
,,,Oc1nc(-c2ccc(C(F)(F)F)cc2)nc2c1CSCC2,5bdb4eb7596122c2,7
,,,CNC(=O)c1ccc(CCC(COc2ccc(-c3cccc([N+](=O)[O-])c3)cc2)N2C(=O)CSC2=O)cc1,8566648b6e12c60f,2
,,,Oc1nc(-c2ccccc2)c(-c2ccccc2)o1,5ddd1d774ec57d70,4
,,,CCC(CC)NC(=O)c1nnn(-c2ccccc2)c1NS(=O)(=O)c1ccc(C)cc1,c6563d9936dc149c,1
,,,CN[C@@H](C)C(=O)N[C@H](C(=O)N[C@H]1CCCN(CCc2ccc([N+](=O)[O-])cc2)C1)C(C)(C)C,65857ca817a31b0e,2
,,,CCN(CC)C(=O)c1ccc([C@H](c2cccc(NC(=O)C3CC3)c2)N2CCN(Cc3ccc(F)cc3)CC2)cc1,f6631e505f3a7833,2
,,,COC(=O)N1CCOc2cc(COc3ccccc3)cnc21,a45e88e2a5a97962,7
,,,COc1cnc(-c2ccccn2)nc1Oc1ccc(F)cc1F,587f67148ae74069,7
,,,CCOc1cccc(/C=C2\SC(=O)NC2=O)c1N1CCC[C@@H](N)C1,7e0fa88e47a0bd10,3
,,,CS(=O)(=O)c1ccccc1C(=O)NCC(O)CNC1CCN(Cc2ccc(Cl)c(Cl)c2)CC1,b7d5b01b2ad51589,1
,,,Cc1nc2c(C#N)cnn2c(O)c1Cc1ccccc1,c797b6fd1b4d8b1a,2
,,,N#Cc1ccc(OCC(=O)O)c(-c2ccccc2)c1,339fc713d4b2bf18,8
,,,Cc1cc(NC(=O)c2nnc(Nc3ccccc3F)o2)ccc1N1CCOCC1,e02c65c4c4dbb2bf,1
,,,O=C(C1CCN(c2nnc(-n3cccc3)s2)CC1)N1CCN(Cc2ccc3c(c2)OCO3)CC1,7f1f9b81b59f050f,5
,,,COc1ccc(C(=O)Nc2cc(NC(=O)c3cccc(N(C)C)c3)ccc2Br)cc1OC,81d26ab8919fedee,11
,,,COc1cc(F)ccc1-c1cncc(CNC(=O)c2ccccn2)c1,9b521400f3a408a5,16
,,,CC(=O)NC[C@H]1CN(c2ccc(-n3cnc(C#N)c3)c(F)c2)C(=O)O1,6f6717661e3646eb,5
,,,O=C1O[C@]2(CN3CCC2CC3)CN1c1ccc(Br)s1,ef9ef0e1660813f4,2
,,,CC(=O)NC[C@H]1CN(c2ccc(N3CCN(c4cnccn4)CC3)c(F)c2)C(=O)O1,e6c762f40888c5d4,7
,,,CC(C)c1ccccc1Nc1nc(SCc2cccs2)n[nH]1,f1bc8b4e8c479a07,24
,,,O=c1[nH]ccc2nc(-c3ccc(CN4CCC(c5n[nH]c(-c6ccccn6)n5)CC4)cc3)c(-c3ccccc3)cc12,78b2fcb4f90d6779,1
,,,COCCOc1ccc(Nc2ncc3cc(-c4ccncc4)ccc3n2)cc1,705785cfb674eb0f,21
,,,Cc1cccc(Cn2ccn3c(=O)cc(N4CCOCC4)nc23)c1,9662296ba2e40f40,6
,,,OCC(CO)Nc1nc(SCc2cccc(F)c2F)nc2nc(NC3CC3)sc12,79e4f23f0293660a,4
,,,C[C@H](CO)Nc1nc(SCc2cccc(F)c2F)nc2[nH]c(=O)c(C#N)cc12,bfa2f569bc9f30fc,5
,,,O=C(Nc1cc(-c2ccnc(Nc3ccccc3)c2)ccn1)C1CCOCC1,5c058a61dc4b2133,4
,,,CN[C@@H](C)C(=O)N[C@H](C(=O)N[C@H]1CCCN(CCc2ccc(C)cc2)C1)C(C)(C)C,1fb69b3f889c6613,1
,,,c1cc(-c2ccc3nc(Nc4ccc(OCCN5CCCC5)cc4)ncc3c2)ccn1,6286863e4110553f,23
,,,N#Cc1c(-c2ccccc2)nc(SCCc2ccccc2)[nH]c1=O,ba0321f26eab8ddc,3
,,,O=C(O)C(c1ccccc1)N1CCOC(CN2CCC(Oc3ccc(Cl)c(Cl)c3)CC2)C1,c0d46d34e5f78cfe,1
,,,Cc1nsc(C)c1CCC1CCN(S(=O)(=O)CC2(N(O)C=O)CCOCC2)CC1,91723ee036e04db8,2
,,,Cc1cccc(S(=O)(=O)NC(=O)N2CCC(N3CCC(Oc4ccc(Cl)c(Cl)c4)CC3)CC2)c1,a01c5140ecead90c,5
,,,CC(O)c1ccc2c(c1)N(CCN1CCC(NCc3ccc4c(n3)NC(=O)CO4)CC1)C(=O)CO2,8e61a9f9ba464040,1
,,,Cc1ccc(S(=O)(=O)Nc2c(C(=O)NC3CCCCC3C)cnn2-c2ccccc2)cc1,41d5175ab9f38ffe,5
,,,Fc1cccc(-c2cncc(CNCC3CC3)n2)c1F,c5e38b97664b952f,15
,,,COc1ccc(-c2ccccc2)cc1N1CC(=O)NS1(=O)=O,2715fc27c5b6faf1,6
,,,COc1cc2ncc(C(N)=O)c(Nc3ccc(F)cc3F)c2cc1NCCN1CCOCC1,4354582a77ae7254,2
,,,Oc1ccc(-c2csc(-c3ccc(O)cc3)n2)cc1,6a4a1d0244d17774,6
,,,Cc1ccc(S(=O)(=O)Nc2c(C(=O)N[C@@H](C)C(C)(C)C)c(C)nn2C2CCOCC2)cc1,39d4ee78808cbdd3,1
,,,CNCC[C@@H](Oc1cc(OC)ccc1C#N)c1ccccc1,bc8820b772ab2863,12
,,,O=C(Nc1cccc(-c2nnn[nH]2)c1)c1cccc2[nH]cnc12,754d9ada8b5b83a8,3
,,,CC(NC(=O)C1(N)CCN(c2ncnc3[nH]ccc23)CC1)c1cccnc1,ab585f0ba01fc719,4
,,,C[C@@H](NCc1ccccc1-c1ccc(CCNC[C@H](O)c2ccc(O)c3[nH]c(=O)sc23)cc1)c1ccccc1,f0b430e33a2f07fe,3
,,,CN[C@@H](C)C(=O)N[C@H](C(=O)N[C@H]1CCCN(CCc2ccccc2)C1)C1CCCCC1,150fb81d433658ce,5
,,,COc1cc2c(Nc3ccc(F)c(Cl)c3)c(C(N)=O)cnc2cc1OCCCN1CCN(C)CC1,41f80527f7b83b97,2
,,,C[C@H](CO)Nc1nc(SCc2ccccc2)nc2[nH]c(=O)[nH]c12,1e64cfb1be333d6d,5
,,,COc1cc(F)ccc1-c1cncc(CNC2CCCC2)c1,f141a837de13e6fd,9
,,,Cc1ccc(NC(=O)c2cccc(C(F)(F)F)c2)cc1NC(=O)c1ccc2ncccc2c1,f4eef7f06512ef2a,2
,,,COc1ccccc1-c1nnc(N)[nH]1,4a05fd483688a1cd,1
,,,O=C(c1ccc(OCCCc2c[nH]cn2)cc1)C1CC1,c4952abb87f81708,14
,,,Cc1cn([C@H]2CCCN(S(=O)(=O)c3ccc(C(=O)O)c(Oc4cccc(Cl)c4)c3)C2)c(=O)[nH]c1=O,37cebf77ecff4e78,5
,,,O=C(c1ccc(CCC(COc2ccc(-c3cccc([N+](=O)[O-])c3)cc2)N2C(=O)CCCC2=O)cc1)N1CCCC1,05b6ec016adf81b4,3
,,,C[Si](C)(C)C#Cc1cn(C[C@H]2CN(c3ccc(C4=CCS(=O)(=O)CC4)c(F)c3)C(=O)O2)nn1,39814389914e4fec,2
,,,O=C(O)c1ccc(NC(=O)c2cc(OCc3ccccc3F)cc(OCc3ccccc3F)c2)nc1,e987290903148012,4
,,,CCC(NC(=O)c1c(S(C)=O)c(-c2cccc(F)c2)nc2ccccc12)c1ccccc1,e5e65bb166ed000b,8
,,,CN[C@@H](C)C(=O)N[C@H](C(=O)N[C@H]1CCCN(CCCc2ccccc2)C1)C1CCCCC1,fdf40cc4c756426a,5
,,,NC(=O)Nc1cc(-c2ccccc2)sc1C(=O)N[C@H]1CCCNC1,d8a11bf6745a3a2b,4
,,,CN(C(=O)Cc1ccc(S(C)(=O)=O)c(F)c1)C1CCN(Cc2ccc(C(F)(F)F)cc2)CC1,094723ec936863cf,4
,,,C[C@H]1CCCN1CCc1cc2cc(-c3ccc(C#N)cc3)ccc2o1,50ab32b57813d026,20
,,,O=C(CC12CC3CC(CC(C3)C1)C2)Nc1cccc2c(=O)n(C(CO)CO)ccc12,66258ad1224109c5,7
,,,Cc1ccc(NC(=O)c2cccc(OCC(C)C)c2)cc1C(=O)Nc1cccnc1,d37f9631e07e51b3,13
,,,Cc1cc(-c2ccc(-c3nc4ccncc4c(O)c3C#N)cc2)ccn1,4e350b4593023b42,6
,,,C[C@](N)(Cc1ccccc1)c1ccccc1,bdbcfde428182346,7
,,,CSc1ccc(OCc2ccccc2)c(/C=C/c2ccc(C(=O)O)cn2)c1,7b900cb818f7204e,13
,,,Nc1nc(OCc2nccs2)nc2c1ncn2[C@@H]1O[C@H](CF)[C@@H](O)[C@H]1O,9cf848688900088d,7
,,,C[C@@H](O)[C@@H](CO)Nc1nc(SCc2cccc(F)c2F)nc2nc(N)sc12,b3ba48e03c10ff15,4
,,,CCCc1c(OCc2ccc(C(=O)O)cc2)ccc(C(C)=O)c1O,a593fc8e3ef2ab05,9
,,,CC1=C(C2=C(C)C(=O)c3c(cc(O)c(O)c3CCc3ccc(C)cc3)C2=O)C(=O)c2cc(O)c(O)c(CCc3ccc(C)cc3)c2C1=O,ececf26eabc4ff7e,5
,,,CN(CCOc1ccc(C[C@H](Nc2ccccc2C(=O)c2ccccc2)C(=O)O)cc1)c1nc2ccccc2o1,26b1581a3772f1ff,10
,,,CC(=O)N[C@H](C)c1ccc(Nc2ncc3cc(-c4ccncc4)c(C)cc3n2)cc1,3b5b0f597cb81513,5
,,,CN(C)CC(O)COc1ccc(Nc2nccc(Nc3ccccc3)n2)cc1,a5babbe3ffd6ad9f,11
,,,COc1ccc(C(CNC(=O)Nc2ccccc2)N2CCN(C)CC2)cc1,db87d72ae818a80f,3
,,,CNC1=Nc2ncccc2C(c2ccccc2)=NC1c1cccs1,b74fe23ff285f6fb,6
,,,O=C(NC[C@@H](O)CN1CCC(Oc2ccc(Cl)c(Cl)c2)CC1)c1cnnc2ccccc12,6bf0cfb4e47d6c65,5
,,,Cc1ccc(C(=O)NC2CC2)cc1-c1ccc(C(=O)NCC2CC2)nc1,fd3f5e7c25c5477c,19
,,,O=C([C@@H](O)CO)N1CC=C(c2ccc(N3C[C@H](COc4ccon4)OC3=O)cc2F)CC1,01cdb8c98fe45dab,6
,,,CCCNC[C@H](O)COc1ccccc1C(=O)CCc1ccccc1,6921390b9e75849e,8
,,,CCCCSc1nc(N)c2ncn(Cc3c(F)ccc(C)c3F)c2n1,b7a2356b88d73f1d,20
,,,O=C(Nc1cc(-c2ccncc2)c[nH]c1=O)[C@H](Cc1ccccc1)NC1(c2ccccn2)CC1,8d604811678da6c2,6
,,,COCCC(=O)N[C@@H](C)c1ccc(Nc2ncc3cc(-c4ccncc4)ccc3n2)cc1,d189b0b737083117,9
,,,COc1cc2c(c(OC)c1OC)-c1ccc(OC)c(=O)cc1C(NC(C)=O)CC2,e5b586d19d10310d,13
,,,COC(=O)CCC(=O)Nc1ccc2c(c1)-c1ccccc1C(=O)C2=O,30a09d79caf99441,5
,,,COc1ccc2c(c1)C(c1ccccc1)=NC(NC(=O)c1ccccc1OC)C(=O)N2,18fb7713ac71d1ea,5
,,,Cc1nn(-c2ccc(F)cc2)c(NS(=O)(=O)c2ccc(C(F)(F)F)cc2)c1C(=O)N[C@@H](C)C(C)(C)C,3c251592fdd7c649,3
,,,O=C1Nc2ccc(S(=O)(=O)N3CCC[C@H]3CNc3ccccc3)cc2C1=O,609792d111d8ae4f,5
,,,CCC(NC(=O)c1c(CCS(C)=O)c(-c2ccccc2)nc2ccccc12)c1ccccc1,2482891ece340f90,3
,,,CC(=O)Nc1ccc2ccn(-c3cc(NC4COC4)n4ncc(C#N)c4n3)c2c1,a0903f13e813c3f2,5
,,,COc1cc(-c2c(F)ccc3c(N)c(C(=O)NC4CC4)nnc23)c(OC)nn1,87c91bcf78a4bee3,3
,,,Cc1cnc(Nc2cc(N3CCOCC3)nc(N[C@@H](C)c3ncc(F)cn3)n2)s1,3527c0e99ff33a7e,7
,,,C1CCc2c(c3c(N4CCCC4)nc(N4CCCC4)nc3n2CCN2CCOCC2)C1,9e864cd0e4178726,6
,,,CC(=O)N[C@@H](C)c1ccc(Nc2ncc3cc(-c4ccncc4)ccc3n2)cc1,e8d7fa8a7e927b44,9
,,,CCOc1ccccc1-c1ccc2c(c1)C(=O)C(=O)c1ccccc1-2,47afdd9ffbb1f993,5
,,,O=C(CC1CCCCCC1)Nc1cccc2c(=O)n([C@H]3CCNC3)ccc12,6cfd69eeb46b903f,6
,,,Cc1cnc(-c2ccc(C)c(NC(=O)c3ccc(OCc4ccccn4)cc3)c2)[nH]1,480c520aa80aef02,6
,,,Cn1cc(-c2cccc(C[C@H](NC(=O)c3cc(C(C)(C)C)nn3C)C(=O)NCC#N)c2)cn1,6ed56b33e1ecc89a,4
,,,Cn1sc(=O)c2cc(S(=O)(=O)NC3CC3)ccc21,ee7c3d92bb0243e8,13
,,,CCc1ccccc1-c1ccc(-c2nc3ccncc3c(O)c2C#N)cc1,ce00b35a63aadb3e,6
,,,Cc1[nH]c(C(=O)NC2CCN(c3ncc(C(=O)O)s3)CC2)c(Cl)c1Cl,ffb71c2c2d212eaf,1
,,,CCCCc1nc2c(N)nc3ccccc3c2n1CC(C)C,97b9986079a654dd,19
,,,CN[C@@H](C)C(=O)N[C@H](C(=O)N[C@H]1CCCN(CCc2ccc(F)cc2)C1)C(C)(C)C,15b1ec256f6c81d6,3
,,,C[C@@H](NC(=O)c1cccnc1Oc1ccccc1)c1ccccc1,46dc3bce7df1a32f,3
,,,Nc1nc(-c2ccccc2)nn1Cc1ccccc1,43b538f8b919d939,2
,,,CCC(c1nc2ccsc2c(=O)n1Cc1ccc(OC)cc1)N(CCCN)C(=O)c1ccc(C)cc1,ec8dad60bd8c5c96,3
,,,Cc1cccc(NC(=O)NCC(c2cccnc2)N2CCOCC2)c1,92de827f87430a1b,5
,,,O=C(NCCCN1CCCCC1)C(c1ccccc1)c1ccccc1,c8eb9e99be076b94,3
,,,Cc1nccc(-c2ccc(-c3nc4ccncc4c(O)c3C#N)cc2)c1Cl,1a5249eaa2714f7d,2
,,,Nc1nc(CCc2cccc(Br)c2)cc(=O)[nH]1,23d57c2c35994f4c,8
,,,CC(C)C[C@H](N)c1nnc(S(=O)(=O)Cc2ccc(F)cc2)o1,aaea969ce4301942,3
,,,COC(=O)C1=C(C)NC(C)=C(C(=O)OC(C)C)[C@@H]1c1cccc2nonc12,1d703122d77e8ef4,5
,,,Fc1cccc(C(COCc2cc(C(F)(F)F)cc(C(F)(F)F)c2)N2CCNCC2)c1,37975ffada4935d5,3
,,,C=CCNC(=O)c1cc([N+](=O)[O-])cc2c(=O)[nH]c(Nc3ccc(Cl)c(Cl)c3)nc12,20b36565a3452ef6,17
,,,Cc1sc2ncnc(SCC(=O)N3CCN(C(=O)c4ccco4)CC3)c2c1C,26e54449951d6308,4
,,,NC1(c2ccc(-c3ncc4ccncc4c3-c3ccccc3)cc2)CCC1,5d2cab15d4710bae,8
,,,Cc1ccc(NC(=O)c2cccc(N(C)C)c2)cc1C(=O)Nc1cccnc1,d54712ff47c1f9bb,12
,,,COc1cc2ncnc(NCc3cccc(C)c3)c2cc1OC,cb15dc03d601fd60,5
,,,COc1ccc(/C=C2/SC(=O)NC2=O)cc1OC,92a268e580ff2e9a,3
,,,Clc1ccccc1-c1cnn[nH]1,d84eb4e0fe4aa24a,4
,,,O=C(CCc1ccccc1O)Nc1ccccc1,9586125ac16bd85b,12
,,,CNC1=Nc2ncccc2C(c2ccco2)=NC1c1cccs1,64e948bec95992a4,9
,,,COc1ccc(C(=O)Nc2cc(NC(=O)c3cccc(N(C)C)c3)ccc2C)cc1OC,37e1d1dea95f8cdd,4
,,,Cc1c(Cl)ccc(OC2CCN(C[C@H](O)CNC(=O)c3c[nH]nc3C(F)(F)F)CC2)c1Cl,689944eaa8def646,5
,,,O=C(CC1CCN(Cc2ccn(-c3ccc(C(F)(F)F)cc3)c2)CC1)NC(c1ccc(F)cc1)c1ccc(=O)[nH]c1,0ffd5801afdb0c06,4
,,,COc1nc(Br)cnc1NS(=O)(=O)c1cccc2c(N(C)C)cccc12,da08f172693bf2a5,11
,,,FC(F)(F)c1cc(COCC(c2ccccc2)N2CCNCC2)cc(C(F)(F)F)c1,eaa2cc574e96f9ed,2
,,,Cc1ccc(OCC(=O)O)c(-n2nc3ccccc3n2)c1,22544a87c42afeb8,8
,,,CC(=O)Nc1ccc(Nc2ncc3cc(-c4ccncc4)ccc3n2)cc1,9ce749694e6116d8,8
,,,CC#Cc1ccnc(-c2cccc([C@@]3(c4cc(C)c(=O)n(CC)c4)N=C(N)c4c(F)cccc43)c2)c1,a4adb4de215f2994,21
,,,CC(C)C(NC(=O)Cn1c(-c2ccccc2)ccc(NS(=O)(=O)C(F)(F)F)c1=O)C(=O)C(F)(F)F,8c7cdb61697a27b6,4
,,,N#Cc1cccc(COc2ccc3c(c2)OCCC3=O)c1,385b6c9519c416cd,18
,,,O=C(COCc1ccccc1)Nc1ccc2c(c1)C(=O)C(=O)c1ccccc1-2,493d4e0c21219dfc,6
,,,CNc1cc(C(=O)Nc2ccc(N3CCOCC3)cc2)nc2c(N3CCN(C)CC3)cc(OC)cc12,1be911e1937fb917,6
,,,COc1ccc(CC(=O)NC(N/C(=N/C#N)Nc2ccccc2C)C(C)(C)C)cc1OC,d2a0bf93959e4af2,5
,,,CC(C)C(NC(=O)Cn1c(-c2ccccc2)ccc(NS(=O)(=O)NCc2ccccc2)c1=O)C(=O)C(F)(F)F,eb822766249fd504,1
,,,O=S(=O)(NCCNc1ncccn1)c1cccc2cnccc12,3c8e93c270df5871,5
,,,CCOC(=O)c1c(-c2ccccc2)nc2cc(C)ccn12,53da35b4ffe74de9,10
,,,CCC(c1nc2ccsc2c(=O)n1Cc1ccccc1)N(CCCN)C(=O)c1ccccc1,31217dfdf7602e5b,3
,,,C[C@@H]1CN(Cc2nnc(-c3cc(-c4cccc5[nH]ccc45)cc4[nH]ncc34)o2)C[C@H](C)O1,a91de9ec843fe922,3
,,,CCN(C(=O)Cc1ccc(S(C)(=O)=O)cc1)C1CCN(CC[C@H](c2ccc(S(C)(=O)=O)cc2)c2cc(F)c(F)c(F)c2)CC1,f5dc6600d13ffda1,5
,,,COC(=O)CCCCCCC(=O)Nc1ccc2c(c1)C(=O)C(=O)c1ccccc1-2,936d677985a437a8,5
,,,O=C(CC1CCN(Cc2ccn(-c3ccc(C(F)(F)F)cc3)c2)CC1)NC(c1ccc(F)cc1)c1c[nH]c(=O)c(Cl)c1,9bd6f22bc8e06e02,6
,,,Cc1ccc(/C=C(\C#N)C(N)=O)cc1,307f8a807e2e2ab1,1
,,,COc1ccccc1CNC(=O)NS(=O)(=O)c1ccc(Cl)cc1,44189a037f2351a1,1
,,,O=C(N[C@H]1CN2CCC1CC2)c1ccc(-c2ccccc2)s1,e874cedcadde3119,4
,,,COc1cc2ncnc(Nc3cc(NC(=O)c4ccnc(N5CCOCC5)c4)ccc3C)c2cc1OCCN1CCCC1,26ad3c86053a2837,10
,,,CCCSc1ncccc1C(=O)N(C)C1C2CC3CC1CC(O)(C3)C2,d7d1bac23bba9755,21
,,,CC[C@@H](CO)Nc1nc(SCc2ccccc2)nc2nc(N)sc12,49862f1250f53382,7
,,,Cc1ccccc1C(=O)NCC12CC3CC(CC(C3)C1)C2,d04d3af11c7bf88d,7
,,,CN(C)c1ccccc1S(=O)(=O)NC(=O)N1CCC(N2CCC(Oc3ccc(Cl)c(Cl)c3)CC2)CC1,47653b84881b428f,1
,,,Cc1cn([C@H]2CCCN(S(=O)(=O)c3ccc(C(N)=O)c(Oc4cccc(Cl)c4)c3)C2)c(=O)[nH]c1=O,e63379ea11245a72,3
,,,NC1(c2ccc(-c3ncc4ncccc4c3-c3ccccc3)cc2)CCC1,d08f8b6a32d65dea,5
,,,O=C(c1ccc(C(=C2CCN(Cc3cscn3)CC2)c2cccc3cccnc23)cc1)N1CCC(O)CC1,9791231b9fe9e018,2
,,,Cn1c(CN2CCN(c3ccccc3)CC2)nc2ccccc21,eb595b99f358c49b,5
,,,COc1cc(Nc2nc3c(cc2F)ncn3[C@@H](CO)c2ccc(F)cn2)n[nH]1,e30a8cda6787418a,3
,,,CC(C)C(NC(=O)Cn1c(-c2ccccc2)ccc(NC(=O)NCc2cccnc2)c1=O)C(=O)C(F)(F)F,f4aa66650a345ebb,1
,,,N#Cc1cccc(NCC(=O)Nc2c(Cl)ccc3nc(N4CC[C@@H](O)C4)ccc23)c1,e7095e76a8e72a12,9
,,,Oc1cc(-c2ccccc2)nc2ncnn12,171fa6896adefbb9,2
,,,CN[C@@H](C)C(=O)N[C@H](C(=O)N[C@H]1CCCN(CCc2cccc(OC)c2)C1)C(C)(C)C,863568ff112a96d8,2
,,,O=C(OCCN1CCCCC1)c1c[nH]c2ccccc12,920b9cca2d9cec34,9
,,,CC(=N)NCc1ccccc1,6d8ea8cee53b495a,3
,,,CNS(=O)(=O)Nc1ccc(-c2ccccc2)n(CC(=O)NC(C(=O)C(F)(F)F)C(C)C)c1=O,a4b9415a4fa71560,8
,,,CCC(NC(=O)c1c(S(C)=O)c(-c2ccccc2)nc2ccccc12)c1cccnc1,2b12af700718f1a4,7
,,,O=c1ccoc2cc(OCc3ccccc3)ccc12,529eef74387a3635,4
,,,COc1ncc(C)cc1-c1cccc2c(N)c(C(=O)NC3CC3)nnc12,adc8e49cde987540,4
,,,COc1ccc(C(CN2CCCC2)N(C)C(=O)Cc2ccc(Cl)c(Cl)c2)c(OC)c1,b09538ce5fa8cd75,4
,,,COc1cc(N2CCN(C(C)=O)CC2)ccc1Nc1ncc(Cl)c(-c2cnc3c(C)cccn23)n1,cda62ff50e0d610d,8
,,,Cc1ccc(C(=O)NC(C)C)cc1-n1cnc2ccc(N3CCN(C)CC3)cc2c1=O,f4870fb2299cd4bf,5
,,,CC(=O)Nc1ccc2c(c1)c(-c1cc(NC3CC3)n3ncc(C#N)c3n1)cn2CCCO,9000a7b33d65c2e6,8
,,,CC(=O)Nc1ccc(CC(=O)N(C)C2CCN(Cc3ccc(C(F)(F)F)cc3)CC2)cc1,611c84aea7f4622d,3
,,,CC(=O)Nc1ccc2c(c1)c(-c1cc(NC3CC3)n3ncc(C#N)c3n1)cn2CCO,74327c0f2660f111,9
,,,O=C1CCOc2cc(COc3ccccc3)ccc21,87e8b7389f15da7e,9
,,,C=CCc1cc(NC(C)=O)ccc1OCCCNC(C)C,ee30e40c8753f9ff,16
,,,CN1CCN(CCCOc2ccc(-c3cc(-c4ccc(F)cc4)no3)cc2)CC1,42e397cdd8baf3e8,3
,,,N#C/C(=C(\N)Sc1ccc(N)cc1)c1ccccc1C(F)(F)F,65f75e8b3f42c540,4
,,,NC(=O)c1cnc(N[C@H]2CCCNC2)c2cc(-c3ccncc3)sc12,a2498f1d5c8e6ba0,2
,,,O=C(NC[C@@H](O)CN1CCC(Oc2ccc(Cl)c(Cl)c2)CC1)c1c[nH]c(=O)c2cc(S(=O)(=O)NC3CC3)ccc12,4106e5fcd78d3488,1
,,,NS(=O)(=O)c1ccc(NCc2ccccc2)cc1,bd03e2ab711a7094,6
,,,Cc1cc(=O)[nH]c2sc(C(=O)c3ccc(Br)cc3)c(N)c12,adaf472f55e97800,2
,,,O=C1c2ccc(O)cc2C(=O)N1c1ccc(O)cc1F,bcb2580a3e6b5902,10
,,,C[C@H]1COCCN1c1nc(N2CCOC[C@@H]2C)c2ccc(-c3cccc(C(=O)NCCO)c3)nc2n1,17c52da5a1a96e32,2
,,,COc1ccc(OC)c(CNC(=O)c2cccnc2Oc2ccccc2)c1,e5e7fd864979efaa,10
,,,Cc1ccc(CN2[C@@H]3CC[C@H]2C[C@H](Oc2cccc(C(N)=O)c2)C3)s1,0290931979fe24e3,18
,,,CCC(C)NC(=O)c1c(C)nn(-c2ccccc2)c1NS(=O)(=O)c1ccc(C)cc1,779d0c13b42fed05,6
,,,C[C@H](Nc1ccc2ncn(-c3cc(C4CC4)[nH]n3)c2n1)c1ncc(F)cn1,a9a4ec79adcc2622,4
,,,OCC[C@]1(c2cc3ccccc3o2)CCCNC1,5df4b640e84664c5,5
,,,COc1cc(N2CCN(C(N)=O)CC2)ccc1Nc1ncc(Cl)c(-c2cnc3ccccn23)n1,8cbbe5c88f56f3e3,8
,,,Cc1ccc(C(=O)NC2CCN(c3cc(C(N)=O)cc(Cl)n3)CC2)[nH]1,14273ec9e788ef10,2
,,,Cc1cc2cc(C)c3nnc(SCC(=O)N4CCN(C(=O)c5ccco5)CC4)n3c2cc1C,2843c22086e5c0f2,9
,,,CC(C)C(NC(=O)Cn1c(-c2ccccc2)ccc(NC(=O)OCc2ccccn2)c1=O)C(=O)C(F)(F)F,93737ccab73ba402,1
,,,CC(=O)NC[C@H]1CN(c2ccc(-n3ccnc3)c(F)c2)C(=O)O1,840c22a9b45502e1,5
,,,Cc1cc(O[C@H]2C[C@H]3CC[C@@H](C2)N3Cc2ccccc2)cc(C(N)=O)c1,8f8988d5a5cd6e66,14
,,,CC(C)C(NC(=O)Cn1c(-c2ccc(F)cc2)ncc(N)c1=O)C(=O)C(F)(F)F,a80dc2cb9df5af18,3
,,,Fc1ccc(CNc2ncc(Br)c(Nc3cc(C4CC4)[nH]n3)n2)cc1,d924d1e0728a20d6,7
,,,NC(=O)c1ccc(O[C@H]2C[C@H]3CC[C@@H](C2)N3Cc2ccccc2)nc1,bc2abcc75b648367,10
,,,Cc1ccc(CO)cc1N(C)c1ccnc(Nc2cc(OC3CCOCC3)cc(N3CCOCC3)c2)n1,cbd4e693071e3d7b,5
,,,Cc1cc(N)c2cc(NC(=O)CCC(=O)Nc3ccc4nc(C)cc(N)c4c3)ccc2n1,8a5c81634ece673b,1
,,,CCN1CCN(C(=O)c2cc3ccccc3[nH]2)CC1,fbc016e18f464ae3,8
,,,Nc1nccc(-c2cc3c([nH]2)[C@H](CCF)CNC3=O)n1,0e04fab3fc2cbf81,6
,,,COc1cc(O)ccc1/C=C1\CCCN=C1c1cccnc1,ac17baae098733f7,16
,,,CCNCc1cnc(-c2ccc(C(=O)Nc3ccccc3N)cc2)s1,1bff8e92f53fc18e,11
,,,Nc1ncccc1NCc1cccc(-c2cccnc2)c1,5f7906e4b11fabb3,18
,,,O=C(NCC1CCCCCC1)c1cc(-c2cccnc2N2CCC(C(=O)O)CC2)ccc1Cl,ac2e5ae6375bcfec,2
,,,Cn1c(N)nc(CCc2ccc3ccccc3c2)cc1=O,935902396145618a,8
,,,Cc1ccc(CO)cc1N(C)c1ccnc(Nc2cc(C(=O)N3CCOCC3)cc(N3CCOCC3)c2)n1,98f6ef877a3f9d2a,2
,,,Cc1cnc(Nc2nc(N[C@@H](C)c3ncc(F)cn3)nc(N3CCOCC3)c2F)s1,f455bb0588a5f5e8,4
,,,O=C(c1cc(Cc2n[nH]c(=O)c3ccccc23)ccc1F)N1CCN(C(=O)C2CCCO2)CC1,369731db2d6806a0,6
,,,Nc1nc(CCc2ccccc2)cc(=O)[nH]1,20a8316397627929,7
,,,CCO/N=C(\c1ccc(Br)cc1)C1CCN(C2(C)CCN(C(=O)c3c(C)cc[n+]([O-])c3C)CC2)CC1,0aaa5b17e68ae4e7,4
,,,COc1ccc(S(=O)(=O)N2CCC[C@H](n3cc(C)c(=O)[nH]c3=O)C2)cc1Oc1cccc(Cl)c1,771d94f27c798ac8,4
,,,NC(=O)c1ccc(O[C@H]2C[C@H]3CC[C@@H](C2)N3Cc2ccccc2)cn1,f551c39a07eaf405,8
,,,CC(C)C(NC(=O)Cn1c(-c2ccccc2)ccc(NS(=O)(=O)c2ccccc2)c1=O)C(=O)C(F)(F)F,3db6bf7aa3a7e315,1
,,,Cn1c(C(=O)O)c(CCCOc2cccc3ccccc23)c2ccccc21,568a98a1f59765e7,4
,,,CSCCC(NC(=O)c1ccccc1)c1nc2ccccc2n1Cc1ccc(C#N)cc1,b0f1b6539fa17875,6
,,,Cc1ccc2[nH]c(C(=O)N3CCN(C)CC3)cc2c1,d7efaf8fd2820ce3,4
,,,CC[C@H](NC(=O)c1c(CN(C)C)c(-c2ccccc2)nc2ccccc12)c1ccccc1,9210a55e19b6e157,4
,,,Cc1ccc(S(=O)(=O)Nc2c(C(=O)NC3CCCCC3C)c(C)nn2-c2ccccc2)cc1,8e9baf6aa33186a5,3
,,,CCN(C)C(=O)c1ccc([C@H](c2cccc(NC(=O)C3CCC3)c2)N2CCN(Cc3cccnc3)CC2)cc1,507007a388a6e5f7,9
,,,CNc1c(Br)cnc2[nH]c(-c3ccc(O)cc3)nc12,843b35d854117250,1
,,,CCC(CC)NC(=O)c1c(C)nn(-c2ccccc2)c1NS(=O)(=O)c1ccc(C)cc1,db5a301a0961bd38,3
,,,Cc1ccc(S(=O)(=O)N(C)C(=O)N2CCC(N3CCC(Oc4ccc(Cl)c(Cl)c4)CC3)CC2)cc1,5685405fe920181a,5
,,,CC(c1ccccc1)C(Cc1nc2ccccc2[nH]1)c1nc2ccccc2[nH]1,f24c501f57f402f7,6
,,,COC1(c2ccc(NC(=O)c3cc(=O)c4cc(F)cc(-c5c(C)nn(C)c5C)c4o3)cn2)CCOCC1,af07519eb24441e5,3
,,,NC(=O)c1cccc(O[C@@H]2C[C@H]3CC[C@@H](C2)N3CCc2ccccc2)c1,b29c3d1c1cef410d,20
,,,O=C(O)CCCCn1nnc(-c2ccc(C(=O)N3CCC(N4CCC(Oc5ccc(Cl)c(Cl)c5)CC4)CC3)cc2)n1,ba60357fe0e19338,5
,,,CC(C)c1nc2ccccc2n1-c1nc(N2CCOCC2)c2nc(OC3CN(C4CCS(=O)(=O)CC4)C3)n(C)c2n1,7e03af9395fb0ac7,2
,,,CNC(=O)c1cnn(-c2ccccc2)c1NS(=O)(=O)c1ccc(C)cc1,7b42d2d70e3ae493,6
,,,COCCOc1cc2nccc(Nc3cc(O)c(Cl)cc3F)c2cc1OC,e4b36b70b2b421c4,10
,,,COc1cc2ncc(C(N)=O)c(Nc3cccc(Cl)c3Cl)c2cc1OC,14bbf6be319bd697,3
,,,Cn1c(-c2ccncc2)cc2onc(-c3ccccc3)c2c1=O,a22b69a9b8126b29,2
,,,Cc1cnc(NC(=O)C2C(=O)c3ccccc3S(=O)(=O)N2C)s1,8a6cdb0839cae361,3
,,,N#Cc1cc(O)cc2nc(-c3ccc(O)cc3)oc12,15d2daf9afdb7a1f,4
,,,Cc1nc(-c2ccc(C)c(NC(=O)c3ccc(OCc4ccccn4)cc3)c2)c[nH]1,0daf35c7523ef89b,2
,,,Cc1cc(C)c2c(N)c(C(=O)NCc3ccccc3)sc2n1,d22ae8a3c0ea0c64,3
,,,c1cncc(Nc2ncnc3ccccc23)c1,131b69905bfc47d9,2
,,,CCCC(=O)Nc1ccc2c(c1)C(=O)C(=O)c1ccccc1-2,89a54f1a604ab65c,15
,,,NC(=O)Nc1sc(-c2ccsc2)cc1C(=O)N[C@H]1CCCNC1,0a1b8c9f9afc578e,3
,,,Cc1cc(Nc2ccc(F)cc2)nc(N)n1,f93a2b7e607068da,3
,,,COc1ccc(NC(=O)c2ccc(-c3ccncc3)c(C)c2)cc1N1CCN(C)CC1,3596e0a336ba2163,4
,,,CC(c1ccccc1)N1Cc2ccccc2C1=O,508e54b6f7f8c66f,4
,,,COc1cc(F)ccc1-c1cncc(CNC2CCCCC2)c1,1fef12c633537b1b,2
,,,CN1C(=O)CC(C)(CCc2cccc(-c3ccccc3)c2)N=C1N,3ab87724f802a59c,5
,,,COc1cccc(Oc2cncnc2O)c1,988bcd9ec5b3d9e9,11
,,,Oc1cccc(O[C@H]2C[C@H]3CC[C@@H](C2)N3Cc2ccccc2)c1,3fe7806f8e246b42,10
,,,CC(C)C(NC(=O)Cn1c(-c2ccccc2)ccc(NC(=O)Cc2ccccc2C(=O)O)c1=O)C(=O)C(F)(F)F,9ebf4a85369f9b61,6
,,,c1ccc(-c2n[nH]c(-c3ccncc3)n2)nc1,8b4cd499f2745804,2
,,,CC[C@H](NC(=O)c1c(CS(C)(=O)=O)c(-c2ccccc2)nc2ccccc12)c1ccccc1,c9fe98fba160f1b4,4
,,,CCC(NC(=O)c1c(S(C)=O)c(-c2ccsc2)nc2ccccc12)c1ccccc1,3c5551a17bb8a142,6
,,,O=C(c1cccc(Cc2n[nH]c(=O)c3ccccc23)c1)N1CCN(c2ncccn2)CC1,7df9a556a1b16f0d,11
,,,COC(=O)CCC(=O)Nc1ccc2c(c1)C(=O)C(=O)c1cc(NC(=O)CCC(=O)OC)ccc1-2,8c78fff331d3dac8,4
,,,CC(C)C(NC(=O)Cn1c(-c2ccccc2)ccc(NC(=O)NCc2cc[n+]([O-])cc2)c1=O)C(=O)C(F)(F)F,62d0aa0454f93bd5,1
,,,Cc1cnc2nc(SCc3cccc(F)c3F)nc(N[C@H](C)CO)c2n1,9cec60b5be2e2626,11
,,,CCN(CC)S(=O)(=O)c1ccc(NC(=O)C(C)(O)C(F)(F)F)cc1,b569e8c04deef4e8,15
,,,COc1cc2ncc(C(N)=O)c(Nc3cccc(F)c3F)c2cc1OC,f067d62744255595,7
,,,CN1CC=CCC(c2cc3ccccc3o2)C1,13a9711d2f2b78ec,16
,,,CS(=O)(=O)NC(=O)CCCc1c(-c2ccc(F)cc2)[nH]c2ccc(C#N)cc12,8bef31c60985057b,2
,,,COc1cc2ncc(C(N)=O)c(Nc3ccc(F)c(Cl)c3)c2cc1OC,7fc7dc0cf04b13ad,6
,,,CC(C)n1c(=O)n(C)c(=O)c2c(C(=O)N3CCS(=O)(=O)C3)c(Cc3ccccc3C(F)(F)F)sc21,0ba9985e89ff2aaf,10
,,,CN[C@@H](C)C(=O)N[C@H](C(=O)N[C@H]1CCCN(CCc2ccc(F)cc2)C1)C1CCCCC1,32be84bff4f42c25,7
,,,Nc1ccc(/N=N/c2ccccc2)c(N)n1,1f48764367455b7b,4
,,,Cc1ccc(-c2cc(C(=O)N3CCOCC3)c3cc(C)ccc3n2)cc1,c9f20abff86d0654,4
,,,FC(F)(F)c1nnc2ccc(-n3ccnc3)nn12,14af1008fc05cdf4,2
,,,Cc1cc(Oc2ccnc(Nc3ccc(N4CCOCC4)cc3)c2)c(-c2ccccn2)nc1C,31f18dd21b12a788,9
,,,COc1ccc2c(C)cc(N[C@H]3CC[C@H](NCc4cn(C)c5ccccc45)C3)nc2c1,91fd7fadf3ebfa02,5
,,,CC(C)Cn1c(=O)n(C)c(=O)c2c(SC3CCCC3)c(Cc3ccccc3C(F)(F)F)sc21,36dfa5401ba319a7,6
,,,NC(=O)c1ccc(-c2cc3c(N[C@H]4CCCNC4)ncc(C(N)=O)c3s2)cc1,af294d85c29dd606,1
,,,O=c1cc(N2CCOCC2)nc2n(Cc3cccc4ccccc34)ccn12,9611e625f2f88f76,5
,,,CC(C)C(NC(=O)Cn1c(-c2ccccc2)ccc(NC(=O)Cc2ccc(C(=O)O)cc2)c1=O)C(=O)C(F)(F)F,6577d7a01d9e3fe4,6
,,,Cc1ccc(CO)cc1N(C)c1ccnc(Nc2cc(N3CCCCC3)cc(N3CCOCC3)c2)n1,fbe2539f3f56ae06,10
,,,COC(=O)c1ccc(C)c(NS(=O)(=O)c2ccc3c(c2)c(=O)sn3C)c1,b50816f74bdc1218,6
,,,C[C@@H](NC(=O)C1CCNCC1)c1ccc(Nc2ncc3cc(-c4ccncc4)ccc3n2)cc1,ed0820fae726ec4d,8
,,,CC(C)Cn1c(=O)[nH]c(=O)c2c(C(=O)N3CCC3)c(Cc3ccccc3C(F)(F)F)sc21,89f72f60feaabaa8,7
,,,c1ccc(-c2cc(NCCCCCCCCNc3cc(-c4ccccc4)nc4ccccc34)c3ccccc3n2)cc1,d6b48172502e304e,2
,,,CN1CCN(C(=O)c2cc3ccccc3n2C)CC1,612556004866a175,5
,,,O=Cc1ccccc1B(O)O,1b1f2930e98e58a4,4
,,,CC(C)C[C@H](CO)Nc1nc(SCc2cccc(C#N)c2)nc2nc(N)sc12,3d415c98c38167cf,2
,,,Cc1ccc(S(=O)(=O)Nc2c(C(=O)N[C@@H](C)C(C)(C)C)c(C(F)(F)F)nn2-c2ccccc2)cc1,76bdef4039202247,1
,,,CCN1CCOC(C(=O)N2CCN(C(=O)Nc3ccc(Cl)c(Cl)c3)CC2)C1,c1dd4ae2724995d1,6
,,,COc1ccc(Oc2cccc(CN3CCCC(n4cc(C)c(=O)[nH]c4=O)C3)c2)cc1,3a4ac465468e7985,1
,,,Cc1ccc(-c2cc(C(F)(F)F)n[nH]2)cc1NC(=O)c1ccc(OCc2ccccn2)cc1,d3c5bf0fb0764dc9,10
,,,CCC(CC)NC(=O)c1cnn(-c2ccccc2)c1NS(=O)(=O)c1ccc(C)cc1,433801d78c3e3d25,6
,,,O=C(NC[C@@H](O)CN1CCC(Oc2ccc(Cl)c(Cl)c2)CC1)c1c[nH]nc1C(F)(F)F,94f94815a8741ba5,5
,,,COc1ccc(N(C(=O)c2occc2Cl)C(C(=O)NCC(C)O)c2ccccc2F)c(OC)c1,05cc2ffab75996b8,2
,,,COc1ccc2c(C)cc(N[C@H]3CCC[C@H](NCc4ccsc4)C3)nc2c1,89cd600742eee052,5
,,,Cc1ccc(NC(=N)N)cc1C,5661beb54c6b9816,6
,,,CNc1c(Br)cnc2[nH]c(-c3cccc(N)c3)nc12,cc40a656d3822d95,3
,,,Cc1ccc(S(=O)(=O)Nc2c(C(=O)N[C@@H](C)C(C)(C)C)c(C)nn2C2CCS(=O)(=O)CC2)cc1,f6424b1bd540a74b,4
,,,CN[C@@H](C)C(=O)N[C@H](C(=O)N[C@H]1CCCN(CCc2ccccc2)C1)C(C)(C)C,ec893bce6bb2dccf,1
,,,Cc1cc(Oc2ccc3c(c2)OCO3)nc(Oc2ccc(-n3ccnc3)cc2)n1,056c20b258693273,4
,,,COc1ccccc1CN1C(=O)c2ccccc2C1C(=O)NC1CCC(C)CC1,00cfd1a1ff44f305,2
,,,N#Cc1ccc(C(=O)N2CCC3(CC2)N=C(N)c2c(F)cccc2N3)cc1,66ceb7b9d88e56a9,3
,,,O=C(CC1CCN(Cc2ccn(-c3ccc(C(F)(F)F)cc3)c2)CC1)N(CCCO)Cc1ccc(F)cc1,60d980b2ac000d3a,5
,,,COc1ccc(-c2cccc3c(N)c4c(nc23)CN(C2CCC2)C4=O)c(C)n1,24f3543c72b28a48,4
,,,COc1ccc2nc(C)cc(-n3cc(CN4CCN(C(C)=O)CC4)nn3)c2c1,9c1b6d1021138684,5
,,,Nc1nc2cc3c(cc2s1)CCN(Cc1cnc[nH]1)CC3,8e1fe51519372722,9
,,,CNCC[C@@H](Oc1cc(C(F)(F)F)ccc1C#N)c1ccccc1,0e313ad81bbb7e80,13
,,,Cc1cc2n[nH]c(=O)n2c2cc(-c3cccnc3)ccc12,d51a78acb9d54f49,4
,,,Cc1ccc(NC(=O)c2cccc(N(C)C)c2)cc1NC(=O)c1ccc(OCc2ccccn2)cc1,c486594d54b9b72c,6
,,,CO[C@H]1CC[C@]2(CC1)Cc1ccc(-c3cncc(Br)c3)cc1C21N=C(C)C(N)=N1,cf8fd94fd033cc1a,4
,,,CC(C)Cn1c(=O)n(C)c(=O)c2c(SC3CCCCC3)c(Cc3ccccc3C(F)(F)F)sc21,b8e865c30c911f5a,3
,,,COc1ccc(-c2ccc3c(N4CCOCC4)nc(N4C[C@@H](C)O[C@@H](C)C4)nc3n2)cc1CNCCO,9a0ecebafbb6b71a,3
,,,CC(C)C(NC(=O)Cn1c(-c2cccs2)ncc(N)c1=O)C(=O)C(F)(F)F,e88bf41dc1df21e2,3
,,,COc1ccc2c(c1)cc(C(=O)O)n2Cc1ccc(Cl)c(Cl)c1,2607ede27e777437,11
,,,O=C(O)C(c1ccccc1)N1CCCC(CN2CCC(Oc3ccc(Cl)c(Cl)c3)CC2)C1,abe7af1a672e99c0,8
,,,CC(=O)NC(C)c1ccc(Nc2ncc3cc(-c4ccncc4)ccc3n2)cc1,c2727f7672573ece,13
,,,CNc1c(Br)cnc2[nH]c(-c3cnn(C4CCN(C)CC4)c3)nc12,5b59722b1e07e7a1,6
,,,Cc1c(Cl)ccc(OC2CCN(C[C@H](O)CNC(=O)c3c[nH]c(=O)cc3C(F)(F)F)CC2)c1Cl,b07e1ece6d2107b8,2
,,,O=C1CCOc2nc(C#CC3CCCC3)ccc21,68aedac5521740ef,5
,,,Cc1cc(Nc2cnc(C#N)c(N[C@@H](C)c3ccc(F)cn3)n2)n[nH]1,e55e1416ef3c4aaa,11
,,,O=C(NC[C@@H](O)CN1CCC(Oc2ccc(Cl)c(Cl)c2)CC1)c1c[nH]c(=O)c2cc(S(=O)(=O)N3CCC3)ccc12,edcd31c0be524f67,5
,,,NC(=O)c1cc(C(N)=O)n(-c2cccc(-c3cc(C(F)(F)F)ccc3C(F)(F)F)c2)n1,3f62e0dd0aa2db77,4
,,,CN(c1ccccc1)c1ccnc(Nc2cc(N3CCOCC3)cc(N3CCOCC3)c2)n1,693c5f881d9cc1d7,7
,,,CC1CCN(C(=O)c2scc3c2OCCO3)CC1,07cea35f84d6002f,5
,,,CC(=O)Nc1cccc(Nc2nc(NC3CC3)n3ncc(C#N)c3n2)c1,17d42d677f4521ec,5
,,,NC(=O)c1cccc(OC2CCN(CC3CC3)CC2)c1,3be88a4d7b7e1581,5
,,,CC(NC(=O)c1cc(O)nc2ccccc12)c1ccccc1,fb5587758c99a6c2,6
,,,COCCNC(=O)c1ccc(Nc2ncc3cc(-c4ccncc4)ccc3n2)cc1C,552ad55b08bdce24,16
,,,O=C(Oc1ccccc1O)c1cccc2ccccc12,aeaa73f676bcab2f,7
,,,Nc1nc(O)cc(-c2ccc(O)cc2)n1,6b7712916b0b362b,4
,,,O=C(c1cccc(Cc2nnc(O)c3ccccc23)c1)N1CCOCC1,1c6e69c1092ec5ae,4
,,,Cc1ccc(Oc2cccc(CN3CCCC(n4cc(C)c(=O)[nH]c4=O)C3)c2)cc1,2228a0dd3a4e5cd2,2
,,,Cc1ncc(-c2nc(Nc3ccc(C(=O)N4CC[C@@H](N(C)C)C4)cc3)ncc2F)n1C(C)C,981d258cb9798a7a,10
,,,CCc1nc2ccc(C(=O)NCc3ccc4c(c3)OCO4)cn2c1N(C)Cc1cccs1,0081eca52bbdfdea,9
,,,Cc1ccc(NC(=O)[C@H]2CCCN2S(=O)(=O)c2cccc3cccnc23)c(C)c1,2ea1d5741ca55edd,5
,,,CC1(O)CN(S(=O)(=O)c2ccc3c(C(=O)NC[C@@H](O)CN4CCC(Oc5ccc(Cl)c(Cl)c5)CC4)c[nH]c(=O)c3c2)C1,1c0c8a17d9580c85,5
,,,Nc1nc2nc(SCc3ccccc3)nc(N)c2s1,23f16df68c90bb2d,5
,,,CCSc1c(Cc2ccccc2C(F)(F)F)sc2c1c(=O)n(C)c(=O)n2CC(C)C,632d255ff184a014,12
,,,CCOc1ccccc1N1CCN(Cc2c[nH]nc2-c2ccc(F)cc2)CC1,7bb1aadd7770b0d1,10
,,,CN[C@@H](C)C(=O)N[C@H](C(=O)N[C@H]1CCN(CCc2ccccc2)C1)C1CCCCC1,efd62a46e40625c6,7
,,,COCCOc1cc2ncc(C(N)=O)c(Nc3ccc(C)cc3F)c2cc1N1CCN(C)CC1,4096b0985fa3aa51,5
,,,COc1cc(N2CCN(C(C)=O)CC2)ccc1Nc1ncc(Cl)c(-c2cnc3c(F)cc(F)cn23)n1,2d88318cf41a087c,6
,,,CN(C)C(=O)N[C@H]1CC[C@H](CCN2CCN(c3ccc(Cl)c(Cl)c3)CC2)CC1,9fe02012e5a216a7,1
,,,COc1cc2c(Nc3ccc(F)cc3F)c(C(N)=O)cnc2cc1NCCN(C)C,64d5a5e53a493986,6
,,,C[C@H](CO)Nc1nc(SCc2cccc(F)c2F)nc2nc(NC3CC3)sc12,d552a2da39abfd6f,13
,,,Cc1ncccc1Oc1ncnc(OC2C3COCC2CN(C(=O)OC(C)C)C3)c1C,2f01ff11de426b73,7
,,,O=S(=O)(C1CCNCC1)C1(c2cc(N3CCOCC3)nc(-c3cccc4[nH]ccc34)n2)CC1,56753b8034d65c70,1
,,,O=CN1CC=C(c2c(F)cc(N3C[C@H](COc4ccon4)OC3=O)cc2F)CC1,77565feb989bfba7,4
,,,O=C1NC(c2ccc(Br)cc2)Nc2ccccc21,083e5b4d159d424d,2
,,,CCOC(=O)c1ccc(COC2CN(c3ccc(C)nn3)C2)cc1,9bb5b9809c876bbd,3
,,,CC(O)(C(=O)Nc1ccc(S(=O)(=O)c2ccc(O)cc2)cc1)C(F)(F)F,e6360ab0bb510c7c,10
,,,COc1ccc(COC(=O)N2CCC(CNc3ncccn3)CC2)cc1,6e29bdf85c7662cd,5
,,,COc1cc(F)ccc1-c1cncc(CNC(=O)C2CCC2)c1,b3a83f85a58ef8cf,20
,,,Cc1ccc2cc(C)c3nnc(SCC(=O)N4CCN(C(=O)c5ccco5)CC4)n3c2c1,5e41b872f9126789,7
,,,O=c1ccnc2cc(C#Cc3ccccc3)ccn12,dd7b12f1c8fbf334,1
,,,Nc1nc(NCc2ccccc2)nc2c1nc(O)n2Cc1ccccc1,a1da7c79e515dd61,8
,,,CCCSc1nc(N2CCOCC2)ccc1C(=O)NC1C2CC3CC1CC(O)(C3)C2,a8265ca3d3e5e6b4,5
,,,Cc1cc(=O)[nH]c2ccccc12,ca1d57c9cbbbc8c5,1
,,,O=C(O)COc1ccc(Br)cc1-c1ccccc1,2a85b82aee5c56ae,9
,,,Nc1cccc2c1-c1ccccc1C(=O)C2=O,93c58e6d6c341755,2
,,,O=C(O)[C@@H](c1ccccc1)N1CCC(CN2CCC(Oc3ccc(Cl)c(Cl)c3)CC2)CC1,688e68b83273da0f,2
,,,CC(=O)N1CCOc2nc(OCc3ccccc3)ccc21,4c862d2190b02618,8
,,,CC(C)Cn1c(=O)n(C)c(=O)c2c(S(=O)(=O)N3CC[C@@H](O)C3)c(Cc3ccccc3C(F)(F)F)sc21,43407a8a47e44666,6
,,,NC1(c2ccc(-c3nc4ccccc4c(=O)n3-c3ccccc3)cc2)CCC1,4e9adb3ded1aec60,6
,,,COc1cc2c(Nc3ccc(Cl)cc3F)ncnc2cc1OCC1CCNCC1,aca8047f664e5563,2
,,,NC(=O)c1cccc(O[C@H]2C[C@H]3CC[C@@H](C2)N3CC2CCCCC2)c1,528acae9d34c279a,5
,,,NCCCCCc1c[nH]c2ccc(F)cc12,7e12cbf3c950baab,19
,,,COc1cc2c(Nc3c(Cl)ccc4c3OCO4)ncnc2cc1OCCCN1CCCCC1,312209534ae64887,2
,,,CCCSc1ncccc1C(=O)NC1C2CC3CC1CC(O)(C3)C2,e55788b8f491164d,17
,,,COc1ccc(-c2c(C)c3ccc(OC)cc3oc2=O)cc1,11dd3d5cc2426bd9,4
,,,COc1cc(N2CCN(C(C)=O)CC2)ccc1Nc1ncc(Cl)c(-c2cnc3cc(F)ccn23)n1,45937195e1f9487f,7
,,,CCN(C(=O)NCc1ccc(F)cc1)C1CCN(CCC(c2ccccc2)c2ccccc2)CC1,43a9f2c95bc5e419,6
,,,Clc1ccc2c(c1Nc1ccnc(Nc3ccccc3)n1)OCO2,bdf4b9368531a318,8
,,,COc1ccc(N(C(=O)c2ccoc2Cl)C(C(=O)NCC(C)O)c2ccccc2F)c(OC)c1,3951a712be0aa35b,5
,,,N=C(N)c1cc2c(-c3ccccc3)cccc2s1,2ff13aec11742485,7
,,,COc1cc2nnc(C(N)=O)c(Nc3cc(C)ccc3F)c2cc1N1CCN(C)CC1,16f424ed888c49f9,4
,,,c1cc2c(cc1-c1cnc3n1CCC3)OCCO2,dba1798f7c5f159b,13
,,,O=C(NCC12CC3CC(CC(C3)C1)C2)c1c(Cl)ccc2nc(N3CCC[C@H](NCCc4nnn[nH]4)C3)ccc12,e2bdb3d897cdaf8f,3
,,,C(#Cc1n[nH]c2ccccc12)c1ccccc1,39bbde8c7858f945,1
,,,N#Cc1c(-c2ccc(-c3ccccc3CN3CCOCC3)cc2)nc2ccncc2c1O,086c065c51ecb8b7,7
,,,CC[C@H](NC(=O)c1c(N)c(-c2cccc(F)c2)nc2ccccc12)c1ccccc1,ad6a00785175a7cb,10
,,,CNC(=O)C1(N2CCCNC2=O)CCN(CC[C@H](CN(C)C(=O)c2c(OC)c(C#N)cc3ccccc23)c2ccc(Cl)c(Cl)c2)CC1,19efcc8a4f7500ae,1
,,,Cc1nc(N)c2nc(O)n(Cc3ccccc3)c2n1,099a61aea97cce9c,2
,,,Cc1ncc(-c2nc(Nc3ccc(C(=O)N4CCCN(C)CC4)cc3)ncc2F)n1C(C)C,983cfad131e00df4,10
,,,COc1cc2c(Nc3ncc(NC(=O)c4ccccc4)cn3)ncnc2cc1OCCCN1CCOCC1,3391a3fe26a26a31,2
,,,CN1CCN(C(=O)c2cc(Cc3n[nH]c(=O)c4ccccc34)ccc2F)CC1,9f515e7498434948,6
,,,O=C1CCOc2nc(/C=C/c3ccccc3)ccc21,e7142c72ff1f1301,5
,,,NC1(c2ccc(-c3ncc4cccnc4c3-c3ccccc3)cc2)CCC1,337769d68ecafb0e,8
,,,COc1cc2c(Nc3cccc(Cl)c3Cl)c(C(N)=O)cnc2cc1NCCN(C)C,0a1e0baf75844061,4
,,,CC(C)Cn1c(=O)n(C)c(=O)c2c(C(=O)N3CCCC3)c(Cc3ccccc3C(F)(F)F)sc21,1a31bacc90a53355,12
,,,CC(=O)N(c1ccccc1)C1CC(C)N(S(=O)(=O)c2ccccc2)c2ccccc21,e4f49715a5ab7ba5,4
,,,Nc1c2c(nc3ccc(Br)cc13)N(c1ccccc1)CC2,c67bdbbc8328996a,1
,,,NC(=O)Nc1cc(-c2cccc(F)c2F)sc1C(=O)N[C@H]1CCCNC1,8ebcd37ad0216836,1
,,,CCC[C@H](CO)Nc1nc(S[C@@H](C)c2cccc(C#N)c2)nc2[nH]c(=O)sc12,7b196a43c3b249e3,7
,,,NC1(c2ccc(-n3c(-c4ccccc4)nc4ccccc4c3=O)cc2)CCC1,0cfacef1e4d4d715,9
,,,CN1CCN(C(=O)c2cc3cc(Br)ccc3[nH]2)CC1,587dc8090900bae3,3
,,,CCOC(=O)c1cc(O)c(-c2ccccc2)nn1,8bedde3270149fbc,15
,,,N#Cc1cnn2c(NC3CC3)cc(-c3cccs3)nc12,452cf8f29e23e761,5
,,,CN1CCN(c2ccc3ncc(C(N)=O)c(Nc4ccc(F)cc4F)c3c2)CC1,1ec5f09c68e592ca,6
,,,CNS(=O)(=O)c1ccc(Oc2ccc(C#C[C@]3(O)CN4CCC3CC4)cc2)cc1,440c95897993b9bb,21
,,,CNCc1cccc(-c2ccc3c(N4CCOCC4)nc(N4C[C@@H](C)O[C@@H](C)C4)nc3n2)c1,98a216962317dfdc,3
,,,CCOc1cc2nnc(C(N)=O)c(Nc3cc(C)ccc3F)c2cc1N1CCN(C)CC1,d4ecb3e69b4ab51d,2
,,,O=c1c2cnn(-c3ccccc3)c2nc(-c2ccco2)n1-c1ccccc1,37155b424224e151,4
,,,CC(C)Cn1c(=O)n(C)c(=O)c2c(SCCCO)c(Cc3ccccc3C(F)(F)F)sc21,559c87e6b626042b,7
,,,Cc1ccc(S(=O)(=O)Nc2c(C(=O)NC(C)C)c(C)nn2-c2ccccc2)cc1,8504dc6ee2384b4c,2
,,,CN1CCc2c1nc1ccccc1c2NC(=O)Cc1ccccc1,38b274ced80093c1,3
,,,NNc1nc2ccccc2[nH]c1=O,a24c56ba906fca81,3
,,,Nc1sc2c(c1C(=O)NCc1ccccc1)CCCC2,bb42784296eedfaf,3
,,,O=S(=O)(Nc1cccnc1)c1ccc2c(c1)OCCO2,8657402f47f758d2,15
,,,CCC(c1nc2ccsc2c(=O)n1Cc1ccccc1)N(CCCN)C(=O)c1ccc(OC)cc1,b5e8414e914b6de9,2
,,,O=c1nc(NCc2ccccc2)sn1Cc1ccccc1,d7502d9bf13c6a26,7
,,,Cc1noc(C)c1CCC1CCN(S(=O)(=O)CC2(N(O)C=O)CCC(F)(F)CC2)CC1,dd321dbf579577e2,6
,,,CCOC(=O)c1cnc2c(N)cccc2c1O,071e8047e7f7c2b3,2
,,,O=C(NS(=O)(=O)c1cccc(C(F)(F)F)c1)N1CCC(N2CCC(Oc3ccc(Cl)c(Cl)c3)CC2)CC1,46055275960fb2eb,4
,,,O=C(NS(=O)(=O)c1ccccc1)N1CCC(N2CCC(Oc3ccc(Cl)c(Cl)c3)CC2)CC1,92cdd38bc05bb65d,1
,,,CN1CCOc2nc(C#Cc3ccccc3)ccc21,dd987a9f2bd2ce09,2
,,,Cc1ccc(Sc2ccccc2CN(C)C)c(N)c1,31cb09747f5e4a9c,15
,,,CCC(CC)NC(=O)c1c(C)nn(C(C)C)c1NS(=O)(=O)c1ccc(C)cc1,e40013be086047cc,5
,,,CC(C)Cn1c(=O)n(C)c(=O)c2c(C(=O)N3CC[C@@H](O)C3)c(Cc3cccc4ncccc34)sc21,dfea97826905c1ef,6
,,,C[C@H](CO)Nc1nc(SCc2ccco2)nc2[nH]c(=O)sc12,29c0be5a44e26d57,8
,,,O=C1C(=O)c2cc(-c3ccsc3)ccc2-c2ccccc21,0d8e08cefb28985f,6
,,,CC(C)c1ccc(NC(=O)NCCCSC[C@H]2O[C@@H](n3cnc4c(N)ncnc43)[C@H](O)[C@@H]2O)cc1,42546f480e0a01f2,2
,,,CN(C)C(=O)N[C@H]1CC[C@H](CCN2[C@@H]3CC[C@H]2C[C@@H](Oc2cccc(C(N)=O)c2)C3)CC1,68add80f9b29e76c,3
,,,O=c1cc(N2CCOCC2)oc2c(-c3cccc(-c4ccsc4)c3)cccc12,8c8622dc350721b9,11
,,,CCC(NC(=O)c1ccc(C)cc1)c1nc2ccsc2c(=O)n1Cc1ccccc1,6290aa9aeff8e853,11
,,,Cc1ccc(CN2[C@@H]3CC[C@H]2C[C@@H](Oc2cccc(C(N)=O)c2)C3)s1,6e1b4403d0b12a6b,16
,,,CC1(C(=O)NC2CCCCC2)CCC(=O)N1Cc1cccs1,ee2c2e2438e46c40,4
,,,COc1cc(Nc2c(C#N)cnc3cc(OC)c(OC)cc23)cc(OC)c1,8b2e574873227999,13
,,,CC(=O)NCc1ccc(CN2CCN(c3ccc(F)cc3F)CC2)cc1,e0579b4a6461bc35,10
,,,CCN(C)C(=O)c1ccc(C(=C2CCN(Cc3cscn3)CC2)c2cccc3cccnc23)cc1,d636465e294e448d,6
,,,Nc1nc(N)c(-c2ccc(NC(=O)C3CC3)cc2)c(COCc2ccccc2)n1,0ca33eab39fcd132,15
,,,Cc1cn([C@H]2CCCN(S(=O)(=O)c3ccc(O)c(Oc4cccc(F)c4)c3)C2)c(=O)[nH]c1=O,6f10533cc543df0d,5
,,,Cc1ccc(S(=O)(=O)N2CCN(C(=O)c3ccco3)CC2)cc1,088436a6b9c824cb,7
,,,Cc1nc2ccc(Oc3ccc(F)cc3)cc2c(=O)n1C[C@H]1CCCN(C(C)C)C1,0f052843cd5b2d0b,4
,,,COC(=O)c1ccc(CC(=O)N(C)C2CCN(CCC(c3ccccc3)c3ccccc3)CC2)cc1,57131ad58c61173a,6
,,,COc1cc(N2CCCN(C)CC2)c2[nH]c(C(=O)Nc3ccc(N4CCOCC4)cc3)cc(=O)c2c1,19d179f5ca1a5cbb,5
,,,CC(C)OC(=O)N1CCC(Oc2ncnc3c2CCN3c2ccc(S(C)(=O)=O)cc2F)CC1,9f7259025d83223e,2
,,,COc1ccc2nc(C)cc(-n3cc(CNC(C)=O)nn3)c2c1,8741e9ce35cead49,9
,,,CCN(CC)C(=O)c1ccc(C(=C2CCN(Cc3ccc(F)cc3)CC2)c2cccnc2)cc1,4733ff45a9696c70,6
,,,CO[C@H]1CC[C@]2(CC1)Cc1ccc(OCC(C)C)cc1C21N=C(C)C(N)=N1,b47627179ee8ec81,3
,,,O=C(c1c[nH]c(=O)c2ccccc12)N1CCC(N2CCC(Oc3ccc(Cl)c(Cl)c3)CC2)CC1,f5e71e53dee491bc,7
,,,Nc1nc(Nc2cccc(Br)c2)c2nc[nH]c2n1,a66c61763c46ea2b,4
,,,CCNC(=O)c1cc2c(-n3ccc(C(F)(F)F)n3)c(-c3cncc(-c4n[nH]c(=O)o4)c3)cnc2[nH]1,4aacdb1612e1ea5e,10
,,,COc1ccc(C(=O)C2CCN(C(=O)c3ccc(F)cc3)CC2)cc1,2e87061ff935c487,6
,,,O=C1Nc2ccc(S(=O)(=O)N3CCC[C@H]3COc3ccccc3)cc2C1=O,60fee57b15108d1a,6
,,,CCN1CCOc2cc(COc3ccccc3)cnc21,68256af6d3658b08,13
,,,COC(=O)c1nc2c(N[C@H](C)CO)nc(SCc3cccc(F)c3F)nc2[nH]c1=O,df97aa5838aa4363,5
,,,C[C@@H](C(=O)NCCN1CCCC1)c1ccc(OS(=O)(=O)C(F)(F)F)cc1,6d70e2f168442f5b,13
,,,O=C(CSc1ccccc1)N1CCN(c2ccccc2)CC1,5e39cd9a0c8d90ad,4
,,,Nc1ncnc2c1ncn2[C@@H]1O[C@H](CSCCCNC(=O)NCc2ccccc2)[C@@H](O)[C@H]1O,4b41ee13ced30d37,3
,,,COc1ccc(-c2nc3c(OCC4CCNCC4)c(Br)cnc3[nH]2)cc1,09fb037d6124602a,3
,,,CN1CCN(C(=O)c2cc(-c3ccccc3)sc2NC(N)=O)CC1,532286500f22f727,2
,,,CC(C)c1ncc(NC(=O)OCc2ccccc2)c(=O)n1CC(=O)NC(C(=O)C(F)(F)F)C(C)C,708a6eba3fb00ffb,2
,,,CC(=O)Nc1ccc2ccn(-c3cc(NCCCN4CCCC4)n4ncc(C#N)c4n3)c2c1,cecbc836e52ab3ef,5
,,,CC1(C)[C@@H]2CC[C@@]1(CS(=O)(=O)N1CCN(c3ccc(C(F)(F)F)cn3)CC1)C(=O)C2,2384ce34c9401498,10
,,,Nc1cccc(CCc2ccc3cc[nH]c3c2)n1,de58324c6a126718,10
,,,COC(=O)COc1ccc(OCCNCC(O)COc2ccccc2)cc1,3c33c4251ebabd61,9
,,,NC(=O)Nc1sc(-c2ccccc2)cc1C(=O)N[C@H]1CCCNC1,05827f9b8cb4b62f,1
,,,Cc1c(CC(=O)O)c2cc(F)ccc2n1S(=O)(=O)c1ccc(S(C)(=O)=O)cc1,a3cd79c26f87791f,2
,,,NC1(c2ccc(-c3c(-c4ccccc4)ccn4ncnc34)cc2)CCC1,b1fa17d9e3cda563,8
,,,CNC1=Nc2ncccc2C(c2ccns2)=NC1c1cccs1,8a0910a42c244f31,13
,,,O=C(O)[C@H](Cc1ccccc1)N1CCC(CN2CCC(Oc3ccc(CO)c(Cl)c3)CC2)CC1,85a8bb53a261ef03,4
,,,Cc1cc2n[nH]c(=O)n2c2cc(-c3ccco3)ccc12,4b852f7765ba5078,2
,,,Oc1ccc2[nH]c(CN3CCC(Cc4ccc(F)cc4)CC3)nc2c1,d6253df9d8cb3ecf,5
,,,CC(O)(C(=O)Nc1ccc(S(=O)(=O)c2cccnc2)cc1)C(F)(F)F,37cff14830cc3abe,7
,,,CCCNC[C@@H](O)COc1ccccc1C(=O)CCc1ccccc1,0420bb5457ba44ea,8
,,,NS(=O)(=O)c1ccc(CCNc2ccc3nnc(-c4ccccc4)n3n2)cc1,ecd3e3399f075442,2
,,,Cc1cc(Nc2ncc(F)c(-c3cnc(C)n3C(C)C)n2)ccc1C(=O)N(C)C,f7819e88368d19be,14
,,,CN[C@@H](C)C(=O)N[C@H](C(=O)N[C@H]1CCCN(S(=O)(=O)c2ccccc2)C1)C(C)(C)C,670aa783d11a3064,2
,,,N#Cc1ccc(OC2CCN(C[C@H](O)CNC(=O)c3c[nH]c(=O)c4ccccc34)CC2)cc1Cl,6f5904b68c22a01b,5
,,,Cc1ccc(S(=O)(=O)Nc2c(C(=O)NCc3ccccc3)cnn2-c2ccccc2)cc1,5404e366003c93bf,2
,,,CCC(NC(=O)c1c(S(C)=O)c(-c2ccccc2)nc2ccccc12)c1ccccc1,ca35faeab571c96b,6
,,,O=[N+]([O-])c1ccc2[nH]c(-c3ccccn3)nc2c1,fa582b298e305fc1,1
,,,Cc1sc2ncnc(N3CCN(c4ncccn4)CC3)c2c1C,6319b0b69d79125e,4
,,,CC(C)C(NC(=O)Cn1c(-c2ccccc2)ccc(NS(C)(=O)=O)c1=O)C(=O)C(F)(F)F,c2ac7b09f2083816,3
,,,NC1(c2ccc(-c3c(-c4ccccc4)ncc4nccn34)cc2)CCC1,d696429233df8db5,8
,,,Cc1ccc(-c2nnc(O)c3ccccc23)c(C)c1,4dfee8ecb54265f2,2
,,,N#Cc1ccc(C(F)(F)F)nc1O[C@H](CCN)c1ccno1,ef8a2798aa0fd950,22
,,,N=C(N)NCCC[C@H](NC(=O)COCC(c1ccccc1)c1ccccc1)C(=O)O,32282dfe6713c629,1
,,,C[C@H](CO)Nc1nc(SCc2ccccc2)nc2nc(N)sc12,72c9d3e26aae8418,6
,,,CC(C)(C)NC(=O)C(c1ccncc1)N(Cc1ccco1)C(=O)c1ccc(-c2ccccc2)[nH]1,6d7d4372dadbe7ca,7
,,,CCCN(CCC)C(=O)c1cccc(C(=O)N[C@@H](Cc2ccccc2)[C@H](O)CNC2Cc3ccccc3C2)c1,1e4eab0cb09dbe2b,5
,,,CNc1ccc2ncc(-c3cccc(O)c3)n2n1,05c8960ba13241fd,12
,,,NC(=O)c1cnc(N[C@H]2CCCNC2)c2cc(-c3ccc(F)cc3F)sc12,6e45796e09bf907d,1
,,,CCC(c1nc2ccoc2c(=O)n1Cc1ccccc1)N(CCCN)C(=O)c1ccc(C)cc1,8f71a5e91760031f,4
,,,Cc1cc(Nc2nc(O[C@@H](C)c3ccc(F)cn3)c(C#N)nc2C)n[nH]1,914ee1bf5b7984f0,3
,,,Cn1cc(-c2ccc(O)cc2)c(=O)c2c(O)cc(O)cc21,51e1508a8a71ef04,6
,,,CCOC(=O)Nc1cccc([C@@H](c2ccc(C(=O)N(C)CC)cc2)N2CCN(Cc3c[nH]c(C)n3)CC2)c1,3eb0609ee72095ed,4
,,,NS(=O)(=O)c1ccc2c(C(=O)NC[C@@H](O)CN3CCC(Oc4ccc(Cl)c(Cl)c4)CC3)c[nH]c(=O)c2c1,02619dc87df2eef4,4
,,,CCOc1ccccc1-c1ccc(-c2nc3ccc(F)cc3c(C(=O)NCCOCCN)c2C)cc1,5da576822fbb580b,7
,,,CC(O)C(C)OC(=O)C1CC2c3cccc4c3c(cn4C(C)C)CC2N(C)C1,a38335ab5e0f38a8,3
,,,CC[C@H](N)C(=O)N[C@H](C#N)Cc1ccc(-c2ccccc2)cc1,68d5df11342d02ec,11
,,,O=c1[nH]c2c(O)ccc([C@@H](O)CNCCc3cccc(CN4CCC(c5ccccc5)CC4)c3)c2s1,d0c53f0d1a60f3b5,6
,,,c1ccc(C2Cc3ccccc3CN2)cc1,b15d7f36d0883ff5,10
,,,CC(=O)N(C)c1ccc(Nc2ncc3cc(-c4ccncc4)ccc3n2)cc1,14dc0f8242d73c6d,17
,,,N=C(N)Nc1ccc(C(=O)Oc2ccccc2)cc1,7ebb33433f49fe01,8
,,,CC(=O)Nc1ccc(CC(=O)N(C)C2CCN(CCC(c3ccccc3)c3ccccc3)CC2)cc1,efac0a891edef854,3
,,,Cc1cc(C)cc(-c2nnc(SCC(=O)N3CCN(C(=O)c4ccco4)CC3)o2)c1,1ed04c69f3c8a358,8
,,,COc1cc(C(=O)Nc2cc(NC(=O)c3cccc(N(C)C)c3)ccc2C)cc(OC)c1OC,7f7eaa5760694265,3
,,,O=C(Nc1ncc(F)s1)C(CC1CCOCC1)c1ccc(S(=O)(=O)C2CC2)cc1,cc9f2d1b8b95d77d,3
,,,Fc1cc(-c2cccc3ncc(-c4cnn(C5CCNCC5)c4)nc23)cc(F)c1CN1CCOCC1,975eca2252b5def2,2
,,,CNC1=Nc2ncccc2C(c2ccco2)=NC1c1ccns1,be737e5e6ad0ca68,11
,,,Cc1cn([C@H]2CCCN(S(=O)(=O)c3ccc(CO)c(Oc4cccc(Cl)c4)c3)C2)c(=O)[nH]c1=O,95f6dcb52934896f,1
,,,COc1ccc(-c2nc3c(NCCCNC(=O)C4(CN)CC4)c(Br)cnc3[nH]2)cc1,0419b7f66cca3ce8,10
,,,O=c1oc2ccc(O)cc2cc1-c1ccc(O)cc1,e16292f6e66bd274,8
,,,O=C(NC1CCS(=O)(=O)C1)c1ccc(Oc2ccc(C#CC3(O)CN4CCC3CC4)cc2)cc1,f46cf076062cae15,15
,,,CCNC(=O)c1cc2c(-n3ccc(C(F)(F)F)n3)c(-c3cc(-c4n[nH]c(=O)o4)cnc3OC)cnc2[nH]1,d6db2133fd5d55a9,7
,,,c1ccc(-c2cc(NCCCCNc3cc(-c4ccccc4)nc4ccccc34)c3ccccc3n2)cc1,4aaedc22262d9a91,4
,,,O=C(Cc1ccc(F)c(C(F)(F)F)c1)Nc1cccc2c(=O)n([C@@H]3CNC[C@H]3O)ccc12,fed0f622f42828b5,9
,,,CCC(NC(=O)c1c(S(C)=O)c(-c2ccccc2)nc2cc(Br)ccc12)c1ccccc1,d2e68b6813988b5a,5
,,,COC(=O)C1C(OC(=O)c2ccccc2)CC2CCC1N2C,7a097c7ad2e44eb3,5
,,,O=C1OCCN1/N=C/c1ccc([N+](=O)[O-])o1,1e1bcb19ad78a2e5,3
,,,Brc1cnc(NCc2ccccc2)nc1Nc1cc(C2CC2)[nH]n1,344397645c1c6459,7
,,,O=C(Nc1ccccc1)c1cc2ccccc2o1,25c846b1e48648ef,1
,,,FC(F)(F)c1nnc2ccc(N3CCCCC3)nn12,2039a38449804e0b,2
,,,O=c1oc2cc(O)ccc2cc1-c1ccc(O)cc1,5a2afd2551cd2ef2,6
,,,Cc1nc(C(=O)[C@@H](C)Oc2ccc(SCCCCCc3ccccc3)cc2)sc1CCCC(=O)O,42bda2b25d50a476,2
,,,COc1cc(Oc2ccnc3ccc(F)cc23)ccc1CC(=O)Nc1noc(C)c1C,6b734be141b2ff1a,7
,,,CC1(C)[C@@H]2CC[C@@]1(CS(=O)(=O)NC1CCN(c3ccc(C(F)(F)F)cn3)CC1)C(=O)C2,318597a65af69494,9
,,,CC(C)C(NC(=O)Cn1c(-c2ccccc2)ccc(NC(=O)CN2CCOCC2)c1=O)C(=O)C(F)(F)F,efd307442707f095,1
,,,NC(=O)c1cccc(O[C@@H]2C[C@H]3CC[C@@H](C2)N3Cc2ccccc2)c1,41ec443cdd5e9fc3,16
,,,NC(=O)Nc1sc(-c2ccc(OCCN3CCCCC3)cc2)cc1C(N)=O,c716b20bbcc4bc06,2
,,,Cc1cc2n[nH]c(=O)n2c2cc(-c3cccc(CO)c3)ccc12,7e44ec2a50ccc08e,11
,,,CN(C)C(=O)N[C@H]1CC[C@H](CN2[C@@H]3CC[C@H]2C[C@@H](Oc2cccc(C(N)=O)c2)C3)CC1,5ce6eb97fc085281,3
,,,CN(C)CCNCc1ccc(Nc2ncc3cc(-c4ccncc4)ccc3n2)cc1,960fa4d6e88da00f,9
,,,COC(=O)N1CCN(C(=O)Cc2ccc(Cl)c(Cl)c2)[C@H](CN2CCCC2)C1,5c2557bbb8b1b71d,4
,,,N#Cc1ccc(-c2cc(NC(N)=O)c(C(=O)N[C@H]3CCCNC3)s2)cc1,698ce4e3ee444826,2
,,,c1cn(-c2ccc(Oc3cc(Oc4ccc5c(c4)OCO5)ncn3)cc2)cn1,416703293cf9864f,14
,,,COc1ccc(NC(=O)CCc2c(C)nc3nc(C)nn3c2C)cc1,cad67429260b8942,5
,,,Cc1ncc(-c2nc(Nc3ccc(C(=O)N4CC[C@H](N(C)C)C4)cc3)ncc2F)n1C(C)C,9d0c592aec9d4ac5,19
,,,COc1ccc(N(C(=O)c2occc2C)C(C(=O)NCC(C)O)c2ccccc2F)c(OC)c1,25877f1724cf303b,2
,,,N#Cc1cnn(-c2ccccc2)c1NC(=O)c1ccccc1F,79d2b2329c6cc10e,4
,,,NC(=O)c1cncc(O[C@H]2C[C@H]3CC[C@@H](C2)N3Cc2ccccc2)n1,7d17208802a58459,8
,,,COc1ccccc1CNC(=O)c1ccc2cnccc2n1,ce81f67c331537b9,3
,,,COc1cc2nnc(C(N)=O)c(Nc3ccc(C)cc3F)c2cc1N1CCN(C)CC1,9b2353bc95108736,2
,,,Cc1nn(-c2ccc(F)cc2)c(NS(=O)(=O)c2ccc(C#N)cc2)c1C(=O)N[C@@H](C)C(C)(C)C,3b0bc7ffc8c0208d,2
,,,CNc1nc(C)c(-c2nc(Nc3cccc(N4CCCN(C(C)=O)CC4)c3)ncc2C#N)s1,beb6552dafe4e18c,2
,,,N#Cc1ccc(C(=O)N2CCC3(CC2)N=C(N)c2c(F)ccc(F)c2N3)cn1,59acdf070b31a79c,3
,,,CCS(=O)c1ncccc1C1(O)CCN(CC23CC(c4ccccc42)c2ccccc23)CC1,0e45843750afe89e,8
,,,O=CC(Cl)P(=O)(N1CCOCC1)N1CCOCC1,16860ce0789dfcfd,1
,,,COC(=O)CC(CP(=O)(O)CN(C)C=O)C(=O)OC,98f89906d0f45293,6
,,,CN(C)P(=O)(NC(=O)c1cccn1C)N(C)C,42a448e45d195686,5
,,,C=CCn1c(P(C)(=O)O)nc2ccccc21,140b6dc7f4f850d0,9
,,,O=P(C(=NO)NCCO)(N1CCOCC1)N1CCOCC1,e75c5f8c65f27840,1
,,,CCOP(=O)(c1ccccc1)C1(C#N)CC1,c407c38570c162b1,8
,,,CC(C)(C)P(=O)(N1CCOCC1)N1CCOCC1,e3861223556614d9,3
,,,CCN(CC)P(=O)(c1nccn1C)N(CC)CC,c83cfb39627714c4,8
,,,CP(=O)(Nc1ccc(Cl)cc1Cl)Oc1ccccc1,7a8b965cc05dd456,16
,,,CP(=O)(Nc1cccc(Br)c1)Oc1ccccc1,232e67f3009d6c21,12
,,,C=Cn1ccnc1P(O)(=S)c1nc(C)c(CCOC(C)=O)s1,8aa94da25dd6c26a,4
,,,CCOP(=O)(OCC)C(=NOC(=O)c1cccc([N+](=O)[O-])c1)C(N)=O,3188220e4d8c8a26,11
,,,CCOP(=O)(OCC)C1NC(=O)N(c2ccccc2)C1=O,5179de01b912fae8,15
,,,Nc1nnc(P(c2ccccc2)c2ccccc2)s1,89737122b0fe1878,2
,,,CCP(=O)(c1cccc([N+](=O)[O-])c1)c1cccc([N+](=O)[O-])c1,0938a1b286da3587,14
,,,NNP(=O)(CC(=O)c1ccccc1)c1ccccc1,21060faf6e845d47,12
,,,N=C(N)SCP(=O)(c1ccccc1)c1ccccc1,822f8d8099e50dd0,2
,,,CCc1ccc(OP(C)(=O)Nc2cccnc2)cc1,40a86194f0b262b3,14
,,,CCOP(=O)(OCC)C(NC(=O)c1cccc(C)c1)C(Cl)(Cl)Cl,2ae6c1350f8ba1e5,8
,,,CCOP(=O)(OCC)C(=NOC(=O)c1ccc(OC)cc1)C(N)=O,19e1448167465084,10
,,,CC(C)OP(=O)(OC(C)C)C(C=O)=NNc1ccc([N+](=O)[O-])cc1,762331ccdbadab7f,10
,,,CCOP(=O)(CN(CC)C(=O)c1ccccc1Br)OCC,16e67430d0520169,3
,,,CCOP(=O)(OCC)C(Cc1ccccc1)NC(C)=O,62c5cfacbd575d1d,8
,,,CC(C)CNP(=S)(c1ccccc1)C(C)(C)C,84a72ef7b5f7c14b,13
,,,O=C1CCCCCN1CP(=O)(O)CN1CCCCCC1=O,32bc70a1d03659ee,2
,,,COP(=O)(OC)C(Nc1ccc([N+](=O)[O-])cc1)c1ccccc1,9fd32531dbbec0b1,13
,,,CC(C)OP(=O)(OC(C)C)C(NC(=O)c1ccccc1)C(N)=O,3977777bcfe45e4a,6
,,,COC(=O)NC(=C(Cl)Cl)P(=O)(c1ccccc1)c1ccccc1,88cf453898f4daa6,8
,,,C=Cn1ccnc1P(=S)(c1ccc(Cl)cc1)c1nccn1C=C,f1102db7f049cae8,7
,,,CCC(C(=O)c1ccccc1)P(=O)(NN)c1ccccc1,2d6687c2652f1835,7
,,,COP(=O)(OC)C(NC(=O)Nc1ccccc1)c1ccccc1,27237bceabcf5911,6
,,,Cc1cccc(C)c1OP(N)(=O)Oc1c(C)cccc1C,783c8a628427e890,8
,,,Cc1cccc(OP(N)(=O)Oc2cccc(C)c2C)c1C,345cfcde74fbd104,9
,,,CCN(CC)P(=O)(Oc1ccccc1)Oc1ccccc1,26ffbe2d8723a005,8
,,,CCOP(=O)(OCC)C(Nc1ccccc1)c1cccnc1,75ee5dabc5e1d9a5,13
,,,CCOP(=O)(c1ccc(N(C)C)cc1)C(O)c1cccnc1,2a1827da1d855dc6,10
,,,CCOP(=O)(c1ccc(N(C)C)cc1)C(O)c1ccncc1,51317d3ce33d1b9c,7
,,,CCOP(=O)(OCC)C(Nc1ccc(C)cc1)c1ccco1,5df73e3b4cc65883,12
,,,COc1ccc(C(=O)ON=C(C(N)=O)P(=O)(OC(C)C)OC(C)C)cc1,883518f7b5e7825c,6
,,,O=P(O)(CN1CCCCCC1)C1Cc2ccccc2C1,a9de1cc8247ca5ee,5
,,,CC(C)OP(=O)(OC(C)C)C(C)NC(=O)Cc1ccccc1,263b4649519817a1,3
,,,CCOP(=O)(OCC)C(Nc1cccc([N+](=O)[O-])c1)c1ccccc1,a18950474d3a1421,15
,,,Nc1cccc(NP(=O)(c2ccccc2)c2ccccc2)c1,84c0f189805417ad,8
,,,CCCOP(=O)(c1ccc(N(C)C)cc1)C(O)c1ccc(Cl)cc1,bf5f317e2cfc1895,7
,,,CCOP(=O)(c1ccc(N(C)C)cc1)C(O)c1ccc(C)cc1,4383f7a5e8a6ccd0,10
,,,CCOP(=O)(c1ccc(N(C)C)cc1)C(O)c1ccc(OC)cc1,7389a25da5de1d1e,11
,,,CC(C)COP(=O)(c1ccc(N(C)C)cc1)C(O)c1cccnc1,dd4784606e7ca2da,14
,,,CC(C)OP(=O)(OC(C)C)C(Nc1ccccc1)c1cccnc1,54f4f3dc4f1b9a76,17
,,,O=[N+]([O-])c1ccc(CP(=O)(c2ccccc2)c2ccccc2)cc1,2eef9c24cf98f70a,5
,,,COc1c([N+](=O)[O-])cccc1P(=O)(c1ccccc1)c1ccccc1,1198dc5a7b572c74,6
,,,O=[N+]([O-])c1ccc(P(=O)(Cc2ccccc2)c2ccccc2O)cc1,6703a5ae668a12bc,17
,,,NC(CCCCCP(=O)(c1ccccc1)c1ccccc1)C(=O)O,4af496462001916d,2
,,,CCOP(=O)(OCC)C(NC(=O)c1ccc(OC)cc1)c1ccccc1,afdf379199eae608,3
,,,Cc1ccc(NP(=O)(c2ccccc2)c2nc3ccccc3s2)cc1,c9ed2d34a7fc4129,6
,,,Cc1cccc(NP(=O)(Oc2ccccc2)Oc2ccccc2)c1C,3f50156bfc861f45,14
,,,COc1cccc(OP(=O)(Nc2ccccc2)Oc2cccc(OC)c2)c1,4262b3550c927954,12
,,,CN(C)c1ccc(P(=O)(OC2CCCCC2)C(O)c2ccncc2)cc1,cc9c83639677836b,4
,,,CC(C)OP(=O)(OC(C)C)C1(NS(=O)(=O)c2ccccc2)C=C(Br)C(=O)c2ccccc21,7034b5145acf9a25,7
,,,COc1ccc(N=Nc2ccc(O)c(P(=O)(c3ccccc3)c3ccccc3)c2)cc1,f1d229d5a7ccccfe,1
,,,CC(C)c1ccc(C(O)P(=O)(OCc2ccccc2)c2ccc(N(C)C)cc2)cc1,cac03394819aa03f,13
,,,CP(=O)(O)CN1CCCCC1,25d48ff1519d4dda,9
,,,COP(=O)(NS(=O)(=O)c1ccccc1)OC,0444e6d5af2af5d2,6
,,,CCOP(=O)(OCC)C(NC(=O)NC)C(N)=O,6985890ba8a4d459,7
,,,Nc1nc(C(F)(F)F)cc2c1nc(O)n2Cc1ccc(NCc2ccccc2)nc1,73ae6ef57b9afcdf,12
,,,CCc1coc(-c2cc3c(nc(O)n3Cc3ccc(C)nc3)c(N)n2)n1,1cec4f002aa5b6f7,11
,,,O=C(Nc1cc(-c2ccnc(Nc3ccc(F)cc3)c2)ccn1)C1CCOCC1,881295a35c8227ef,5
,,,Cn1cc(-c2cc(C(O)(C(F)(F)F)C(F)(F)F)cnc2N2CCN(S(=O)(=O)c3ccc(N)nc3)CC2)c(C(F)(F)F)n1,7847fa7e074c1c7a,1
,,,Cc1cc(C#Cc2cn(-c3ccccc3)c(C)n2)ccn1,f21fd4f0499ff989,5
,,,COC[C@@H](Oc1cc(C[C@@H]2CS(=O)C[C@H](NCc3cccc(C(C)(C)C)c3)[C@H]2O)cc(F)c1N)C(F)(F)F,8a1e5a1209757b79,6
,,,CS(=O)(=O)c1ccc2c(C(=O)NC[C@@H](O)CN3CCC(Oc4ccc(C#N)c(Cl)c4)CC3)cnc(O)c2c1,26e8aad319274346,4
,,,COc1ccc(C(N)=O)cc1COc1ccc(Cl)c(C)c1,db54ee5d7eef05f0,14
,,,CCOC[C@@H](CC(C)C)NC(=O)[C@@H]1CNC[C@H](C(=O)N(c2cc(OC)c(C(C)C)cn2)C2CC2)[C@@H]1O,a29ddb99296b21eb,1
,,,O=C(c1ccc(F)cc1)C1CCN(C(=O)c2cccc(C(F)(F)F)c2)CC1,7a1869835730f196,2
,,,N#Cc1ccc(-c2noc(-c3cc(F)cc(C#N)c3)n2)nc1,181d967b44d9360b,4
,,,O=C(NCc1ccc(OC(F)(F)F)cc1)C1c2ccccc2C(=O)N1CCc1cccnc1,3d524740f0fc44a4,6
,,,Cc1cn2cc(CC(=O)N3CCC4(CC3)CN(Cc3ccc(-c5ncccn5)cc3)C4)nc2s1,f8a9d741da35c88a,12
,,,Cc1ncnc(C)c1C(=O)N1C[C@H]2CN(CC[C@H](NC(=O)CC3CCCC3)c3cccc(F)c3)C[C@H]2C1,d30b3b06d04fef71,4
,,,COc1cc(OC(F)(F)F)ccc1CNc1nc(N2CCN(C(C)=O)CC2)nc2c1CN(C(C)C)C2=O,68f45fa09c15b25a,5
,,,Nc1ncc(-c2cc(N3CCOCC3)nc(N3CCOCC3)n2)c(N)n1,ff3aae4231fe2103,1
,,,CC(=O)N[C@@H](Cc1ccc(F)c(OC(F)(F)F)c1)[C@H](O)CN[C@H]1CC2(CCC2)Oc2ncc(CC(C)(C)C)cc21,62c7e7c930ee6cc0,10
,,,CC(=O)N[C@@H](Cc1ccc(F)cc1)[C@H](O)CN[C@H]1CC2(CCC2)Oc2ncc(CC(C)(C)C)cc21,a6d5961d384e01f4,5
,,,CNC(=O)CCCCC[C@H](NC(=O)c1cncs1)c1nc(-c2ccc(-c3cc[nH]n3)cc2)c[nH]1,b6c32a5314db4a76,6
,,,CCOC(=O)C1=C(O)/C(=C\c2cc(C)n(-c3ccc(CN(C)C)cc3)c2C)N=C1C,cf32eb70b396fddd,6
,,,CC1CS(=O)(=O)CCN1C[C@H]1CN(S(=O)(=O)c2cccs2)CCN1c1ccc(C(C)(O)C(F)(F)F)cc1,052c9aa4199d2c56,3
,,,C[C@@H]1CN(C(=O)[C@@H]2CN(C(C)(C)C)C[C@H]2c2ccc(F)cc2F)C[C@H](C)[C@@]1(O)c1ccc(C(F)(F)F)cc1,2b47f3e1c069e4e8,2
,,,COc1cc(Nc2nc3c(cc2F)ncn3[C@@H](CO)c2ccc(F)cn2)[nH]n1,40ebe57251c44c93,3
,,,CC[C@]1(C)NC(=O)c2cc(S(=O)(=O)Nc3ccc(OC(F)F)cc3)ccc2NC1=O,7747a9699b7e3929,10
,,,O=C(N[C@@H](CCN1C[C@@H]2CN(C(=O)c3cncnc3)C[C@@H]2C1)c1cccc(F)c1)C1CCCC1,a92516a0fc9e4ac7,6
,,,CN(CC(=O)N(Cc1ccc(C2CCCCC2)cc1)c1ccc(C(=O)O)c(O)c1)S(=O)(=O)c1c(F)c(F)c(F)c(F)c1F,9a135b08481d07c6,2
,,,O=C(NCc1ccccc1)c1ccccc1C(=O)N1CCCC1,2802d29d40fa7f5d,4
,,,CC[C@@H]1C[C@@H](C(=O)NCC2CCOCC2)CN(Cc2nc(-c3ccccc3)oc2C)C1,ba51f122879154c1,3
,,,O=C1NCN(c2ccc(F)cc2)C12CCN([C@@H]1CCCC[C@@]1(O)c1ccc(F)cc1)CC2,d9639add30f784b3,1
,,,CCc1ccc(Oc2ncccc2/C(=N/C2CCCC[C@H]2N)NO)cc1,db440f70b8a0ceee,6
,,,CC(C)[C@H](C[C@H](O)[C@H](COCc1ccccc1)NC(=O)c1cc(C(=O)N[C@H](C)c2ccccc2)cc(N(C)S(C)(=O)=O)c1)C(=O)N[C@H](C(=O)NCc1ccccc1)C(C)C,65341c5e6e2736f2,2
,,,N#C[C@@H]1CCCN1C(=O)c1ccccc1C(=O)NCc1ccccc1,dca3c332421a6a38,7
,,,Cc1cc(/C=C/C#N)cc(C)c1Oc1cc(Nc2ccc(C#N)cc2)c(N)cc1C(F)(F)F,dfdce2a3e3c22a66,9
,,,Cc1nc(Cn2c(O)nc3c(N)nc(C(F)(F)F)cc32)co1,af8c321d4fb49dae,6
,,,Nc1ccc(OCC(=O)O)c(-c2ccccc2)c1,4d3197cf2a51d974,12
,,,Cc1ccc([C@H](C(=O)N2CCOCC2)N2C(=O)[C@@H](C3Cc4ccccc4C3)NC(=O)[C@H]2CC(C)(C)C)cn1,6dbc4f4a15e9a1a0,2
,,,COc1ccc(OC)c(-c2cccc3c(N)c4c(nc23)CN(C2CC2)C4=O)c1,c3b65b296e167beb,8
,,,CC(C)(C)NC(=O)C1c2ccccc2C(=O)N1Cc1ccccc1-c1ccccc1,2041eb3761c257c7,7
,,,Cc1ccc(Nc2ncc(C(=O)N3CCCC(C)C3)cc2Cl)cn1,6f3b3c83d338a068,2
,,,Cn1ncc(C(=O)N2CCC(Nc3cc(O)nc4ccc(F)cc34)CC2)c1Cl,4575cc8d109e793a,5
,,,Cc1n[nH]c(C)c1[C@H](C)NC(=O)COc1cc(C(F)(F)F)c2c(-c3ccccc3)nn(C)c2n1,d7f445008fcc7e70,2
,,,COc1ccc2c(O[C@@H]3C[C@H]4C(=O)N[C@]5(C(=O)NS(=O)(=O)C6CC6)C[C@H]5/C=C\CCCCN(C)C(=O)[C@@H]4C3)cc(-c3nc(C(C)C)cs3)nc2c1Cl,45e45606b56ad21e,4
,,,CCn1cc(S(=O)(=O)N[C@H](C)c2nc3ccc(C(F)(F)F)cc3n2CC)cn1,3f54aa856f4089de,4
,,,CC(C)N(CC[C@H](c1ccccc1)c1cc(CCCCOc2ccc(CCNC[C@H](O)c3ccc(O)c(NS(C)(=O)=O)c3)cc2)ccc1O)C(C)C,17f958fce53de555,3
,,,COC[C@@H]1C[C@@H](C(=O)NC[C@H]2CCCO2)CN(Cc2nc(N3CCOCC3)oc2C)C1,b99c0efc5d99e7de,3
,,,Cn1ncc2cc(C(=O)Nc3nnc(C4CC4)s3)ccc21,32cdb30dcb72789b,4
,,,Nc1ccnc(N2CCC(N(C(=O)C3CC3)c3ccccn3)CC2)c1,956fe8217fddb4b7,11
,,,CN1CCCc2ccc(NC(=O)c3ccc(-c4ccccc4)cc3)cc21,fed0533c6615c8ab,17
,,,N#C[C@@H]1CCCN1C(=O)[C@@H]1CC=C[C@H]2CN(Cc3ccccc3)C(=O)[C@@H]21,6857e94f9056530c,4
,,,O=C(N[C@@H](CCN1C[C@@H]2CN(C(=O)c3ccccn3)C[C@@H]2C1)c1cccc(F)c1)C1CCCC1,910f55758364f3be,5
,,,N#CC1(NC(=O)[C@@H]2CCCC[C@H]2C(=O)N2CCN(c3nc(C4CC4)cs3)CC2)CC1,e00f91940b5e8489,1
,,,CCc1ccccc1/C(=N/C1CCCCC1)NO,fc68415b5f9427e3,4
,,,O=C(Nc1ccccc1-c1ccccc1)OC1CCN(CCCCCCCCCNC[C@H](O)c2ccc(O)c3nc(O)ccc23)CC1,3b52ebdb0dfe3d08,3
,,,O=C(O)CCNc1nc(N2CCc3ccccc3CC2)cc(-n2cc3ccccc3n2)n1,f297ad213991b95b,3
,,,N#Cc1ccc2c(c1)cc(C(=O)NCCC(O)C(F)(F)F)n2Cc1cccc(OC(F)(F)F)c1,f8a92b2d52d5635e,1
,,,COC(=O)[C@H]1C[C@]2(CN1C(=O)OC(C)(C)C)Nc1cc(OC)c(-c3cnco3)cc1C(=O)N2C,9566244fd46a4306,5
,,,C[C@H](c1ccc(F)cc1)N(Cc1cccc(C(=O)O)c1)C(=O)c1cc2ccccc2cn1,8dee328e1491c9b0,10
,,,CCOc1ccc(N2CCN(c3noc(C(C)(F)F)n3)[C@@H](C)C2)c(C)c1,30f24ebd354b433f,12
,,,Cn1ncc2ccc(C(=O)Nc3nnc(C4CC4)s3)cc21,d6da361feaa94916,4
,,,CN(C)CCOc1ccc(Cn2c(O)nc3c(N)nc(C(F)(F)F)cc32)cn1,704247d4f2a11589,15
,,,c1ccc(CNc2nnc(-c3nc4ccncc4s3)o2)cc1,f3221d7d532cadcc,6
,,,Nc1nc(C(F)(F)F)cc2c1nc(O)n2Cc1ccc(N2CCOCC2)nc1,f5851074593536c8,8
,,,C[C@H](CO)Nc1nc(SCc2ccco2)nc2nc(O)sc12,eab16eaa127c9cf0,7
,,,Cc1nc(C#Cc2ccccc2)c2n1-c1ccccc1OC2,46a2e1f24b0f0695,2
,,,CC(C)Nc1ccc2nnc([C@@H](C)c3c[nH]c4ncccc34)n2n1,9b4c673c5090c649,5
,,,Cc1noc(C)c1CCC1CCN(S(=O)(=O)CC2(N(O)C=O)CCN(S(C)(=O)=O)CC2)CC1,f3254c994b526190,3
,,,COCC(C)n1nc(C)c(C(=O)N[C@@H](C)C(C)(C)C)c1NS(=O)(=O)c1ccc(C)cc1,f268e56d8e5cccb9,7
,,,Cc1cc(C)c(Nc2ccc3c(c2)N(c2nc4c(s2)C(=O)NC(C)(C)C4)CCO3)nn1,ea2c8c11b3f81ae0,15
,,,COc1cn(-c2ccc3c(c2F)C(C)(C)C(=O)N3C)nc(-c2ccnn2-c2ccccc2)c1=O,9b035da43dd7adbd,11
,,,COc1ccc(OC)c(-c2cccc3c(N)c(C(=O)NC4CC(C)C4)nnc23)c1,af09a10856e2265d,10
,,,Nc1ncc(-c2nc(N3CCOCC3)nc3c2CCN3c2ccc(CN3CCOCC3)cc2)cn1,af6a7be898970a09,3
,,,O=C(CC1CC1)N1CCC2(CC1)CCN(C(=O)Nc1ccc(OC(F)(F)F)cc1)C2,86e4e4c68fdce70c,10
,,,c1cc([C@H]2CC[C@]3(CC2)OOC2(O3)C3CC4CC(C3)CC2C4)ccc1OCCN1CCOCC1,8256519bcfe0c814,4
,,,O=C(c1ccc(F)cc1)C1CCN(C(=O)c2ccc(N3CCOCC3)cc2)CC1,9b11eb1841b62b3f,3
,,,CCCN1Cc2nc3c(CC(C)(C)C)cccc3c(N)c2C1=O,0ef303227ff812e9,10
,,,COc1cccc(-c2ccc(CN([C@@H](C)C(=O)N[C@H](C#N)CC(N)=O)S(C)(=O)=O)cc2)c1,0f05a27f54769974,5
,,,Cc1nc2ccncc2n1C1C[C@H]2CC[C@@H](C1)N2CC[C@H](NC(=O)C1CCS(=O)(=O)CC1)c1cccc(F)c1,f3ea4abdd992e2be,1
,,,COc1ccccc1CNCCc1cccc(CCNC[C@H](O)c2ccc(O)c3nc(O)sc23)c1,4623e03dc494e851,2
,,,COc1cc2nc(-c3cccc(Oc4ccccc4)c3)c(C(=O)OCCO)c(O)c2cc1F,4df80f89bc38a2ea,7
,,,Cc1cc(S(=O)(=O)N2C=CNC(=O)[C@H]2CC(=O)N[C@H]2CCN(C)CC2(C)C)c(C)cc1Cl,2c7596c4e8eaa050,2
,,,CC(C)(C)n1cc2c(n1)C(=O)NC1(CCN(C(=O)c3ccc4[nH]ncc4c3)CC1)C2,49e4038dee6166a4,12
,,,CCN1CCN(c2cc(F)c(NC(=O)N3CCc4c(-c5cnc(N)nc5)nc(N5CCOCC5)nc43)c(F)c2)CC1,162b51ea822a02e6,3
,,,COc1cc2c(cc1Cc1ccccc1)C[C@H](N)C(=O)N2O,89ef650a8116053c,9
,,,CO/N=C(\C)c1ncn2c1COc1c(CCN3CCN(c4cccc5nc(C)ccc45)CC3)cccc1-2,309dec31455c5e7e,2
,,,COC(=O)N1CCC(O)(C#Cc2cccc(C)c2)[C@@H]2CCC[C@@H]21,eed2250c5fbbeb5e,8
,,,CC(C)(CCC(C(N)=O)(c1ccccc1)c1ccccc1)N1CC[C@@H](Oc2cc(O)cc(F)c2)C1,c2cc4b7eb4ee3aee,4
,,,CCCCN(c1c(OC)nn2c(-c3c(OC)cc(COCC)cc3OC)csc12)C1CCOCC1,f5348050ea7a1155,6
,,,Nc1nc(C(F)(F)F)cc2c1nc(O)n2Cc1ccc(C(F)(F)F)nc1,761c91f3b00821f8,5
,,,Fc1ccc(-c2ccc3nnc(Cc4ccc5ncccc5c4)n3n2)cc1F,16fe5d68ebe164b2,11
,,,CN(CCc1ccccc1)C(=O)c1ccc(-n2nc(C(F)(F)F)c3c2CCCC3)cc1,c9bf0f219c9db454,13
,,,O=C(Cc1ccc(-n2nc(C(F)(F)F)c3c2CCCC3)cc1)N1CCCC1,b36fe83342984f5a,15
,,,Cc1ccc2c(-c3nnc(SCCCN4CC5CC5(c5ccc(C(F)(F)F)cc5)C4)n3C)cccc2n1,2c377058293c4832,4
,,,N#Cc1c(O)nc(SCc2ccccc2)nc1-c1ccccc1,af98987a2ee53b16,8
,,,COc1ccc2c(c1O)CCCC=C2c1cc(OC)c(OC)c(OC)c1,2f0eb9c7c6a16472,6
,,,COc1cccc2c1C(C(=O)NCc1ccc(OC(F)(F)F)cc1)N(CCc1ccccn1)C2=O,9a1e8756d1b72dc7,1
,,,CCNC1(CNC(=O)N2CCC(c3nc(-c4ccc5ccccc5n4)no3)CC2)CCCC1,6e7b1c9779f54acc,11
,,,COc1cc(C)c(C(=O)N2C[C@H]3CN(CC[C@H](NC(=O)C4CCCC4)c4ccccc4)C[C@H]3C2)c(C)c1,74bfefa8399f6c3d,7
,,,CCCc1sc(-c2ccc(OC)c(OCC(C)(C)O)c2)nc1CSc1nc(N)cc(N)n1,3282158eea2f80aa,12
,,,COc1ccc(OCC(=O)N2CCC3(CC2)CN(Cc2ccc(-c4nnc(C)o4)cc2)C3)cc1,a8c7783aaa3c0cae,3
,,,O=C(NC[C@@H](O)CN1CCC(Oc2ccc(Cl)c(Cl)c2)CC1)c1cnc(O)c2c(F)cccc12,cdba053f2ac600bd,1
,,,Nc1ccnc(N2CCC(n3c(=O)n(-c4ccccc4)c4cccnc43)CC2)c1,a2222121d9411af3,3
,,,O=[N+]([O-])c1cn2c(n1)OC[C@@H](NCc1ccc(OC(F)(F)F)cc1OC1CC1)C2,bdf1de1db1e4dcd4,15
,,,Cc1ccccc1S(=O)(=O)NCc1ccc(-n2ccnc2C)cc1,39af6e92abb1195f,10
,,,COc1nccc2ccc(C(=O)N3CCC4(CC3)Cc3cn(C(C)(C)C)nc3C(=O)N4)cc12,bc371c17cc0f6d00,10
,,,COc1nc(Cl)c(Cl)nc1NS(=O)(=O)c1ccc(Cl)s1,94b4c5a6e45f010d,10
,,,CCCN(CCC)CCc1ccc(O)c(NC(C)=O)c1,e431ab7c619ea07b,14
,,,C[C@@H](c1ccc2ncccc2c1)c1nnc2ccc(-c3ccccc3C#N)nn12,43cd138af9a099fd,6
,,,COc1ccc(OCC(=O)N2CCC3(CC2)CN(Cc2ccccc2Cl)C3)cc1,e12eca142035ce9f,4
,,,Fc1ccccc1[C@H](Nc1nnc(-c2c[nH]c3ncccc23)o1)C1CC1,ab1c11f7540c82c7,15
,,,COCCOc1cnc2ccn([C@H](C)c3nnc4c(F)cc(-c5cc(C)no5)cn34)c(=O)c2c1,c86c7db8891eccd6,7
,,,CC[C@H]1C[C@@H](C(=O)NCc2cccc(N)n2)CN(Cc2nc(N3CCOCC3)oc2C)C1,7b6738e0a0c4c649,2
,,,Cc1cccc2c(=O)n(CC(=O)NCCc3ccc(OC(F)F)cc3)cnc12,abe147941e4fc8ba,8
,,,Oc1nc2c(O)ccc([C@@H](O)CNCCc3cccc(CN4CCC(c5ccccc5)CC4)c3)c2s1,8391c192cbfe118f,2
,,,CC(=O)Nc1nc2cnc(Nc3cc(NC(=O)c4cccc(CC(C)(C)C#N)c4)ccc3C)nc2s1,c99cbb8c123ab03d,4
,,,CCn1c(SCC(=O)Nc2cc(C)on2)nnc1-c1cccnc1,aadc260f0ce957e3,8
,,,Cc1cc(Nc2cccc(F)c2)n2ncnc2n1,4a4dc5eb65e4888e,4
,,,O=C(c1ccccc1C(F)(F)F)N(CC1CCCC1)[C@H]1CCNC1,ce735d3fcdcda29a,7
,,,CNC(=O)c1ccc2[nH]nc(Cc3ccc(OC)c(OC)c3)c2c1,ecc8ecc69ebb5e50,21
,,,COc1ncc(-c2cc3c(C)nc(N)nc3n([C@H]3CC[C@H](OCC(N)=O)CC3)c2=O)cn1,5a9bc6dc810f115a,7
,,,CC(C)(C)Cc1nc2cc(S(=O)(=O)C(C)(C)C)ccc2n1CC1CC1,bdaf2928496e4d4d,15
,,,CCCC[C@H]1CN(CC2CCC(F)(F)CC2)C(=O)OC12CCN(C1(C)CCN(C(=O)c3c(C)ncnc3C)CC1)CC2,12432303597441ad,4
,,,NCCCCN(C[C@H]1Cc2ccccc2CN1)[C@H]1CCCc2cccnc21,a29089a0b3e92cb9,4
,,,CCOC(=O)C1=C(O)/C(=C\c2ccn(-c3ccc(C(F)(F)F)cc3)c2)N=C1C,5028fe3f8c4ff016,6
,,,O=C(NCC12CC3CC(CC(C3)C1)C2)c1c(Cl)ccc2nc(N3CCC[C@H](NCCc4nn[nH]n4)C3)ccc12,ea8d035b84095033,2
,,,O=C(C1CCCO1)N1C[C@@H]2[C@H](CNc3nc(-c4ccccn4)cs3)[C@@H]2C1,34c906d085fd2696,10
,,,NC1=N[C@@]2(CO1)c1cc(-c3cccnc3F)ccc1Oc1c2cc(C2=COCCC2)nc1F,5e3d2c96dcee1a4d,11
,,,CCC1CCCCN1C(=O)c1cnc(Nc2ccc(C)nc2)c(Cl)c1,bb4d89925f4de5f1,1
,,,CC1=N/C(=C/c2cc(C)n(-c3ccccc3C(F)(F)F)c2C)C(O)=C1,85989acb379d919b,12
,,,Oc1ccc2c([C@@H](O)CNCCCCCCCCCN3CCC(Cn4cnc(C(O)(c5ccccc5)C5CCCCC5)n4)CC3)ccc(O)c2n1,47ae53ae0276b0a8,2
,,,O=C(O)Cc1ccccc1N1CCC(CN2CCC(Oc3ccc(Cl)c(Cl)c3)CC2)CC1,eafc799b03e8812e,1
,,,Cc1cccc(C)c1CNc1cc(-n2cccn2)cn2c(C)c(C)nc12,2e32713c327f9d31,7
,,,CC(C)(C)C#Cc1cnc2c(c1)[C@]1(COC(N)=N1)c1cc(-c3cccnc3F)ccc1O2,ac4cb43555ecfa46,6
,,,CCOC(=O)N1CCC(Nc2cc(OC)ccn2)CC1,2ce4e3acd25675a4,5
,,,Cc1nc(N)nc(-n2c(Nc3ccon3)nc3ccccc32)n1,d3172bf8b69d27e8,2
,,,Cc1ccc2c(c1)C(=O)CC1(CCN(C(=O)c3ccc4[nH]ncc4c3)CC1)O2,1292baa58121b7a2,3
,,,CCN(C)C(=O)c1ccc([C@H](c2ccccn2)N2CCN(Cc3ccccn3)CC2)cc1,b23189c3085784b5,1
,,,C[C@H](c1nnc2c(F)cc(-c3cnn(C)c3)cn12)n1ccc2ncccc2c1=O,1b646f24cd7bbe52,2
,,,COc1cccc(F)c1[C@@H]1C[C@@H](O)C(=O)N1Cc1ccc2oc3ccccc3c2c1,5fa3d4b58902d1d2,4
,,,CCOc1ccc(Nc2nc3ccccn3c2-c2nc(C)nc(N)n2)cn1,1374ad089dfaa93d,5
,,,CC1(O)CN(S(=O)(=O)c2ccc3c(C(=O)NC[C@@H](O)CN4CCC(Oc5ccc(Cl)c(Cl)c5)CC4)cnc(O)c3c2)C1,dec05b33c92cfb7d,3
,,,Cc1nc(N)nc2c1cc(-c1cnn(C)c1)c(=O)n2[C@H]1CC[C@@H](OCO)CC1,105854fd44620253,10
,,,COc1cc(CNC(=O)c2cc(-c3nnn(C[C@H]4CO[C@H](CO)CO4)n3)nc(C)n2)ccc1F,8e4c461f38e79167,8
,,,COCCOc1cnc2ccn([C@H](C)c3nnc4ccc(-c5cc(C)no5)cn34)c(=O)c2c1,30e2e0bce4ed9021,9
,,,CS(=O)(=O)c1ccc(OCC(=O)O)c(-c2ccccc2)c1,c13b095eeb001455,10
,,,CCOc1ccc(CCNCCCSCCNC[C@H](O)c2ccc(O)c3nc(O)sc23)cc1,a6ffb02b12777d5e,4
,,,CC1(C)c2cc(N3CCN(C4COC4)CC3)c(CCC3CCCC3)cc2C(=O)c2c1[nH]c1cc(C#N)ccc21,24c4876c5bf837c9,5
,,,CCC(CC)[C@@H]1C(=O)N[C@H](C2Cc3ccccc3C2)C(=O)N1[C@@H](C(=O)NC)c1ccc(C)nc1,ff855df0d33c162b,4
,,,CN[C@@H](C)C(=O)N[C@H]1CCC[C@H]2C[C@H]3CCN(CCc4ccc(C(F)(F)F)cc4)C[C@H]3N2C1=O,721c9caa3c3f254f,2
,,,CCCC[C@H]1CN(C)C(=O)OC12CCN(C1(C)CCN(C(=O)c3c(C)cc(C#N)nc3C)CC1)CC2,9de243be5a91c9be,1
,,,C[C@H]1CN(C(=O)c2cn3c4c(cccc24)OC[C@H]3C2CCCCC2)CCN1C,9902450f26b184bd,6
,,,O=C(NCc1ccc(OC(F)(F)F)cc1)C1c2ccccc2C(=O)N1CCOc1ccccn1,b25951063f0e190e,2
,,,Oc1nc2c(O)ccc(CCNCCCSCCOCCc3cccc4ccccc34)c2s1,ed9a48f6b991b1f6,1
,,,COc1ccc2[nH]c(C)c(CC(=O)N[C@@H](CCCCCC(C)=O)c3nc(-c4ccccc4)c[nH]3)c2c1,a03270df41049f1f,2
,,,CCN(C)C(=O)c1ccc([C@H](c2cccnc2)N2CCN(Cc3cscn3)CC2)cc1,84d3ab0f62ffbd14,1
,,,CCCCCCc1nc2c(N)nc3ccccc3c2n1Cc1ccccc1,a1d6ee5ae961a317,14
,,,CC(C)N1CCCC1CNC(=O)N1CCC(c2nc(-c3ccc4ccccc4n3)no2)CC1,347c26cc8785aef6,7
,,,C[C@H](CO)Nc1nc(SCc2cccc(F)c2F)nc2[nH]ncc12,ef39f76dd832156c,6
,,,Cc1nc(N)nc(-n2c(Nc3cc[nH]n3)nc3ccccc32)n1,751d337200a31982,2
,,,Cc1ccc(C(F)(F)F)cc1Cn1c(C(=O)NCC(C)(C)CO)cc2cc(C#N)ccc21,6327be48a20a2b6d,3
,,,CN(CCC#N)c1cnc(C(=O)NCC(C)(C)c2ccccc2)cn1,7973952f12a46448,15
,,,Cc1cccc(C(C)(C)C(=O)Nc2ccc(N3CCC(NCC4CC4)CC3)c(Cl)c2)c1,5183166f6bda867a,4
,,,CC(C)(C)OC(=O)NC[C@H]1CC[C@H](CNC(=O)c2cc(-c3ccncc3)nc3ccccc23)CC1,1395c1e9fe28c92f,9
,,,Cc1cn([C@@H]2C[C@H](O)[C@@H](CNC(=O)Nc3ccc(OCc4ccccc4)cc3)O2)c(=O)[nH]c1=O,b4d56175e439d7b5,11
,,,COc1ncc(Nc2nc3ccccn3c2-c2nc(C)nc(N)n2)cc1F,6a1609e82839e556,3
,,,CC(O)C1(CNC(=O)c2cc3cc(C#N)ccc3n2Cc2cccc(OC(F)(F)F)c2)CCCC1,3f11f8e1e3c93a29,7
,,,COc1cc(C[C@H](NC(C)=O)[C@H](O)CN[C@H]2CC3(CCC3)Oc3ncc(CC(C)(C)C)cc32)ccc1F,37b2cdd1a6eb3925,8
,,,CC(=O)C1(c2ccccc2)CCN(c2cc(N)ccn2)CC1,cfa25aad313a62c4,10
,,,CCC(=O)CCCCC[C@H](NC(=O)C1CCN(C)CC1)c1nc(-c2cc(OC)c3ccccc3n2)c[nH]1,f1980a9ed3ab466c,7
,,,CCN(CC)C(=O)c1ccc(N(c2cccc(NC(C)=O)c2)C2CCN(Cc3ccccc3)CC2)cc1,df497a5f94c4ea99,5
,,,CCOC(=O)C1=C(O)/C(=C\c2cc(C)n(-c3ccc(S(=O)(=O)C(F)(F)F)cc3)c2C)N=C1C,206304c53daded23,4
,,,CC(=O)N[C@@H](CCN1[C@@H]2CC[C@H]1C[C@@H](n1c(C)nc3c1CN(S(C)(=O)=O)CC3)C2)c1ccccc1,10a1050848c65f92,8
,,,Nc1nc(C(F)(F)F)cc2c1nc(O)n2Cc1ccc(NCCO)nc1,7c2d65389a32bf25,9
,,,CCS(=O)(=O)c1ccc(-c2ccc3nnc([C@@H](C)c4ccc5ncccc5c4)n3n2)cc1,767b494edd25bc89,10
,,,COc1ccc(CN(C)C(=O)n2cnc(S(=O)(=O)[C@@H]3C[C@H]4CC[C@@H]3C4)n2)cc1,7fdf660f4a0be198,7
,,,CC(C)COc1ccc(-c2nc(N)nc(O)c2C#N)cc1C(F)(F)F,f186402c9ca8daea,9
,,,CCN(CC)CCOc1ccc2c(c1)C(C)(C)c1[nH]c3cc(C#N)ccc3c1C2=O,03cc368e5984b808,12
,,,CCC(=O)CCCCC[C@H](NC(=O)C1CN(C)C1)c1nc(-c2cc3ccccc3nc2OC)c[nH]1,dd6d8f2704bdc11e,1
,,,COc1ccc(C(F)(F)F)cc1Cn1c(C(=O)NCCC2(O)CCC2)cc2cc(C#N)ccc21,d4d186487224b30a,9
,,,COc1cc(N)c(Cl)cc1C(=O)N[C@H]1CCN(CCCOc2ccc(F)cc2)C[C@H]1OC,f5db227fe4d5ac03,6
,,,CC(C)N(CC[C@H](c1ccccc1)c1cc(CCCNC(=O)Cc2cccc(C[C@@H](C)NC[C@H](O)c3cc(O)cc(O)c3)c2)ccc1O)C(C)C,fcce0df74475d3ba,1
,,,O=C(Nc1cc(-c2ccccn2)[nH]n1)N1CCC(c2cccc(F)c2)CC1,5c7a186cc7e8f224,2
,,,O=C(NCc1ccc(OC(F)(F)F)cc1)C1c2ccccc2C(=O)N1CCN1CCOCC1,a304c4fa11c4e608,3
,,,CCc1ccc(Oc2ncccc2/C(=N/C2CCCCC2O)NO)cc1,14a28f7ab9f2d98c,3
,,,O=c1ccn(CCCCO[Si](c2ccccc2)(c2ccccc2)c2ccccc2)c(=O)[nH]1,988cf5e182aba7d7,10
,,,Cc1c(NS(C)(=O)=O)ccc2c1C(=O)N(Cc1ccccc1-c1ccccc1)C2C(=O)NC(C)(C)C,0e95da98066d6dc6,6
,,,Cc1noc(C)c1S(=O)(=O)NCc1ccc(-c2ccccc2)cc1,770e43be436978a8,10
,,,Cc1nc(N)nc2c1cc(-c1cnn(C)c1)c(=O)n2[C@H]1CC[C@@H](OCC(N)=O)CC1,ffef39edbf4b1fcf,2
,,,COc1ccc(S(=O)(=O)N2C(=O)[C@@](c3cc(CN4CCN(C)CC4)ccc3OC)(N3CCC[C@H]3C(=O)N(C)C)c3cc(Cl)ccc32)cc1,db8f3700f43ed089,4
,,,COCCCOc1cc(C2NC(S)=NC3=C2C(=O)c2ccccc23)ccn1,d762911a0c8b7570,13
,,,COc1cc2nc(C)c(-c3cccnc3)c(O)c2cc1Cl,2cc9928754ad6e18,9
,,,CCCc1cc2c(nc(O)n2Cc2ccccc2)c(N)n1,5caff4e2f155e195,10
,,,CCCCC1CN(S(=O)(=O)C2CC2)CCC12CCN(C1(C)CCN(C(=O)c3c(C)ncnc3C)CC1)CC2,cfdb037ba3f6f73f,1
,,,N#Cc1ccc(CCNC(=O)[C@@H]2CCCN(c3cc(N4CCC(C(=O)O)CC4)nc(C(F)(F)F)n3)C2)cc1,5011bf7e951aab59,1
,,,Cc1cc([C@H](O)C(C)(OCc2ccc(-c3ccccc3)cc2)C(=O)NO)no1,060592d9f5de6871,1
,,,COCCN(C)c1ccc(Nc2ncc3cc(-c4ccncc4)ccc3n2)cc1,d608517b61178849,17
,,,CCn1c([C@@H](C)NS(=O)(=O)c2ccccn2)nc2ccc(C(F)(F)F)cc21,1cbadb3b65cd0227,4
,,,CC[C@H](C)C(=O)O[C@H]1C[C@@H](C)C=C2C=C[C@H](C)[C@H](CC[C@@H]3C[C@H](CC(=O)NC)N(Cc4ccc(C(C)(C)O)cc4)C(=O)O3)[C@H]21,45fd71dcd9ca4fd1,5
,,,COc1cccc(-n2nnc(C3CC3)c2C(=O)N(C)c2ccc(C#N)cc2)c1,f4ae407b07e201ae,5
,,,COc1nc2cccnc2n1C1CCC(Nc2nc3ccccc3s2)CC1,a4b966fc524e6685,4
,,,Cc1c(OCF)ccc2c1C(=O)N(Cc1ccccc1-c1ccccc1)C2C(=O)NC(C)(C)C,a3b8130730cf72dd,4
,,,Cc1cccc(CNC(=O)[C@H]2C[C@H](c3nc(C)no3)CN(Cc3nc(-c4ccccc4)oc3C)C2)n1,431b3df3271c3585,3
,,,CCOC(=O)c1c(-c2cccc(OCC)c2)nc2cc(OC)ccc2c1O,4be8400bddd8c384,10
,,,Cc1nc2cc(F)ccc2n1C1C[C@H]2CC[C@@H](C1)N2CCC(NC(=O)C1CCS(=O)CC1)c1cccc(F)c1,bcae4c7a1df1e3f9,3
,,,Cc1nn(C)cc1-c1ccc2c(c1)N(c1nc3c(s1)C(=O)NC(C)(C)C3)CCO2,e9100278b855cacf,16
,,,O=C1O[C@]2(CC[C@H](CNc3nc(-c4ccccn4)cs3)CC2)CN1c1ccccn1,ef8cf93be69b1b73,3
,,,COc1ccc(S(=O)(=O)N2C(=O)[C@@](c3cc(CN(C)C)ccc3OC)(N3CCC[C@H]3c3ncco3)c3cc(Cl)ccc32)cc1,63ccd42cdad6d237,4
,,,Cc1ccc([C@H]2C[C@@H](C(F)F)n3ncc(C(=O)NCc4ccc(F)cc4)c3N2)nc1,f853b620c85130a0,6
,,,Clc1cc(-c2nnc(CSc3nnc(-c4ccncc4)n3C3CC3)o2)ccn1,8be9324d41df32ff,11
,,,Oc1nc(C(F)(F)F)nc2ncccc12,da207d93a0acfa68,2
,,,COc1cc2cc(C(=O)N3CCC4(CC3)Cc3cn(C(C)(C)C)nc3C(=O)N4)ccc2cn1,eaf6ca1ba19df53a,7
,,,COc1ccccc1CNCc1ccc(CCNC[C@H](O)c2ccc(O)c3nc(O)sc23)cc1,810b6ed29e96fcd9,1
,,,CC(=O)Nc1cccc(Nc2ncnc(N3CCC(Oc4ccc(OC(F)(F)F)cc4)CC3)n2)c1C,d18bc6097c6e7632,1
,,,Cc1nc(N)c2nnn(C[C@H]3CN(Cc4cc(F)cc(F)c4)CCO3)c2n1,75438e7c06dfe2c1,4
,,,COc1ccc(S(=O)(=O)N2C(=O)[C@@](c3cnc(OC)nc3OC)(N3C[C@H](O)C[C@H]3C(=O)N(C)C)c3cc(Cl)ccc32)c(OC)c1,866dc77b7d809f47,1
,,,CC(=O)N1CCC(c2nccnc2Oc2ccc(C(=O)c3nc4ccccc4[nH]3)cc2)CC1,4699c0dd692c59cc,3
,,,C[C@H]1CC[C@H](NC(=O)c2cnc(N3CCCCC3)cn2)CC1,5d5b9b83358d566b,3
,,,Fc1ccc(-c2cc[nH]n2)c(C2Cc3nccn3C2)c1,a0a170c1ef964ee5,12
,,,Cc1nn(C)c(C)c1-c1ccc2c(c1)N(c1nc3c(s1)C(=O)NC(C)(C)C3)CCO2,731565a279f3693f,18
,,,O=C(c1sc2c([N+](=O)[O-])cc(C(F)(F)F)cc2[n+]1[O-])N1CCCCC1,fd8160485be31a1a,6
,,,CS(=O)(=O)CCCOc1cccc2c1ccn2-c1ccnc(N[C@H]2CC[C@H](C(=O)N3CCC(O)CC3)CC2)n1,299304e044149c00,2
,,,O=C(NC[C@@H]1CCCCN1C(=O)c1ccccc1-c1ccccc1)c1ccc(F)cc1,5c2c58992177514e,8
,,,Nc1nc(C2CC2)nc2c1nnn2Cc1cc(C2CC2)[nH]n1,62e643ff30c07a3c,9
,,,Cc1cc(Nc2ccc(C#N)c(C(F)(F)F)c2)n2ncnc2n1,211c2b9c9fd60457,4
,,,c1ccc(COc2ccc3c(c2)CCN(CC2CC2)CC3)cc1,ff9ef0f448e51673,7
,,,Cc1cc(-c2cc(F)c3nnc([C@@H](C)n4ccc5ncccc5c4=O)n3c2)on1,6249781b9cd7adad,2
,,,COc1cc(Cl)ccc1Oc1cc(C)ncc1CN(C)C,ff8eac1a3e87c0f2,9
,,,C[C@H](CO)Nc1nc(SCc2ccccc2)nc2nc(O)sc12,c37fefb060524f1c,3
,,,Cc1c(O)nnc(Cc2ccc(F)c(C(=O)N3CCC4(CCCN4)CC3)c2)c1C,07cf095472351f7e,7
,,,COc1cc(C(=O)NCc2cccc(C(F)(F)F)c2)ccc1-n1cnc(C)c1,0634b5cd6404e5fc,22
,,,Cc1cc(C#N)nc(C)c1C(=O)N1CCC(C)(N2CCC(N3C(=O)N(C[C@H]4CC[C@H](O)CC4)C[C@H]3c3ccccc3)CC2)CC1,4745363ff5097d1c,1
,,,O=C(Cc1ccccc1)N1C[C@@H]2[C@H](CNc3nc(-c4ccccn4)cs3)[C@@H]2C1,e7b76e4e1b6c3cbf,13
,,,CCc1cnc(N2CC[C@@H](Cn3nnc4c(N)nc(C5CC5)nc43)C2)nc1,35d97533fda0b2b3,2
,,,O=C(Nc1cc(-c2ccncc2)cnc1O)[C@H](Cc1ccccc1)NC1(c2ccccn2)CC1,0537a7a18c68426f,7
,,,Fc1cc(N2CCNCC2Cc2ccccc2)cc2cc[nH]c12,2768241a544bb240,9
,,,COc1cn(-c2ccc3c(c2F)C(C)(C)C(=O)N3C(C)C)nc(-c2ccnn2-c2ccccc2)c1=O,203426bc628c9a26,14
,,,COc1cccc(OC)c1[C@@H]1C[C@@H](O)C(=O)N1Cc1ccc(OC(F)(F)F)cc1,b5ee35fe5ca498ed,2
,,,CCOc1cnc(N2CCN(c3noc(C(C)(F)F)n3)[C@@H](C)C2)c(C)c1,e15607fb962c7ef4,8
,,,O=C(NCc1ccc(OC(F)(F)F)cc1)C1c2c(O)cccc2C(=O)N1CCc1ccccn1,a45ed7d8c4f028a6,5
,,,CN(C)CCN1CCN(c2ccc(Cn3c(O)nc4c(N)nc(C(F)(F)F)cc43)cn2)CC1,48c064da21c27879,3
,,,CC(C)C[C@H](CO)Nc1nc(SCc2ccccc2Br)nc2nc(N)sc12,3e93e498aeeed05b,7
,,,C=CC(=O)Nc1cccc(-n2c(-c3nc(-c4cnn(C5CCN(CC)CC5)c4)cnc3N)nc3ccccc32)c1,9d021c4ab2b0cc71,3
,,,Fc1cccc(C2CCNCC2)c1Oc1ccccc1,8a182a7e116e3771,1
,,,COc1ncc(Nc2ncc(C(O)C(F)(F)F)cc2-c2nc(C)nc(N)n2)cc1F,d211555afaed6382,11
,,,CCc1ccc2c(c1)[C@@H](NC[C@@H](O)[C@H](Cc1ccccc1)NC(=O)c1cc(-c3ccccn3)c(=O)n(C3CCCC3)c1)CC1(CCC1)O2,235a5a5a985bf4fc,7
,,,COc1ccccc1-c1nc2c(C(=O)N[C@@H]3C[C@H]4CCC[C@@H](C3)N4C)cccc2o1,3df2a516215a3283,1
,,,Cc1cc(Nc2ccc(C)c(C)c2)n2ncnc2n1,7e5136324bd53ede,4
,,,COc1cc(Br)c(CC(=O)/N=C(\N)N[C@H](CC2CCCCC2)C(=O)NCc2cccc(-c3nn[nH]n3)c2)cc1OC,829eb3f3ce741c96,3
,,,CCS(=O)(=O)c1ccc2c(c1)nc(C(C)(C)C)n2CCN(C)C,8d2445e1fc332157,19
,,,CCCCC1CN(S(=O)(=O)N(C)C)CCC12CCN(C1(C)CCN(C(=O)c3c(C)ncnc3C)CC1)CC2,b17f93b8f29cb2f5,4
,,,NC1=N[C@@]2(CO1)c1cc(-c3cccnc3F)ccc1Oc1c(F)cc(N3CC[C@H](F)C3)cc12,4e60fe0ebb97045e,14
,,,CC1=N/C(=C/c2cc(C)n(-c3ccccc3C(F)(F)F)c2C)C(O)=C1C(=O)O,b5bde96fc3189585,4
,,,COCc1cc(OC)c(-c2csc3c(N(CC4CC4)CC4CCCO4)c(OC)nn23)c(OC)c1,fd29a1da2e632131,12
,,,Oc1nc2c(O)ccc([C@@H](O)CNCCCSCCOCCc3ccccc3)c2s1,d31ad41e907a84b3,3
,,,Cc1cc(C#N)nc(C)c1C(=O)N1CCC(C)(N2CCC(N3C(=O)N(CC4CCOCC4)C[C@H]3c3ccccc3)CC2)CC1,7e7a07624be37f2e,2
,,,CC(C)n1ncc2ccc(C(=O)Nc3nnc(C4CC4)s3)cc21,e431ba66b7722867,7
,,,CNC(=O)Cc1ccc2c(O)cc(-c3cccnc3)nc2c1,6016fa882623ad19,12
,,,CCn1c([C@@H](C)NS(=O)(=O)C2CC2)nc2ccc(C(F)(F)F)cc21,7352103fbd7a02be,8
,,,CCOC1(c2ccc(OC)cc2)SC=C(C)n2c1noc2=O,8679b0f79f85c600,16
,,,CS(=O)(=O)c1cccc(C(=O)N2CCC(C(=O)c3ccc(F)cc3)CC2)c1,441750fee02706a6,5
,,,CCCCCS(=O)(=O)NC(=O)OCCCc1ccc(OCCOC)cc1Oc1ncc(C(F)(F)F)cc1Cl,29b240be9f36b700,3
,,,CC(=O)Nc1cc(Nc2cc(NC3CC3)n3ncc(C#N)c3n2)ccc1N(C)CCN(C)C,4d1fc9ccd3000bf4,6
,,,CCCn1cc(S(=O)(=O)N[C@H](C)c2nc3ccc(C(F)(F)F)cc3n2CC)c(C)n1,7d0a514ea7348377,5
,,,CCO/C(O)=C1\C(C)=NC(C)=C(C(C)=O)[C@H]1c1cccc2c(=O)cc(C)oc12,da8c1a3b33cf9346,2
,,,CCC(=O)Cn1c(=O)c2c(OC)c(C(=O)NC3CCN(CCO)CC3)n(C)c2c2ccccc21,14659b761ebccb65,2
,,,CC(C)N(CC[C@H](c1ccccc1)c1cc(CCCCOc2ccc(CCNC[C@H](O)c3ccc(O)c4nc(O)ccc34)cc2)ccc1O)C(C)C,ab6e955b07d32e98,2
,,,CCOC(=O)c1c(-c2cccc(OC)c2)nc2cc(OC)ccc2c1O,741b7b5e66c1f378,9
,,,O=C(Nc1ccc(F)cc1)N1CCc2ccccc2[C@H]1c1ccc(C(F)(F)F)cc1,fe2f7655d25594e9,6
,,,COc1ccc(Nc2ccc3c(c2)N(c2nc4c(s2)C(=O)NC(C)(C)C4)CCO3)nn1,a709dc7edc3c629f,11
,,,Cn1cc(-c2ccncc2)c(-c2ccc(OCc3nc4ccccc4n3C)cc2)n1,fca2d87846664429,6
,,,O=[N+]([O-])c1cn2c(n1)OC[C@@H](NCc1ccc(OC(F)(F)F)cc1F)C2,7bfa2e2f3601c614,7
,,,CC(C)n1nc(C(=O)NCC2CCN(CCc3ccc(C(=O)O)cc3)CC2)c2ccccc21,8f342967dec61814,9
,,,CCOc1ncc([C@@H](C)Nc2nc(N3CCN(C(C)=O)CC3)nc3c2CN(C(C)C)C3=O)cc1F,b0bfc76a91cf38b5,5
,,,O=C(Nc1cccc(C(F)(F)F)c1)c1cccc2c1CCN(Cc1ccnc3ccccc13)C2,42afc520d933f5a2,2
,,,Cc1cccc(N2CC[C@@H](NC(=O)Nc3ccccc3Br)C2)c1,9d53251c6a3dbd4e,7
,,,CCCCCS(=O)(=O)NC(=O)/C=C/c1ccc(OCCOC)cc1Oc1ncccc1Cl,f73a11ae5739d50d,3
,,,c1cc(-c2noc(C3CCCCC3)n2)ccn1,12483fb78bc03913,3
,,,COc1ccc2c(OCC[C@@H]3NC(=O)N(C)CCCC/C=C\[C@@H]4C[C@@]4(C(=O)NS(=O)(=O)C4CC4)NC3=O)cc(-c3nc(C(C)C)cs3)nc2c1Cl,799f19c646c7ade0,1
,,,Cc1cccc(CNC(=O)[C@@H]2C[C@@H](c3nnc(C)o3)CN(Cc3nc(-c4ccccc4)oc3C)C2)n1,0bf7f9a30cfa127c,4
,,,CCOC1(c2ccccc2)SC=C(C)n2c1noc2=O,e4dabf321ad73171,7
,,,CCOC(=O)Nc1cccc([C@@H](c2ccc(C(=O)N(C)CC)cc2)N2CCN(Cc3[nH]cnc3C)CC2)c1,e5195b9c6283d034,5
,,,CC(=O)Nc1cc(Nc2cc(NC3CC3)n3ncc(C#N)c3n2)ccc1NCCCO,ba544c64d6567f14,2
,,,CN[C@@H](C)C(=O)N[C@H](C(=O)N1C[C@H]2CCCN2C[C@H]1C(=O)N[C@@H]1CCCc2ccccc21)C1CCCCC1,e399026d974ac1b2,3
,,,CCCC[C@H]1CN(CC2CCOCC2)C(=O)OC12CCN(C1(C)CCN(C(=O)c3c(C)cc(=O)oc3C)CC1)CC2,829b3947d141a827,4
,,,Cc1n[nH]c2c(C)cc(C(=O)N3CCC4(CC3)Cc3cn(C(C)(C)C)nc3C(=O)N4C)cc12,78188feca1ba705f,10
,,,COc1cccc2c(-c3nsc(CN4CCN(CC(N)=O)CC4)n3)cn(CC3CCOCC3)c12,8b3a0178ac764bf5,3
,,,CNC(=O)c1cnc(Oc2ccc3c(c2)CCN(C2CCC2)CC3)cn1,657e4091da4d4f01,2
,,,CNC(=O)c1ccc(OC)c(/C=C/c2ccc(Cl)cc2)c1,0147413118b7c049,12
,,,COc1ccccc1C(=O)Nc1ccc(Cc2ccncc2)cc1,a734b487731901b0,9
,,,COCCCOc1cccc(C2NC(S)=NC3=C2C(=O)c2ccccc23)n1,ade1feb7cef1e9bb,8
,,,CCC(=O)CCCCC[C@H](NC(=O)C1CN(C)C1)c1nc(-c2cc(OC)c3ccccc3n2)c[nH]1,97dee0d1e3947d04,4
,,,O=C(NC1CCCCC1)c1nc(CS(=O)(=O)c2ccccc2)no1,9e46d8f914495305,2
,,,Cc1cc(-c2ncc(C(=O)c3cccc(O)c3)s2)ccc1O,0e037e7f90b267bb,18
,,,O=C(c1cccc2c1C(=O)N(Cc1ccccc1)C2)N1CCCC1,e9d3ffe5a82c30ce,7
,,,O=C(N[C@@H](CCN1C[C@@H]2CN(C(=O)c3ccc(C(F)(F)F)nn3)C[C@@H]2C1)c1cccc(F)c1)C1CCOC1,948b21854dbbe9ba,5
,,,C[C@H]1CN(Cc2cccc(-c3cc(CNC(=O)c4cccc(CC5CCNCC5)c4)ccc3F)c2)CCN1,df86093fdc5b537b,1
,,,COc1ccc(Nc2nc3ccccn3c2-c2nc(C)nc(N)n2)cn1,5f9f78de2792beb7,4
,,,Cc1ccc2c(N3CCN(CCc4cccc5c4OCc4c(C)nnn4-5)CC3)cccc2n1,3ed7ae2fbf62118c,4
,,,CC(C)(C)Cc1nc2cc(S(=O)(=O)C(C)(C)CO)ccc2n1CC1CC1,320d37e89bd9ccd0,5
,,,COc1ccc2c(C)cc(N[C@H]3CCC[C@H](NCc4cn(C)c5ccc(Br)cc45)C3)nc2c1,aa7d6f788d500a03,1
,,,COc1cnc(COc2cc(F)c(F)cc2C)cc1-c1cc2c([nH]1)CCNC2=O,bfe261da6cc4650a,5
,,,CCCC[C@H]1CN(CCC2CCOCC2)C(=O)OC12CCN(C1(C)CCN(C(=O)c3c(C)ncnc3C)CC1)CC2,91785d8d5d1320c5,2
,,,COc1ccc(OC)c(-c2cccc3c(N)c4c(nc23)CN(C2CCCC2)C4=O)c1,1194410a95087d6c,13
,,,Cc1cccc(NC(=O)Nc2cccc3ccccc23)c1,2ad3aecced949c5d,8
,,,CNCc1ccccc1Oc1ccc(Cl)cc1OC,28fe110c31c6d67d,5
,,,COC[C@H]1C[C@@H](C(=O)NC[C@H]2CCCO2)CN(Cc2nc(-c3ccccc3)oc2C)C1,f0247083c1f6cfb3,11
,,,COc1ccc(-c2nc3cc(C4=NNC(=O)CC4C)ccc3[nH]2)cc1,06e7803b872cee8f,7
,,,COc1ncc(-c2cc3c(C)nc(N)nc3n([C@H]3CC[C@@H](OCO)CC3)c2=O)cn1,c316efe1f414895e,2
,,,CCc1nn2c(=O)cc(Cn3cnc4ccccc43)nc2s1,b47ea02447f04aa3,9
,,,CCCC[C@H]1CN(CC2CCOCC2)C(=O)OC12CCN(C1(C)CCN(C(=O)c3c(C)ccnc3C)CC1)CC2,167449289658b322,6
,,,CN1C(=O)Cc2cc(-c3cc(C(O)(C(F)(F)F)C(F)(F)F)cnc3N3CCN(S(=O)(=O)c4ccc(N)nc4)CC3)ccc21,0b79caa2232488dd,3
,,,CCCCC1N(CC2CCCCC2)C(=O)OC12CCN(C1(C)CCN(C(=O)c3c(C)ncnc3C)CC1)CC2,f15e8a72a7cce290,4
,,,O=C(Nc1ccc(F)cc1)N1CCc2ncccc2[C@H]1c1ccc(C(F)(F)F)cc1,7b81b979b3c4e453,6
,,,CCOC(=O)C1=C(O)/C(=C\c2cc(C)n(-c3ccccc3C(F)(F)F)c2C)N=C1C,31b253da2d87263d,4
,,,Cc1onc(C(=O)N2[C@@H]3CC[C@H]2C[C@@H](Nc2cc(=O)n(C)c4cc(F)c(F)cc24)C3)c1C,ec5e5a5c245bd783,4
,,,NC(=O)C1CCN(c2nc(-c3ccccn3)nc3c2CN(Cc2ccccc2)CC3)CC1,e5b9db0d5a218cd3,1
,,,C[C@](O)(c1ccc(N2CCN(S(=O)(=O)c3cccs3)C[C@@H]2CN2[C@@H]3COC[C@H]2[C@@H](O)C3)cc1)C(F)(F)F,b6a229790f943b57,10
,,,Nc1nc2cc(C(=O)c3ccccc3)ccc2[nH]1,406f707931329f75,4
,,,CC(O)(c1ccc(N2CCN(S(=O)(=O)c3cccs3)C[C@@H]2CN2C3CCC2COC3)cc1)C(F)(F)F,974382720b8b8386,5
,,,Cc1ccc(S(=O)(=O)N2C=CNC(=O)[C@H]2CC(=O)N[C@@H]2CCCc3ccccc32)cc1,98a0c1ed9fd238c9,6
,,,CCN(C(=O)NCc1ccc(S(C)(=O)=O)cc1)C1CCN(CCC(c2ccccc2)C2CCN(Cc3ccc4ccccc4n3)CC2)CC1,1a7ca2cef1dc1cdf,1
,,,O=C(Nc1cc(-c2ccccn2)[nH]n1)N1CCC(c2ccc(F)cc2)CC1,62109305b97e86c0,1
,,,Cc1nn(C)c(Oc2cccc(Cl)c2Cl)c1C(=O)N1CCCC[C@@H]1c1cccnc1,29a3efd82369bf39,6
,,,Nc1nc(-c2ccccc2)nc2c1nnn2CC1CCCCO1,d7fa41dd9e1465c1,6
,,,Oc1ccc2c([C@@H](O)CNCCc3ccc(CCN4CCC(Cn5cnc(C(O)(c6ccccc6)C6CCCCC6)n5)CC4)cc3)ccc(O)c2n1,1eb275f3b08d9504,1
,,,CO[C@@H]1COCC[C@@H]1N[C@@H]1CC[C@@](C(=O)N2CCN(c3cc(C(F)(F)F)ccn3)CC2)(C(C)C)C1,78103c3b65ad17b2,3
,,,Cc1ccc2c(N3CCN(CCc4cccc5c4OCc4c(C(=O)NCC6CC6)ncn4-5)CC3)cccc2n1,ec5d70c1d2888dff,2
,,,Nc1ccnc(N2CCC(N(C(=O)C3CCCCC3)c3ccccn3)CC2)c1,a5d8ddb7d1a749b3,1
,,,O=C(Nc1cccc(C(F)(F)F)c1)N1CCC2(CCN(C(=O)c3c(F)cccc3F)CC2)C1,1471e2770758b53b,11
,,,N#CNC(=O)[C@H](Cc1ccccc1)NC(=O)OCc1ccccc1,b8507da87a298ca2,8
,,,CC(C)Cc1cc(O)c(-c2ccccc2)c(O)n1,bbd16965694605de,11
,,,COc1cc2nccc(Oc3ccc4c(C(=O)Nc5cc(C)no5)cccc4c3)c2cc1OC,eeb12babfb946465,8
,,,CCc1ccc(Oc2ncccc2/C(=N/C2CCCC[C@@H]2N)NO)cc1,a377726d1d28d4c7,1
,,,O=C(Nc1ccccc1-c1ccc(O)c(Cl)c1)OC1CCN(CCCCCCCCCNC[C@H](O)c2ccc(O)c3nc(O)ccc23)CC1,5040806f4b990030,1
,,,Cc1cccc(C#Cc2ncn3c2COc2ccccc2-3)c1,3c27c477b59128f2,4
,,,CCNC(=O)c1ccc(OC)c(/C=C/c2ccc(Cl)cc2)c1,32cebe329dca4c8f,14
,,,O=C(NC[C@@H](O)CN1CCC(Oc2ccc(Cl)c(Cl)c2)CC1)c1cnc(O)c2ccc(F)cc12,ab552cacdd2882e5,7
,,,COc1cc2nc(C)c(-c3ccncc3)c(O)c2cc1Cl,2abfce6ed6ca0f1e,4
,,,O=C(O)C1(Sc2ccnc3ccc(C(F)(F)F)cc23)CCC1,f97939a604a461e9,8
,,,COC(=O)c1ccc(C(=O)N2C[C@H]3CN(CC[C@H](NC(C)=O)c4ccccc4)C[C@H]3C2)cc1,c8d98021c1abb3e6,1
,,,COc1ncc(Nc2ncc([C@@H](C)O)cc2-c2nc(C)nc(N)n2)cc1F,a1e405a559e82594,9
,,,COC[C@@H](Oc1cc(C[C@@H]2CS(=O)C[C@H](NCc3cnn(CC(C)(C)C)c3)[C@H]2O)cc(F)c1N)C(F)(F)F,077bbc1160386fbe,2
,,,CNc1cc(-c2cccnc2Oc2ccc(Nc3nc4c(F)c(F)ccc4[nH]3)cc2)ccn1,e202475ecc13bc6a,6
,,,CCCN(c1c(OC)nn2c(-c3c(Cl)cc(COC)cc3OC)csc12)C1CCOCC1,6325c9ef2f5a1f0e,6
,,,CC(C)N1CCN(c2ccc3c(c2)C(C)(C)c2[nH]c4cc(C#N)ccc4c2C3=O)CC1,5705bca57cd0d7ea,9
,,,CC1(C)[C@H]2CC=C(CN3CCC(NC(=O)Nc4cccc(OC5CCOC5)c4)CC3)[C@@H]1C2,b7eede3173d3d483,7
,,,O=C(O)[C@H](Cc1ccccc1Cl)N1CCC(CN2CCC(Oc3ccc(Cl)c(Cl)c3)CC2)CC1,29c460cb524f6b2c,9
,,,Cc1ccc2c(N3CCN(CCc4cccc5c4OCc4c(C#N)ncn4-5)CC3)cccc2n1,cc1fb35b735890df,1
,,,Cc1cn2cc(CC(=O)N3CCC4(CC3)CN(Cc3ccc(-n5nccn5)cc3)C4)nc2s1,a127336822646ee2,12
,,,Cc1nn(C)c(Oc2cccc(Cl)c2F)c1C(=O)N1CCCCC1c1cccnc1,3cf179586fbd65af,11
,,,O=C(c1cc2c(cc1F)OC(c1ccccc1)(c1ccccc1)O2)N1CCOCC1,8e3c561d43da4264,5
,,,CC[C@H](C)[C@@H]1C(=O)N[C@H](C2Cc3ccccc3C2)C(=O)N1[C@@H](C(=O)N1CCOCC1)c1ccc(C)nc1,d096cccdbc9abf8f,3
,,,COCCCOc1ccnc(C2NC(S)=NC3=C2C(=O)c2ccccc23)c1,775fb6b58a9ba19f,7
,,,COC[C@H]1C[C@@H](C(=O)NCC2CCOCC2)CN(Cc2nc(N3CCOCC3)oc2C)C1,29a860899270c42b,2
,,,Cc1ccc2c(N3CCN(CCc4cccc(-n5cccn5)c4)CC3)cccc2n1,41135fc3b9dcd0af,8
,,,CCN(C(=O)NCc1cc(F)cc(F)c1)C1CCN(CCC(c2ccccc2)c2ccccc2)CC1,4129010413c8c3cd,5
,,,COc1ccc(C(N)=O)cc1C(=O)Nc1ccc(Cl)cc1,2e95c3afc80f4a7e,4
,,,O=S(=O)(c1cc2c(cc1F)OC(c1ccc(F)cc1F)(c1ccc(F)cc1F)O2)N1CCC(F)(F)CC1,a370f95132bf9e66,6
,,,CC1(C)Cc2nc(N3CCOc4ccc(-c5cnn(Cc6cccnc6)c5)cc43)sc2C(=O)N1,6a8fb31a053e255b,14
,,,Cc1ncnc(C)c1C(=O)N1CCC(C)(N2CCC(N3C(=O)N(CCC4CCOCC4)C[C@H]3c3ccccc3)CC2)CC1,2c3bea9d275ca64a,1
,,,CNc1nc(O)c(C#N)c(-c2ccc(OCC(C)C)c(C#N)c2)n1,340b3cfe9bd7f5c1,14
,,,CCc1nc(Cn2nnc3c(N)nc(C4CC4)nc32)cs1,9edeed3626583f84,10
,,,Cc1n[nH]c2c(C)cc(C(=O)N3CCC4(CC3)Cc3cnn(C(C)C)c3C(=O)N4)cc12,8b907b4c562f212a,7
,,,Cc1ccc(Nc2ncc(C(=O)N3CCCC[C@@H]3C)cc2Cl)cn1,e51d510302d0d58b,10
,,,O=C(c1ccccc1Oc1ccccc1)N(c1ccccc1)[C@H]1CCNC1,f746673bc9a6c791,7
,,,O=C(Nc1ccccc1Br)N[C@@H]1CCN(c2ccc(F)c(F)c2)C1,86f665a0768ddb29,7
,,,CC(C)(O)C1CCN(c2nccnc2Oc2ccc(C(=O)c3nc4ccccc4[nH]3)cc2)CC1,759060b230f0404c,3
,,,Cc1cc(C)c(CNC(=O)c2c(C)n([C@H](C)C3CCOCC3)c3ccccc23)c(O)n1,fe0ffdc61c8ccd10,2
,,,CC(C)(CC1Cc2ccccc2C1)NC[C@@H](O)COc1cc(C2CC3CC2C2C(C(=O)O)C32)cc(F)c1F,4aac19415bdadfe0,2
,,,COc1ccc(C(=O)NC2(c3ccccc3)CCN(c3cc(N)ccn3)CC2)cc1Cl,e37764ee85e64ce4,2
,,,Cc1ccc2c(N3CCN(CCc4cccc5c4OCc4cncn4-5)CC3)cccc2n1,1abe8bcc60ab898d,9
,,,Cc1ccc2c(N3CCN(CCc4cccc(NC(=O)c5ccccc5)c4)CC3)cccc2n1,6da0c632c4701386,1
,,,COc1ccc(C[C@@H](NC(=O)C2(c3ccc(Cl)cc3)CC2)C(=O)N[C@H]2CC[C@H](N(C)C)CC2)cc1,aa63f564eed57f24,7
,,,Oc1nc2c(O)ccc([C@@H](O)CN[C@H]3CCC[C@@H]3OCc3ccccc3)c2s1,08f0cc845657a082,3
,,,O=S(=O)(Nc1cccc(-c2csc(O)n2)c1)c1cccs1,d91701f10a20e005,13
,,,Cc1ccc2c(N3CCN(CCc4cccc(N5CCOC5=O)c4)CC3)cccc2n1,bc51cb5e11e9a29a,1
,,,COc1ccc(OC)c(-c2c(F)ccc3c(N)c4c(nc23)CN(C2CC2)C4=O)c1,6ed07105fa08a91f,12
,,,Cc1ncc(Cc2nc(-c3n[nH]c(C(F)(F)F)n3)n3ccccc23)cn1,adf09313fc35e3df,5
,,,COc1ccc2c(c1O)CCCC(CC(O)CO)=C2c1cc(OC)c(OC)c(OC)c1,d5ab1e7744e9b6e9,3
,,,O=C(NCc1ccc(OC(F)(F)F)cc1)C1c2ccccc2C(=O)N1CCC(F)(F)F,3338f623bd102dc8,14
,,,CC(C)(C)COc1cnc2c(c1)[C@]1(COC(N)=N1)c1cc(-c3cccnc3F)ccc1O2,510f520c4f64cfea,7
,,,c1ccc(CNc2nnc(-c3c[nH]c4ncccc34)o2)cc1,8f6682cd526434ec,5
,,,CN(C)S(=O)(=O)N(Cc1ccccc1-c1ccccc1)[C@H]1CCNC1,dbe8934b8173cb2b,4
,,,Cc1ccccc1C#Cc1ncn2c1COc1ccccc1-2,48da6615f5955086,4
,,,COc1cccc(OC)c1-c1cc2c(N[C@H](CO)c3ccccc3)ncnc2s1,3085bc3ec84e938d,3
,,,Cc1cc[n+]([O-])c(C)c1C(=O)N1C[C@H]2CN(CC[C@H](NC(=O)C3CCCC3)c3ccccc3)C[C@H]2C1,3ba10f5e99651ae1,6
,,,Cn1ncc(-c2ccc3c(c2)N(c2nc4c(s2)C(=O)NC(C)(C)C4)CCO3)c1N,a45086cc52901fde,15
,,,Cc1cc(C#N)cc(C)c1Nc1ccnc(NC2CCN(c3cccc(C(N)=O)c3)CC2)n1,76e4ed51b4e177ba,4
,,,O=C(Nc1cccc2cccnc12)c1ccc(N2Cc3ccccc3C2=O)cc1,e80190eb1170eeaa,4
,,,N#Cc1c(O)nc(N)nc1-c1ccc(OCC2CCOC2)c(OC(F)(F)F)c1,b8ccbd248a4efdc0,10
,,,COC[C@H]1C[C@@H](C(=O)NC[C@H]2CCCO2)CN(Cc2nc(N3CCOCC3)oc2C)C1,1aa2fa230dffb818,2
,,,CCN(CCO)C(=O)c1cc2cccnn2c1-c1cccc(C)c1,5fd171b90a5e1aae,2
,,,CCOC[C@@H](CC(C)C)NC(=O)[C@@H]1CNC[C@H](C(=O)N(c2ccc(C(C)C)cn2)C2CC2)C1,d62b963166168a60,1
,,,Cc1ccc2c(N3CCN(CCc4c(C)ccc5c4ccc(=O)n5C)CC3)cc(F)cc2n1,4b4af9931353fd59,2
,,,COc1cn(-c2ccc3c(c2F)C(C)(C)C(=O)N3CC2CC2)nc(-c2ccnn2-c2ccccc2)c1=O,a88c0214771c29b8,17
,,,CCCc1cc(C(O)(C(F)(F)F)C(F)(F)F)ccc1Oc1ccc(C(=O)CN2C(=O)NC(C)(c3ccc(OC(C)C)cc3)C2=O)c(O)c1,16ada8efb3bda9cb,1
,,,CC(C)(CN1Cc2ccccc2C1=O)NC[C@@H](O)COc1cc(C2CC3CC2C2C(C(=O)O)C32)ccc1C#N,851b89aede8c8bf1,1
,,,O=C(NCc1ccncc1)c1nc(CS(=O)(=O)c2ccccc2)no1,6f29f5e0cc610e21,8
,,,CC(C)N(CCNCCc1ccc(O)c2nc(O)sc12)C(=O)CCOCCc1ccccc1,0154f60fcb14db59,2
,,,CN[C@@H](C)C(=O)N[C@H]1CCC[C@H]2C[C@H]3CCN(CCc4nc5cc(C)ccc5[nH]4)C[C@H]3N2C1=O,3ca359e197b9e9bf,6
,,,CCc1cnc(N2CCC(N3Cc4cn(-c5ccc(S(C)(=O)=O)cc5F)nc4C3)CC2)nc1,f4d7f47811370612,2
,,,CN(CC(=O)NCCO)Cc1nc(-c2cn(CC3CCOCC3)c3c(Cl)cccc23)no1,b624549227c21ddf,5
,,,CCCCN(CCNCCc1ccc(O)c2nc(O)sc12)C(=O)CCOCCc1ccccc1,d52b35af758b7db3,2
,,,CO/C(O)=C1/C(C)=NC2=C(C(=O)CC(C)(C)C2)C1c1ccc(-c2ccc(C(F)(F)F)cc2)cc1,9c1c3e1c09c0e543,13
,,,O=C(N1CCCC1)n1cnc(S[C@@H]2C[C@H]3CC[C@@H]2C3)n1,3b4a8309bff6e65b,7
,,,O=C(NC[C@@H](O)CN1CCC(Oc2ccc(Cl)c(Cl)c2)CC1)c1cc(O)nc2ccccc12,c14bc96a02ba45ec,5
,,,C[C@H]1CNC[C@H](C)N1c1nc2c(C(=O)N[C@@H]3C[C@H]4CCC[C@@H](C3)N4C)cccc2o1,b564d2f909219ee5,7
,,,N#Cc1cccc(NC(=O)N2CCc3ccccc3[C@H]2c2ccc(C(F)(F)F)cc2)c1,bf440802a0a83390,11
,,,S=C1Nc2c(oc3ncccc23)C(c2cccc(OCc3cccnc3)c2)N1,88234d5b24f0b08b,7
,,,Cc1ccc([C@H]2C[C@@H](C(F)(F)F)n3ncc(C(=O)NCc4ccc(F)cc4)c3N2)nc1,ce1e9fdfcbe93104,6
,,,Oc1nc2ccc(-c3nnc(NCc4ccccc4)o3)cc2o1,0652a756f81961ca,8
,,,CC(=O)N[C@@H](CCN1C[C@@H]2CN(C(=O)c3cccc(F)c3)C[C@@H]2C1)c1cccc(F)c1,87ddbdeba9e04d60,1
,,,COc1cc2c(NC3CCN(C(C)C)CC3)nc(C3CCOCC3)nc2cc1OCCCN1CCC(F)(F)CC1,a7747f83f76fd04f,1
,,,CC[C@H]1C[C@@H](C(=O)NC[C@@H]2CCCO2)CN(Cc2nc(N3CCOCC3)oc2C)C1,dfe54cbd56116742,3
,,,Cn1c2c(c3cc(C(=O)NCCCC(=O)NC4CC4)ccc31)CC(C1CCOCC1)CC2,40040e258eacd9a6,1
,,,OC1=C2C(=NC(=S)NC2c2cccc(OCc3ccccn3)c2)c2ccccc21,dda1fa465591dbc5,5
,,,O=C(Nc1ccncc1)N1CCc2ccccc2[C@H]1c1ccc(C(F)(F)F)cc1,2e53ec3c07e8257a,9
,,,CC(C)/N=C1\S/C(=C\c2ccc(OCCO)cc2)C(=O)N1c1ccccc1,62292c8d6a95ff43,17
,,,CCN(CC)C(=O)c1ccc(N(c2cccc(C(N)=O)c2)C2CCN(Cc3ccccc3)CC2)cc1,a38c264f0a3ea827,4
,,,CC(C)(C)OC(=O)NC[C@H]1CC[C@H](CNC(=O)c2cc(-c3ccccc3)nc3ccccc23)CC1,7f3edbe639e10f5b,7
,,,CC(=O)Nc1nc2ccc(N(C)c3ccc(F)c(NC(=O)c4cccc(OC(C)(C)C#N)c4)c3)nc2s1,29c839f151570ce6,1
,,,Cc1cc(Nc2ncc(C)c(Nc3ccccc3S(=O)(=O)C(C)C)n2)c(OC(C)C)cc1C1CCN(C)CC1,4386914b926cdb44,2
,,,O=C(N[C@@H](CCN1C[C@@H]2CN(C(=O)c3c(Cl)cccc3Cl)C[C@@H]2C1)c1ccccc1)C1CCCC1,a1e98eab80433ce9,5
,,,NC1=N[C@]2(CO1)c1cc(OCC3CCCCC3)ccc1Oc1ccc(-c3cncnc3)cc12,9ce6ffa68388c18d,7
,,,COc1ccc2c(c1)[C@@H](NC(=O)c1ccc(-n3cnc(C)c3)c(OC)c1)CO2,0b02fad0d87a5122,11
,,,Oc1ccc(Cc2nnc3ncc(-c4ccc(F)cc4)nn23)cc1,def4693bdb133798,8
,,,Cc1ccc2c(N3CCN(CCc4cccc5c4OCC(=O)N5C)CC3)cc(F)cc2n1,43d80b47d29766f0,5
,,,O=C(NCCO)C1CCN(Cc2nc(-c3cn(CC4CCOCC4)c4c(Cl)cccc34)ns2)CC1,4eef788d1901c69c,1
,,,c1ccc(Cn2ccc3c(OC4CN(Cc5cscn5)C4)ncnc32)cc1,de5d165d4e7a0e04,4
,,,Cc1onc(C(=O)N2[C@@H]3CC[C@H]2C[C@@H](Nc2cc(=O)n(C)c4nccnc24)C3)c1C,f2e6e22909e7d69d,4
,,,O=C(Nc1cccnc1)N1CCc2ccccc2[C@H]1c1ccc(C(F)(F)F)cc1,4208a72773636d70,9
,,,COc1cc2c(cc1OC(C)C)[C@H](c1ccc(Cl)cc1)N(c1cnc(N(C)C[C@H]3CC[C@H](N4CCN(C)C(=O)C4)CC3)cn1)C(=O)C2,46fb016c1a48da52,5
,,,O=C(Nc1ccc(Oc2ccc3nc(NC(=O)C4CC4)cn3c2)c(F)c1)c1cccn(-c2ccccc2)c1=O,fcab6dea6573ecc1,9
,,,COc1ccc2c(O[C@H]3C[C@H]4C(=O)N(C)CCCC/C=C/[C@@H]5C[C@@]5(C(=O)NS(=O)(=O)C5(C)CC5)NC(=O)N4C3)cc(-c3nc(C(C)C)cs3)nc2c1C,cbb76c493e8332dd,4
,,,CC(C)(C)COc1ccc2c(c1)[C@]1(COC(N)=N1)c1cc(-c3cncc(C#N)c3)ccc1O2,b328c3daa77fc731,8
,,,CC(C)(O)C#Cc1cnc2c(c1)[C@]1(COC(N)=N1)c1cc(-c3cccnc3F)ccc1O2,b890294d9f63026e,13
,,,CC(C)C[C@]1(c2cccc(O)c2)CCN(CC2CC2)C1,cad3635a856138db,18
,,,COc1ccc(N(C(=O)c2ccccc2)C(C(=O)NC(C)CN(C)C)c2ccccc2F)c(OC)c1,cf0ba87c76bd28cd,2
,,,COc1ccc2c(c1)c(=O)n(C[C@H]1CC[C@H](C(=O)N3CCN(C(C)=O)CC3)CC1)c(=O)n2C,92b644727ea1b177,3
,,,O=C([C@H]1C[C@@H]1c1ccccc1)N1C[C@@H]2[C@H](CNc3nc(-c4ccccn4)cs3)[C@@H]2C1,12ba2267b5ae48fd,4
,,,CC1CCN(C(=O)CC(F)(F)F)CC1N(C)c1ncnc2[nH]ccc12,1b70d3af3f0bd9b8,1
,,,CCC(CC)[C@@H]1C(=O)N[C@H](C2Cc3ccccc3C2)C(=O)N1[C@@H](C(=O)N1CCOCC1)c1ccc(C)nc1,ed02d7043d90f2d2,3
,,,CCn1c(-c2ccc(F)cc2F)nc(C)c1CC(=O)NCc1ccc(F)c(F)c1F,270ddcb7b0263a20,7
,,,CCO[C@H]1CC[C@H](CN2C[C@H](c3ccccn3)N(C3CCN(C4(C)CCN(C(=O)c5c(C)cc(C#N)nc5C)CC4)CC3)C2=O)CC1,c31059002b3217e2,2
,,,Cc1cccc(CNC(=O)C2CCCN(Cc3nc(-c4ccccc4)oc3C)C2)n1,475b2c8e323dfb6c,4
,,,CC(C)(C)OC(=O)NC[C@H]1CC[C@H](CNC(=O)c2cc(N3CCC(CCN4CC(O)C4)CC3)nc3ccccc23)CC1,59d437d6d1b563b5,1
,,,O=C1CCC(=O)N1c1cc(Cc2nnc(O)c3ccccc23)ccc1F,14c8042a76dd7003,7
,,,CC(C)COc1ccc(-c2nc(N)nc(O)c2C#N)cc1C#N,e086a95eece2a057,9
,,,CC(C)(CC1Cc2ccccc2C1)NC[C@@H](O)COc1cccc(C2CC3CC2C2C(C(=O)O)C32)c1,3ec6751059f6de95,2
,,,C[C@@H](NC(=O)[C@H]1CCCCN1CCO)c1ccc(Nc2ncc3cc(-c4ccncc4)ccc3n2)cc1,5cc439ee30936273,8
,,,CCc1csc(CN2CCO[C@@H](Cn3nnc4c(N)nc(C)nc43)C2)n1,206107f490ce985b,4
,,,Cc1ccc(C(=O)N2N=C3CCCC[C@@H]3[C@@]2(O)C(F)(F)F)cn1,f527bf685ea122d8,3
,,,Nc1nccc(-n2cc(-c3cccnc3Cl)c3cnc(Cl)cc32)n1,8759ea8cabcd1a72,7
,,,O=c1cc(Cn2cnc3ccccc32)nc2sccn12,58c29e55f04e6c6d,6
,,,CC1(C)[C@H]2CC=C(CN3CCC(NC(=O)Nc4cc(F)cc(C(F)(F)F)c4)CC3)[C@@H]1C2,08e35f617f50851e,8
,,,N#Cc1ccc(S(=O)(=O)N(Cc2ccc(-c3nn[nH]n3)c(F)c2)Cc2ccccc2F)cc1,75bc09c7eb87585d,7
,,,Cc1cc(Nc2ccc3cc4ccccc4cc3c2)n2ncnc2n1,bfb54d1df9548718,4
,,,CC(C)N(CC[C@H](c1ccccc1)c1cc(CCCCOc2ccc(CCNC[C@H](O)c3ccc(O)c(CO)c3)cc2)ccc1O)C(C)C,d6e4ae6bc1209627,3
,,,Cc1cccc(C)c1CNc1cc(-n2ccc(=O)cc2)cn2c(C)c(C)nc12,1fc2635afba57afb,8
,,,CN(CCCC(=O)NC1COC1)C(=O)c1ccc2c(c1)c1c(n2C)CC[C@@H](C2CCOCC2)C1,85ecbf9fba10926f,1
,,,CCOC(=O)C1=C(O)/C(=C\c2ccn(-c3ccccc3C(F)(F)F)c2)N=C1C,97577a18a78f1589,7
,,,COc1cccc(-n2nnc(C3CC3)c2C(=O)N(C)c2ccc(C(F)(F)F)nc2)c1,64fafe422c2b9b75,8
,,,Cc1cc(CCC#N)cc(C)c1Oc1cc(Nc2ccc(C#N)cc2)c(N)cc1C(N)=O,199fde056edaf60d,7
,,,CCOC[C@@H](CC(C)C)NC(=O)[C@@H]1CNC[C@H](C(=O)N(c2cc(OCCCOC)c(C(C)C)cn2)C2CC2)C1,588a3697a5299026,4
,,,COc1cccc(-c2nnn(C)c2C(=O)N(C)c2ccc(C(F)(F)F)nc2)c1,a13485a9dd72fca6,8
,,,C[C@H](CO)Nc1nc(SCc2ccccc2F)nc2nc(O)sc12,62cc859189ba159e,3
,,,Nc1nc(O)cc(-c2ccc(OCCCCO)cc2)n1,0a817176cc910a33,4
,,,Cc1cccc(CNC(=O)[C@@H]2C[C@@H](c3nc(C)no3)CN(Cc3nc(-c4ccccc4)oc3C)C2)n1,bd6f9bd5c2808d5e,2
,,,NC1=N[C@@]2(CO1)c1cc(-c3cccnc3F)ccc1Oc1c2cc(N2CC[C@@H](F)C2)nc1F,86e451bc2cd1c96a,15
,,,Cc1noc(C)c1-c1ccc(CNS(=O)(=O)c2c(C)noc2C)cc1,97ab3281059a7101,11
,,,CCC(CC)[C@@H]1C(=O)N[C@H](C2Cc3ccccc3C2)C(=O)N1[C@@H](C(=O)N1CCOCC1)c1ccc(C)nc1C,d3856b0fbaa582f0,3
,,,O=C(NC[C@@H](O)CN1CCC(Oc2ccc(Cl)c(Cl)c2)CC1)c1cnc(O)c2ccccc12,77ef73c41aade03f,3
,,,CC[C@@H]1C[C@@H](C(=O)NC[C@H]2CCCO2)CN(Cc2nc(-c3ccccc3)oc2C)C1,3ded54627c98c16a,4
,,,CCCCN(C)C(=O)c1ccc(-n2nc(C(F)(F)F)c3c2CCCC3)cc1,2b6d11932356ee35,21
,,,O=C(c1ccccc1C1CCCC1)N(CC1CCC1)[C@H]1CCNC1,6697cdea27a97f03,8
,,,O=C(N[C@H]1CCN(Cc2ccc(OC3CCNCC3)c(Br)c2)C1)c1ccc(Cl)c(Cl)c1,28dcf3095eda6472,6
,,,Cc1cc(C(=O)N2CCC(Oc3ccc4c(c3)CCN(C3CCC3)CC4)CC2)no1,68c9bca115e7d918,7
,,,CCN(C)c1cncc(C(=O)NC2Cc3ccccc3C2)n1,06c0d0eedaa5887b,7
,,,Cc1ccccc1Nc1nc(N)nc(C)c1Br,9054491dfd995451,2
,,,c1ccc(COc2ccccc2N2CCNCC2)cc1,69a95a719ea2b649,9
,,,COc1ccc(OC)c(CNc2[nH]nc3ccnc(Oc4ccccc4)c23)c1,3f1cd8229d87f3ab,12
,,,COc1ccc(S(=O)(=O)N2C(=O)[C@@](c3nccnc3OC)(N3C[C@H](O)C[C@H]3C(=O)N(C)C)c3cc(Cl)ccc32)c(OC)c1,b30c9b6839b6b7b5,2
,,,CN[C@@H](C)C(=O)N[C@H]1CCC[C@H]2C[C@H]3CCN(C(=O)C(c4ccccc4)c4ccccc4)C[C@H]3N2C1=O,343891b36d7f28f8,1
,,,CC(C)(C)CCC1(C(=O)c2cc3ccccc3s2)CCNC1,d738ded5faf2de5f,13
,,,CCS(=O)(=O)c1ccc2c(c1)nc(C1CCCC1)n2CC1CC1,d6d5d7a8543ed489,21
,,,CS(=O)(=O)c1ccc(-c2cc(C(O)(C(F)(F)F)C(F)(F)F)cnc2N2CCN(S(=O)(=O)c3ccc(N)nc3)CC2)cc1,7f030cc4a05401a2,6
,,,Cc1ccc2c(N3CCN(CCc4cccc5c4OCc4c(C(=O)NC(C)C)ncn4-5)CC3)cccc2n1,819e1382688a9f43,3
,,,CCOC(=O)C1=C(O)/C(=C\c2cc(C)n(-c3cc(OC)c(OC)c(OO)c3)c2C)N=C1C,0b25a751e65a3fe0,6
,,,COc1cccc(-c2noc(C3CC3)c2C(=O)N(C)c2ccc(C(F)(F)F)nc2)c1,da17f2ad9f6f8779,5
,,,Fc1cccc(Oc2cccc(F)c2C2CCNCC2)c1,c2f205d8132b9874,18
,,,Nc1ccnc(Nc2ccc(Oc3ccc(OC(F)(F)F)cc3)cc2)n1,84bc418804e6a762,14
,,,CNC(C)(C)C(=O)N1CCN(C(=O)c2cc(Cc3nnc(O)c(C)c3C)ccc2F)CC1,aca2d35567769548,1
,,,NC1=N[C@@]2(CO1)c1cc(-c3cccnc3F)ccc1Oc1ncc(N3CCOCC3)cc12,f41a74409a9dc1f3,8
,,,Cc1ccc2c(c1)COCc1nnc(C3CCN(c4ccccn4)CC3)n1-2,b9a102a4cfb21c34,5
,,,Cc1ccc2c(N3CCN(CCc4c(C)ccc5c4ccc(=O)n5C)CC3)cccc2n1,0423f19fc2ef3c11,6
,,,C=CC(=O)Nc1cccc(-n2c(-c3nc(-c4cnn(C5CCN(C)CC5)c4)cnc3N)nc3ccncc32)c1,e77c5e74f55f2cd9,4
,,,CC(=O)N[C@@H](CCN1[C@@H]2CC[C@H]1C[C@@H](n1c(C)nc3c1CCN(c1cnccn1)C3)C2)c1cccc(F)c1,d7a11398b8db6d29,3
,,,CCc1nc2ccccc2n1C1C[C@H]2CC[C@@H](C1)N2CC[C@H](NC(=O)C1CCS(=O)(=O)CC1)c1cccc(F)c1,683242fa1d4992b7,5
,,,Cc1cccc(CN2CCC3(CC2)CCN(C(=O)c2ccccc2)CC3)c1,8c299a2fd001c495,2
,,,CCN(CC(=O)NCCF)C(=O)c1ccc2c(c1)c1c(n2C)CC[C@@H](C2CCOCC2)C1,ca92923b1dbcfdd8,3
,,,CC(=O)N[C@@H](Cc1ccccc1)[C@H](O)CN[C@H]1CC2(CCC2)Oc2ncc(CC(C)(C)C)cc21,f790c1ccc026d2ca,3
,,,COc1ccc(C(F)(F)F)cc1Cn1c(C(=O)NCC2(CO)CC2)cc2cc(C#N)ccc21,4582c9c450983abf,2
,,,Fc1ccc(-c2cnc3nnn(Cc4ccc5ncccc5c4)c3n2)cc1,36988b2afb037a1a,7
,,,COC(=O)N[C@H](C(=O)NN(Cc1cccc(-c2cccnc2)c1)C[C@@](O)(Cc1ccccc1)C(=O)N[C@H]1c2ccccc2C[C@H]1O)C(C)(C)C,f71f6781a4b4c5f1,3
,,,CCOc1ccccc1C(=O)N(CC1CCC1)[C@H]1CCNC1,4f946ed5754a18dd,8
,,,c1ccc([C@H](Nc2nnc(-c3c[nH]c4ncccc34)o2)C2CC2)cc1,ebbf4bf27f5721e7,14
,,,Cc1cnc(C(=O)N2CCC3(CCN(C(=O)Nc4ccc(OC(F)(F)F)cc4)C3)CC2)cn1,1736b0a0b410c482,6
,,,CCc1cc(-c2ncc(-c3ccnc(OC)c3)s2)ccn1,b0c302d0a90aee0a,11
,,,COCCN(CC1CC1)c1c(OC)nn2c(-c3c(OC)cc(COC)cc3OC)csc12,3d545718841ec029,15
,,,CC[C@@H]1CCCN(C(=O)c2cnc(Nc3ccc(C)nc3)c(Cl)c2)C1,0a6271177e5e1fd7,2
,,,CC(c1ccccc1)N1C(=O)c2ccccc2C1C(=O)NC(C)(C)CO,772811e21122c356,10
,,,CNC(=O)c1nnc2c(-c3cc(OC)ccc3OC)cccc2c1N,146c49f0314a62a7,7
,,,O=C(O)C1(Sc2ccnc3ccccc23)CCC1,2982d7b4c3701b4b,10
,,,COc1ccc(OC)c(-c2cccc3c(N)c(C(=O)NC4CCC4)nnc23)c1,da86ae5fc0e0fec8,8
,,,Cc1nc(N)nc2c1cc(-c1cnc3ccccc3c1)c(=O)n2[C@H]1CC[C@H](OCC(N)=O)CC1,fc00e0f4403d21e6,4
,,,O=C([C@@H]1COC(c2nc3cc(C(F)(F)F)cc([N+](=O)[O-])c3s2)=N1)N1CCCC1,4313f9722d424a67,8
,,,CN[C@@H](C)C(=O)N[C@H]1CCC[C@H]2C[C@H]3CCN(C(=O)OCc4ccccc4)C[C@H]3N2C1=O,6a751fc75d11d04d,6
,,,CC(c1ccccc1)N1C(=O)c2ccccc2C1C(=O)NCc1ccccc1,8b8feb8682553b0d,7
,,,Cc1nccn1-c1ccc(CNS(=O)(=O)c2cc(F)ccc2F)cc1,d9e4d70006f0730d,8
,,,O=C(c1ccc(Oc2ncccc2C2CCOCC2)cc1)c1nc2ccccc2[nH]1,78dd5d7ae280515e,2
,,,CN(CCNC[C@H](O)c1ccc(O)c2nc(O)sc12)C(=O)CCOCCc1ccccc1,1fd39f37f83363c2,5
,,,CN(C)C(=O)c1ccc(-n2nc(C(F)(F)F)c3c2CCCC3)cc1,ff42565325415663,8
,,,CCN(C)C(=O)c1ccc([C@H](c2cccnc2)N2CCN(Cc3ccccn3)CC2)cc1,5406627d93ea902c,3
,,,CCN1C[C@H](NS(=O)(=O)C(C)C)[C@@H](c2ccc(-c3ccc(C#N)cc3)cc2)C1,4cbc9c95ed70a582,18
,,,O=C(NCc1cccnc1)c1cc(-c2ccco2)on1,f0f5c554acd65e3e,7
,,,Cc1cc(Nc2ccc(Br)c(C(F)(F)F)c2)n2ncnc2n1,6b2524d1a3fc866a,4
,,,COc1ccc(OC)c(-c2c(F)ccc3c(N)c4c(nc23)CN(C2CCC2)C4=O)c1,c29b853442bbe829,14
,,,Cc1cc(C#N)cc(-c2cc(O)nc(N)n2)c1,4c01417ccc590991,8
,,,O=C(NCc1ccc(OC(F)(F)F)cc1)C1c2ccccc2C(=O)N1Cc1ccc(C(F)(F)F)cn1,b7997f37b0ef8797,4
,,,CCOc1ccc2oc(C(=O)NC(CCSC)c3nc4ccccc4[nH]3)c(C)c2c1,8bb14e3572d23d2f,7
,,,COc1ccc(OC(F)(F)F)cc1Cn1c(C(=O)NCC(C)(C)CO)cc2cc(C#N)ccc21,7c61880feb447d37,6
,,,CCCCC1CN(S(=O)(=O)C2CCN(C=O)CC2)CCC12CCN(C1(C)CCN(C(=O)c3c(C)ncnc3C)CC1)CC2,5e5f7e7d3a15abc9,4
,,,Cc1nnc(C2CCN(c3ccccn3)CC2)n1-c1ccc(C#N)cc1,7c28d8c2607059e8,6
,,,Cc1cc(C#N)cc(Cl)c1Oc1ccnc(NC2CCN(c3cccc(C(N)=O)c3)CC2)n1,370d5a0696f95cef,4
,,,CN(CC(N)=O)Cc1nc(-c2cn(CC3CCS(=O)(=O)CC3)c3c(Cl)cccc23)no1,9ee6f018fce9a844,2
,,,Fc1cnccc1[C@H](Nc1nnc(-c2c[nH]c3ncccc23)o1)C1CC1,3ac2f0aebae205d4,18
,,,O=C(NCc1ccc(OCCC(F)(F)F)nc1)C1c2ccccc2C(=O)N1CCc1ccccn1,c47e6e9f0d7df03b,2
,,,COC[C@@H](C)n1c(C)c(C(=O)NCc2c(C)cc(C)nc2O)c2ccccc21,11ad003408be56f9,10
,,,COc1ccc(C(=O)N(c2cc(C)ccn2)C2CCN(c3cc(N)ccn3)CC2)cc1,ecf81045ebe9f96d,1
,,,COc1cn(-c2ccc(N3CCCC3)cc2F)nc(-c2ccnn2-c2ccccc2)c1=O,77410294927cabac,13
,,,Cc1ccc(Oc2ncccc2/C(=N/C2CCCCC2)NO)cc1,1962c174b4cd4c4f,6
,,,Cc1c(CC(=O)O)c2cc(F)ccc2n1Cc1nc2ccccc2s1,665a8cd2b835c0f2,12
,,,COc1cccc(OC)c1C1CCC(=O)N1Cc1ccc(OC(F)(F)F)cc1,aba9a115e3f8fd0d,8
,,,CCS(=O)(=O)N1CCC([C@@H](C)n2c(C)c(C(=O)NCc3c(OC)cc(C)nc3O)c3ccccc32)CC1,c54146c97deaab07,3
,,,CC(C)C(=O)N(Cc1ccccc1C(C)C)[C@H]1CCNC1,697251aa8628a663,3
,,,Fc1ccc(-c2cnc3nnc(CSc4ncnc5[nH]ncc45)n3n2)cc1,23c66a0802729d65,4
,,,O=C(NCc1ccc(OC(F)(F)F)cc1)C1c2ccccc2C(=O)N1CCC1CCOCC1,752c6720c38b01cb,6
,,,Cc1cc(/C=C2\S/C(=N\c3ccccc3)N(C3CCCCC3)C2=O)c(C)n1-c1ccc(F)cc1,34a6c1fbe4107145,2
,,,CNc1cc(-c2csc(O)n2)cc(S(=O)(=O)NC2CCCC2)c1C,b0d748ff825a2176,11
,,,CC(C)c1cc2c(nc(O)n2Cc2ccccc2)c(N)n1,17f426782e3960f3,4
,,,Cc1ccc(-c2ccc3c(c2)N(c2nc4c(s2)C(=O)NC(C)(C)C4)CCO3)nn1,70d0fe631a916fd1,19
,,,Nc1ncc(-c2nc(N3CCOCC3)nc3c2CCN3c2cccnc2)cn1,9ea01fdafabfa1f2,5
,,,C#Cc1cc2c(cc1N1CCN(C3COC3)CC1)C(C)(C)c1[nH]c3cc(C#N)ccc3c1C2=O,03a937a3493d9bba,8
,,,Oc1nc2ccccc2n1C1CCN(C2CCCCC2)CC1,550281589cc93485,6
,,,O=C(c1ccc(Oc2nccnc2N2CCCOCC2)cc1)c1nc2ccccc2[nH]1,fa05e58c06f0c269,11
,,,CC[C@H](C)[C@@H]1C(=O)N[C@H](C2Cc3ccccc3C2)C(=O)N1[C@@H](C(=O)N(C)C)c1cnc(C)cc1C,480283c175d3e7f2,3
,,,COc1cnc2ccn([C@H](C)c3nnc4c(F)cc(-c5cnn(C)c5)cn34)c(=O)c2c1,1b6648dee823dcf6,4
,,,COc1cc(C(=O)NCCN(C)C)ccc1-c1cc2c(N[C@H](C)c3ccccc3)ncnc2s1,a851e4b03f6a7037,9
,,,CC(C)[C@@H](NP(=O)(OC[C@H]1OC(C)(C)O[C@H]1C(=O)NO)Oc1ccccc1)C(=O)OC(C)(C)C,b681f166f257b4e5,7
,,,CN[C@@H](C)C(=O)N[C@H]1CCC[C@H]2C[C@H]3CCN(CCc4ccccc4OC)C[C@H]3N2C1=O,3d5d808544790fdb,2
,,,CS(=O)(=O)CCCOc1cccc2c1ccn2-c1ccnc(N[C@H]2CC[C@H](C(=O)N3CC[C@@H](F)C3)CC2)n1,b088ff13f6bdaf4d,2
,,,Cc1noc(C)c1CCC1CCN(S(=O)(=O)CC2(N(O)C=O)CCCCCC2)CC1,d5831da6fa190e12,1
,,,CCNc1nc2c(c(C(N)=O)n1)CN(C(=O)CCc1ccc(OC(F)(F)F)cc1)CC2,e5b343bbb75490b1,7
,,,CCc1ccc(/C(=N/C2CCCCC2)NO)cc1,2f2890b2eb22bdbb,6
,,,Cc1cc(S(=O)(=O)N2C=CNC(=O)[C@H]2CC(=O)N2CCC3(CCN(C)C3)C2)c(C)cc1Cl,438c0c601c83efed,4
,,,Cc1ccc(O)c(C(=O)N[C@H]2CC[C@@H](NC(=O)c3cc(F)cnc3Oc3cccc(-c4ccc(CN5C[C@@H](C)N[C@@H](C)C5)cc4CN4CCOCC4)c3)CC2)c1,ea2cd7f66e64b9c9,4
,,,O=C(c1cccc(F)c1)N1C[C@@H]2[C@H](CNc3nc(-c4ccccn4)cs3)[C@@H]2C1,a25cac8464be3bbf,10
,,,Cc1ccc(/C(=N/C2CCCCC2)NO)c(Oc2c(F)cccc2F)n1,183fb50ba099512f,5
,,,CC(C)(O)CCNC(=O)c1cc2cc(C#N)ccc2n1Cc1cccc(OC(F)(F)F)c1,2cbf2bee1756178b,10
,,,CCOc1ccc(OC(F)(F)F)cc1Cn1c(C(=O)NCC(C)(C)CO)cc2cc(C#N)ccc21,f61cfac9f5b4682a,1
,,,COc1ccc(S(=O)(=O)N2C(=O)[C@@](c3cnccc3OC)(N3C[C@H](O)C[C@H]3C(=O)N(C)C)c3cc(Cl)ccc32)c(OC)c1,ed8837f1d1b7b87b,5
,,,CNC(=O)c1ccc2[nH]nc(Cc3cccc(C)c3)c2c1,e144b75bd463b482,16
,,,c1ccc2ncc(N3CCC(c4nc(C5CCCCC5)no4)CC3)cc2c1,dde0ae72bacd0886,10
,,,Cc1ncnc(C)c1C(=O)N1C[C@H]2CN(CC[C@H](NC(=O)CC3CC(F)(F)C3)c3cccc(C#N)c3)C[C@H]2C1,3ad799fce5574390,4
,,,C=CC(=O)Nc1cccc(-n2c(-c3nc(-c4cnn(CCO)c4)cnc3N)nc3ccccc32)c1,00fa1e55fbe4718d,9
,,,Cn1cnc(-c2ccc3[nH]nc(Cc4ccc(-c5cnn(C)c5)cc4)c3c2)c1,80f288223051176f,13
,,,Cc1nccn1-c1ccc(CNS(=O)(=O)c2cc(F)ccc2F)cc1F,fbfe397320c79353,11
,,,COC[C@H]1C[C@H](C(=O)NCc2cccc(C)n2)CN(Cc2nc(-c3ccccc3)oc2C)C1,1e9f96fcbc0b3967,2
,,,O=C(CNC(=O)c1ccc(F)cc1)NC(c1cccc(F)c1)c1cccc(F)c1,28e075946f0f21f3,7
,,,Cc1ccc(S(=O)(=O)N2C=CNC(=O)[C@H]2CC(=O)N[C@@H]2CCC3(OCCO3)c3ccccc32)cc1,9a3e36a86000ac13,2
,,,COc1nc2cccnc2n1-c1ccc(Nc2nc3ccccc3[nH]2)cc1,14a1f6e6eb52a667,11
,,,CCc1cnc(-c2ccc3c(c2)CC[C@H]3N2CC3(CCN(C(=O)Cc4ccc(OC)cn4)CC3)C2)nc1,c6256b336472185f,5
,,,COc1ccccc1CCNCc1cccc(CCNC[C@H](O)c2ccc(O)c3nc(O)sc23)c1,6f59280677a157ef,1
,,,CN(C)CCS(=O)(=O)c1ccc2c(c1)nc(CC(C)(C)C)n2CC1CC1,29bb3165e63e4b80,10
,,,Cc1nn(C)c(C)c1N(C(F)F)S(=O)(=O)c1c(Cl)cc(CCCCC2CCN(C)CC2)cc1Cl,da793466ad61f940,8
,,,CC(=O)Nc1cc(Nc2cc(NC3CC3)n3ncc(C#N)c3n2)ccc1N1CCC[C@H](N)C1,fb275f7f2b875348,2
,,,O=C(c1ccc(F)cc1)C1CCN(C(=O)c2ccc(Br)cc2)CC1,b5fc70810415acfd,5
,,,COC(=O)C1=C(C#N)N=C(C)/C(=C(\O)OC(C)C)C1c1cccc([N+](=O)[O-])c1,746192e46af51ece,9
,,,Cc1ccc2c(N3CCN(CCc4cccc(NC(=O)c5csc(C)n5)c4)CC3)cccc2n1,2ae46133134fe609,3
,,,Cc1ncnc(C)c1C(=O)N1C[C@H]2CN(CCC(c3cccc(F)c3)C3CCN(S(C)(=O)=O)CC3)C[C@H]2C1,ce401aadc31a64a0,2
,,,COC[C@@H](Oc1cc(C[C@@H]2CS(=O)C[C@H](NCc3cc(CC(C)(C)C)on3)[C@H]2O)cc(F)c1N)C(F)(F)F,edcf0b7dcc284dc2,1
,,,COC(=O)N1[C@@H]2CC[C@H]1C[C@](O)(C#Cc1cccc(OC(F)F)c1)C2,c54efa7ccb9f999f,13
,,,CCOC(=O)c1c(-c2cccc(-c3ccccc3)c2)nc2cc(OC)ccc2c1O,84f9cfdd0f7b6d83,8
,,,COc1ccc(-c2nc(-c3ccnc(N)n3)sc2C(N)=O)c(Cl)c1,aa79dcb7320196b2,5
,,,COc1ccc(CNC(=O)C2(c3ccccc3)CCN(c3cc(N)ccn3)CC2)cc1,9c47a37d1e33c92d,7
,,,O=C(N1C[C@@H]2[C@H](CNc3nc(-c4ccccn4)cs3)[C@@H]2C1)C1(c2ccccc2)CC1,4c07bdcec23d3c40,6
,,,CN[C@@H](C)C(=O)N[C@H]1CCC[C@H]2C[C@H]3CCN(CCc4ccccc4C)C[C@H]3N2C1=O,3406873383335e87,5
,,,CC(C)(C)c1ccc(Oc2ncccc2/C(=N/C2CCCCC2)NO)cc1,8dbaf59c95d7746e,6
,,,CC1(COc2cc3c(cc2F)Oc2ccc(-c4cccnc4)cc2[C@@]32COC(N)=N2)COC1,22291f20196a11a5,16
,,,Cn1c(C(=O)c2ccc(Oc3nccnc3N3CCOCC3)cc2)nc2ccccc21,0bbf0567f1bf9a05,2
,,,Cc1cc(C#N)cc(C)c1Nc1nc(NC2CCN(c3cccc(C(N)=O)c3)CC2)ncc1Br,19375ae743f47397,4
,,,O=C(N[C@@H](CCN1C[C@@H]2CN(C(=O)c3ccc(C(F)F)cn3)C[C@@H]2C1)c1cccc(F)c1)C1CCOC1,1f6b31e9baa833df,2
,,,Cc1c(OC2CCN(CC3CCN(C(C)(Cc4ccc(F)cc4)C(=O)O)CC3)CC2)ccc(Cl)c1Cl,40e9ec5b141ede74,1
,,,O=C(Cc1ccccc1)N1C[C@@H]2[C@@H](CNc3nc(-c4ccccn4)cs3)[C@@H]2C1,0df88b27fd90fa64,7
,,,Cc1cc2c(NC(=O)N[C@@H]3CC(C)(C)Oc4cc(C(F)(F)F)ccc43)cccc2cn1,eda0e66219a985d2,7
,,,Cc1ccc(CC(=O)N2CCC3(CC2)CN([C@@H]2CCc4cc(-c5ncccn5)ccc42)C3)nc1,4ed93ac4e60f8f43,7
,,,CS(=O)(=O)Nc1cccc(C(=O)N2CCC(C(=O)c3ccc(F)cc3)CC2)c1,c16eff61eaab74cc,5
,,,Nc1ncc(-c2nc(N3CCOCC3)nc3c2CCN3c2ccc(C(=O)N3CCOCC3)cc2F)cn1,755b99df0b97aa8f,4
,,,CC(C)n1cc(-c2cc(C(O)(C(F)(F)F)C(F)(F)F)cnc2N2CCN(S(=O)(=O)c3ccc(N)nc3)CC2)cn1,1157ea52e7c002de,2
,,,CC[C@H](CO)Nc1nc(SCc2cccc(F)c2F)nc2nc(NC(C)C)sc12,cfaee53d234c9113,9
,,,Cc1noc(C)c1S(=O)(=O)NCc1ccc(-c2cccnc2)cc1,75c53ede9daa8eaa,11
,,,Cc1cccc(C)c1CNc1cc(-c2ccccn2)cn2c(C)c(C)nc12,f7d90f97f5c0055d,13
,,,COc1ccc2c(OC[C@@H]3C[C@H]4C(=O)N(C)CCCC/C=C/[C@@H]5C[C@@]5(C(=O)NS(=O)(=O)C5(C)CC5)NC(=O)N34)cc(-c3nc(C(C)C)cs3)nc2c1Cl,72a7f35bb3054121,3
,,,O=C(c1cc(Nc2ccccc2)c(O)cc1O)N1Cc2ccccc2C1,96d58e008f53b8a2,4
,,,Cc1n[nH]c(C)c1-c1ccc2c(c1)N(c1nc3c(s1)C(=O)NC(C)(C)C3)CCO2,4b25e15dd92dbfdf,19
,,,COC(=O)N[C@H](C(=O)NN(CC[C@@]1(Cc2ccccc2)C(=O)N([C@H]2c3ccccc3C[C@H]2O)C[C@H]1O)Cc1ccc(Br)cc1)C(C)(C)C,f3a2c2552d8bec78,3
,,,O=C(c1ccccc1)N1CCC2(CC1)CCN(C(=O)N1CCN(C3CCC3)CC1)C2,aa77631c8eabc9fd,4
,,,COc1cc2nc(-c3cccc(Oc4ccccc4)c3)c(C(=O)OCCCN3CCOCC3)c(O)c2cc1F,998c4d4a491b0f3d,4
,,,O=C(c1cc2cccnn2c1-c1cccc(C(F)(F)F)c1)N1CCC[C@H]1CO,fb8f0ad5595e5ee8,7
,,,O=C(Nc1cc(-c2csc(O)n2)cc(S(=O)(=O)NC2CCCC2)c1)C1CC1,33b4e8e30a574a31,17
,,,Cc1ccc2c(N3CCN(CCc4cccc5c4OCc4c(C(=O)N6CCCC6)ncn4-5)CC3)cccc2n1,c19e51868758f355,3
,,,CC(C)CC(=O)OC[C@H]1O[C@@H](n2cc(-c3ccc(S(N)(=O)=O)cc3)nn2)[C@H](OC(=O)CC(C)C)[C@@H](OC(=O)CC(C)C)[C@@H]1OC(=O)CC(C)C,af18b7bdfffe4cfa,4
,,,Cc1ccc([C@@H](C)N2[C@@H]3CC[C@H]2C[C@H](Oc2cccc(C(N)=O)c2)C3)cn1,4dc592be29eb265a,16
,,,O=C(c1cc(-n2ccc3c([N+](=O)[O-])cccc32)c(O)cc1O)N1Cc2ccccc2C1,da1bf83612502743,6
,,,Cc1ccc(C)c(Cn2c(C(=O)NCC(C)(C)CO)cc3cc(C#N)ccc32)c1,e48b0f855a6b22dd,1
,,,COC[C@H]1C[C@@H](C(=O)NCC2CCOCC2)CN(Cc2[nH]c(-c3ccncn3)nc2C)C1,c2ce65a7c7f48b93,2
,,,CN(C)CCNC1COc2ccccc2-c2c(C3CCCCC3)c3ccc(C(=O)O)cc3n2C1,a138a4da0c31d0f8,3
,,,CC(=O)N(Cc1ccccc1-c1ccccc1)[C@H]1CCNC1,5c98250ebb225967,7
,,,N#Cc1ccc(OC2CCN(C(=O)Nc3cc(-c4ccccn4)[nH]n3)CC2)cc1,46b64acb943af30c,6
,,,Nc1ccnc(N2CCC(n3c(=O)n(Cc4ccccc4)c4cccnc43)CC2)c1,6fa955650f91c925,16
,,,CCC(=O)Nc1cccc(Cc2nnc(O)c3ccccc23)c1,a6c4ed8fa05167b7,14
,,,CC(C)(C)CCC1(C(=O)c2ccc3ccccc3n2)CCNC1,37d476f2f4cf784e,11
,,,O=C(NCC1(N2CCOCC2)CCCC1)N1CCC(c2nc(-c3ccc4ccccc4n3)no2)CC1,cfee9ae18ffcdf7a,3
,,,CCCCN(c1c(OC)nn2c(-c3c(OC)cc(COC)cc3OC)csc12)C1CCOCC1,14673497c3aab22b,3
,,,CCN(C(=O)NCc1ccc(S(C)(=O)=O)cc1)C1CCN(CCC(c2ccc(F)cc2)C2CCN(Cc3cccnc3)CC2)CC1,8ec3c9b00c6ebc59,1
,,,Cc1ccc(Nc2ncc(-c3nc4ccccc4n3CC(C)C)cc2Cl)cn1,2c992caa326a5dad,10
,,,C[C@H](c1ccc(F)cc1)N(Cc1cccc(C(=O)O)c1)C(=O)c1cc2ccccc2nn1,e8bc3d24e8c4fc2c,11
,,,CC(=O)Nc1cc(Nc2cc(NC3CC3)n3ncc(C#N)c3n2)ccc1N(C)C[C@H](C)N,1828b033734ecdb5,2
,,,Cc1cc(Nc2ncc(Cl)c(Nc3ccccc3S(=O)(=O)C(C)C)n2)c(OC(C)C)cc1C1CCN(CCO)CC1,9b44acd3f266b6ca,1
,,,COc1ccccc1C(C#N)NC(=O)[C@@H]1CCCC[C@H]1C(=O)N1CCN(Cc2ccc(F)cc2)CC1,5135576572945f06,1
,,,Cc1ccc(S(=O)(=O)N2C=CNC(=O)[C@H]2CC(=O)NC2CCCCC2(C)C)cc1,e0a18d4f2731d02e,1
,,,CC(=O)N[C@@H](CCN1[C@@H]2CC[C@H]1C[C@@H](n1c(C)nc3c1CCN(C(C)=O)C3)C2)c1cccc(F)c1,de73bcec35775b3b,1
,,,CCC(=O)NCc1ccc(-n2nc(C(F)(F)F)c3c2CCCC3)cc1,410a018806f03445,7
,,,CC(C)C[C@@H](Nc1nc(SCc2ccccc2)nc2nc(N)sc12)C(N)=O,12e7f17ed39d19dd,3
,,,CCCCC1CN(S(=O)(=O)C2CCN(C(C)=O)CC2)CCC12CCN(C1(C)CCN(C(=O)c3c(C)ncnc3C)CC1)CC2,95264eae23397b9a,2
,,,CCOC[C@@H](CC(C)C)NC(=O)[C@@H]1CNC[C@H](C(=O)N(c2cc(OCCCOC)c(C(C)C)cc2F)C2CC2)C1,9f3bbba525ecbf6b,6
,,,O=C(Nc1cccc2cccnc12)c1ccc(N2C(=O)CCC2c2cccc(F)c2)cc1,2a26b3f025554c00,15
,,,CN[C@@H](C)C(=O)N[C@H]1CCC[C@H]2C[C@H]3CCN(CCc4c[nH]c5ccccc45)C[C@H]3N2C1=O,89316672ab32d856,4
,,,O=C1c2cc(F)cc3cnn(c23)CCN1[C@@H]1CN2CCC1CC2,db49859b6284afb3,4
,,,COC(C)(C)COc1cnc2c(c1)[C@]1(COC(N)=N1)c1cc(-c3cccnc3F)ccc1O2,e33b94afa95c6782,16
,,,CCC1=C(c2cc(OC)c(OC)c(OC)c2)c2ccc(OC)c(O)c2CCC1,b6bbd6b419bafaad,7
,,,CC(Oc1cccc(-c2cc[nH]n2)c1)C(=O)N1CCN(C(=O)c2ccccc2)C[C@H]1C,8a96377edffef642,5
,,,CC1(C)OC(=O)N([C@H]2CC[C@H](NC(=O)c3ccnc4cc(F)cnc34)CC2)[C@H]1c1ccccc1,5c6c194ee0ad4e01,4
,,,C[C@H](CO)Nc1nc(SCc2ccco2)nc2nc(N)sc12,532493edcec1cc58,5
,,,Cc1ccc(Cn2c(O)nc3c(N)nc(C(F)(F)F)cc32)nn1,b19fa8a60ed52c43,5
,,,COc1cc2nccc(Oc3ccc4c(C(=O)Nc5ccccn5)cccc4c3)c2cc1OC,74df721ba63b759f,9
,,,Cc1cc(C#Cc2cn(-c3cccc(C#N)c3)c(C)n2)ccn1,94381b459a700121,8
,,,CCCC1CCCCN1C(=O)c1cnc(Nc2ccc(C)nc2)c(Cl)c1,89f6ca18b516f879,8
,,,COc1ccc2c(C)cc(N[C@H]3CCC[C@H](NCc4ccc(Cl)c(Cl)c4)C3)nc2c1,d8ad490dafda1385,3
,,,NC1=N[C@]2(CO1)c1cc(C3=CCOCC3)ccc1Oc1ccc(-c3cncnc3)cc12,e63f56bdc42277fc,12
,,,COC(=O)c1cc(N)c(Nc2ccc(C#N)cc2)cc1Oc1c(C)cc(/C=C/C#N)cc1C,9cf37d7c1b355b67,15
,,,CC(C)(C)n1cc2c(n1)C(=O)NC1(CCN(C(=O)c3ccc4[nH]nc(C(F)(F)F)c4c3)CC1)C2,d5ed3bce7276353a,9
,,,CC(Cc1ccccn1)N1C(=O)c2ccccc2C1C(=O)NCc1ccc(OC(F)(F)F)cc1,8a11f840b85da3c8,2
,,,O=C(Cc1cccs1)N1CCC(c2nc(-c3cccs3)no2)CC1,b13455f8f0b59c03,7
,,,CCn1c([C@@H](C)NS(=O)(=O)c2ccc(C)cc2)nc2ccc(C(F)(F)F)cc21,535bd60a875c4e66,2
,,,Nc1nc(C2CC2)nc2c1nnn2C[C@H]1CN(Cc2ncccn2)CCO1,f2a707a693b9fb16,5
,,,Cc1noc(C)c1CCC1CCN(S(=O)(=O)CC2(N(O)C=O)CCN(C(=O)C3CCC3)CC2)CC1,f3b3b5e9132658aa,2
,,,C[C@H](NC1=NC(=O)C2(CCN(Cc3ccccc3)CC2)O1)c1ccccc1C(F)(F)F,aeffa120ab2e6883,7
,,,CO[C@@H]1COCC[C@@H]1N(C)[C@@H]1CC[C@@](C(=O)N2CCN(c3cc(C(F)(F)F)ccn3)CC2)(C(C)C)C1,4984f647c04e2373,7
,,,C(#Cc1ncn2c1COc1ccccc1-2)c1ccccc1,4d41620fd2e38ca7,3
,,,COc1ccc(Nc2nc3ccc(N4CCN(C(=O)N(C)C)CC4)cn3c2-c2nc(C)nc(N)n2)cn1,d3fe67b1caed585d,5
,,,CC(C)(CCC(C(N)=O)(c1ccccc1)c1ccccc1)N1CC(Oc2cccc(O)c2)C1,ff73367a3f23004a,5
,,,O=C(NC[C@@H](O)CN1CCC(Oc2ccc(Cl)c(Cl)c2)CC1)c1[nH]nc2ccccc12,47842e9958acc1bd,1
,,,CCN1Cc2nc3c(-c4cc(OC)ccc4OC)cccc3c(N)c2C1=O,71d45248dba7b2ab,10
,,,CN(C)CCN(C)[C@H]1COc2ccccc2-c2c(C3CCCCC3)c3ccc(C(=O)O)cc3n2C1,631ffbbef77b25da,1
,,,COCCOc1cnc2ccn([C@H](C)c3nnc4c(F)cc(-c5cnn(C)c5)cn34)c(=O)c2c1,13f286514da6b5ab,8
,,,O=C(N[C@@H]1CN2CCC1CC2)c1cccc2oc(C3CC3)nc12,fa7c76261c143632,1
,,,O=C(NC1CC1)c1cn(-c2cccc(C#Cc3cccnc3)c2)c2ncccc2c1=O,1225c1d8cd5eb599,7
,,,O=C(c1ccccc1N1Cn2c(ccc2-c2ccccc2)C1=O)N1CCCCC1,debb55eabc039c3e,6
,,,CCN(Cc1cc[nH]n1)C(=O)c1cc2cccnn2c1-c1cccc(C(F)(F)F)c1,67c1d9619192f76e,5
,,,Cc1ccc2c(N3CCN(CCc4cccc5c4OCc4c(C(=O)N(C)C)ncn4-5)CC3)cccc2n1,14c4039c4df9c354,1
,,,CCCCOc1nc(N)c2nc(O)n(Cc3cccc(CC(=O)O)c3)c2n1,d8873a79df11b557,3
,,,CC[C@H]1C[C@@H](C(=O)NCC2CCOCC2)CN(Cc2nc(N3CCOCC3)oc2C)C1,853b17e257617e55,1
,,,O=C(Nc1cccc2cccnc12)c1ccc(N2C(=O)CCC2c2ccc(F)cc2)cc1,7c252df0f51859de,10
,,,O=C1c2cccc3nc(O)n(c23)CCN1[C@@H]1CN2CCC1CC2,e6286838354718e0,3
,,,C[C@@H]1CN(Cc2ccc(-c3cccnc3C(=O)N3CCC(Cc4ccc(F)cc4)CC3)cc2)C[C@H](C)N1,de7e3c148f729203,2
,,,C=CC(=O)Nc1cccc(-n2c(-c3nc(-c4cnn(C5CCN(C(=O)CO)CC5)c4)cnc3N)nc3ccccc32)c1,d09d38ceec7b0eec,2
,,,C=CC(=O)Nc1cccc(-n2c(-c3nc(-c4cnn(C5CCN(C(C)C)CC5)c4)cnc3N)nc3ccccc32)c1,e335a7e40a3dbf1f,4
,,,CC[C@H](c1ccc(F)cc1F)N(Cc1cccc(C(=O)O)c1)C(=O)c1cc2ccccn2n1,ea7fd1d1cac2268e,9
,,,C=CC(=O)Nc1cccc(-n2c(-c3nc(-c4cnn(CCN5CCN(C)CC5)c4)cnc3N)nc3ccccc32)c1,fca91a46780f95ab,6
,,,COc1ccc(N2CCCN(c3c(C)c(C)c4c(c3C)CC(C)(C)O4)CC2)cc1,6167ecf3a94d7d84,7
,,,Cc1nnc(C(C)C)n1C1CCN(C(C)C[C@H](NC(=O)COCC(F)(F)F)c2ccccc2)CC1,6ecaf49b316ec024,4
,,,COc1ccc(S(=O)(=O)N2C(=O)[C@@](c3cc(CN4CCCC4)ccc3OC)(N3CCC[C@H]3C(=O)N(C)C)c3cc(Cl)ccc32)c(OC)c1,49d32d7ff2f9be8d,6
,,,CC[C@H](C)[C@@H]1C(=O)N[C@H](C2Cc3ccccc3C2)C(=O)N1[C@@H](C(=O)NC)c1cnc(C)cc1C,b28bba928d560de8,3
,,,COc1cc2nccc(Oc3ccc4c(C(=O)Nc5cccnc5)cccc4c3)c2cc1OC,6b9980862dd4dd89,19
,,,CC[C@H](C)[C@@H]1C(=O)N[C@H](C2Cc3ccccc3C2)C(=O)N1[C@@H](C(=O)NC)c1cc(C)cnc1C,f579ae80d1c34b4a,4
,,,Cc1ccc(N2CCN(c3c(C)c(C)c4c(c3C)CC(C)(C)O4)CC2)cc1,b11da7d6cd81f0a2,6
,,,Cc1ccc(C(F)(F)F)cc1Cn1c(C(=O)NCCC(C)(C)O)cc2cc(C#N)ccc21,f6a6ceba71bcb547,2
,,,Cc1ccc(C(=O)Nc2ccc(Oc3ccc4nc(NC(=O)C5CC5)cn4n3)c(F)c2)c(=O)n1-c1ccccc1,2e6b3b35c1e610cb,4
,,,COc1ccc(C)cc1Cn1c(C(=O)NCC(C)(C)CO)cc2cc(C#N)ccc21,66a4292e8fef9dff,4
,,,Cc1cc(CCC#N)cc(C)c1Oc1cc(Nc2ccc(C#N)cc2)c(N)cc1CO,5ca9379098a9a43d,4
,,,CCCCC1CN(S(=O)(=O)c2ccccn2)CCC12CCN(C1(C)CCN(C(=O)c3c(C)ncnc3C)CC1)CC2,e94313445e65d8b2,5
,,,Nc1ccc(S(=O)(=O)N2CCN(c3ncc(C(O)(C(F)(F)F)C(F)(F)F)cc3-c3ccc4scnc4c3)CC2)cn1,98afa224be0eca06,7
,,,CCOC(=O)C1=C(O)/C(=C\c2cc(C)n(-c3ccc(OC)cc3)c2C)N=C1C,6358837b042493ab,3
,,,CCOc1nc2cccc(C(=O)O)c2n1Cc1ccc(-c2ccccc2-c2nn[nH]n2)cc1,0e7dc24db37a4431,7
,,,O=C(NCc1ccc(OC(F)(F)F)cc1)C1c2cccc(O)c2C(=O)N1CCc1ccccn1,fe932e7f8637a7f1,1
,,,CCN(CCCC(=O)NCCO)C(=O)c1ccc2c(c1)c1c(n2C)CC[C@@H](C2CCOCC2)C1,136dff8eaa732f8a,2
,,,Nc1nc(O)cc(-c2ccc(OCC3CCOC3)cc2)n1,ad1370d77013d413,13
,,,CN1CCN(c2ccc(Cn3c(O)nc4c(N)nc(C(F)(F)F)cc43)cn2)CC1,c427d44affc509cd,8
,,,CCc1ccc(Cc2cc([C@@H]3OC4(CNC4)[C@@H](O)[C@H](O)[C@H]3O)ccc2C)cc1,220ec316f65a6be2,4
,,,COc1ccc2c(C)cc(N[C@H]3CCC[C@H](NCc4cn(C(=O)N(C)C)c5ccc(Cl)cc45)C3)nc2c1,315cbce219ecb5ff,3
,,,CCn1c([C@@H](C)NS(=O)(=O)c2ccc(NC(C)=O)c(C)c2)nc2ccc(C(F)(F)F)cc21,f8eb65176505e202,6
,,,Cn1cc(-c2ccc3nnc(Cc4c[nH]c5ncccc45)n3n2)cn1,51c50f18742712aa,7
,,,Cc1cccc(CCN2C(=O)c3ccccc3C2C(=O)NCc2ccc(OC(F)(F)F)cc2)n1,fff568c86403fb0d,1
,,,Cc1ccccc1C(=O)N1CCC(C(=O)c2ccc(F)cc2)CC1,4694a04f57ed7006,3
,,,COc1ccc2c(O[C@@H]3C[C@H]4C(=O)N[C@]5(C(=O)NS(=O)(=O)C6CC6)C[C@H]5/C=C\CCCCN(C)C(=O)[C@@H]4C3)cc(-c3nccs3)nc2c1,f99e0e68851c210e,1
,,,Cc1c(O)nnc(Cc2ccc(F)c(C(=O)N3CCN(C(=O)[C@@]4(C)CCN4)CC3)c2)c1C,5ca1ef1da1bbd9f2,7
,,,Nc1nccc(-n2cc(-c3cccnc3Cl)c3cnccc32)n1,75aef032bb372e36,9
,,,O=[N+]([O-])c1cn2c(n1)OC[C@@H](NCc1ccc(OC(F)(F)F)cc1Cl)C2,61b89eb869863b4a,4
,,,O=S(=O)(c1ccccc1-c1ccc(CN[C@H]2c3ccccc3C[C@H]2O)cc1)N1CCCCC1,b288b0b36e200288,2
,,,Nc1ccc(S(=O)(=O)N2CCN(c3ncc(C(O)(C(F)(F)F)C(F)(F)F)cc3-c3cccnc3)CC2)cn1,4f3107e064e62760,2
,,,COc1ccc(-c2nc(O)c3ccccc3n2)cc1,a21fd357d3d43ea5,2
,,,CC(C)(C)COc1ccc2c(c1)[C@]1(COC(N)=N1)c1cc(-c3cccnc3F)ccc1O2,9203fe0804a310f5,7
,,,NC1=N[C@@]2(CO1)c1cc(-c3cccnc3F)ccc1Oc1c2cc(N2CCC(F)(F)C2)nc1F,bab494485e7157f6,11
,,,COc1ccc(NC(C)=O)c(OC[C@@H](N)CN2CCC3(CC2)Cc2cc(Cl)ccc2O3)c1,ac4a3b1870c09aed,4
,,,N#Cc1cc(N)ncc1-c1cc(N2CCOCC2)nc(N2CCOCC2)n1,2be49265d3eea9b3,4
,,,CC(=O)Nc1cc(Nc2cc(NC3CC3)n3ncc(C#N)c3n2)ccc1N1CC[C@H](N(C)C)C1,efa8d1ff78f4a2fc,3
,,,O=C(O)COc1ccc(C(F)(F)F)cc1CN1CCN(C(=O)c2ccccc2)CC1,20286428e74f0704,1
,,,Cc1ccc2c(N3CCN(CCc4c(C)ccc5c4ccc(=O)n5C)[C@H](C)C3)cccc2n1,f568c94b05e26fd2,2
,,,CN1CCN(c2nccnc2Oc2ccc(C(=O)c3nc4ccccc4[nH]3)cc2)CC1,04f4f461eae26e17,1
,,,CCN1CCOc2ccc(C(=O)Nc3nnc(C4CC4)s3)cc21,083c9e8b611e4d1c,8
,,,Cc1cc(C#Cc2cn(-c3ccc(S(C)(=O)=O)cc3)c(C)n2)ccn1,0ca34ee5bba742dc,6
,,,Cc1ccc(-c2cnc3c(c2)[C@]2(COC(N)=N2)c2cc(-c4cccnc4F)ccc2O3)cc1,c36567c5ccc90782,7
,,,CC(C)(C)NC(=O)NCCN1CCCC(NC(=O)c2cc(Cl)cc(Cl)c2)C1,33222197bac47c13,2
,,,CCOC1(c2ccc(OC)cc2)Sc2ccccc2-n2c1noc2=O,be42624bb56ac29c,18
,,,O=C(NCc1cccc(Br)c1)C1c2ccccc2C(=O)N1CCc1ccccn1,5ef14978c7f8e397,4
,,,CCCNC(=O)c1nnc2c(-c3cc(OC)ccc3OC)c(F)ccc2c1N,0ede82a617e5b3c3,15
,,,N#Cc1ccc(CCNC(=O)[C@@H]2CCCN(c3cc(N4CCN(C5COC5)CC4)nc(C(F)(F)F)n3)C2)cc1,c815f925bb679d6d,1
,,,CN(C)C1(CNC(=O)N2CCC(c3nc(-c4ccc5ccccc5n4)no3)CC2)CCCC1,36e4ced10eedf4d2,4
,,,COc1cccc(-c2noc(C)c2C(=O)N(C)c2ccc(C(F)(F)F)nc2)c1,0a382014f8f25936,7
,,,CC(C)[C@]1(C(=O)N2CCN(c3cc(C(F)(F)F)cnn3)CC2)CC[C@@H](NC2C3CCCC2COC3)C1,cf56ea30603e4c2b,4
,,,O=C(c1ccc(F)cc1)C1CCN(C(=O)c2cccc(F)c2F)CC1,74c7b7dd1098574a,8
,,,CC(C)NC(=O)N1CCc2ccccc2[C@H]1c1ccc(C(F)(F)F)cc1,03c50396f4910d91,6
,,,COc1ccc(C(=O)N2CCC(C(=O)c3ccc(F)cc3)CC2)c(OC)c1,eaa9da2d856eca63,3
,,,CC(=O)N(C)Cc1ccc(-n2nc(C(F)(F)F)c3c2CCCC3)cc1,55a81fe486c8ed0c,13
,,,Fc1ccccc1Cc1nc(-c2n[nH]c(C(F)(F)F)n2)c2ccccn12,6b74e002ee871255,5
,,,O=C(C1CC12CCN(C1CCCCC1)CC2)N1CCN(C2CCCCC2)CC1,7dbd5b7c282989a3,2
,,,COc1ncc(Nc2ncc(C(C)(C)CO)cc2-c2nc(C)nc(N)n2)cc1F,1a60d8400ed6f952,9
,,,CC(NC(=O)C1c2ccccc2C(=O)N1CCc1ccccn1)c1ccc(OCC(F)(F)F)cc1,45db156d2dee9fda,2
,,,C[C@](O)(C1CCN(c2nccnc2Oc2ccc(C(=O)c3nc4ccccc4[nH]3)cc2)CC1)C(F)(F)F,47218ae32ee3975c,7
,,,CC(=O)N[C@@H](CCN1C[C@@H]2CN(C(=O)c3ccc(C(F)(F)F)cn3)C[C@@H]2C1)c1cccc(F)c1,76c3a692cd789f7a,1
,,,O=C(c1cc2c(cc1F)OC(c1ccc(F)cc1)(c1ccc(F)cc1)O2)N1CCCCC1,b8e27ca0662450cc,4
,,,CN(Cc1ccc(OC(F)(F)F)cc1)[C@@H]1COc2nc([N+](=O)[O-])cn2C1,39241c10fde0e95e,2
,,,O=C(NCC1CC1)c1cncc(N2CCCN(Cc3ccccc3)CC2)n1,ac11e08b8da47363,6
,,,O=c1[nH]n2c(=O)[nH]c(C3CC3)cc2c1Cc1ccccc1,ccb0841d08eaba50,5
,,,CC(C)(C)C(=O)N1CCC2(CCN(C(=O)Nc3ccc(OC(F)(F)F)cc3)C2)CC1,f6b2dbc2990dc86d,9
,,,CCOC[C@@H](CC(C)C)NC(=O)[C@@H]1CNC[C@H](C(=O)N(c2cc3c(cc2F)OC(C)(C)C(=O)N3CCCOC)C2CC2)C1,0a49cae89d4829fb,2
,,,COCC#Cc1cc(C(O)(C(F)(F)F)C(F)(F)F)cnc1N1CCN(S(=O)(=O)c2ccc(N)nc2)CC1,34d4bfb44c9b6878,2
,,,O=C(COCc1ccccc1)N1CCN(c2ccc(F)cc2F)CC1,229dd601347af91f,6
,,,Cc1ccc(/C(=N/C2CCCCC2)NO)c(Oc2ccc(C(C)(C)C)cc2)n1,a36ff53cf873c69f,5
,,,Fc1ccc(-c2noc(C[C@H]3CCN(c4cnc5ccccc5c4)C3)n2)c(Cl)c1,6a955ffd2077a20b,2
,,,CCCNC(=O)c1nnc2c(-c3cc(C)ccc3C)cccc2c1N,0ff6513fd9eb5660,11
,,,CCN(CC)C(=O)c1ccc([C@H](c2cccc(NC(=O)C3CC3)c2)N2CCN(Cc3ccccn3)CC2)cc1,99afb4407dd43900,2
,,,CN(CCCC(=O)NCC#N)C(=O)c1ccc2c(c1)c1c(n2C)CC[C@@H](C2CCOCC2)C1,f65b749ee6138317,2
,,,O=C(NCc1ccc(OC(F)(F)F)cc1)C1c2ccccc2C(=O)N1CCCc1ccccn1,efbb97d676689a71,1
,,,CN(C)CCC1CCN(c2cc(C(=O)NC[C@H]3CC[C@H](CNC(=O)OC(C)(C)C)CC3)c3ccccc3n2)CC1,39fc1a297ace7207,5
,,,CN[C@@H](C)C(=O)N[C@H]1CCC[C@H]2C[C@H]3CCN(S(=O)(=O)Cc4ccccc4)C[C@H]3N2C1=O,6667eafbbcdce0a4,3
,,,NC(=O)C(CCC1(N2CC(Oc3cccc(O)c3)C2)CCCC1)(c1ccccc1)c1ccccc1,dcca1204ba5dd388,3
,,,COc1cc(C)c(S(=O)(=O)N[C@@H](Cc2ccc(Cl)cc2)C(=O)N(CCCN2CCN(C)CC2)Cc2ccccc2)c(C)c1C,1052a754b54e9862,4
,,,CC(C(=O)N1C[C@@H]2[C@H](CNc3nc(-c4ccccn4)cs3)[C@@H]2C1)c1ccccc1,54f9d5de552c72c3,7
,,,CN(C)c1ccc(Nc2ccc3c(c2)N(c2nc4c(s2)C(=O)NC(C)(C)C4)CCO3)nn1,65e51843741d269f,15
,,,Cn1cc(-c2cnc3nnn(Cc4ccc5c(c4)CCO5)c3n2)cn1,b94b5b45cdf3fc87,7
,,,Cn1ncc(C(=O)N2[C@@H]3CC[C@H]2C[C@@H](Nc2cc(=O)n(C)c4ncccc24)C3)c1Cl,b36f41f27e2ce060,10
,,,COc1ccc(CC(=O)N2CCC3(CC2)CN([C@@H]2CCc4cc(-c5nccs5)ccc42)C3)nc1,47d0d48ff2578044,10
,,,CCOc1nc2ccc(OCCC3CCN(c4ccc(C)nn4)CC3)cc2o1,4d33666f6a75066e,12
,,,CC(=O)Nc1cc(Nc2cc(NC3CC3)n3ncc(C#N)c3n2)ccc1N1CC[C@@H](N)C1,3f3dac08496eecc1,11
,,,COc1ncc(-c2cc3c(C)nc(N)nc3n([C@H]3CC[C@H](OCO)CC3)c2=O)cn1,d41bafb4418139f2,2
,,,CC1CCN(C(=O)CC2CC2)CC1N(C)c1ncnc2[nH]ccc12,ce06876356dfe1e4,8
,,,COC1CCN(c2nccnc2Oc2ccc(C(=O)c3nc4ccccc4[nH]3)cc2)CC1,cbd252eba3317c51,3
,,,COc1cc(-c2ccc(COc3cccc([C@@H](CC(=O)O)C4CC4)c3F)cc2[C@@H]2CCCC2(C)C)c(F)cn1,4e133eda3fab92b8,9
,,,O=C(NCc1ccc(Br)cc1)C1c2ccccc2C(=O)N1CCc1ccccn1,7ce9d9c1bd9cddd9,3
,,,COCc1cc(OC)c(-c2csc3c(N(CC4CC4)CC4(F)CCOCC4)c(OC)nn23)c(OC)c1,4f18d1daab62b505,5
,,,CC(C)N(CC[C@H](c1ccccc1)c1cc(CCCCOCCCCCCNC[C@H](O)c2ccc(O)c(NS(C)(=O)=O)c2)ccc1O)C(C)C,ccea215bac951ed9,4
,,,O=C1c2cccc3cnn(c23)CCN1[C@@H]1CN2CCC1CC2,fba4621e81e9965c,4
,,,Cc1nn(C)c(C)c1N(C)S(=O)(=O)c1ccc(-c2ccnc(N3CCNCC3)c2)cc1,456175dbff68da38,8
,,,Cc1cc(C)c(CNC(=O)c2c(C)n([C@H](C)C3CCN(C)CC3)c3ccccc23)c(O)n1,b8ea9fb65950e48e,7
,,,Cc1ccc(S(=O)(=O)N2C=CNC(=O)[C@H]2CC(=O)N[C@H]2CCN(C3CCC3)CC2(C)C)cc1,5e3916e79756fbd2,3
,,,Cc1noc(C)c1S(=O)(=O)NCc1ccc(-c2cncc(C#N)c2)cc1,9ded845d06cd2cc3,12
,,,CC(C)(C)CCC1(C(=O)c2ccc3[nH]ncc3c2)CCNC1,41200499c22ab24b,7
,,,Cc1occc1C(=O)N1CCC2(CCN(C(=O)Nc3ccc(OC(F)(F)F)cc3)C2)CC1,4c12076bf82756ad,12
,,,N#Cc1ccc2ccn(-c3ccnc(N)c3)c2c1,36ce07b27e758a1f,4
,,,CC(C)(O)Cn1cc(-c2ccc3c(c2)N(c2nc4c(s2)C(=O)NC(C)(C)C4)CCO3)cn1,b5c9308d56caab39,16
,,,CC(C)(O)c1ccc(Nc2nc3cc(C#N)ccc3[nH]2)cc1,def73265d8517dc8,12
,,,OB1c2ccccc2NC(=S)N1c1cccnc1,74c42e4d8edf4e09,7
,,,O=C(O)COc1ccc(C(F)(F)F)cc1-c1ccc2c(c1)CCS2(=O)=O,f1b8026caf47b5d9,5
,,,CCOC(=O)C1=C(O)/C(=C\c2cc(C)n(-c3ccc(CN4CCCCC4)cc3)c2C)N=C1C,602383bcccdd2f85,4
,,,Fc1ccc(Cc2nnc3ncc(-c4ccc(F)cc4)nn23)cc1,7d28b2d060154e8f,4
,,,COc1ccc2c(c1)COCc1nnc(C3CCN(c4ccccn4)CC3)n1-2,dc7a9d96c6461ddb,5
,,,O=C(NCc1ccc(C(F)(F)F)cc1)C1c2ccccc2C(=O)N1CCc1ccccn1,f950af22e8006196,1
,,,Cc1ncccc1-c1nnc(SCCCN2C[C@@H]3C[C@]3(c3ccc(C(F)(F)F)cc3)C2)n1C,53274cead67b8bbc,4
,,,O=C(c1ccccc1Oc1ccccc1)N(CC1CCC1)[C@@H]1CCNC1,450a10c62dc152d5,9
,,,COc1ccc(NC(C)=O)c(OC[C@@H](N)CN2CCC3(CC2)Cc2ccccc2O3)c1,27b8f962f13dc7b9,2
,,,COc1ccc(C(=O)Nc2[nH]nc(-c3ccccn3)c2C2CC2)cc1,e4ada825fe2ee51f,8
,,,CNC(=O)N1CCC(CN2C[C@@H](c3ccccc3)N(C3CCN(C4(C)CCN(C(=O)c5c(C)cc(C#N)nc5C)CC4)CC3)C2=O)CC1,606986d76b65063a,1
,,,CCn1c([C@@H](C)NS(=O)(=O)c2cnc(C)n2C)nc2ccc(C(F)(F)F)cc21,49be8ad749bb22c5,2
,,,COc1ccc(-n2c(C)nnc2C2CCN(c3ccccn3)CC2)cc1,eaece63b1d53c636,7
,,,CCCCCS(=O)(=O)NC(=O)/C=C/c1ccc(OCCOC)cc1Oc1ncc(Cl)cc1Cl,d418429da31457fd,13
,,,COc1ccc(C2CCc3[nH]cnc3C2)cc1,05c0664c787a6523,6
,,,COc1ccc2c(O[C@H]3C[C@H]4C(=O)N(C)CCCC/C=C/[C@@H]5C[C@@]5(C(=O)NS(=O)(=O)C5(C)CC5)NC(=O)N4C3)cc(-c3nc(C(C)C)cs3)nc2c1Cl,42299350118de854,5
,,,Cc1nn(C)c(C)c1N(C(F)F)S(=O)(=O)c1c(Cl)cc(CCCC2CCN(C)CC2)cc1Cl,82f9a11fec6d6b46,1
,,,N#Cc1cc(F)cc(-c2nc(-c3ccccn3)no2)c1,06949048d9c8871a,4
,,,O=C(N[C@@H](Cc1ccccc1)C(=O)NO)OCc1ccccc1,99a12a15271392fa,4
,,,Cc1cc2c(nc(O)n2Cc2ccccc2)c(N)n1,b0f921c4025783b6,2
,,,CC1=N/C(=C/c2cc(C)n(-c3ccccc3C(F)(F)F)c2C)C(O)=C1C(=O)OCc1ccccc1,ab9dd745b4130fed,3
,,,CN(CCO)c1cncc(C(=O)NCC(C)(C)c2ccccc2)n1,6a850bc1ce25821f,4
,,,COc1ccc([C@H](C)NC(=O)COc2cc(C(F)(F)F)c3c(-c4ccccc4)nn(C)c3n2)cc1,90854d94258acc15,3
,,,COc1cc2c(cc1-c1cnco1)C(=O)N(C)C1(CCN(C(=O)N(C)c3ccc(F)cc3F)C1)N2,f5bbb159f18f6ef2,16
,,,O=C(c1ccncc1)N1N=C2CCCCC[C@@H]2[C@@]1(O)C(F)(F)F,640f7d52e797731a,8
,,,COC[C@@H](Oc1cc(C[C@@H]2CS(=O)C[C@H](N[C@H](C)c3cccc(C(C)(C)C)c3)[C@H]2O)cc(F)c1N)C(F)(F)F,7aadd86f19ce0da8,2
,,,O=C(CC12CC3CC(CC(C3)C1)C2)Nc1cccc2c(=O)n(C[C@H]3CCCN3)ccc12,c1a441239143fa8e,11
,,,C[C@@H]1CN(C(=O)[C@@H]2CN(C(C)(C)C)C[C@H]2c2ccc(F)cc2F)C[C@H](C)[C@@]1(O)c1ccc(F)cc1,8b0c0ef5fb0f022a,2
,,,COc1ccc2c(c1)CCCC2NC(=O)C[C@@H]1C(=O)NC=CN1S(=O)(=O)c1ccc(C)cc1,18cafec907eb05a1,8
,,,c1ccc(C2CCc3[nH]cnc3C2)cc1,1e44d39afbae5522,4
,,,Cc1nn(C)c(C)c1N(C(F)F)S(=O)(=O)c1c(Cl)cc(CCCOC[C@@H]2CCCN2C)cc1Cl,a42ed88007465d39,11
,,,CCCCN(c1c(OC)nn2c(-c3c(OC)cc(C#N)cc3OC)csc12)C1CCOCC1,1c2b9374eec34748,4
,,,Cc1ccc2c(N3CCN(CCc4cccc5c4OCc4c(C(=O)NC6CCCC6)ncn4-5)CC3)cccc2n1,296e26759930f16d,2
,,,COc1ccc2c(c1O)CCCC(Cc1ccccc1)=C2c1cc(OC)c(OC)c(OC)c1,3f3b2920dd194e6a,10
,,,CC(C)(C)NC(=O)C1c2ccc(NS(C)(=O)=O)cc2C(=O)N1Cc1ccccc1-c1ccccc1,dc38311d4692d5d9,9
,,,COc1ccc(S(=O)(=O)N(Cc2ccc(-c3nn[nH]n3)c(F)c2)Cc2ccccn2)cc1,5737d231478b80c8,10
,,,O=[N+]([O-])c1ccc(-c2nc(O)c3ccccc3n2)cc1,77c8116f63c53470,1
,,,O=C(Nc1ccc(OC(F)(F)F)cc1)N1CCC2(CCN(C(=O)c3ccco3)CC2)C1,1a0013e2327627e5,5
,,,Cc1ccc(C(=O)Nc2ccc(CN3CCN(C)CC3)c(C(F)(F)F)c2)cc1C#Cc1cncc2nccn12,42eaebf62666d5bb,9
,,,Cc1noc(C)c1S(=O)(=O)NCc1ccc(-c2cccc(NS(C)(=O)=O)c2)cc1,8b6c8edaca7b27c8,4
,,,COc1ccc(OC(F)(F)F)cc1Cn1c(C(=O)NCC2(CO)CC2)cc2cc(C#N)ccc21,3c43e8f3c2367f85,6
,,,CC(C)(C)NC(=O)C1c2c(O)cccc2C(=O)N1Cc1ccccc1-c1ccccc1,ce879dfa304863f0,3
,,,Cc1cccn2c(=O)cc(Cn3cnc4ccccc43)nc12,4b90ca395bca0539,5
,,,CC(CC#N)N1C(=O)c2ccccc2C1C(=O)NCc1ccc(OC(F)(F)F)cc1,11de970626f360ad,2
,,,Cc1nnc(C(C)C)n1C1CCN(C(C)C[C@H](NC(=O)C(C)C)c2ccccc2)CC1,17867a814f3eb9fa,1
,,,COCc1cc(OC)c(-c2csc3c(N(CC4CC4)CC4CCCOC4)c(OC)nn23)c(OC)c1,193bad34c918f2dc,3
,,,Cc1cn([C@@H]2C[C@H](O)[C@@H](CNC(=O)Nc3ccc(Oc4ccccc4)cc3)O2)c(=O)[nH]c1=O,c89d405eebb7e83e,1
,,,CN(CCCC(=O)NCCO)C(=O)c1ccc2c(c1)c1c(n2C)CC[C@@H](C2CCOCC2)C1,a7773cb0d6eb1aba,3
,,,N#Cc1cn(Cc2ccco2)c(=O)[nH]c1=O,13b35eeef0ccef08,4
,,,Cc1cccc(C)c1CNc1cc(N2CCNC2=O)cn2c(C)c(C)nc12,f7734398c6f21009,10
,,,CCn1c([C@@H](C)NS(=O)(=O)c2cccnc2)nc2ccc(C(F)(F)F)cc21,52f0746ee38b6e3a,3
,,,CCn1ncc2c(F)cc(C(=O)Nc3nnc(C4(C)CCN(C(C)=O)CC4)s3)cc21,0deb0c8b7084e798,9
,,,Cc1nc(Cn2c(O)nc3c(N)nc(C(F)(F)F)cc32)cs1,14080a8087bbecd7,7
,,,CCCCCS(=O)(=O)NC(=O)/C=C/c1ccc(OCCCOC)cc1Oc1ncc(C(F)(F)F)cc1Cl,da28637ea2f45fea,6
,,,N#Cc1cccc(-c2ccc3nnc(Cc4ccc5ncccc5c4)n3n2)c1,1e0e6a9826a39117,9
,,,c1ccc(CC2CNCCN2c2ccc3[nH]ncc3c2)cc1,1e027f78d6ed837e,8
,,,O=C(c1cc2c(cc1F)OC(c1ccccc1)(c1ccccc1)O2)N1CCCCC1,0a8d1d5192bf0406,6
,,,Cc1ccc2c(N3CCN(CCc4cccc5c4OCc4nc(C(F)(F)F)cn4-5)CC3)cccc2n1,71e83e616c05751e,1
,,,O=C(CCC(F)(F)F)N1CCC(c2nc(-c3nccs3)no2)CC1,e6ea534407cf4722,5
,,,C#CCOCC(C(=O)N1CC[C@@H]2C[C@@H]3CCC[C@H](NC(=O)[C@H](C)NC)C(=O)N3[C@@H]2C1)c1ccccc1,04bf7424e4dd9664,1
,,,CC(=O)Nc1nc2ccc(-c3ccnc(N(C)S(=O)(=O)c4ccc(C)cc4)n3)cc2s1,fd397f5a8aa6c125,3
,,,CCCCn1c(-c2cnc(Nc3ccc(C)nc3)c(Cl)c2)nc2ccccc21,069f397010fc4fb0,15
,,,CCCc1cc(C)nc(O)c1CNC(=O)c1c(C)n([C@H](C)C2CCN(S(=O)(=O)CC)CC2)c2ccccc12,892a53151fb33bdd,3
,,,CC[C@@H]1C[C@@H](C(=O)NC[C@@H]2CCCO2)CN(Cc2nc(N3CCOCC3)oc2C)C1,af7940c0e4b3d808,7
,,,CCCN(c1c(OC)nn2c(-c3c(OC)cc(COC)cc3OC)csc12)C1CCOCC1,69836df9c38a5d27,3
,,,COc1ccc(NC(C)=O)c(OC[C@@H](O)CN2CCC3(CC2)Cc2cc(Cl)ccc2O3)c1,eccc326ceb126aa7,6
,,,CC[C@H](NC(=O)c1c(S(C)=O)c(-c2ccccc2)nc2ccccc12)c1ccccc1,ecade15e2da4acac,3
,,,CCN(C(=O)NCc1ccccc1F)C1CCN(CCC(c2ccccc2)c2ccccc2)CC1,eed5885f467e5c6d,4
,,,O=C(O)CSCC(=O)Nc1nc(-c2ccccc2)cs1,704a37f9a57187cf,5
,,,Cc1noc(C)c1S(=O)(=O)NCc1ccc(-c2ccccc2)s1,63a826b88ccc2ea5,9
,,,CC(C)(CC1Cc2ccccc2C1)NC[C@@H](O)COc1cc(C2CC3CC2C2C(C(=O)O)C32)ccc1C#N,6e82276fcfb0aaa4,3
,,,C[C@H](c1ccc(F)cc1F)N(Cc1cccc(C(=O)O)c1)C(=O)c1cc2ccccn2n1,e6fdce7d71c9e1e0,10
,,,c1ccc(-c2nc3c(CN4CCCCC4)cccc3[nH]2)cc1,c640a69cdf76ac45,6
,,,CN(C(=O)Cc1ccccc1)C1CCN(Cc2ccc(C(F)(F)F)cc2)CC1,238443cc1bda5308,2
,,,Cc1ccc(-c2cc(C(O)(C(F)(F)F)C(F)(F)F)cnc2N2CCN(S(=O)(=O)c3ccc(N)nc3)CC2)cn1,cdc27d821ea3d2d7,4
,,,Cc1ccc2c(N3CCN(CCc4cccc5c4OCc4nnnn4-5)CC3)cccc2n1,45f125100ff2d243,1
,,,CCOC(=O)c1ncn2c1COc1c(CCN3CCN(c4cccc5nc(C)ccc45)CC3)cccc1-2,afdf9d6946a1709d,3
,,,O=C(O)CCNc1nc(-c2nccs2)cc(N2CCc3ccccc3CC2)n1,ac33529f275f659f,3
,,,Cc1noc(C)c1S(=O)(=O)N[C@H](C)c1ccc(-c2cccnc2OC(F)F)cc1,ac4abc40cd1e3cbf,8
,,,COc1ccc2ncc(F)c([C@@H](O)[C@H](O)[C@@H]3CC[C@@H](NCc4cc5c(cn4)OCCS5)CO3)c2n1,37776d53c42764a3,7
,,,N#Cc1ccc(S(=O)(=O)N(Cc2ccc(C(=O)NC3(c4ccccc4)CC3)cc2)Cc2ccccn2)cc1,9a303155fdc5f287,10
,,,CC(C)C[C@@H]1C(=O)N[C@H](C2Cc3ccccc3C2)C(=O)N1[C@@H](C(=O)N(C)C)c1ccc(F)cc1F,5ada467fd9d6d9a2,5
,,,c1cnc2ccc(Cn3nnc4ncc(-c5cnn([C@@H]6CCNC6)c5)nc43)cc2c1,10d77be26cca1aaf,4
,,,Cc1ccc(S(=O)(=O)N2C=CNC(=O)[C@H]2CC(=O)N[C@H]2CCN(CC(C)C)CC2(C)C)cc1,131d3f247311a5cb,1
,,,NC1=N[C@@]2(CO1)c1cc(-c3cccnc3F)ccc1Oc1c(F)cc(C3=CCOCC3)cc12,c8627bbbe2b15f55,15
,,,CCCCCS(=O)(=O)NC(=O)/C=C/c1ccc(OCCOC)cc1Oc1ncc(C(F)(F)F)cc1Cl,383cd360ffb79221,7
,,,CCCCNC(=O)C1c2ccccc2C(=O)N1CC(C)c1ccc(F)cc1,6f8d73b9c748d86e,11
,,,Cc1ccc(CC(C)(C)NC[C@@H](O)CO[C@H](C)c2ccccc2C2CC3CC2C2C(C(=O)O)C32)cc1Cl,5128527c59f28ed3,4
,,,O=C(NC[C@@H](O)CN1CCC(Oc2ccc(Cl)c(Cl)c2)CC1)c1cnc(O)c2cc(S(=O)(=O)N3CCC3)ccc12,44866923deb6a4a6,3
,,,CCn1ncc2c(F)cc(C(=O)Nc3nnc(C4(C)CCN(C(C)=O)C4)s3)cc21,fbba0eda7cb1fa47,8
,,,O=C(Nc1ccc(OC(F)(F)F)cc1)N1CCC2(CCN(C(=O)c3cccc4[nH]cnc34)CC2)C1,1ba7eefa4eb11cbf,2
,,,N#Cc1ccc(CCNC(=O)[C@@H]2CCCN(c3cc(N4CCNCC4)nc(C(F)(F)F)n3)C2)cc1,896e4cbd2013b1a3,1
,,,CC(C)(C)NC(=O)C1c2ccc(C#N)cc2C(=O)N1Cc1ccccc1-c1ccccc1,d57ff3f78a0cf6da,5
,,,CCCc1cc(-c2nc(-c3ccc(NS(C)(=O)=O)cc3)cs2)ccn1,7c36d83ea418d8c9,19
,,,N#Cc1ccc2c(c1)cc(C(=O)NCCC(O)(C(F)(F)F)C(F)(F)F)n2Cc1cccc(OC(F)(F)F)c1,bf1bf88fafb2d661,2
,,,Cc1ccc(Oc2ccc(Nc3cncc(N)n3)cc2)cc1,ecc64d3d104be46c,16
,,,COc1cccc2c(=O)n(CC(=O)NCCc3ccc(Cl)cc3)cnc12,56b42bd231192653,4
,,,COc1ccc2c(O[C@@H]3C[C@H]4C(=O)N[C@]5(C(=O)NS(=O)(=O)C6CC6)C[C@H]5/C=C\CCCCN(C)C(=O)[C@@H]4C3)cc(-n3ccc(C(C)C)n3)nc2c1C,430b4c1eca90cdbf,4
,,,Cc1ccc2c(N3CCN(CCc4cccc5c4OCc4nnc(C)n4-5)CC3)cccc2n1,7476afbf33fe714d,7
,,,Cc1nc(-c2ccccc2)n(C)c1CC(=O)NCc1ccc(F)c(F)c1F,c0899bd731d229b3,10
,,,Cc1cn2c(=O)cc(Cn3cnc4ccccc43)nc2s1,beae13eb26c8765d,5
,,,c1ccc(CN(c2ccc3[nH]ccc3c2)C2CCNC2)cc1,0fa08a63c3805776,11
,,,C[C@@H](NC(=O)[C@H]1CCCN1)c1ccc(Nc2ncc3cc(-c4ccncc4)ccc3n2)cc1,f73f4ab49e1111f9,8
,,,O=C(c1ccccc1)N1C[C@@H]2[C@H](CNc3nc(-c4ccccn4)cs3)[C@@H]2C1,c95903d288f1956a,6
,,,COc1ccccc1CN(C)Cc1cccc(CCNC[C@H](O)c2ccc(O)c3nc(O)sc23)c1,bff239f47a2c27a4,4
,,,N#Cc1cccc(N2CCN(CCN3CCC(C(F)(F)F)CC3)C2=O)c1,7c1ba46a79647042,6
,,,Cc1cc(C#N)nc(C)c1C(=O)N1CCC(C)(N2CCC(N3C(=O)N(C)C[C@H]3c3ccccc3)CC2)CC1,9c12b85b41192235,9
,,,COC[C@@H](Oc1cc(C[C@@H]2CS(=O)C[C@H](NCc3cccc(C(C)C)c3)[C@H]2O)cc(F)c1N)C(F)(F)F,c39508b096dcfee6,4
,,,Cn1cc(-c2ccncc2)c(-c2ccc(OCc3nc4ccccn4n3)cc2)n1,6da76ce2ad5209c2,11
,,,CCC(C)(C)n1cc2c(n1)C(=O)NC1(CCN(C(=O)c3cc(C)c4[nH]nc(C)c4c3)CC1)C2,45913bb2bacb3bbb,13
,,,O=C(NC1CCC(F)(F)CC1)N1CCN(c2nc(-c3ccc4ccccc4n3)no2)CC1,b947fa265a26b13c,1
,,,CS(=O)(=O)c1ccc(Oc2ccc(Nc3nccc(N)n3)cc2)cc1,cfa07c4595a0b1ad,13
,,,c1cc([C@H]2CC[C@@]3(CC2)CC2(OO3)C3CC4CC(C3)CC2C4)ccc1OCCN1CCOCC1,1bfd5a21232845b4,7
,,,CO/C(O)=C1\C(C)=NC(C)=C(C(=O)OC(C)C)C1c1cccc2nonc12,5b8b48f709ddcdad,2
,,,COc1ccc(C(=O)NC[C@H](O)CO)cc1/C=C/c1ccc(Cl)cc1,caf291af11d4b1fb,3
,,,Cc1cccc(C)c1CNc1cc(N2CCCCC2=O)cn2c(C)c(C)nc12,6f500bb81d8a8247,17
,,,COc1cc(C(=O)NCCCN2CCN(C)CC2)ccc1NC(=O)c1csc2cncnc12,a1e5807dfb2c7756,1
,,,CCS(=O)(=O)N1CCC([C@@H](C)n2c(C)c(C(=O)NCc3c(C)cc(C)nc3O)c3ccccc32)CC1,88cda304865798fc,6
,,,CNC(=O)c1ccc2[nH]nc(CC(C)C)c2c1,2b903c5a79f613bb,16
,,,CCNC(=O)c1nnc2c(-c3cc(OC)ccc3OC)c(F)ccc2c1N,43cfb29c78270504,11
,,,Cc1cnc(NC2CCN(c3cccc(C(N)=O)c3)CC2)nc1Oc1c(C)cc(C#N)cc1Cl,e79fc0fd5dc891c2,9
,,,Cc1ccc2c(N3CCN(CCc4cccc5c4OCC(=O)N5)CC3)cccc2n1,5abd8175f6705dde,1
,,,Cc1ccc(CC(C)(C)NC[C@@H](O)COc2cc(C3CC4CC3C3C(C(=O)O)C43)ccc2F)cc1F,a5b46f1bb9e696d7,1
,,,O=C(NCc1ccccc1Br)C1c2ccccc2C(=O)N1CCc1ccccn1,29a3767813940c0d,1
,,,CCOC(=O)c1c(-c2ccccc2)nc2ccc(C)cn12,be9c510db3b052ee,9
,,,O=C(C1CC12CCN(C1CCOCC1)CC2)N1CCN(C2CCCC2)CC1,3144f5c71935ddbf,1
,,,CN(C(=O)Cc1ccc(-n2cnnn2)cc1)[C@@H]1CCN(Cc2nc3cc(F)ccc3s2)C[C@@H]1F,9e285069aea3cc14,5
,,,NC1=N[C@@]2(CO1)c1cc(-c3cccnc3F)ccc1Oc1ncc(-c3ccnc(F)c3)cc12,0a19edbdeaa9e7ff,13
,,,COCCN1CCN(c2ccc3nc(Nc4cnc(OC)c(F)c4)c(-c4nc(C)nc(N)n4)n3c2)CC1,fb685ca116696c06,1
,,,Cn1cc(-c2ccc3c(c2)N(c2nc4c(s2)C(=O)NC(C)(C)C4)CCO3)cn1,52033c93097ad676,14
,,,COc1ncc(-c2cc3c(C)nc(N)nc3n([C@H]3CC[C@@H](OCC(N)=O)CC3)c2=O)cn1,8e147adb064643a4,3
,,,CC1(C)OC(=O)N([C@H]2CC[C@H](n3c(O)nc4cccnc43)CC2)[C@H]1c1ccccc1,521f303f38085311,3
,,,CCCn1c(-c2cnc(Nc3ccc(C)nc3)c(Cl)c2)nc2ccccc21,5d10c6b1d6ebea05,14
,,,CCCCC1CN(CC2CCOCC2)C(=O)OC12CCN(C1CCN(C(=O)c3c(C)cccc3C)CC1)CC2,36622d68ef46e4ca,1
,,,CN1CCN(Cc2ccc(NC(=O)Nc3cc(C#Cc4cncc5nccn45)n(C)n3)cc2C(F)(F)F)CC1,1af39656c40af12d,6
,,,CCOC(=O)C1=C(O)/C(=C\c2cc(C)n(-c3ccc(N4CCOCC4)cc3)c2C)N=C1C,8549f354a54833e8,3
,,,Cc1cc(Nc2ccc(C)c(C(F)(F)F)c2)n2ncnc2n1,3181bb0278ea4843,4
,,,COc1ccc(OC)c(-c2cccc3c(N)c(C(=O)NC4CC4)nnc23)c1,8139dce8b9faa206,8
,,,O=C(c1cccnc1)N1N=C2CCOC[C@@H]2[C@@]1(O)C(F)(F)F,5bd007bb279fd56f,2
,,,Nc1ccnc(Nc2ccc(Oc3ccc(C4CC4)cc3)cc2)n1,96ba0a8cc620642c,14
,,,CCN(CCNCCc1ccc(O)c2nc(O)sc12)C(=O)CCOCCc1ccccc1,b69806dc782014b0,1
,,,CCCc1cc(-c2nc(-c3ccnc(OC)c3)cs2)ccn1,d5732b468c6628d4,17
,,,COc1cc(C(=O)N2CC[C@](O)(COc3ccccc3C(F)(F)F)C2)ccc1-n1cnc(C)c1,5fdaf74469d5cbe6,3
,,,CN[C@@H](C)C(=O)N[C@H]1CCC[C@H]2C[C@H]3CCN(C(=O)c4ccccc4)C[C@H]3N2C1=O,fd2dc42ed8007ebd,3
,,,Cc1ncoc1-c1nnc(SCCCNC2CC3CC3(c3ccccc3)C2)n1C,783063ee1fd1c785,2
,,,Cc1cc(C#N)cc(F)c1Oc1nc(NC2CCN(c3cccc(C(N)=O)c3)CC2)ncc1Br,50d590779d7c8da2,2
,,,COc1cn(-c2ccc3c(c2F)C2(CCC2)C(=O)N3C)nc(-c2ccnn2-c2ccccc2)c1=O,2bd7896eb5840dbf,14
,,,CC(=O)N[C@@H](Cc1ccc(F)cc1F)[C@H](O)CN[C@H]1CC2(CCC2)Oc2ncc(CC(C)(C)C)cc21,43e1e3858e9ebda5,4
,,,O=C(c1ccc2c(c1)OC(c1ccccc1)(c1ccccc1)O2)N1CCCCC1,20d46c9965eeb442,5
,,,N#Cc1cc(N2CCN(CCN3CCC(C(F)(F)F)CC3)C2=O)ccc1F,0a5b0cf998e018bb,5
,,,COc1ccc2nc(Cn3cnc4ccccc43)cc(=O)n2c1,2ae2e371c814a662,5
,,,Cc1noc(C)c1CCC1CCN(S(=O)(=O)CC2(N(O)C=O)CCS(=O)(=O)CC2)CC1,f92b4dcc3f8e8841,1
,,,CCC(=O)CCCCC[C@H](NC(=O)C1CN(C)C1)c1nc(-c2cnc3ccccc3n2)c[nH]1,2e7b191014b267af,5
,,,CC1(C(=O)O)CCN(c2cc(N3CCC[C@@H](C(=O)NCCc4ccc(C#N)cc4)C3)nc(C(F)(F)F)n2)CC1,ade521525f8bfb71,4
,,,O=C(NC[C@@H](O)CN1CCC(Oc2ccc(Cl)c(Cl)c2)CC1)c1cnc(O)c2cc(S(=O)(=O)NC3CC3)ccc12,36fbe7cd5ea8471f,7
,,,Cc1oc(-c2ccccc2)nc1CN1C[C@H](C(=O)NCc2cccc(N)n2)C[C@@H](c2ccccc2)C1,58256dc6d2e0db93,4
,,,CC1(C)c2cc(OCCNC(N)=O)ccc2C(=O)c2c1[nH]c1cc(C#N)ccc21,ac968fe0ebe677c9,4
,,,Cc1nn(C)c(C)c1N(CC(F)F)S(=O)(=O)c1c(Cl)cc(CCCC2CCN(C)CC2)cc1Cl,af7a78caccbaf6e5,6
,,,CN(C)C(=O)c1ccc(C(=C2CCN(Cc3cscn3)CC2)c2ccccn2)cc1,f9f44927d48a456f,8
,,,CC(C)N(CC[C@H](c1ccccc1)c1cc(CCCNC(=O)CCCCCCCCCCNC[C@H](O)c2ccc(O)c(NS(C)(=O)=O)c2)ccc1O)C(C)C,5613838fa0bd9dce,2
,,,CCn1cc(-c2cc(C(O)(C(F)(F)F)C(F)(F)F)cnc2N2CCN(S(=O)(=O)c3ccc(N)nc3)CC2)cn1,48a9ff59cebdafc8,7
,,,Cc1ncnc(C)c1C(=O)N1C[C@H]2CN(CC[C@H](NC(=O)CC3CC(F)(F)C3)c3cccc(F)c3)C[C@H]2C1,58b2ca9fdb3a1c4b,6
,,,CCCC[C@@H]1CN(CC2CCOCC2)C(=O)OC12CCN(C1(C)CCN(C(=O)c3c(C)ncnc3C)CC1)CC2,738af8f1861e28d7,2
,,,CC[C@H]1C[C@@H](C(=O)NCc2cccc(C)n2)CN(Cc2nc(-c3ccccc3)oc2C)C1,01407c87c02258f6,3
,,,CCNC(=O)Nc1cccc(CCN2CCN(c3cccc4nc(C)ccc34)CC2)c1,2d81c390e307a2cc,2
,,,CNC(=O)c1cc(OC)ccc1CC(=O)N1CCC2(CC1)CN([C@@H]1CCc3cc(-c4cc(C)ncn4)ccc31)C2,a9454bd19572a52d,4
,,,Cc1nc(N)nc(-c2c(Nc3ccc4ccncc4c3)nc3ccccn23)n1,51f6c239b960ee68,4
,,,COc1cc(C(=O)N2CC[C@H](Oc3ccccc3C(F)(F)F)C2)ccc1-n1cnc(C)c1,a05e4aebe9869084,7
,,,Fc1ccc(-c2noc(C[C@@H]3CCN(c4cnc5ccccc5c4)C3)n2)c(Cl)c1,12c20985266326a2,2
,,,C[C@@H](c1ccc2ncccc2c1)n1nnc2ncc(-c3cnn(CCO)c3)nc21,9a9a1124b06b3183,1
,,,COc1ccc(S(=O)(=O)N2C(=O)[C@@](c3cc(CN4CCCC4)ccc3OC)(N3CCC[C@H]3C(=O)N(C)C)c3cc(Cl)ccc32)cc1,d4047fad07a043bb,3
,,,Cc1ccc2c(N3CCN(CCc4cccc5c4OCc4nccn4-5)CC3)cccc2n1,34ec0cc1c0e3c583,10
,,,O=S(=O)(Cc1ccc2c(c1)CCNCC2)c1ccc(-c2ccc(F)c(F)c2)cc1,d7fc597f4d3d6e75,6
,,,COc1ccccc1-c1nc2c(C(=O)N[C@@H]3CN4CCC3CC4)cccc2o1,a841814d258b1330,3
,,,COC(=O)N(Cc1ccccc1-c1ccccc1)[C@H]1CCNC1,dcb577e444988511,7
,,,CC1(COc2ccc3c(c2)[C@]2(COC(N)=N2)c2cc(-c4cncnc4)ccc2O3)COC1,da7bb0dade7f5252,12
,,,c1ccc(N2CCC(c3nnc4n3-c3ccccc3COC4)CC2)nc1,a995e2ca7aaa2598,3
,,,CCn1ncc2ccc(C(=O)Nc3nnc(C4CC4)s3)cc21,eee44407c7bb4758,6
,,,COc1cc2c(cc1-c1c(C)noc1C)ncc1nc(O)n([C@H](C)c3ccccn3)c12,946262327cad7e1b,6
,,,CCN(CCO)C(=O)c1cc2cccnn2c1Cc1cccc(C(F)(F)F)c1,ef0c8c98565f776b,5
,,,CCCc1sc(-c2ccc(OC)c(OCCNS(C)(=O)=O)c2)nc1CSc1nc(N)cc(N)n1,25c169c77c9acf08,10
,,,COc1ccccc1/C(=N/C1CCCCC1)NO,e1918d31c937ed56,4
,,,CN1[C@@H]2CCC[C@H]1C[C@H](NC(=O)c1cccc3oc(C4CC4)nc13)C2,9982058a15f51463,10
,,,O=C(c1ccc(Oc2nccnc2N2CCOCC2)cc1)c1nc2ccccc2[nH]1,d8d6867ac8fa91cd,4
,,,O=C(N[C@@H](CCN1C[C@@H]2CN(C(=O)c3cnccn3)C[C@@H]2C1)c1cccc(F)c1)C1CCCC1,b4d570cae06e9e2a,1
,,,COc1ncc(Nc2ncc([C@@H](C)N3CCN(S(C)(=O)=O)CC3)cc2-c2nc(C)nc(N)n2)cc1F,64e911e0fc70bfee,5
,,,COc1nc2cccnc2n1[C@H]1C[C@@H](Nc2nc3ccccc3s2)C1,2f4dfe5c85b0d115,7
,,,Oc1nc2c(O)ccc([C@@H](O)CNCCCOCCOCCc3cccc4ccccc34)c2s1,59297ed1e4793ea2,3
,,,COc1cc(C)ccc1Oc1ncccc1/C(=N/C1CCCCC1)NO,8611ea49d4d30680,4
,,,CC[C@H](C)C(=O)O[C@H]1C[C@@H](C)C=C2C=C[C@H](C)[C@H](CC[C@@H]3C[C@H](CC(=O)NC)N(Cc4ccc5c(c4)OCO5)C(=O)O3)[C@H]21,f8792745d279f37d,4
,,,CN(C)c1ccc2ccc(C(=O)N3CCC4(CC3)Cc3cn(C(C)(C)C)nc3C(=O)N4)cc2n1,7e695f1041d9fe39,7
,,,CC(C)(CCC(C(N)=O)(c1ccccc1)c1ccccc1)N1CC(OCc2cccc(O)c2)C1,c2a73f520ab27106,7
,,,C[C@H](Nc1nnc(-c2c[nH]c3ncccc23)o1)c1ccccc1,1104946b1c02e7ed,9
,,,Cc1nc2ccncc2n1C1C[C@H]2CC[C@@H](C1)N2CCC(NC(=O)C1CCS(=O)CC1)c1cccc(F)c1,5c56e99fa5fd3bd9,5
,,,CSc1cccc(Sc2ccc([C@@H]3O[C@@H]4C[C@H]5[C@@H]6C[C@H](F)C7=CC(=O)C=C[C@]7(C)[C@@]6(F)[C@@H](O)C[C@]5(C)[C@]4(C(=O)CO)O3)cc2)c1,4bf1690408a7098b,6
,,,CCC[C@H](CO)Nc1nc(S[C@@H](C)c2cccc(C#N)c2)nc2nc(O)sc12,99c3f9e33d81fa54,1
,,,C[C@@H]1CN(C(=O)[C@@H]2CN(C(C)(C)C)C[C@H]2c2ccc(F)cc2F)C[C@H](C)[C@@]1(O)c1ccc(F)c(F)c1,deba48ae7abdc53b,4
,,,COc1ccc(N2CCN(c3c(C)c(C)c4c(c3C)CC(C)(C)O4)CC2)cc1,d40dac25e0062b03,6
,,,CC(=O)N[C@@H](Cc1ccc(OC(F)(F)F)cc1)[C@H](O)CN[C@H]1CC2(CCC2)Oc2ncc(CC(C)(C)C)cc21,b23a51fff9c12b3d,4
,,,O=C(N1CCCC1)C(F)(F)c1ccc(-n2nc(C(F)(F)F)c3c2CCCC3)cc1,15376bf8c0c11204,13
,,,Cc1cccc2nc(C(=O)C3(CCC(C)(C)C)CCNC3)ccc12,b9b0df229a8802ba,9
,,,CN[C@@H](C)C(=O)N[C@H]1CCC[C@H]2C[C@H]3CCN(CCc4ccc(F)cc4)C[C@H]3N2C1=O,66156949caffe361,8
,,,CNCCC(c1ccccc1)c1ccc2[nH]ccc2c1,19e3130d48d500ad,12
,,,CCC(=O)CCCCC[C@H](NC(=O)C1CCN(C)CC1)c1nc(-c2ccc3ccccc3n2)c[nH]1,2011dfdbb6d915db,4
,,,COc1ccc2c(O[C@H]3C[C@H]4C(=O)N(C)CCCC/C=C/[C@@H]5C[C@@]5(C(=O)NS(=O)(=O)C5(C)CC5)NC(=O)N4C3)cc(-c3nc(C(F)(F)F)cs3)nc2c1C,364f812792673978,2
,,,COc1ccc(-c2ccc3nnc([C@@H](C)c4ccc5ncccc5c4)n3n2)cc1F,7d43359a04b0e44c,13
,,,CN[C@@H](C)C(=O)N[C@H]1CCC[C@H]2C[C@H]3CCN(CC(C)c4ccccc4)C[C@H]3N2C1=O,350afd0de1907050,2
,,,COc1cc(Br)c(CC(=O)/N=C(\N)N[C@H](CC(C)C)C(=O)NCc2cccc(-c3nn[nH]n3)c2)cc1OC,c7a08f9082b0941e,4
,,,O=S(=O)(c1cc2c(cc1F)OC(c1ccc(F)cc1F)(c1ccc(F)cc1F)O2)N1CCOCC1,0f62dab08bef3f1f,5
,,,Cc1noc(C)c1CCC1CCN(S(=O)(=O)CC2(N(O)C=O)CCN(C(=O)N3CCC3)CC2)CC1,aec1a7e0467481f0,2
,,,CCn1ncc(S(=O)(=O)N[C@H](C)c2nc3ccc(C(F)(F)F)cc3n2CC)c1C,f525c57970d8a49a,3
,,,Cc1cc(OC2CCN(CC3CCN(C(C)(Cc4ccc(F)cc4)C(=O)O)CC3)CC2)ccc1Cl,f21a25759d9857c6,5
,,,CC(C)(CCC(C(N)=O)(c1ccccc1)c1ccccc1)N1CC[C@H](Oc2ccc(Cl)c(O)c2)C1,bba2e0cc11fe77a0,3
,,,CNC(=O)CCCN(C)C(=O)c1ccc2c(c1)c1c(n2C)CC[C@H](C2CCOCC2)C1,81a2f2bbc47498d1,4
,,,CC1(C)[C@H]2CC=C(CN3CCC(NC(=O)Nc4cncc(-c5cccs5)c4)CC3)[C@@H]1C2,361f550b2513185c,10
,,,COc1cccc(OC)c1C1CC(F)(F)C(=O)N1Cc1ccc(OC(F)(F)F)cc1,4ba866c9cd3ac975,5
,,,Clc1cc(-c2csc3ccccc23)cc2c1OCCN(Cc1cccnc1)C2,e30cba2401c5bb7d,11
,,,CC(=O)Nc1cc(Nc2cc(NC3CC3)n3ncc(C#N)c3n2)ccc1N1CCC[C@@H](N)C1,a71ce2c0c434a633,2
,,,COc1cc(C(=O)NCC2(c3ccc(F)cc3)CCC2)ccc1-n1cnc(C)c1,7020244713501f15,12
,,,CNc1nc(NC2CC2)c2sc(-c3ccc(C(F)(F)F)cc3)cc2n1,41202c068d4b27ce,17
,,,Nc1ccccc1C(=O)N1CCC(C(=O)c2ccc(F)cc2)CC1,4559ce74a83572fe,4
,,,CCc1cccc(C)c1CNc1cccn2c(C)c(C)nc12,51762b3ef9fe90cc,13
,,,CC(C)(C)NC(=O)C1c2cc(C#N)ccc2C(=O)N1Cc1ccccc1-c1ccccc1,cdbdaf453420ea0e,6
,,,Cc1cccc2nc(Cn3cnc4ccccc43)cc(=O)n12,b94603e98457eeca,6
,,,CCN(CCO)C(=O)c1cc2c(C)ccnn2c1-c1cccc(C(F)(F)F)c1,a85951708b14f173,7
,,,CCn1ncc2c(F)cc(C(=O)Nc3nnc(C4(C)CN(C(C)=O)C4)s3)cc21,b2ab24332b6bec73,12
,,,CC[C@H](c1ccc(F)cc1)N(Cc1cccc(C(=O)O)c1)C(=O)c1cnc2ccccc2c1,f9234ceeae86d910,3
,,,N[C@H]1CC[C@@H](Nc2cc(Br)cc3cc(C(=O)O)oc23)CC1,d69cf995bbe8bf4b,7
,,,CN1CCN(Cc2ccc(NC(=O)Nc3cc(C#Cc4cnc5cccnn45)n(C)n3)cc2C(F)(F)F)CC1,8f7af8ff05e288b7,5
,,,CCCc1sc(-c2ccc(OC)c(OCCF)c2)nc1C(C)Sc1nc(N)cc(N)n1,af329e5ee192a729,6
,,,COC(C)(C)C#Cc1ccc2c(c1)[C@]1(COC(N)=N1)c1cc(-c3cncnc3)ccc1O2,68cd264681b32436,11
,,,Cc1cccc(CN(C2CCOCC2)[C@H]2CCNC2)c1C,1033660b796ce80d,5
,,,COc1cccc(CNC(=O)c2cc(-c3nnn(C[C@H]4CC[C@H](NC(C)=O)CC4)n3)cc(C)n2)c1,e596bf6834e9820b,6
,,,CCCNC(=O)c1nnc2c(-c3c(C)cccc3C)cccc2c1N,a35c62fec145d194,9
,,,O=C(c1ccc(F)cc1)C1CCN(C(=O)c2cccc(Br)c2)CC1,d8dcc3212a43afb3,2
,,,Cc1cc(CC(=O)N(C)Cc2ccccc2-c2ccc(CN3C[C@@H](C)N[C@@H](C)C3)cc2)on1,5e082605e07ad5d9,3
,,,[2H]C([2H])(N[C@H]1CS(=O)C[C@@H](Cc2cc(F)c(N)c(O[C@H](COC)C(F)(F)F)c2)[C@@H]1O)c1cccc(C(C)C)c1,12844f5bb5b88b25,4
,,,Cc1cn([C@@H]2C[C@H](O)[C@@H](CNC(=O)Nc3ccc(-c4ccccc4)cc3)O2)c(=O)[nH]c1=O,3862b3cfb055f8a5,2
,,,COC1CCN(Cc2csc(-c3cn(CC4CCOCC4)c4c(Cl)cccc34)n2)CC1,9339ccb20fb04274,5
,,,CCC1(CC)OC(N[C@@H](C)c2ccccc2C(F)(F)F)=NC1=O,4234af75ab98a3de,9
,,,CC(=O)N1CCN(c2nc(NCc3ccc(C(F)(F)F)cc3)c3c(n2)C(=O)N(C(C)C)C3)CC1,5c7935cf6e19e533,7
,,,CC[C@H](C)C(=O)O[C@H]1C[C@@H](C)C=C2C=C[C@H](C)[C@H](CC[C@@H]3C[C@H](CC(=O)NC)N(Cc4ccc(C(=O)O)cc4)C(=O)O3)[C@H]21,6dc02e76a20b8eb2,6
,,,COc1cnc2cccc([C@@H](O)[C@H](O)[C@@H]3CC[C@@H](NCc4ccc5c(n4)NC(=O)CS5)CO3)c2n1,5aa1591f3d56fe10,5
,,,COCCN1CCN(C(=O)c2nc3cc(C(F)(F)F)cc([N+](=O)[O-])c3s2)CC1,9d70814d9235df0d,7
,,,C[C@@H]1CN(C(=O)OC2(C)COC2)CCN1c1ncc(OCc2ccncc2C#N)cn1,b52dddc438453ed2,4
,,,COc1ccc(Nc2nc3ccc(C(C)(C)O)cn3c2-c2nc(C)nc(N)n2)cn1,8530b83a3efa1a22,11
,,,CCOC(=O)C1=C(O)/C(=C\c2cc(CC)n(-c3ccccc3C(F)(F)F)c2CC)N=C1C,ff38ae486d7765e8,4
,,,CC(C)(C)COc1ccc2c(c1)[C@]1(COC(N)=N1)c1cc(-c3cncc(F)c3)ccc1O2,969cc846d1005c1d,8
,,,CC(=O)Nc1cccc(Nc2ncnc(N3CCc4ccccc4C3)n2)c1,19e5441f3edeeec7,13
,,,CC(C)(CNC(=O)N1CCC(c2nc(-c3ccc4ccccc4n3)no2)CC1)N1CCOCC1,793c43eac00eb0bc,3
,,,CC(C)(C(=O)Nc1ccc(N2CCC(NCC3CC3)CC2)c(Cl)c1)c1ccccc1,583abb7696446c3f,8
,,,COc1cccc(CNC(=O)c2cc(-c3nnn(C[C@H]4CC[C@H](NS(C)(=O)=O)CC4)n3)cc(C)n2)c1,77996ec4a0092753,2
,,,CCCCC1CN(CC2CCCCC2)C(=O)OC12CCN(C1CCN(C(=O)c3c(C)cccc3C)CC1)CC2,8f230b4ef0eb4f7b,1
,,,C[C@H](CO)Nc1nc(SCc2cccc(F)c2F)nc2nc(O)cnc12,6796438ffa5ce271,9
,,,Cc1cc(Nc2ncc(Cl)c(Nc3ccccc3S(=O)(=O)C(C)C)n2)c(OC(C)C)cc1C1CCN(C(=O)CN(C)C)CC1,3cfacdd99091e961,4
,,,CCCc1cc(C(O)(C(F)(F)F)C(F)(F)F)ccc1OCCCCN1C(=O)NC(C)(c2ccc3c(c2)OCO3)C1=O,98d90ded6eb89d32,4
,,,N#Cc1ccc(-c2cnc3c(c2)[C@]2(COC(N)=N2)c2cc(-c4cccnc4F)ccc2O3)cc1,e7ea32fdb688c52e,7
,,,CN(Cc1ccccc1)C(=O)n1cnc(S(=O)(=O)[C@@H]2C[C@H]3CC[C@@H]2C3)n1,2b8ff94ccf61e454,7
,,,CS(=O)(=O)c1ccc(C(=O)N2CCC(C(=O)c3ccc(F)cc3)CC2)cc1,c578371afa8e22c8,4
,,,Cc1ccc2c(N3CCN(CCc4cccc5c4OCc4c(C(=O)NC6CC6)ncn4-5)CC3)cccc2n1,f09854e1f751c7fb,4
,,,CCc1ccc(C)n2c(=O)cc(Cn3cnc4ccccc43)nc12,bb1543c8f4604caa,10
,,,CCOC(=O)N(Cc1ccccc1Oc1ccccc1)[C@H]1CCNC1,89a830941ac0822e,19
,,,CCCCN(CCNC[C@H](O)c1ccc(O)c2nc(O)sc12)C(=O)CCOCCc1ccccc1,231bd9b93e90d022,5
,,,Cc1cc(N[C@H]2CCC[C@H](NCc3ccsc3)C2)nc2ccccc12,a2cee162dda2c495,6
,,,NC(=O)[C@H]1[C@@H](c2ccccc2)CCN1C(=O)[C@@H](N)Cc1ccccc1,65cb9a0ccb5a3a62,3
,,,CN(C)CCCNc1nc(N)nc2cc(-c3ccc(C(F)(F)F)cc3)sc12,4b1c09f582f5feaf,8
,,,Cc1cc2c(NC(=O)N[C@@H]3CC(CF)(CF)Oc4ccc(F)cc43)cccc2cn1,6b631a19810b4629,9
,,,O=C(Nc1cc(-c2ccccn2)[nH]n1)N1CCC(c2ccccc2)CC1,3c04f18e692c0771,3
,,,CC(=O)N[C@@H](Cc1ccc(F)c(C(F)(F)F)c1)[C@H](O)CN[C@H]1CC2(CCC2)Oc2ncc(CC(C)(C)C)cc21,c287c25141313d0b,4
,,,Cc1cc(C#Cc2cn(-c3ccc(F)cc3F)c(C)n2)ccn1,488978dc59e65203,6
,,,O=C(NC[C@@H](O)CN1CCC(Oc2ccc(Cl)c(Cl)c2)CC1)c1cnc(O)cc1C(F)(F)F,738601e6f4d7484e,5
,,,O=[N+]([O-])c1cn2c(n1)OC[C@@H](NCc1ccc(OC(F)(F)F)cc1O)C2,8550631915d2ca46,8
,,,Cc1nc(N)nc2c1cc(-c1cnc3ccccc3c1)c(=O)n2[C@H]1CC[C@@H](OCO)CC1,c7abcd5fe0bd6921,1
,,,CC(=O)Nc1ccccc1OC[C@@H](O)CN1CCC2(CC1)Cc1cc(F)ccc1O2,b776e5e6fd5813c7,4
,,,COc1cc(C(=O)NCc2cnc(-c3ccccc3)s2)ccc1-n1cnc(C)c1,770087dcaf0a8a34,17
,,,CC(C)CN(C(=O)c1ccccc1Oc1ccccc1)[C@H]1CCNC1,b073bca8b213a0df,15
,,,Nc1ccc(Cn2c(O)nc3c(N)nc(C(F)(F)F)cc32)cn1,a0623b1353db8c13,6
,,,CCOc1ccc2oc(C(=O)NC(CCSC)c3nc4cccnc4[nH]3)c(C)c2c1,22d1a485a5ae29ef,12
,,,CC(C)c1cc2c(cc1N1CCN(C3COC3)CC1)C(C)(C)c1[nH]c3cc(C#N)ccc3c1C2=O,f7b47493e53ab40a,4
,,,O=C(Nc1ccccc1Cl)N1CCC(c2nc(-c3ccc4ccccc4n3)no2)CC1,0461eaf63c9ef748,2
,,,Cn1cc(-c2ccc(Cc3[nH]nc4ccc(C(N)=O)cc34)cc2)cn1,92ab72dc121042d9,17
,,,O=C(C1CCC1)N(Cc1ccccc1C(F)(F)F)[C@H]1CCNC1,dabbaf41bbcb9c89,5
,,,C[C@@H](c1ccc2ncccc2c1)c1nnc2ccc(-c3ccc(N(C)C)nc3)nn12,4e7d9f9140de715a,9
,,,CN[C@@H](C)C(=O)N[C@H](C(=O)N1C[C@@H]2CCCN2C[C@H]1C(=O)N[C@@H]1CCOc2ccccc21)C1CCC(F)(F)CC1,8f3c9b6a7f808d09,2
,,,Cn1c(N2CCO[C@@H](c3ccc(C#N)cc3F)C2)nc(-c2ccncn2)cc1=O,cc0ea9596d8004fe,7
,,,C=CC(=O)Nc1cccc(-n2c(-c3nc(-c4cnn(C5CCN(C(C)=O)CC5)c4)cnc3N)nc3ccccc32)c1,ad6d8651341f2ae2,7
,,,CCCNC(=O)c1nnc2c(CC(C)C)cccc2c1N,f7f58a10c07948bb,16
,,,Cc1cc2c(NC(=O)N[C@@H]3CC(CF)(CF)Oc4c(F)cccc43)cccc2cn1,2f5c686de3b0b0f2,6
,,,CC[C@@H]1C[C@@H](C(=O)NC[C@@H]2CCCO2)CN(Cc2[nH]c(-c3ccncn3)nc2C)C1,232ee9c28d67324a,7
,,,Cc1cc(Nc2ccc(C(F)(F)F)c(F)c2)n2ncnc2n1,e4caea2618e284a9,4
,,,c1ccc(COc2ccc3c(c2)CCN(C2CCCC2)CC3)cc1,462b590c36960ed9,4
,,,CCS(=O)(=O)c1ccc2c(c1)nc(C(C)(C)C)n2CC1CC1,505fa1a327b381da,16
,,,Cc1cccc(C)c1CNc1cc(-c2cnc(O)nc2O)cn2c(C)c(C)nc12,b18aee8f4acc1d9b,14
,,,CCCc1cc(C(O)(C(F)(F)F)C(F)(F)F)ccc1Oc1ccc(C(=O)CN2C(=O)NC(C)(c3ccc(OC(C)C)cn3)C2=O)c(O)c1,1b769f3e3c65dd7a,1
,,,O=c1ccn(COCCOC(c2ccccc2)(c2ccccc2)c2ccccc2)c(=O)[nH]1,4c06dc35a8493947,4
,,,O=[N+]([O-])c1cn2c(n1)OC[C@@H](NCc1ccc(OC(F)(F)F)c(Cl)c1)C2,5ecd4389bec574f4,4
,,,C[C@H](NC(=O)[C@@H](Cc1c[nH]c2ccccc12)NC(=O)[C@@H](N)Cc1c[nH]cn1)C(=O)N[C@@H](Cc1c[nH]c2ccccc12)C(=O)N[C@H](Cc1ccccc1)C(=O)N[C@@H](CCCCN)C(N)=O,38583d42bee4eb5c,2
,,,COc1ncc(Nc2ncc(C3(O)CC3)cc2-c2nc(C)nc(N)n2)cc1F,4037977234cb9826,6
,,,COc1ccc(N(C(=O)c2ccoc2C)C(C(=O)NC[C@@H](C)O)c2ccccc2F)c(OC)c1,dc308a9623e6df60,2
,,,CC(C)n1cc(C(=O)c2cncc(N[C@@H]3CCN(C=O)[C@@H]3c3ccc(F)cc3)n2)c2c(N)ncnc21,d4c2e3791bd4b076,7
,,,C[C@@H](C(=O)N[C@H](C#N)CC(N)=O)N(Cc1ccc(-c2cccc(F)c2F)cc1)S(C)(=O)=O,a0b3529e3fbcb8ea,4
,,,COc1ccc(S(=O)(=O)N2C(=O)[C@@](c3cc(CN4CCCC4)ccc3OC)(N3CCC[C@H]3c3ncco3)c3cc(Cl)ccc32)cc1,fe33ef508774b89e,3
,,,CC(=O)NCc1ccc(-n2nc(C(F)(F)F)c3c2CCCC3)cc1,c8554893bd620162,4
,,,CC1(C)OC(=O)N([C@H]2CC[C@H](C(=O)Nc3cccc4cccnc34)CC2)[C@H]1c1ccccc1,6d2fff6aa0be4377,1
,,,COc1ccc(C2CC(c3ccc(Br)cc3)=NN2C(C)=O)cc1,214057c2b0099a69,4
,,,Nc1cc(C2CC2)nc2c(Cc3ccccc3)c(=O)[nH]n12,d955b65e6def0517,3
,,,CC(C)(C)CCC1(C(=O)c2cc3ccccc3[nH]2)CCNC1,e192522c8ab61a1c,7
,,,Cc1oc(-c2ccccc2)nc1CN1CCC[C@@H](C(=O)NCc2cccc(N)n2)C1,3a9cd0192dfeabae,9
,,,CC(C)S[C@H](NC(=O)[C@@H](C[C@H](O)[C@@H]1COCc2cccc(c2)C(c2ccccc2)NC(=O)c2cc(cc(N(C)S(C)(=O)=O)c2)C(=O)N1)C(C)C)C(=O)NCc1ccccc1,5ac2d2eed43e8eea,5
,,,Nc1ncc(-c2cc(N3CCOCC3)nc(N3CCOCC3)n2)cn1,1f3baa5412e4b95e,5
,,,Cc1ccc(-n2c(C)nnc2C)cc1S(=O)(=O)NC1CCCC1,f6a1d3820094bbe4,19
,,,Cc1ccc2c(N3CCN(CCc4cccc5c4OCc4c(C(=O)N6CCC6)ncn4-5)CC3)cccc2n1,4f506269dae3f608,2
,,,NC(=O)c1c(NC(=O)Cn2nc(C(F)(F)F)cc2C(F)(F)F)sc2c1CCCC2,8000cdedd0e10051,3
,,,O=C(c1ccc(Oc2nccnc2N2CCOCC2)cc1)c1nc2ccccc2s1,12ab34d9aaf24484,2
,,,O=C(Nc1cccc2cccnc12)c1ccc(N2CC(c3ccccc3)CC2=O)cc1,b22b90d133b2ba6f,6
,,,CC(C)(C)C/N=C(\NO)c1ccccc1-c1ccccc1,0fe608d024d93cb1,6
,,,Cc1cc(/C=C/C#N)cc(C)c1Oc1cc(Nc2ccc(C#N)cc2)c(N)cc1[N+](=O)[O-],3b26d9deae5543f8,14
,,,CC1(C)CCC(Cc2cc(O)c(-c3ccccc3)c(O)n2)CC1,17a3290315d86570,6
,,,COC(=O)N1C[C@@H]2CCC(O)(C#Cc3cccc(C)c3)[C@@H]2C1,55d19c450960482c,6
,,,CCN(CCCC(=O)NC1CC1)C(=O)c1ccc2c(c1)c1c(n2C)CCC(C2CCOCC2)C1,fcfdd60b415c80db,7
,,,N#Cc1ccc2ccn(-c3ccnc(N)n3)c2c1,4b5087d73ac3687c,3
,,,CCCC[C@H]1CN(CC2CCCCO2)C(=O)OC12CCN(C1(C)CCN(C(=O)c3c(C)ccnc3C)CC1)CC2,6c2ef824dd4c4a24,5
,,,Cc1ccc([C@H](C(=O)N(C)C)N2C(=O)[C@@H](C3Cc4ccccc4C3)NC(=O)[C@H]2CC(C)(C)C)cn1,88ca83732734de41,4
,,,O=C(CCc1cccc(O)c1)N1CCC2(CC1)CCN(C(=O)Nc1ccc(OC(F)(F)F)cc1)C2,c0ee8a9059cc4968,5
,,,CC(C)(C)COc1cnc2c(c1)[C@]1(COC(N)=N1)c1cc(-c3cncnc3)ccc1O2,4440b70ecfbacd4b,4
,,,NC1=N[C@@]2(CO1)c1cc(-c3ncccc3F)ccc1Oc1c2cc(C2=CCCOC2)nc1F,854b230a75bdc6ba,16
,,,C=CC(=O)Nc1cccc(-n2c(-c3nc(-c4cnn(C5CCN(C)CC5)c4)cnc3N)nc3cnccc32)c1,b7243738dcfdb689,2
,,,Cc1ccc(C(C)(O)c2nc3ccccc3s2)c(C)c1,5c159834ecbd535c,9
,,,CNS(=O)(=O)Nc1cc(Cc2c(C)c3ccc(OC(=O)N(C)C)cc3oc2=O)ccn1,5e79d9ce64a4ce97,3
,,,CC(=O)N[C@H]1C(C)(C)[C@H](Oc2ccc(C#N)c(C(F)(F)F)c2)C1(C)C,54d0e44a8fea1504,4
,,,COc1ccc(S(=O)(=O)N2C(=O)[C@@](c3cccnc3OC)(N3C[C@H](O)C[C@H]3C(=O)N(C)C)c3cc(Cl)ccc32)c(OC)c1,458b1a069e7444a3,4
,,,Cc1nc(N)nc(-c2c(Nc3ccc4cccnc4c3)nc3ccccn23)n1,69a39e623d9e980c,4
,,,COc1ccc(Cc2cc([C@]34OC[C@](CO)(O3)[C@@H](O)[C@H](O)[C@H]4O)ccc2Cl)cc1,01063a96b1bfacf0,4
,,,CCOCc1nnc(C2CCN(c3ccccn3)CC2)n1Cc1ccccc1,c78f7c9ac92bcbf1,2
,,,Nc1cncc(Nc2ccc(Oc3ccc(C4CC4)cc3)cc2)n1,ab8f652dd30646bb,10
,,,Cc1ccc(N2CC[C@@H](NC(=O)Nc3ccccc3Br)C2)cc1F,d529a01e8ef71fd4,4
,,,Nc1cncc(Nc2ccc(Oc3ccc(OC(F)(F)F)cc3)cc2)n1,845328796cf83390,12
,,,O=C(c1cc(F)c2[nH]ccc2c1)C1(Cc2ccccc2)CCNC1,dda15dfa1f2daaac,17
,,,CCOC(=O)C1=C(O)/C(=C\c2cc(C)n(-c3ccncc3)c2C)N=C1C,ec1141e0a24f742f,4
,,,N#Cc1ccc(CCNC(=O)[C@@H]2CCN2c2cc(N3CCC(Oc4ccc(C(=O)O)cc4)CC3)nc(C(F)(F)F)n2)cc1,fba79aa4714e48eb,2
,,,N#Cc1ccccc1Oc1ccc(C(=O)NCc2ccncn2)cc1,a47678d574b20134,21
,,,COC[C@@H](Oc1cc(C[C@@H]2CS(=O)C[C@H](NCc3cccc(C(C)(C)O)c3)[C@H]2O)cc(F)c1N)C(F)(F)F,de383f192d1783d0,3
,,,Cc1cc(C)cc(CN2C[C@@H]3[C@H](CNc4nc(-c5ccccn5)cs4)[C@@H]3C2)c1,472caec832bb614f,7
,,,C[C@H](c1ccc(F)cc1)N(Cc1cccc(C(=O)O)c1)C(=O)c1cc2ccccn2n1,d15c335edc46320b,12
,,,CO[C@H]1CCCN1C(=O)c1cc2c(cc1F)OC(c1ccc(F)cc1F)(c1ccc(F)cc1F)O2,d01fe68ccc6d9a11,10
,,,COCCCOc1cccc([C@H]2NC(=S)Nc3c2oc2ncccc32)c1,aee78c10aca2528d,2
,,,CCCCC1CN(S(C)(=O)=O)CCC12CCN(C1(C)CCN(C(=O)c3c(C)ncnc3C)CC1)CC2,82efa58e903f22db,1
,,,CC1(C)c2cc(N3CCN(S(C)(=O)=O)CC3)ccc2C(=O)c2c1[nH]c1cc(C#N)ccc21,6941b0fbd8c133c9,6
,,,Cc1n[nH]c2c(C)cc(C(=O)N3CCC4(CC3)Cc3cn(C(C)C)nc3C(=O)N4)cc12,6b769ef14c7a312a,12
,,,CN1[C@@H]2CCC[C@H]1C[C@H](NC(=O)c1cccc3oc(N4CCOCC4)nc13)C2,e0054ca16bfeac7d,3
,,,CCCN1CNC(=O)C12CCN([C@H]1CCCC[C@H]1c1ccccc1)CC2,c65de9d1dcfc89ff,2
,,,CC(=O)N1CCC(CS(=O)(=O)N2CCC(CCc3c(C)noc3C)CC2)(N(O)C=O)CC1,8593aba8eb46c9bc,2
,,,Cc1ncc(Cn2nc(-c3n[nH]c(C(F)(F)F)n3)c3cccnc32)cn1,fefca05c9fa228de,6
,,,CC(C)[C@@H](Nc1nnc(-c2c[nH]c3ncccc23)o1)c1ccccc1,53600bfb77e6a969,14
,,,CO/C(O)=C1/C(C)=NC(C)=C(C(=O)OC(C)(C)CN(C)CCC(c2ccccc2)c2ccccc2)C1c1cccc([N+](=O)[O-])c1,630f05de8a77cf7a,1
,,,C[C@H](NC(=O)[C@H]1NCC[C@@H]1O)c1ccc(-c2noc(CCC3CCCCC3)n2)cc1,b8e18d049a696e96,4
,,,CC(C)COc1ccc(-c2cc(O)nc(N)n2)cc1,d5995e71f0cdc38f,15
,,,CCOc1ccc2nc(SCc3nc4ccccc4s3)sc2c1,5c3d736f11e0a2d3,14
,,,O=C(Nc1nc2c(O)ncnc2s1)c1ccccc1,a16449efb0813551,3
,,,Cn1ncc(C(=O)N2[C@@H]3CC[C@H]2C[C@@H](Nc2[nH]nc4ccc(F)cc24)C3)c1Cl,299f8ba3cf60c8d6,16
,,,Cc1cc2c(NC(=O)N[C@@H]3CC(C)(C)Oc4c3ccc(C(F)(F)F)c4F)cccc2cn1,8b53bed5cb001a88,5
,,,CC(C)(C)COc1ccc2c(c1)[C@]1(COC(N)=N1)c1cc(-c3ccccn3)ccc1O2,aeebd84ce6fe40dd,8
,,,CCN(CCN)c1ccc(Nc2cc(NC3CC3)n3ncc(C#N)c3n2)cc1NC(C)=O,a712fddfcf5203e6,2
,,,N#Cc1ccc(CCNC(=O)[C@@H]2CCN2c2cc(-c3ccc([C@H]4CC[C@H](C(=O)O)CC4)cc3)nc(C(F)(F)F)n2)cc1,169c1f4e1b2e870c,2
,,,O=C(O)CCCCCCc1ccc(Cc2ccc3ccccc3n2)cc1,bb7f07ae69b84aec,3
,,,O=C1OC2(CCN(c3nc4cc(F)ccc4[nH]3)CC2)CN1c1ccccc1,8d0c2dae6aea5d18,2
,,,CCCCC1CN(S(=O)(=O)C2CCOCC2)CCC12CCN(C1(C)CCN(C(=O)c3c(C)ncnc3C)CC1)CC2,850a15d845d01be8,1
,,,Nc1ccc(S(=O)(=O)N2CCN(c3ncc(C(O)(C(F)(F)F)C(F)(F)F)cc3-c3cnccc3F)CC2)cn1,30441751b8092da9,3
,,,O=S(=O)(c1ccc2c(c1)OC(c1ccccc1)(c1ccccc1)O2)N1CCCCC1,3c98a9574cc143f0,6
,,,CC(C)C(=O)N1C[C@@H]2[C@H](CNc3nc(-c4ccccn4)cs3)[C@@H]2C1,450b573f935b8da3,8
,,,CC(C)CC[C@@]1(C)C(O)=C(C2=NS(=O)(=O)c3cc(NS(C)(=O)=O)ccc3N2)C(=O)c2ccccc21,971382414a5ef0be,10
,,,COCC(O)Cn1cc(-c2ccc3c(c2)N(c2nc4c(s2)C(=O)NC(C)(C)C4)CCO3)cn1,b9948aadca7290cc,6
,,,CC(C)(Cc1ccccn1)N1C(=O)c2ccccc2C1C(=O)NCc1ccc(OC(F)(F)F)cc1,ab8d08e390cc4b85,1
,,,CCn1c(-c2cnc(Nc3ccc(C)nc3)c(Cl)c2)nc2ccccc21,4dc441218f94632b,10
,,,Nc1ccnc(N2CCC(NC(=O)[C@@H]3CCCO3)(c3ccccc3)CC2)c1,cb74dfaf7b8c2ce3,9
,,,Oc1nc2c(O)ccc([C@@H](O)CNCCSCCCOCCc3ccccc3)c2s1,813dbea088364857,4
,,,NC1=N[C@@]2(CO1)c1cc(-c3cccnc3F)ccc1Oc1c2cc(C2CCCOC2)nc1F,759dc6491097a5c9,7
,,,CCOc1cc(C)c(CN(C(=O)c2ccc(-n3cnc(C)c3)c(OC)c2)C2CC2)cc1C(C)C,d4c9c25ceaf55ad2,11
,,,Cc1cccc(C)c1CNc1cc(-n2ncnc2CO)cn2c(C)c(C)nc12,44b8082055795009,16
,,,CNS(=O)(=O)Nc1cccc(Cc2c(C)c3cc(C)c(OC(=O)N(C)C)cc3oc2=O)c1,8c816f54d25df85a,2
,,,O=C(Nc1cccc2cccnc12)c1ccc(N2C(=O)CC[C@H]2c2ccccc2)cc1,54534bc1fe81ead7,7
,,,CCOc1cc(C)c(N2CCN(c3noc(CC)n3)[C@@H](C)C2)cn1,3c4c9009e43d8412,16
,,,CCCNC(=O)c1nnc2c(-c3cccc(C)c3)cccc2c1N,12e16376ba26ef61,15
,,,O=S(=O)(c1cccc(CCCCOCCCCCCNC[C@H](O)c2ccc(O)c(CO)c2)c1)C1CCCC1,32933e39cc1a48f7,2
,,,CCN(CCO)C(=O)c1cc2cc(OC)cnn2c1-c1cccc(C(F)(F)F)c1,1a34446e4880f75d,5
,,,Nc1ncnc2c1nnn2CC1CCCCO1,8f1148be9cff9751,5
,,,Cc1ncnc(C)c1C(=O)N1C[C@H]2CN(CC[C@H](NC(=O)CC3CCC(F)(F)CC3)c3cccc(F)c3)C[C@H]2C1,77b0af4f3961f87e,2
,,,CCn1c([C@@H](C)NS(=O)(=O)c2ccc(Cl)cc2)nc2ccc(OC)cc21,a7b8fc3d08b19c6c,2
,,,CCC(=O)CCCCC[C@H](NC(=O)C1CN(C)C1)c1nc(-c2ccc3nccnc3c2)c[nH]1,5ed4688330ae5f1a,8
,,,CONC(=O)CCCN(C)C(=O)c1ccc2c(c1)c1c(n2C)CC[C@@H](C2CCOCC2)C1,9f2dbcecd10234b3,4
,,,Cn1cc(-c2ccc(Cc3[nH]nc4ccc(NS(C)(=O)=O)cc34)cc2)cn1,2a38afacad4c0e80,5
,,,Cc1cccc(C#Cc2ncn3c2COc2ccccc2-3)n1,cd49dd91582cb79e,2
,,,Cc1noc2c1-c1sc(C)c(C)c1C(c1ccccc1)=N[C@H]2CC(N)=O,bfd8138bc4935a8e,10
,,,CC(=O)Nc1cc(Nc2cc(NC3CC3)n3ncc(C#N)c3n2)ccc1N(C)CCN,7031e0272e98c68f,3
,,,COc1cc2c(cc1-c1cnco1)C(=O)N(C)C1(CCN(C(=O)N(C)c3ccccc3)C1)N2,e77b1f7e546e263f,13
,,,Cc1nnc2n1-c1c(F)cc(-c3cncc(F)c3)cc1CC2,47ea9c038965f68f,8
,,,COc1ccc2c(C)cc(N[C@H]3CC[C@H](NCc4cn(C)c5ccc(OCc6ccccc6)cc45)C3)nc2c1,43c99f72230e5e31,6
,,,CC(=O)N1CC[C@@H](Nc2cncc(C(=O)c3cn(C(C)C)c4ncnc(N)c34)n2)[C@H]1c1ccc(F)cc1,e0e3f5b1b6590c1f,7
,,,CCOc1ccc(N2CCN(c3noc(C4(NC(C)=O)CCC4)n3)[C@@H](C)C2)c(C)c1,d5f3f3ccce205d0d,8
,,,CC(O)CCNC(=O)c1cc2cc(C#N)ccc2n1Cc1cccc(OC(F)(F)F)c1,f84f818111153563,13
,,,COc1ccc(C(C)(C)C)cc1Cn1c(C(=O)NCC2(CO)CC2)cc2cc(C#N)ccc21,dfbad9e3bb390ac9,2
,,,CCc1nc2ccn(Cc3ccccc3C#N)c(=O)c2n1[C@H]1CCc2cc(-c3ccccc3-c3nn[nH]n3)ccc21,7f1aafe3a3351cfa,17
,,,Cn1cc(-c2ccc(Cc3[nH]nc4ccc(-c5cc(N)ccn5)cc34)cc2)cn1,65d235ba567d6f3e,4
,,,CCOC[C@@H](CC(C)C)NC(=O)[C@@H]1CNC[C@H](C(=O)N(c2cc(OCC)c(CC)cn2)C2CC2)[C@@H]1O,73d1013d00a0b6f1,1
,,,[2H]C([2H])([2H])N1CCN(Cc2ccc(C(=O)Nc3ccc(C)c(Nc4nccc(-c5cccnc5)n4)c3)cc2)CC1,5ece0bcec133e1ee,2
,,,Cc1cccc2c1C(C(=O)NCc1ccc(OC(F)(F)F)cc1)N(CCc1ccccn1)C2=O,731973b4697e84b8,2
,,,CNS(=O)(=O)Nc1cccc(Cc2c(C)c3ccc(OC(=O)N(C)C)cc3oc2=O)c1,f0a2d1823592b1ed,6
,,,COc1ccc(S(=O)(=O)N2C(=O)[C@@](c3ccc(CN4CCCC4)cc3OC)(N3CCC[C@H]3C(=O)N(C)C)c3cc(Cl)ccc32)cc1,c8cbdb0d229adda6,5
,,,CC(=O)N[C@@H](CCN1[C@@H]2CC[C@H]1C[C@@H](n1c(C)nc3c1CN(C(C)C)CC3)C2)c1ccccc1,00afeb800a85469d,4
,,,CC[C@H](NC(=O)[C@H]1NCC[C@@H]1O)c1ccc(-c2noc(CCC3CCCCC3)n2)cc1,cf520493f405e9b8,3
,,,CC(C)(C)COc1ccc2c(c1)[C@]1(COC(N)=N1)c1cc(-c3ccncc3)ccc1O2,73b5c57899a35031,4
,,,CCOC(=O)C1=C(O)/C(=C\c2cc(C)n(-c3cccc(OC)c3)c2C)N=C1C,9d631cbc40b83d73,11
,,,CCOC(=O)N(Cc1ccccc1-c1ccccc1)[C@@H]1CCNC1,c3812fbe6704eed2,10
,,,CC1=CSC(OCC(F)(F)F)(c2ccc(Br)cc2)c2noc(=O)n21,8d4b9e5873369b71,11
,,,CCCc1cc(C(O)(C(F)(F)F)C(F)(F)F)cc(CCC)c1OCCCCN1C(=O)NC(C)(c2ccc(OC(C)C)cc2)C1=O,563622c77109d7f2,2
,,,Cn1c2c(c(=O)n1Cc1ccccc1C(F)(F)F)[C@H]1CC[C@]2(C)C1(C)C,456c51bd384ea64a,6
,,,CC(C)(C)n1nnc2c1CCC(c1nc(-c3ccc(F)cc3)no1)C2,56574bbf85d785bc,7
,,,COc1cccc(OC)c1[C@@H]1C[C@@H](O)C(=O)N1Cc1ccc2oc3ccccc3c2c1,7571927ac260c4fc,2
,,,Cc1nn(C)c(C)c1N(C(F)F)S(=O)(=O)c1c(Cl)cc(CCCOC[C@@H]2CCCCN2C)cc1Cl,549e7c1a64eeef10,1
,,,CCN(CCO)C(=O)c1nc2cccnc2n1-c1cccc(C(F)(F)F)c1,37fc2b9beeadf6ce,4
,,,O=C(c1ccc(Oc2nccnc2N2CCCCC2)cc1)c1nc2ccccc2[nH]1,5f8153f45bfa4933,5
,,,O=C(NCC1(N2CCOCC2)CCCCC1)N1CCC(c2nc(-c3ccc4ccccc4n3)no2)CC1,28cad74049656aa4,2
,,,COCc1cc(OC)c(-c2csc3c(N(CC(C)C)C4CCOCC4)c(OC)nn23)c(OC)c1,c1e80a710c6126f5,3
,,,COc1cncc(Nc2ncc(C(C)(C)O)cc2-c2nc(C)nc(N)n2)c1,833d1978087d49db,7
,,,C[C@@H](NC(=O)C1CCCCN1C)c1ccc(Nc2ncc3cc(-c4ccncc4)ccc3n2)cc1,84a99449cddd528b,5
,,,COc1nc2cccnc2n1-c1ccc(Nc2ccc3ccccc3n2)cc1,5cfa8d0d815f23dc,11
,,,O=C(CNC(=O)c1ccc(F)cc1)NC(c1ccccc1)c1cccc(C(F)(F)F)c1,c04058a41c9d012d,7
,,,COc1cn(-c2ccc3c(c2F)C(C)(C)C(=O)N3C2CCC2)nc(-c2ccnn2-c2ccccc2)c1=O,5279d8740a98e6bf,12
,,,Cc1noc(C)c1CCC1CCN(S(=O)(=O)CC2(N(O)C=O)CCC2)CC1,26058d7ab48648bf,2
,,,C[C@](O)(c1ccc(N2CCN(S(=O)(=O)c3cccs3)C[C@@H]2CN2[C@H]3COC[C@@H]2[C@H](O)C3)cc1)C(F)(F)F,418e1be4012b4099,4
,,,Cc1cccc(C)c1C(=O)N1C[C@H]2CN(CC[C@H](NC(=O)C3CCCC3)c3ccccc3)C[C@H]2C1,02e0643583386035,12
,,,O=C(c1cc(-n2ccc3ccccc32)c(O)cc1O)N1Cc2ccccc2C1,fb1a4b06236e3e06,8
,,,CCC(=O)CCCCC[C@H](NC(=O)CCN(C)C)c1nc(-c2cc(OC)c3ccccc3n2)c[nH]1,3aca22c392a59ac7,4
,,,COc1ncc(-c2cc3c(C)nc(N)nc3n([C@H]3CC[C@H](OCO)CC3)c2=O)cc1F,6142469a612c2c96,1
,,,CN[C@@H](C)C(=O)N[C@H]1CCC[C@H]2C[C@H]3CCN(CC4CCCCC4)C[C@H]3N2C1=O,25d969d7fbe35242,2
,,,COC(C)(C)C#Cc1cnc2c(c1)[C@]1(COC(N)=N1)c1cc(-c3cccnc3F)ccc1O2,0955caa3c6737769,11
,,,CC(=O)CC(c1ccccc1)c1c(O)oc2ccccc2c1=O,77144a7f9f6a4e64,8
,,,CC(=O)N[C@@H](CC(C)N1CCC(n2c(C)nnc2C(C)C)CC1)c1ccccc1,7237415b0e94ad77,4
,,,CN(CCO)C(=O)c1ccc(C(=C2CCN(Cc3cscn3)CC2)c2cccc3cccnc23)cc1,66da2f578ea8f473,1
,,,Oc1nc2c(O)ccc([C@@H](O)CNCCSCCCNCCc3ccccc3)c2s1,7b9cc1c2e2b08115,1
,,,CCn1cc(C(=O)N[C@@H]2C(C)(C)C3CC[C@]2(C)C3)c(=O)c2ccc(F)cc21,f70278632e9007f0,3
,,,COCc1cc(OC)c(-c2csc3c(N(CCC4CC4)C4CCOCC4)c(OC)nn23)c(OC)c1,c8125843ccac7ba0,3
,,,COc1cc2nccc(CN3CCc4c(C(=O)Nc5ccc(F)c(C(F)(F)F)c5)cccc4C3=O)c2cc1OC,387bf6d6e983fbb1,2
,,,CC(=O)N[C@H]1C(C)(C)[C@H](Oc2ccc(C#N)c(C)c2)C1(C)C,df5c151b01831cd7,4
,,,Fc1ccccc1Cc1nc(-c2nc[nH]n2)n2ccccc12,138ef7872f239ebe,6
,,,C[C@@H](/N=C1/C=C(O)CC1)c1ccc(Nc2ncc3cc(-c4ccncc4)ccc3n2)cc1,e7864bb2cf18cf95,6
,,,Cc1c(Cl)ccc(OC2CCN(C[C@H](O)CNC(=O)c3cnc(O)c4ccc(S(C)(=O)=O)cc34)CC2)c1Cl,43392d9a91609f3d,5
,,,O=C(O)c1cc2cc(Br)cc(NCC3CCNCC3)c2o1,acc3ca7904d98c72,5
,,,CC(C)[C@H]1C(=O)Nc2ccc(N3CCN(Cc4ccccc4)CC3)cc2-c2nc3cc(C(=O)N(C)C4CCN(C)CC4)ccc3n21,e430a9b085d3e109,3
,,,CCc1nc2ccn(Cc3ccccc3C)c(=O)c2n1[C@H]1CCc2cc(-c3ccccc3-c3nn[nH]n3)ccc21,21ba4772bb3e9ba4,11
,,,CCC1(CC)C[C@@H](NC(=O)Nc2cccc3cnc(C)cc23)c2cccc(F)c2O1,62c6293d4950496b,6
,,,CC1(C)Cc2nc(N3CCOc4ccc(Nc5ccc(N6CCNCC6)nn5)cc43)sc2C(=O)N1,27d19c099925ed59,5
,,,CC(=O)N[C@@H](Cc1ccc(F)c(C)c1)[C@H](O)CN[C@H]1CC2(CCC2)Oc2ncc(CC(C)(C)C)cc21,b3cf1c3b7e8c0ed4,8
,,,Cc1c(-c2cc(C(O)(C(F)(F)F)C(F)(F)F)cnc2N2CCN(S(=O)(=O)c3ccc(N)nc3)CC2)cnn1C,bc1b071e0dcd2534,3
,,,COc1ccc(-c2cc3c(C)nc(N)nc3n([C@H]3CC[C@@H](OCC(N)=O)CC3)c2=O)cn1,637b1115a8528d7a,4
,,,CCN(CC)C(=O)c1ccc([C@H](c2cccc(NC(=O)OC)c2)N2CCN(Cc3cncs3)CC2)cc1,f92162df7e8e5ebe,6
,,,Fc1ccccc1Cc1nc(-c2n[nH]c(C(F)(F)F)n2)n2ccccc12,ea1298a010e6df3a,6
,,,CC1(C)C[C@@H](NC(=O)Nc2cccc3cnccc23)c2cc(F)ccc2O1,8a08e6896c0f2083,4
,,,C(#Cc1ncn2c1COc1ccccc1-2)c1cccnc1,9a5add1f24bbc62b,2
,,,COc1nc(C(=O)N2CC[C@H](Oc3ccccc3C(F)(F)F)C2)ccc1-n1cnc(C)c1,c4f3ef4c81810a2f,16
,,,C=C(C)[C@@H]1CC[C@]2(C(=O)NCCCCCCCCC(=O)N[C@@H](CCC(N)=O)C(=O)OCc3ccccc3)CC[C@]3(C)[C@H](CC[C@@H]4[C@@]5(C)CC[C@H](O)C(C)(C)[C@@H]5CC[C@]43C)[C@@H]12,0be30358f2869a4b,3
,,,Cc1ccc(Oc2ccc(Nc3nccc(N)n3)cc2)cc1,e81afb4f089e02a6,14
,,,Oc1nc(COCCc2ccc(F)cc2)nc2ncccc12,471ad93453ea2dc7,6
,,,CCc1cc2c(cc1N1CCN(C3COC3)CC1)C(C)(C)c1[nH]c3cc(C#N)ccc3c1C2=O,99fbfc91a7afd6d3,4
,,,CN1CCN(c2ccc(-c3ccc4c(c3)N(c3nc5c(s3)C(=O)NC(C)(C)C5)CCO4)nn2)CC1,87681effc1b8cd27,8
,,,COc1ccc(CC(=O)N2CCC3(CC2)CN([C@@H]2CCc4cc(-n5nccn5)ccc42)C3)nc1,c7b3d3e1b433f3c5,14
,,,O=C(NCc1ccc(F)cc1)c1cnn2c1N[C@@H](c1ccc(OC3COC3)cc1)C[C@H]2C(F)(F)F,5b87f96cbeb13a28,7
,,,CCCc1c(C(=O)Nc2cc(S(=O)(=O)N(C)C)ccc2C)cnn1-c1ccccc1,38adc0199a2c2cb8,7
,,,CC1CCN(C(=O)CS(C)(=O)=O)CC1N(C)c1ncnc2[nH]ccc12,d603e6ac22136afd,3
,,,CC(C)COc1ccc(-c2cc(O)nc(N)n2)cc1C#N,36dfcc14ea8c12ae,10
,,,COc1cccc2c1CC(C(=O)N[C@H]1C[C@@H]1c1ccccc1)CC2,fdd0267547adfc3a,7
,,,COCCO/C(O)=C1\C(C)=NC(C)=C(C(=O)OC(C)C)C1c1cccc([N+](=O)[O-])c1,61b3fc83c701db27,4
,,,CC(C)(CCC(C(N)=O)(c1ccccc1)c1ccccc1)N1CCC(Oc2cccc(O)c2)CC1,67cd43c27b324dc7,2
,,,O=C(NCc1ccncc1)c1nnc(CS(=O)(=O)c2ccccc2)o1,de815daea857df38,8
,,,Fc1ccccc1Cc1nc(-c2n[nH]c(C(F)(F)F)n2)n2cccnc12,33f710db50674352,8
,,,CCn1ncc2c(F)cc(C(=O)Nc3nnc(C4(C)CCN(C(=O)CO)CC4)s3)cc21,2add179fc458312f,6
,,,O=C(NCC1CC1)c1cncc(NCCc2cccc(O)c2)n1,f845a4232768efeb,6
,,,COc1cncc(-c2ccc3c(c2)[C@@]2(COC(N)=N2)c2cc(OCC(C)(C)C)ccc2O3)c1,34832b401f738ebe,13
,,,CN(C)c1ccc(Oc2ccc(Nc3nccc(N)n3)cc2)cc1,ba26b18c29825a08,8
,,,O=C(O)CCNc1nc(N2CCc3ccccc3CC2)cc(-n2nccn2)n1,ca59c00a04d67cad,7
,,,CCN(CCO)C(=O)c1cc2cccnn2c1-c1ccc(C(F)(F)F)cc1,408d46b03a0b2ab8,5
,,,N#Cc1ccc(CCNC(=O)[C@@H]2CCN2c2cc(-c3ccc(-c4ccc(C(=O)O)cc4)cc3)nc(C(F)(F)F)n2)cc1,b0ccfd7aff21b3e5,4
,,,O=C(Nc1cccc2cccnc12)c1ccc(N2C[C@H]3[C@@H](C2=O)[C@H]2C=C[C@@H]3C2)cc1,d03413b996ff530a,4
,,,CCN(CC)C1(CNC(=O)N2CCC(c3nc(-c4ccc5ccccc5n4)no3)CC2)CCCC1,39787d08e247ac1f,2
,,,CC[C@@H]1C[C@@H](C(=O)NC[C@@H]2CCCO2)CN(Cc2nc(-c3ccccc3)oc2C)C1,497db31be8faf13a,2
,,,CNS(=O)(=O)Nc1cccc(Cc2c(C)c3ccc(OC(=O)N(C)C)cc3oc2=O)n1,1a22046bd9a1d463,2
,,,COc1cccc(C(=O)N(c2ccccn2)C2CCN(c3cc(N)ccn3)CC2)c1,e2b8f190fc4e22e3,12
,,,Cc1cc(C)c(CNC(=O)c2c(C)n(C(C)c3cnn(C)c3)c3ccccc23)c(O)n1,9cb60926b3ca6c2f,9
,,,C[C@@H]1CN(Cc2ccc(-c3cccnc3C(=O)N3CCC(Nc4ccc(F)cc4)CC3)cc2F)C[C@H](C)N1,aac361905a0358e8,9
,,,CCN(CC)C(=O)c1ccc(C(=C2CCNCC2)c2cccc(F)c2)cc1,ed8e4f0dd700c03c,7
,,,Cc1cn2c(n1)COc1c(CCN3CCN(c4cccc5nc(C)ccc45)CC3)cccc1-2,20ea3076a2bc5c97,3
,,,Cn1cc(-c2ccc(Cc3[nH]nc4ccc(C(=O)NC5CC5)cc34)cc2)cn1,5913f18aa235d014,6
,,,COc1ccc(C(C)(C)C(F)(F)F)cc1CN[C@H]1CCCN[C@H]1c1ccccc1,6d6ce01e3d4c9f7f,5
,,,CCN(CC)C(=O)c1ccc(N(c2cccc(NS(C)(=O)=O)c2)C2CCN(Cc3ccccc3)CC2)cc1,c13eb81c7dc80c75,2
,,,CN1CC[C@H](NC(=O)C[C@@H]2C(=O)NC=CN2S(=O)(=O)c2cccc(Cl)c2Cl)C(C)(C)C1,0ddc914d1b89e5a3,3
,,,COc1ccc(OCC(=O)N2CCC3(CC2)CN(Cc2ccccc2)C3)cc1,9158f270c57ca09c,5
,,,COc1c(C(=O)NC2CCN(CCO)CC2)n(C)c2c1c(=O)n(CC(=O)c1ccccc1)c1ccccc21,f45f628da55c56ee,2
,,,Cc1ccc(S(=O)(=O)N2C=CNC(=O)[C@H]2CC(=O)N[C@H]2CCN(CC(C)(C)C)CC2(C)C)cc1,dbc4d98ea50317ca,1
,,,Cc1sc2nc(Cn3cnc4ccccc43)cc(=O)n2c1C,5833428653cc49a6,6
,,,COc1cccc2c1c(NS(=O)(=O)c1ccc(Cl)s1)nn2Cc1cccc(CNC(C)=O)c1,fc26ebdebc38a54f,3
,,,O=C(Nc1cccc2cccnc12)c1ccc(N2C(=O)CCC2c2ccccc2)cc1,feefb8ae09d160d8,10
,,,CC(C)(C)CCc1ccc2c(c1)[C@]1(COC(N)=N1)c1cc(-c3cncnc3)ccc1O2,db9b5e1f3a30fa48,11
,,,COc1ccc2c(O[C@H]3C[C@H]4C(=O)N(C)CCCC/C=C/[C@@H]5C[C@@]5(C(=O)NS(=O)(=O)C5CC5)NC(=O)N4C3)cc(-c3csc(C(F)(F)F)n3)nc2c1C,c550e450d2a2b2ee,6
,,,CCOC[C@@H](CC(C)C)NC(=O)[C@@H]1CNC[C@H](C(=O)N(c2ccc(C(C)C)c(OCCCOC)n2)C2CC2)C1,b38636cd1390748a,1
,,,CC(=O)N[C@@H](Cc1ccc(C(F)(F)F)c(F)c1)[C@H](O)CN[C@H]1CC2(CCC2)Oc2ncc(CC(C)(C)C)cc21,760b2da16776e5b0,5
,,,Oc1nc2c(O)ccc([C@@H](O)CNCCc3cccc(CNCCc4ccccc4F)c3)c2s1,5d0a2ea8a7dbf973,3
,,,CNc1nc(NCCCN2CCOCC2)c2sc(-c3ccc(C(F)(F)F)cc3)cc2n1,af814145f996546a,6
,,,COC(=O)N1[C@@H]2CC[C@H]1C[C@](O)(C#Cc1cccc(C)c1)C2,56d5626f23a1a385,12
,,,O=C(NCc1ccc(OC(F)(F)F)cc1)C1c2cccc(F)c2C(=O)N1CCc1ccccn1,881eecc85ed9ceef,4
,,,COc1ccc2c(c1O)CCCC(CCCC#N)=C2c1cc(OC)c(OC)c(OC)c1,69981276617b94b6,5
,,,NS(=O)(=O)c1ccc(-c2cn([C@@H]3O[C@H](CO)[C@@H](O)[C@H](O)[C@H]3O)nn2)cc1,c78961727444b787,1
,,,CCc1ccc(CC(=O)N2CCC3(CC2)CN([C@@H]2CCc4cc(-c5ncccn5)ccc42)C3)nc1,c6da3ef80b4bffd0,11
,,,CC(=O)N[C@H]1C(C)(C)[C@H](Oc2ccc(C#N)c(C#N)c2)C1(C)C,4825f74826d5a5ac,4
,,,O=C(NCc1ccc(OC(F)(F)F)cc1)C1c2ccccc2C(=O)N1CC(F)(F)c1ccccn1,bf4807eb0b41269b,2
,,,O=C(Nc1cc(-c2csc(O)n2)cc(S(=O)(=O)NC2CCCC2)c1)c1cccs1,6c0e83cdf310374c,17
,,,Cc1ccccc1-n1c(C)nnc1C1CCN(c2ccccn2)CC1,b0902dacf1684260,5
,,,CCN(CCO)C(=O)c1cc2ccc(C)nn2c1-c1cccc(C(F)(F)F)c1,348d387c1e500003,6
,,,N#Cc1ccc2c(c1)cc(C(=O)NCCC1(O)CCC1)n2Cc1cccc(OC(F)(F)F)c1,a3aee035854ec48b,4
,,,CN[C@@H](C)C(=O)N[C@H]1CCC[C@H]2C[C@H]3CCN(S(=O)(=O)c4ccccc4)C[C@H]3N2C1=O,50a9d0fa3a36453d,2
,,,Cc1ccc(CC(=O)N2CCC3(CC2)CN([C@@H]2CCc4cc(-c5cc(C)ncn5)ccc42)C3)nc1,00c974ad3f5160b3,6
,,,CCC(C)n1c(C)c(C(=O)NCc2c(C)cc(C)nc2O)c2ccccc21,5aabd06805662bc6,10
,,,Nc1cncc(Nc2ccc(Oc3ccc(F)cc3)cc2)n1,fcfe8c73da60f15f,10
,,,Nc1cncc(Nc2ccc(Oc3ccc(C(F)(F)F)cc3)cc2)n1,d4cf37e63af28267,15
,,,COC(=O)N1CCCCC12CCCC(O)(C#Cc1cccc(C)c1)C2,b6ffefe7c71da830,3
,,,c1ccc(CN(c2ccc3[nH]ccc3c2)C2CCCNC2)cc1,a0943eb615b3c7e6,16
,,,NC1=N[C@@]2(CO1)c1cc(-c3cccnc3F)ccc1Oc1ncc(C3=CCOCC3)cc12,0f8cee9c063f8660,18
,,,Cc1cc(O)ccc1NC(=O)c1cc(N(CC2CC2)C2CCCCC2)ncn1,1436f11186e0f99b,2
,,,C=CC(=O)Nc1cccc(-n2c(-c3nc(-c4cnn(C5CCN(C)CC5)c4)cnc3N)nc3ccccc32)c1,74a4cd34a52230da,2
,,,N#Cc1cc(F)cc(-c2nc(-c3ccc(F)cn3)no2)c1,06b361663c8eeaa8,4
,,,CC(C)n1cc(C(=O)c2cncc(N[C@@H]3CCN[C@@H]3c3ccc(F)cc3)n2)c2c(N)ncnc21,fd9608d8a1db511d,5
,,,Cc1ccccc1CCC1CCN(S(=O)(=O)CC2(N(O)C=O)CCOCC2)CC1,afcb8124d31ecea7,1
,,,COc1ccc(CNCc2cccc(CCNC[C@H](O)c3ccc(O)c4nc(O)sc34)c2)cc1,b14264c2f6caaf13,1
,,,CCCCCOc1ccc(C(=O)NC(C(=O)O)C(C)C)cc1,32f318343d85f67a,15
,,,COc1cccc(F)c1[C@@H]1C[C@H](F)C(=O)N1Cc1ccc2oc3ccccc3c2c1,4cea315d7c032e8d,1
,,,COc1cc2nccc(Oc3ccc4c(C(=O)Nc5ccncc5)cccc4c3)c2cc1OC,4ae4e84d75fcb36b,20
,,,CC(C)N1CCN(C(=O)C2CC3(CCN(C4CCOCC4)CC3)C2)CC1,0a059bf68fa170aa,6
,,,Nc1ccnc(Nc2ccc(Oc3ccc(F)cc3)cc2)n1,07ba6bfb14a1a8e6,7
,,,CC(C)S(=O)(=O)c1ccc(-c2cnc(N)c(C(=O)Nc3ccccc3)n2)cc1,00c83db36d10c1bd,12
,,,C[C@@H](c1ccc2ncccc2c1)c1nnc2ccc(-c3ccc(S(C)(=O)=O)cc3)nn12,41c7e670278bead3,6
,,,COc1ccc(OC)c(-c2cccc3c(N)c4c(nc23)CN(C)C4=O)c1,36ce54df2a8f03f0,6
,,,Cc1ccc(S(=O)(=O)N2C=CNC(=O)[C@H]2CC(=O)NC2CCCCC2C)cc1,112427c50744ddb2,2
,,,Cc1ccc(Cn2c(C)nnc2C2CCN(c3ccccn3)CC2)cc1,f6f10be9a2cfdfd7,2
,,,Cc1cc(S(N)(=O)=O)ccc1NC(=O)c1cc(N(CC2CC2)C2CCCCC2)ncn1,56f66f53dffdda82,1
,,,CCCN(CCNCCc1ccc(O)c2nc(O)sc12)C(=O)CCOCCc1ccccc1,3fb1cc9a0649faaf,5
,,,CN1CCN(CCCNc2nc(-c3ccccn3)nc3c2CN(Cc2ccccc2)CC3)CC1,dea87513b9694144,2
,,,CC(C)(C)COc1ccc2c(c1)[C@]1(COC(N)=N1)c1cc(-c3cncnc3)ccc1O2,b10dd973155f1b63,4
,,,Cc1ncnc(C)c1C(=O)N1CCC(C)(N2CCC(N3C(=O)N(C[C@H]4CC[C@H](O)CC4)C[C@H]3c3ccccc3)CC2)CC1,88dcbb6b1a9e45c1,6
,,,Nc1nccc(-n2ccc3ccncc32)n1,c5137cb487af2cdf,3
,,,O=c1ccn(CCCCCCO[Si](c2ccccc2)(c2ccccc2)c2ccccc2)c(=O)[nH]1,5a7200a392bf572c,3
,,,CN1CCN(c2cc(N3CCC[C@@H](C(=O)NCCc4ccc(C#N)cc4)C3)nc(C(F)(F)F)n2)CC1,e24f62fd3b96ce5c,2
,,,CC(C)n1cc(C(=O)c2cncc(N[C@@H]3CCO[C@@H]3c3ccc(F)cc3)n2)c2c(N)ncnc21,8d55834a1a9a4042,8
,,,CCCCn1c(SCC(=O)Nc2cc(C)on2)nnc1-c1ccco1,985381ef6e46389b,8
,,,COc1ccc(OC)c(-c2cccc3c(N)c(C(=O)NCCC(F)(F)F)nnc23)c1,897795957d147fa5,15
,,,CC(C)(CCC(C(N)=O)(c1ccccc1)c1ccccc1)N1CC[C@H](Oc2cccc(O)c2)C1,3d5d8b59bd375d70,2
,,,CC(C)(CNC(=O)c1cnc(N2CCC(CO)CC2)cn1)c1ccccc1,37cbe21a12428db7,5
,,,Cc1ccc(Cc2ccccc2/C(=N/C2CCCCC2)NO)cc1,f4e8f6499c69ffd9,6
,,,CN[C@@H](C)C(=O)N[C@H](C(=O)N1C[C@H]2CCCN2C[C@H]1C(=O)N[C@@H]1CCC(F)(F)c2ccccc21)C1CCCCC1,1dec6d858f521857,1
,,,CCCC[C@H]1CN(CC2CCOCC2)C(=O)OC12CCN(C1(C)CCN(C(=O)c3c(C)nc(C(F)(F)F)nc3C)CC1)CC2,29eb502b4875487a,4
,,,COc1ccc(C(=O)NC[C@@H](O)CO)cc1/C=C/c1ccc(Cl)cc1,cb8724adfa4223ef,5
,,,Cc1c(F)cccc1C(=O)N(CC(C)C)[C@H]1CCNC1,4e99ea37a0775029,2
,,,CCCS(=O)(=O)N(Cc1ccccc1-c1ccccc1)[C@H]1CCNC1,3a5629450d71a237,6
,,,C[C@@H]1CN(Cc2ccc(-c3ccccc3CN(C)C(=O)CS(=O)(=O)c3ccccc3)cc2)C[C@H](C)N1,aa48418789383b42,1
,,,O=[N+]([O-])c1cn2c(n1)OC[C@@H](NCc1ccc(OC(F)(F)F)cc1Oc1ccccc1)C2,df52c2824db937c8,4
,,,O=C(O)COCc1nnc(C2CCN(c3ccccn3)CC2)n1Cc1ccccc1,db4010b3250a15e8,2
,,,COc1ccc2c(c1O)CCCC(CCC#N)=C2c1cc(OC)c(OC)c(OC)c1,25131f859314d35e,5
,,,CN1CCN(C(=O)c2cc(N3CCc4c(-c5cnc(N)nc5)nc(N5CCOCC5)nc43)ccn2)CC1,86f109818a99d612,1
,,,CC1(C)Cc2nc(N3CCOc4ccc(-c5cnn(Cc6ccccc6)c5)cc43)sc2C(=O)N1,7bd86c54553f53c4,19
,,,CNCc1ccc(OC)c([C@@]2(N3CCC[C@H]3c3ncco3)C(=O)N(S(=O)(=O)c3ccc(OC)cc3)c3ccc(Cl)cc32)c1,b2556b56c2d0524c,5
,,,Cc1noc(C)c1CCC1CCN(S(=O)(=O)CC(C)(C[C@H](C)c2ncc(F)cn2)N(O)C=O)CC1,e438901d8f353e09,1
,,,COc1ccc(CC(=O)N2CCC3(CC2)CN([C@@H]2CCc4cc(-n5nccn5)ccc42)C3)cc1,57ec5a64ad45c9f0,8
,,,N#Cc1ccc2[nH]c([C@H]3CC[C@]4(CC3)CN(c3ccccn3)C(=O)O4)nc2c1,0c9b058ec700b038,2
,,,Cc1nn(C)c(C)c1N(CC(F)(F)F)S(=O)(=O)c1c(Cl)cc(CCCC2CCN(C)CC2)cc1Cl,78d49ff999fa8029,2
,,,Cc1nc(N)nc(-c2c(Nc3cccc4[nH]ncc34)nc3ccccn23)n1,f8369b0bd07a7ec8,2
,,,Cc1cc(-c2cc3c(c(F)n2)Oc2ccc(-c4cccnc4F)cc2[C@@]32COC(N)=N2)ccn1,6275c9ef43acff2c,11
,,,CC(C)CC(=O)N(Cc1ccccc1-c1ccccc1)[C@H]1CCNC1,43d02ddbde523532,12
,,,O=C(NCc1cccc(OC(F)(F)F)c1)C1c2ccccc2C(=O)N1CCc1ccccn1,1156f6d57819fe2b,1
,,,CC(C)(C)NC(=O)C1c2ccccc2C(=O)N1Cc1ccccc1-c1ccc(F)cc1,5cbe77041c368b8a,6
,,,COc1cccc2nc(N[C@H]3CCC[C@H](NCc4ccsc4)C3)ccc12,455b63d4bd8354cd,2
,,,O=C(NCc1ccc(OC(F)(F)F)cc1)C1c2ccccc2C(=O)N1CCOCC(F)(F)F,9bf34d8bc2e95fff,6
,,,CC(C)CN(C(=O)c1ccccc1C(C)C)[C@H]1CCNC1,7c506d2c4156d79a,7
,,,Cc1ccc2c(N3CCN(CCc4cccc5c4OCc4c(C(=O)NC6CCC6)ncn4-5)CC3)cccc2n1,4f262a4c274fb1c3,1
,,,C[C@@H](/N=C1/C=C(O)CCC1)c1ccc(Nc2ncc3cc(-c4ccncc4)ccc3n2)cc1,39571ee322616d11,9
,,,NC1=N[C@@]2(CO1)c1cc(-c3cccnc3F)ccc1Oc1c2cc(C2=CCOCC2)nc1F,6d3e2fc1b6b40a6f,17
,,,CSc1ccccc1CN([C@H]1CCNC1)S(C)(=O)=O,0099cff43e30ab3a,9
,,,N#CCCN1C(=O)c2ccccc2C1C(=O)NCc1ccc(OC(F)(F)F)cc1,a2fe6fe16fa7c693,8
,,,CN1CCN(CCN(C)c2ccc(Cn3c(O)nc4c(N)nc(C(F)(F)F)cc43)cn2)CC1,1ef5a43f69431180,6
,,,O=C(N[C@H]1CN2CCC1CC2)c1cnc2ccsc2c1O,c6bcf12a0dd80827,2
,,,CC(=O)Nc1ccc(F)cc1OC[C@@H](O)CN1CCC2(CC1)Cc1cc(F)ccc1O2,36172a10f20b5404,4
,,,CCCc1cc(-c2nc(-c3ccccn3)cs2)ccn1,8890e6fb667f2731,9
,,,Cn1cc(-c2cnc3nnn(Cc4ccc5c(c4)OCCO5)c3n2)cn1,e4de161c7e222842,11
,,,Nc1ncc(-c2cc(N3CCOCC3)nc(N3CCOCC3)n2)c(O)n1,c9b3d8f0516bc39b,8
,,,CC(O)(c1ccc(N2CCN(S(=O)(=O)c3cccs3)C[C@@H]2CN2CCC(F)(F)CC2)cc1)C(F)(F)F,8535c03443385312,7
,,,CCS(=O)(=O)c1ccc2c(c1)nc(C(C)(C)C)n2C[C@@H]1CCCO1,643788b048a9a5bf,21
,,,Cc1cc(Nc2ccc(C(F)(F)F)cc2)n2nc(C(F)(F)F)nc2n1,c76e71b81c5d55ce,4
,,,C/C(=N\NC(=O)C(NC(=O)c1ccccc1)c1nnc(O)c2ccccc12)c1cccc(Br)c1,aa7da86d875ddd90,7
,,,Cc1cc(/C=C/C#N)cc(C)c1Oc1cc(Nc2ccc(C#N)cc2)c(N)cc1C(N)=O,d6e1fc265cfdaea6,10
,,,CN(Cc1ccc(C(C)(C)C)cc1)C(=O)n1cnc(S(=O)(=O)[C@@H]2C[C@H]3CC[C@@H]2C3)n1,3c840e7cd48097c3,10
,,,Cc1c(C#N)c(N)nc2c3c(sc12)NC(=O)CC3c1ccccc1Cl,f13fff6df5fd6dcf,6
,,,COc1ccc(-c2c(C(=O)N3CCC[C@H]3CO)cc3cccnn23)cc1,2d827bba800829dd,6
,,,COc1ccc(C(=O)NC2(c3ccccc3)CCN(c3cc(N)ccn3)CC2)c(OC)c1,5fdbcd8164417f07,5
,,,CC1(C)OC(=O)N(c2ccc(C(=O)Nc3cccc4cccnc34)cc2)[C@H]1c1ccccc1,d1b75d5fb4da68fd,4
,,,CCN(CC)C(=O)[C@H]1OC2(CCN(c3cc(N)ccn3)CC2)c2ccccc21,0f0f4a656e2c1c9f,10
,,,CC1(C)c2cc(OCCN3CCS(=O)(=O)CC3)ccc2C(=O)c2c1[nH]c1cc(C#N)ccc21,fd2b93059de272f7,6
,,,Clc1ccccc1C1CCc2[nH]cnc2C1,eafc5902fd720c1a,6
,,,CCCCCS(=O)(=O)NC(=O)CCc1ccc(OCCOC)cc1Oc1ncc(C(F)(F)F)cc1Cl,e874a5f17f14738f,1
,,,COc1cccc(OC)c1[C@@H]1C[C@H](F)C(=O)N1Cc1ccc2oc3ccccc3c2c1,a03024666be38153,3
,,,CO/C(O)=C1\C(C)=NC(C)=C(C(=O)OCC(C)C)C1c1ccccc1[N+](=O)[O-],72afcb43c7849707,4
,,,CC[C@@H](C)[C@@H]1C(=O)N[C@H](C2Cc3ccccc3C2)C(=O)N1[C@@H](C(=O)N(C)C)c1ccc(C)nc1,18d545497e1a6616,4
,,,Nc1nc(C(F)(F)F)cc2c1nc(O)n2Cc1ccc(NCCN2CCCC2)nc1,f59848b300d82d3a,15
,,,Nc1nc(C(=O)N2N=C3CCCC[C@@H]3[C@@]2(O)C(F)(F)F)co1,6a1f39aaf51f3679,2
,,,Cc1nn(C)c(C)c1N(C)S(=O)(=O)c1ccc(-c2cccc(CN3CCN(C)CC3)c2)cc1,8ad368d3b67bafa1,3
,,,Cc1nc(Cl)nc(C)c1C(=O)N1C[C@H]2CN(CC[C@H](NC(=O)CC3CC(F)(F)C3)c3ccccc3)C[C@H]2C1,1e0917fc7c18ba3a,3
,,,COCCCn1cc(CN(C(=O)[C@H]2CNC[C@@H](C(=O)NCCC(C)C)C2)C2CC2)c2ccccc21,32eba7eb54008ccc,5
,,,CN[C@@H](C)C(=O)N[C@H](C(=O)N1C[C@H]2CC(F)(F)CN2C[C@H]1C(=O)N[C@@H]1CCOc2ccccc21)C1CCC(F)(F)CC1,10e9f9fd940d17c4,6
,,,Nc1ccc(S(=O)(=O)N2CCN(c3ncc(C(O)(C(F)(F)F)C(F)(F)F)cc3-c3ccc4[nH]ncc4c3)CC2)cn1,db147c4ef652b4f2,4
,,,COC[C@@H](Oc1cc(C[C@@H]2CS(=O)C[C@H](NCc3cccc(OC(F)(F)F)c3)[C@H]2O)cc(F)c1N)C(F)(F)F,128b4d29084704d2,1
,,,Cn1c(N2CCO[C@@H](c3ccccc3F)C2)nc(-c2ccncn2)cc1=O,69baed00a6bb3aa0,3
,,,C[C@@H](c1ccc2ncccc2c1)c1nnc2ccc(-c3ccc(C#N)cc3)nn12,0fe6a0930a4e8e7f,7
,,,CCc1ccccc1Oc1ncccc1/C(=N/C1CCCCC1)NO,1b492a13c55a6863,6
,,,O=C(Nc1ccc(OC(F)(F)F)cc1)N1CCC2(CCN(C(=O)C3CCCCC3)CC2)C1,28a0a4db389bb2f1,2
,,,Cc1csc2nc(Cn3cnc4ccccc43)cc(=O)n12,6b289babcf9f746d,6
,,,Cc1ccc(-c2csc(O)n2)cc1S(=O)(=O)NC1CCCC1,15fedc36c33e23e2,16
,,,Cc1ccc2c(N3CCN(CCc4cccc5c4OCc4c(C(N)=O)ncn4-5)CC3)cccc2n1,5a6020c276f302dc,4
,,,Cc1ccc(OC(C)C(=O)N2CCN(C(=O)c3ccccc3)C[C@H]2C)cc1C,1ce9a16a8756a8bc,8
,,,N#CC1(NC(=O)[C@@H]2CCCC[C@H]2C(=O)N2CCN(c3nc4cccnc4s3)CC2)CC1,93236210ecc582b3,3
,,,Cc1ccn2c(=O)cc(Cn3cnc4ccccc43)nc2c1,9576c3f004b18ff8,6
,,,COc1ccc(Cc2cc([C@]34OC[C@](CO)(O3)[C@@H](O)[C@H](O)[C@H]4O)ccc2C)cc1,22c87277a0c34ff3,7
,,,CN1Cc2c(C#Cc3ccccc3)ncn2-c2ccc(F)cc2C1=O,aebdd58a9ffb1943,2
,,,Cc1cc(Cn2c(O)nc3c(N)nc(C(F)(F)F)cc32)no1,9f26210c03efe069,5
,,,CCCN(c1c(OC)nn2c(-c3c(OC)cc(COCC)cc3OC)csc12)C1CCOCC1,a4b0b7e165c180d2,3
,,,CN1CCN(C(=O)c2cccc(N3CCc4c(-c5cnc(N)nc5)nc(N5CCOCC5)nc43)c2)CC1,2f0ae7e7795e992b,2
,,,CCCCCS(=O)(=O)NC(=O)C(Cc1ccc(OCCOC)cc1Oc1ncc(C(F)(F)F)cc1Cl)OC,f2d699002a391929,5
,,,Cc1ccc2c(N3CCN(CCc4cccc(NC(=O)Nc5ccccc5)c4)CC3)cccc2n1,119139e56f0f4fc8,2
,,,CCc1ccc2c(C)nc(NC3=NC(C)=CC(C)(C)N3)nc2c1,11bc790ac8fcb347,1
,,,CCCCCS(=O)(=O)NC(=O)/C=C/c1ccc(OCCCC#N)cc1Oc1ncc(C(F)(F)F)cc1Cl,281d073c7bf0026b,4
,,,C=CC(=O)Nc1cccc(-n2c(-c3nc(-c4cnn(C)c4)cnc3N)nc3ccccc32)c1,33928cb8db04c9cc,4
,,,CCOP(=O)(COc1ccc(C[C@H](NC(=O)O[C@H]2CO[C@H]3OCC[C@H]32)[C@H](O)CN(CC(C)C)S(=O)(=O)c2ccc(OC)cc2)cc1)OCC,2e3d596751b164d0,5
,,,CC(=O)Nc1cccc(Nc2ncnc(N3CCC(OCc4ccc(C(F)(F)F)cc4)CC3)n2)c1C,bf2c8dbaaeada07b,2
,,,O=C(NCCO)[C@H]1CCCN(Cc2nc(-c3cn(CC4CCS(=O)(=O)CC4)c4c(Cl)cccc34)ns2)C1,d4e99319c2b6b45a,2
,,,COc1ccc(Br)cc1Cn1c(C(=O)NCCCO)cc2cc(C#N)ccc21,a9781f2e91612034,7
,,,O=[N+]([O-])c1cn2c(n1)OC[C@@H](NCc1ccc(OC(F)(F)F)cc1OCC1CC1)C2,29e6203ee30383fb,1
,,,COCCCOc1cccc([C@H]2NC(=S)Nc3c2oc2ccccc32)c1,dc21a9f7d97b8661,7
,,,CN1Cc2c(C#Cc3ccccc3)ncn2-c2cccc(Cl)c2C1=O,d391e50632874345,2
,,,CCCCCS(=O)(=O)NCCCc1ccc(OCCOC)cc1Oc1ncc(C(F)(F)F)cc1Cl,b118b87832310ac2,3
,,,Cc1nc2nc(NCc3cccc(Br)c3)nn2c(O)c1Cc1ccccc1,20ad27e1635a8ca6,7
,,,O=C(NCc1ccccc1)c1cc(-c2ccco2)on1,4b620b3040c820a9,5
,,,Cc1ccc(Cn2c(O)nc3c(N)nc(-n4cccn4)cc32)cn1,7d975ac6ba901154,4
,,,Cc1cc(Nc2cncc(N[C@@H](C)c3ccc(F)cn3)n2)n[nH]1,2b352ce77e57c9a6,12
,,,Oc1nc2c(O)ccc([C@@H](O)CNCCc3ccc(CNCCc4ccccc4F)cc3)c2s1,fe4bd7231e69575b,1
,,,CC[C@H](C)CN1C(=O)c2ccccc2[C@@H](C(=O)O)[C@@H]1c1cc2ccccc2o1,788c8df7f9590cbc,11
,,,Cc1nn(C)c(C)c1N(C)S(=O)(=O)c1ccc(CCCC2CCN(C)CC2)cc1,ef14271c76817959,7
,,,CC1(C)Cc2nc(N3CCOc4ccc(Nc5ccc(-c6ccccc6)nn5)cc43)sc2C(=O)N1,eb9c71fb762c96dc,11
,,,C[C@@H]1CN(Cc2ccc(-c3ccccc3C(=O)N3CCC(Cc4ccc(F)cc4)CC3)cc2)C[C@H](C)N1,a5f314b7c76a19ed,3
,,,CCS(=O)(=O)c1ccc2[nH]c(-c3cccc(-c4ccccc4)c3)nc2c1,6743fe3188b1ebfd,12
,,,Cc1nnc2ncc(-c3ccc(F)cc3)nn12,9270788fc6a60daf,2
,,,Cc1ccc2c(N3CCN(CCc4cccc5c4OCc4c(C(=O)N6CCCCC6)ncn4-5)CC3)cccc2n1,ae1a6f11357c0f4b,2
,,,COc1ncc(Nc2ncccc2-c2nc(C)nc(N)n2)cc1F,fe274ea178036f2e,4
,,,CCN(C)C(=O)c1ccc([C@H](c2cccc(NC(=O)OC)c2)N2CCN(Cc3cscn3)CC2)cc1,d90f7e565cff76dc,4
,,,COCc1ccccc1C1CCc2[nH]cnc2C1,1f98424d2ed662f0,14
,,,CCCN(c1c(OC)nn2c(-c3c(OC)cc(C#N)cc3OC)csc12)C1CCOCC1,da61cb22e1516882,1
,,,C[C@H](c1ccc(F)cc1F)N(Cc1cccc(C(=O)O)n1)C(=O)c1cc2ccccc2cn1,0f37c8f10ffd9866,5
,,,CC[C@H]1CCCCN1C(=O)c1cnc(Nc2ccc(C)nc2)c(Cl)c1,0493a0a07a08a176,4
,,,CCS(=O)(=O)c1ccc2c(c1)nc(C1CCC1)n2CC1CC1,556e2b4139199e29,18
,,,CCOC(=O)c1c(-c2cccc(Br)c2)nc2cc(OC)c(F)cc2c1O,5d477d95f4ba7baf,9
,,,CN[C@@H](C)C(=O)N[C@H]1CCC[C@H]2C[C@H]3CCN(C(c4ccccc4)c4ccccc4)C[C@H]3N2C1=O,0ae5b0f23999f702,1
,,,Cc1cc(F)cc(C)c1C(=O)N1C[C@H]2CN(CC[C@H](NC(=O)C3CCCC3)c3ccccc3)C[C@H]2C1,50cafc997c9403d9,7
,,,CC(C)(C)COc1ccc2c(c1)[C@]1(COC(N)=N1)c1cc(-c3cccnc3)ccc1O2,8db1681ff6cec05d,8
,,,Cc1cc2c(cc1N1CCN(C3COC3)CC1)C(C)(C)c1[nH]c3cc(C#N)ccc3c1C2=O,4b41c68c21d17ec1,2
,,,CCOC(=O)c1c(-c2cc(F)cc(OC)c2)nc2cc(OC)c(F)cc2c1O,9a6b3ceac8d5d407,8
,,,O=C(O)[C@H](Cc1cccc(C(F)(F)F)c1)N1CCC(CN2CCC(Oc3ccc(Cl)c(Cl)c3)CC2)CC1,c726e8c2a7c53e78,8
,,,CCOc1ccc(N2CCN(c3noc(C(C)(C)NC(C)=O)n3)[C@@H](C)C2)c(C)c1,f605c245003cedb9,9
,,,Cc1c(C(F)(F)F)cc2nc(C3=N[C@H](C(=O)N4CCCC4)CO3)sc2c1[N+](=O)[O-],ba6e1c8bd1341910,4
,,,COc1cccc(OC)c1[C@@H]1C[C@H](F)C(=O)N1Cc1ccc(OC(F)(F)F)cc1,2c228333848e8c79,4
,,,COCCCn1cc(CN(C(=O)[C@H]2CNC[C@@H](C(=O)Nc3c(C)cccc3OC)C2)C2CC2)c2ccccc21,5230692282f7157b,7
,,,CCN(CC)C(=O)c1ccc(N(c2cccc(O)c2)C2CCN(Cc3ccccc3)CC2)cc1,1ad462fbd1d28c0f,10
,,,CC(=O)N[C@@H](CCN1C[C@@H]2CN(C(=O)c3ccccc3)C[C@@H]2C1)c1ccccc1,01a9bec50ecb5155,1
,,,COC[C@@H]1C[C@@H](C(=O)NCC2CCOCC2)CN(Cc2[nH]c(-c3ccncn3)nc2C)C1,196f6875741742a1,5
,,,CCn1ncc2c(F)cc(C(=O)Nc3nnc(C4(C)CCN(C(=O)C(C)(C)O)CC4)s3)cc21,e8c0a0bfaae2e472,1
,,,COc1ccc(NC(C)=O)c(OC[C@@H](N)CN2CCC3(CC2)Cc2cc(F)ccc2O3)c1,bb5add981f9e2689,1
,,,O=C(Nc1cc(-c2ccccn2)[nH]n1)N1CCC(Oc2ccccc2)CC1,de8e56b34111bcfb,6
,,,N#CCC(=O)N1CCC(c2nc(-c3cccs3)no2)CC1,8f405f34aa437250,5
,,,CCc1cccc2c1N(C)Cc1cc3c(cc1-2)OCO3,8d31c9076dac69bd,4
,,,CCCc1c(OCCCCN2C(=O)NC(C)(c3ccc(OC)cc3)C2=O)ccc2c(C(F)(F)F)cc(=O)oc12,67a8bf2af324e8f9,5
,,,Cc1csc(C(=O)N[C@H]2CC[C@@H](NC(=O)c3cc(F)cnc3Oc3cccc(-c4ccc(CN5C[C@@H](C)N[C@@H](C)C5)cc4CN4CCOCC4)c3)CC2)n1,9ddf91c776f5b372,2
,,,CCOC[C@@H](CC(C)C)NC(=O)[C@@H]1CNC[C@H](C(=O)N(c2cc(OCC)c(CC)cn2)C2CC2)C1,03409ada26581e9f,1
,,,CC(C)(C)NC(=O)NCCN1CCC(NC(=O)c2cc(Cl)cc(Cl)c2)C1,7981618ac760150e,4
,,,CCOC(=O)C1=C(O)/C(=C\c2cc(C)n(-c3ccc(SC)cc3)c2C)N=C1C,0a85cdd9ac6685f2,6
,,,CN1CCN(c2nccnc2Oc2ccc(C(=O)c3nc4ccccc4[nH]3)cc2)CC1=O,79d814a181d1d5fc,15
,,,CC(C)C(=O)N(Cc1ccccc1Oc1ccccc1)[C@H]1CCNC1,93a59c59d480ac87,5
,,,c1ccc(Cn2ccc3c(OC4CCN(Cc5cc[nH]n5)CC4)ncnc32)cc1,9d7b11c12bcf0fde,3
,,,CC(=O)N1CCC(NC(=O)C[C@@H]2C(=O)NC=CN2S(=O)(=O)c2ccc(C)cc2)c2ccccc21,e22e24856408903c,1
,,,CC(C(=O)N1CCCC1)c1ccc(-n2nc(C(F)(F)F)c3c2CCCC3)cc1,e2f8a7160f7d99de,9
,,,N#Cc1ccc2ccn(-c3cc(N)ncn3)c2n1,34fccb475e8f6bfa,1
,,,CCOC(=O)C1=C(O)/C(=C\c2cc(C)n(-c3ccc(C(F)(F)F)cc3)c2C)N=C1C,8110d1ac434da61b,4
,,,CCNC(=O)c1nnc2c(-c3cc(OC)ccc3OC)cccc2c1N,a1364b01a4c3044a,13
,,,CN(C)c1cc(N[C@H]2CCC[C@H](NCc3ccsc3)C2)nc2ccccc12,5ece186486dc1705,5
,,,CCCCCS(=O)(=O)NC(=O)/C=C/c1ccc(OCCO)cc1Oc1ncc(C(F)(F)F)cc1Cl,0b87606c1572cf4e,3
,,,CC1(C)CCCc2cc(N3CCC(c4nc(-c5ccc(F)cc5Cl)no4)CC3)cnc21,1d7e110d9fc35b9b,4
,,,COc1ccc(-c2cc3c(C)nc(N)nc3n([C@H]3CC[C@H](OCC(N)=O)CC3)c2=O)cn1,e23576098c6a4464,5
,,,C[C@@H](C(=O)N[C@H](C#N)CC(N)=O)N(Cc1ccc(-c2cccc(F)c2)cc1)S(C)(=O)=O,c2146d92e8e47344,2
,,,CNS(=O)(=O)Nc1cccc(Cc2c(C)c3ccc(Oc4ncccn4)cc3oc2=O)c1F,fc2afd51c11ca65b,3
,,,Cc1nc2cc(F)ccc2n1C1C[C@H]2CC[C@@H](C1)N2CC[C@H](NC(=O)C1CCS(=O)(=O)CC1)c1cccc(F)c1,b5dda19caeb51a52,2
,,,Cn1c(SCCCN2C[C@@H]3C[C@]3(c3ccc(C(F)(F)F)cc3)C2)nnc1-c1ccnnc1,841867cc9e2bf4f8,4
,,,CCOC1(c2ccc(Br)cc2)Sc2ccccc2-n2c1noc2=O,0f2b9938d9105d13,14
,,,CNC(=O)c1cc(N)c(Nc2ccc(C#N)cc2)cc1Oc1c(C)cc(CCC#N)cc1C,2b3c3ec8d4604e62,3
,,,CC(C)C1(C)OC(N[C@@H](C)c2ccccc2C(F)(F)F)=NC1=O,62c150405faca7d6,9
,,,CCC1(CC)C[C@@H](NC(=O)Nc2cccc3cnc(C)cc23)c2cc(F)ccc2O1,e5e400bade05b6f5,7
,,,CC(C)(C)n1nnc2c1CCC(n1cnc(-c3ccc(F)cc3)n1)C2,75d29b1f82eba164,6
,,,Cc1nc(N)c2nc(O)n(Cc3ccccc3)c2c1C,c5c2f252a34ed2dc,2
,,,O=S(=O)(NCc1ccc(-n2nc(C(F)(F)F)c3c2CCCC3)cc1)C1CC1,3d42cbdbbf11e2b0,13
,,,Cc1nc(N)nc2c1cc(-c1cn[nH]c1)c(=O)n2[C@H]1CC[C@@H](OCC(N)=O)CC1,89109ebb0b8ef2ac,3
,,,O=C(Cc1ccc(-n2nc(C(F)(F)F)c3c2CCCC3)cc1F)N1CCCC1,d130bdd10845f414,13
,,,Cc1cc(S(=O)(=O)N2C=CNC(=O)[C@H]2CC(=O)N2CCC[C@H](N3CCCC3)C2)c(C)cc1Cl,e842c83974428615,2
,,,COc1cn(-c2ccc(N3CCCC3=O)cc2F)nc(-c2ccnn2-c2ccccc2)c1=O,1755876673874291,10
,,,COc1ccc2c(O[C@@H]3C[C@H]4C(=O)N[C@]5(C(=O)NS(=O)(=O)C6CC6)C[C@H]5/C=C\CCCCN(C)C(=O)[C@@H]4C3)cc(-c3ccccc3)nc2c1,e64ce910bfae2ae7,7
,,,OC1=C2C(=NC(=S)NC2c2cccc(OCc3cccnc3)c2)c2ccccc21,4704ca5643d404c8,8
,,,CC1(C)c2cc(C3CCN(C4COC4)CC3)ccc2C(=O)c2c1[nH]c1cc(C#N)ccc21,d0314fdb6ea6ce12,4
,,,CC(C)(C)CCC1(C(=O)c2cc(F)c3[nH]ccc3c2)CCNC1,977ebab0712405ee,8
,,,COc1c(C(=O)NCCN2CCCC2)n(C)c2c1c(=O)n(CC(=O)c1ccccc1)c1ccccc21,1c8cd568551d7cac,13
,,,CC(C)S(=O)(=O)c1ccc2c(c1)nc(CC(C)(C)C)n2CC1CC1,818ea1f1acaa9cac,21
,,,CCN(CC)C(=O)c1ccc(C(=C2CCN(Cc3cscn3)CC2)c2cccc3cccnc23)cc1,bdf76db749f5fa6a,4
,,,COC[C@@]12CNCC[C@]1(c1ccc3ccccc3c1)C2,bf688eba9d26b2bf,5
,,,Cc1c(OS(C)(=O)=O)ccc2c1C(=O)N(Cc1ccccc1-c1ccccc1)C2C(=O)NC(C)(C)C,c36a8106a25655b4,8
,,,CCc1ccccc1/N=C(\NO)c1ccccc1-c1ccccc1,abba1db9962ed217,14
,,,CCCc1cc(-c2nc(-c3ccnc(OCC)c3)cs2)ccn1,fd5a00d956fadd5d,19
,,,Cc1ccc2c(-c3nnc(SCCCN4CCc5ccc(-c6cc(C)nn6C)cc5CC4)n3C)cccc2n1,abc9e770c0d5eca5,2
,,,CC(c1nnc(-c2cccc(F)c2)o1)N1CC(C)(C)C(Oc2ccc(C#N)c(C(F)(F)F)c2)C1=O,c8d44ac295a66912,8
,,,Cn1cc(-c2ccc(Cc3[nH]nc4ccc(N5CCCC5=O)cc34)cc2)cn1,e224703d3ba8ebdd,10
,,,CS(=O)(=O)CCCOc1cccc2c1ccn2-c1ccnc(N[C@H]2CC[C@H](C(=O)N3CCC(F)(F)CC3)CC2)n1,4f8cf49823616d5f,2
,,,NC1=N[C@@]2(CO1)c1cc(-c3cccnc3F)ccc1Oc1ncc(C3=CCCOC3)cc12,a9796557239f37ad,20
,,,COc1ccc(S(=O)(=O)N2C(=O)[C@@](c3cccnc3OC)(N3CCCC3c3ccccn3)c3cc(Cl)ccc32)c(OC)c1,d0bbebcdad23eca4,5
,,,CC(C)(CCC(C(N)=O)(c1ccccc1)c1ccccc1)N1CC[C@H](Oc2ccccc2O)C1,b15e6cbd77f3fbb1,6
,,,Nc1nc(C(F)(F)F)cc2c1nc(O)n2Cc1ccccc1,a8e2e37a1f0d9968,3
,,,CC1(C)Cc2nc(N3CCOc4ccc(-c5cn[nH]c5)cc43)sc2C(=O)N1,b141404a6788e4d7,17
,,,CCC(=O)CCCCC[C@H](NC(=O)C1CCN(C)CC1)c1nc(-c2cc3ccccc3cn2)c[nH]1,e89e690415b8ddcc,4
,,,COC(=O)c1cc(N)c(Nc2ccc(C#N)cc2)cc1Oc1c(C)cc(CCC#N)cc1C,c7c4700486607c53,5
,,,CCc1c(C)nc2cc(OC)c(Cl)cc2c1O,ee59fce250231954,4
,,,CC(C)(CCC(C(N)=O)(c1ccccc1)c1ccccc1)N1CC(Oc2cccc(O)c2F)C1,428faa402df88360,4
,,,c1ccc(Cn2ccc3c(Oc4ccc(Cc5cscn5)cc4)ncnc32)cc1,796f23161f71cc93,3
,,,COc1cc2c(cc1-c1cnco1)C(=O)N(C)C1(CCN(C(=O)N3CCCCC3)C1)N2,37b2d317cfeaf9f9,10
,,,O=C(COCc1ccccc1)N1CCN(c2ccc(F)cc2)CC1,6a5d3c1c02e0b713,8
,,,c1ccc(Nc2ccc(Oc3nccnc3N3CCOCC3)cc2)nc1,49b4ffe1b3272f76,5
,,,CCC(C)NC(=O)c1nnc2c(-c3cc(OC)ccc3OC)cccc2c1N,02c6f5569f0e66ee,13
,,,Nc1ccnc(N2CCC(n3c(=O)n(CC4CC4)c4cccnc43)CC2)c1,e6dc3675060ad068,12
,,,COc1ncc(-c2cc3c(C)nc(N)nc3n([C@H]3CC[C@H](OCC(N)=O)CC3)c2=O)cc1F,79918dfd36e7a97f,4
,,,O=C1c2cccc3ccn(c23)CCN1[C@@H]1CN2CCC1CC2,30c126a09e7475c3,5
,,,CCS(=O)(=O)c1ccc2c(c1)nc(C(C)(C)C)n2CCOC(F)(F)F,61ae5272e3162ac3,21
,,,c1ccc2sc(Nc3ccc(Oc4nccnc4N4CCOCC4)cc3)nc2c1,3eb57911e0f8e6cf,4
,,,Cc1cc(C#Cc2cn(-c3cccc(F)c3)c(C)n2)ccn1,67a2158000c2c434,7
,,,O=C(Nc1ccccc1Br)N[C@@H]1CCN(c2cccc(F)c2)C1,5f4a7cb2978d51bb,7
,,,CC[C@H](NC(=O)c1c(S(C)=O)c(-c2cccs2)nc2ccccc12)c1ccccc1,dc7bcf9a4ec02f17,5
,,,COc1cccc(F)c1C1C[C@@H](O)C(=O)N1Cc1ccc2oc3ccccc3c2c1,5b9feba27036aea9,5
,,,C=CC(=O)Nc1cccc(-n2c(-c3nc(-c4cnn(C5CCN(C(=O)CN(C)C)CC5)c4)cnc3N)nc3ccccc32)c1,4b2512c99c3fb6ea,5
,,,Cc1ccc(Cn2c(O)nc3c(N)nc(OCC4CCOCC4)cc32)cn1,1ac160681a4e3021,7
,,,O=C(Nc1ccc(F)cc1)N1CCc2nccnc2[C@H]1c1ccc(C(F)(F)F)cc1,1e07f180f99e176e,7
,,,NC1=N[C@@]2(CO1)c1cc(-c3cccnc3F)ccc1Oc1ncc(C3CCOCC3)cc12,cca50b249f48d896,3
,,,Fc1cccc(Oc2ccccc2C2CCNCC2)c1,67c2f73de8edefa7,3
,,,COc1c(C(=O)NC2CCN(C(=O)CO)CC2)n(C)c2c1c(=O)n(CC(=O)c1ccccc1)c1ccccc21,025a238267c79ca0,4
,,,Cc1ccc2c(N3CCN(CCc4cccc5c4OCC(=O)N5C)CC3)cccc2n1,e85a80d521a5ced9,7
,,,COc1ccc2c(O[C@@H]3C[C@H]4C(=O)N[C@]5(C(=O)NS(=O)(=O)C6CC6)C[C@H]5/C=C\CCCCN(C)C(=O)[C@@H]4C3)cc(-c3cccc(C(C)C)n3)nc2c1C,f0f1e78951af5cea,7
,,,COc1ccc2c(O[C@@H]3C[C@H]4C(=O)N[C@]5(C(=O)NS(=O)(=O)C6CC6)C[C@H]5/C=C\CCCCN(C)C(=O)[C@@H]4C3)cc(-c3nc(C(C)C)cs3)nc2c1,2309939c27963275,1
,,,COc1ccc(F)c(-c2ccc(COc3cccc([C@@H](CC(=O)O)C4CC4)c3)cc2[C@@H]2CCCC2(C)C)c1,66bcbed691c7c037,2
,,,CC1=NC(N)=C(C(=O)OC2CN(C(c3ccccc3)c3ccccc3)C2)C(c2cccc([N+](=O)[O-])c2)/C1=C(/O)OC(C)C,461565fb2457dd4d,8
,,,COc1c(C(=O)NC2CCN(CCO)CC2)n(C)c2c1c(=O)n(CCc1ccccc1)c1ccccc21,128036b0790ae555,5
,,,Cc1ccc2c(NCC(O)(CC(C)(C)c3cc(F)cc4c3OCC4)C(F)(F)F)cccc2n1,5338b2b001947f4b,4
,,,CC(C)(CNC(=O)c1cncc(N[C@@H](CO)c2ccccc2)n1)c1ccccc1,66fa741b674fb2db,9
,,,Nc1nccc(-n2ccc3cnccc32)n1,b81a9fa3c069b1aa,3
,,,CC(C)(C)COc1ccc2c(c1)[C@]1(COC(N)=N1)c1cc(-c3ccc(F)nc3)ccc1O2,551be422570435fe,8
,,,COc1cccc2c1C(=O)N(CCc1ccccn1)C2C(=O)NCc1ccc(OC(F)(F)F)cc1,80755955ca2fd9e5,2
,,,CC(=O)N[C@@H](Cc1cc(F)cc(F)c1)[C@H](O)CN[C@H]1CC2(CCC2)Oc2ncc(CC(C)(C)C)cc21,dbf4f56ec4a31457,3
,,,Cc1cccc(Cl)c1C(=O)N1C[C@H]2CN(CC[C@H](NC(=O)C3CCCC3)c3ccccc3)C[C@H]2C1,0339494f79f9221c,5
,,,CC(O)(c1ccc(N2CCN(S(=O)(=O)c3cccs3)C[C@@H]2CN2CCS(=O)(=O)CC2)cc1)C(F)(F)F,bc4c3d7d5cc84ce4,1
,,,CCCCCS(=O)(=O)NC(=O)C(C)Cc1ccc(OCCOC)cc1Oc1ncc(C(F)(F)F)cc1Cl,96f0435c18be4e58,3
,,,Cc1cc(C#Cc2cn(-c3ccc(C#N)cc3)c(C)n2)ccn1,e823e590f5f5a252,5
,,,Nc1ccc(S(=O)(=O)N2CCN(c3ncc(C(O)(C(F)(F)F)C(F)(F)F)cc3-c3cncc(F)c3)CC2)cn1,342a020c75fa7837,3
,,,CC(=O)N[C@@H](Cc1ccccc1F)[C@H](O)CN[C@H]1CC2(CCC2)Oc2ncc(CC(C)(C)C)cc21,5ca39757f0033c92,3
,,,CN(CC(=O)NC1CC1)C(=O)c1ccc2c(c1)c1c(n2C)CC[C@H](C2CCOCC2)C1,efb845b26b56060c,3
,,,CNC(=O)[C@@H](NC(=O)[C@@](O)(CCCN(Cc1ccc(-c2cccnc2)cc1)NC(=O)[C@@H](NC(=O)OC)C(C)(C)C)Cc1ccccc1)C(C)(C)C,68d3943ead52b935,1
,,,Cc1nn(C)c(C)c1N(C(F)F)S(=O)(=O)c1c(Cl)cc(CCCN2CCN3CCC[C@@H]3C2)cc1Cl,c45ad10ffc85bd56,5
,,,CCCCCCCc1nc(-c2ccc(CNC(=O)[C@H]3NCC[C@@H]3O)cc2)no1,2de64715d0719e2e,9
,,,CCC(=O)N(Cc1ccccc1-c1ccccc1)[C@H]1CCNC1,a7e270ad9baf0cf8,13
,,,COc1ccc(OC(F)(F)F)cc1Cn1c(C(=O)NCC(C)(C)O)cc2cc(C#N)ccc21,f1a4b9672eceb853,4
,,,Cc1cc(C#N)nc(C)c1C(=O)N1CCC(C)(N2CCC(N3C(=O)N(C4CCOCC4)C[C@H]3c3ccccc3)CC2)CC1,18d7f5dac2532935,2
,,,C/C(=N\NC(=O)[C@@H]1C(=O)NC[C@H]1c1ccccc1)c1cccc(Br)c1,f471524d58ebfd29,9
,,,CNC(=O)c1ccc2[nH]nc(Cc3ccc(-c4cnn(CC(C)(C)O)c4)cc3)c2c1,84781455732d7922,12
,,,Cc1cc(C)c(CNC(=O)c2c(C)n(C(C)C(=O)N3CCCC3)c3ccccc23)c(O)n1,2916ba512408b944,6
,,,C[C@@H](NCc1ccccc1-c1ccc(CCNC[C@H](O)c2ccc(O)c3nc(O)sc23)cc1)c1ccccc1,30f382c98ab344de,2
,,,O=[N+]([O-])c1cn2c(n1)OC[C@@H](NCc1ccc(OC(F)(F)F)c(O)c1)C2,04c50e0e07b2bd7f,12
,,,CC(C)C1(OC(=O)N2CCN(c3ncc(OCc4ccncc4C#N)cn3)[C@H](C)C2)COC1,176927d415fccb26,9
,,,CCN(C)C(=O)c1ccc([C@H](c2cccc(NC(=O)C3CC3)c2)N2CCN(Cc3nc(C)cs3)CC2)cc1,acbb2841edbdaecf,1
,,,CCn1c([C@@H](C)NS(=O)(=O)c2cccc(C#N)c2)nc2ccc(C(F)(F)F)cc21,8e0721820ce2b28c,2
,,,CC[C@H](C)[C@@H]1C(=O)N[C@H](C2Cc3ccccc3C2)C(=O)N1[C@@H](C(=O)N(C)C)c1ccc(C)nc1,e3a051bd811e0ebe,4
,,,O=c1c2cccnc2ncn1Cc1nc(CCc2ccc(Cl)nc2)no1,8b95d39d55f84f2c,6
,,,Cc1c(Cl)ccc(OC2CCN(C[C@H](O)CNC(=O)c3cnc(O)cc3C(F)(F)F)CC2)c1Cl,c3a095295d83b8d6,4
,,,Cc1nc(C#Cc2ccnc(Cl)c2)c(C)n1-c1ccc(F)cc1F,f10601aa6d8067b4,4
,,,COc1ccc(C#Cc2ccc([C@@H]3[C@H](CO)N4CCCCN(C(=O)Nc5cccc(F)c5)C[C@@H]34)cc2)cc1,c39c481c4dd645a9,5
,,,O=C(NCc1ccc(OC(F)(F)F)cc1)C1c2ccccc2C(=O)N1C[C@@H]1CCCO1,bebf21113ebf881b,12
,,,COc1cc2c(cc1-c1cnco1)C(=O)N(C)C1(CCN(C(=O)N(C)OC)C1)N2,f79e50678022a84f,6
,,,Nc1nc(C(F)(F)F)nc2c1nnn2C[C@H]1CN(Cc2ccccn2)CCO1,a9704f1469078bf7,2
,,,Cc1cc(O)nc(C)c1C(=O)N1C[C@H]2CN(CC[C@H](NC(=O)C3CCCC3)c3ccccc3)C[C@H]2C1,f560251d531290ac,8
,,,Cc1cccc(C)c1CNc1cc(-n2cncn2)cn2c(C)c(C)nc12,77dec44b18d9ef3f,7
,,,Cn1cc(-c2ccncc2)c(-c2ccc(OCc3cn4ccccc4n3)cc2)n1,fc41724c68202b5d,10
,,,N[C@H]1CC[C@H](Nc2cc(Br)cc3cc(C(=O)O)oc23)CC1,30d2bfd13c5f3100,5
,,,CN(C)CCNc1ccc(Cn2c(O)nc3c(N)nc(C(F)(F)F)cc32)cn1,6828a9696fc2ab97,13
,,,Cc1cncc(-c2cc(C(O)(C(F)(F)F)C(F)(F)F)cnc2N2CCN(S(=O)(=O)c3ccc(N)nc3)CC2)c1,b8b6244916940690,5
,,,C[C@H](NC(=O)N1CCc2ccccc2[C@H]1c1ccc(C(F)(F)F)cc1)C(F)(F)F,26ce709574938d47,6
,,,O=C(Nc1nc2ccccc2[nH]1)c1ccccc1,f0528acc16ee9c6f,2
,,,CCCCCS(=O)(=O)NC(=O)/C=C/c1ccc(OCCC(C)=O)cc1Oc1ncc(C(F)(F)F)cc1Cl,b5a431071b292636,7
,,,O=S(=O)(Nc1ccc2c(c1)CCN(Cc1cc[nH]n1)CC2)c1ccc(N2CCOCC2)nc1,586a0312c282b7b8,3
,,,CN(CCCC(=O)NC1CC1)C(=O)c1ccc2c(c1)c1c(n2C)CCC(C2CCOCC2)C1,0525122434a2a6a1,1
,,,COc1cc(C(=O)N[C@@H](C)c2ccc(F)cc2)ccc1-n1cnc(C)c1,134c5ba7505b3e3d,13
,,,COc1ccc2c(O[C@@H]3C[C@H]4C(=O)N[C@]5(C(=O)NS(=O)(=O)C6CC6)C[C@H]5/C=C\CCCCN(C)C(=O)[C@@H]4C3)cc(-c3csc(NC(C)C)n3)nc2c1,70ec2a2691c1113c,2
,,,CN1CCN(C(=O)c2ccc(N3CCc4c(-c5cnc(N)nc5)nc(N5CCOCC5)nc43)cc2)CC1,1917b581b3947bc6,5
,,,Nc1ccc(S(=O)(=O)N2CCN(c3ncc(C(O)(C(F)(F)F)C(F)(F)F)cc3C3CC3)CC2)cn1,89f3ada9a0749398,4
,,,N#Cc1cc2c(ccn2-c2ccnc(N)n2)cn1,360be46fc767deb1,3
,,,N#Cc1cccc(C(=O)N2CCC(C(=O)c3ccc(F)cc3)CC2)c1,e4dd11f2a37059be,8
,,,Cc1cc(N)c2nc(O)n(Cc3ccccc3)c2n1,2fd033c599c24c37,2
,,,Cc1cc(CCC#N)cc(C)c1Oc1cc(Nc2ccc(C#N)cc2)c(N)cc1C(F)(F)F,afe583ea8124ca35,5
,,,Cc1cccc(C(=O)N2N=C3CCCC[C@@H]3[C@@]2(O)C(F)(F)F)c1O,72bc3b16896db3ab,1
,,,Nc1ccc(-c2ccccc2Cl)cc1,fed95d77a84233db,2
,,,c1ccc(CC2CNCCN2c2ccc3[nH]ccc3c2)cc1,becb85890e8721ea,4
,,,N#Cc1ccc(OC2CCN(C[C@H](O)CNC(=O)c3cnc(O)c4ccccc34)CC2)cc1Cl,24eae06437400267,1
,,,C[C@@H](c1ccc2ncccc2c1)n1nnc2ncc(-c3cnn(C)c3)nc21,6aad0a9a9552ecc8,8
,,,COc1ccc(S(=O)(=O)N2C(=O)[C@@](c3cccnc3OC)(N3CCCC3c3nccs3)c3cc(Cl)ccc32)c(OC)c1,fddccedef34a7757,4
,,,COc1nc2cccnc2n1-c1ccc(Nc2nc3ccccc3s2)cc1,4bd9467645a206a9,8
,,,CC(O)(c1ccc(N2CCN(S(=O)(=O)c3cccs3)C[C@@H]2CN2CC3(COC3)C2)cc1)C(F)(F)F,173f7e077f78c1b0,3
,,,COc1ccc(CC(=O)/N=C(\N)N[C@H](CC(C)C)C(=O)NCc2ccc(-c3nn[nH]n3)cc2)cc1OC,60f3bb0b509ca061,1
,,,O=C(N1CCCC1)n1cnc(S(=O)(=O)[C@@H]2C[C@H]3CC[C@@H]2C3)n1,1be21df7bac17d13,8
,,,O=C(Nc1ccc(OC(F)(F)F)cc1)N1CCC2(CCN(C(=O)c3cccc4ncccc34)CC2)C1,a6c750314a68ec39,13
,,,CCN(CC)C(=O)c1ccc(C(=C2CCNCC2)c2ccccn2)cc1,e88543f36cc9d3a2,4
,,,Fc1cc2cc(-c3nnc(NCc4ccccc4)o3)ccc2cn1,606aeda446ce9384,2
,,,CC1CCN(C(=O)C2CCOC2)CC1N(C)c1ncnc2[nH]ccc12,faf8e2135bf92861,6
,,,NC1=N[C@@]2(CO1)c1cc(-c3cccnc3F)ccc1Oc1c2cc(-c2ccncc2)nc1F,6326cb48a029c329,7
,,,CN(C)c1nc(-c2ccnc(N)n2)sc1C(N)=O,f344a9e14865f960,2
,,,COCCCn1cc(CN(C(=O)[C@H]2CNC[C@@H](C(=O)N[C@@H](CO)CC(C)C)C2)C2CC2)c2ccccc21,429079ea64a26e2a,5
,,,Cc1nc(N)nc(-c2c(Nc3cc[nH]n3)nc3ccccn23)n1,e8dc6b20708515f7,2
,,,CCCc1cc2c(cc1N1CCN(C3COC3)CC1)C(C)(C)c1[nH]c3cc(C#N)ccc3c1C2=O,ad7655d149ec699d,5
,,,COc1ccccc1C(=O)N1CCC(C(=O)c2ccc(F)cc2)CC1,62c4611bb718d53b,7
,,,CC(C)N(CC[C@H](c1ccccc1)c1cc(CCCNC(=O)Cc2cccc(CC(C)(C)NC[C@H](O)c3ccc(O)c(NS(C)(=O)=O)c3)c2)ccc1O)C(C)C,d3d8a6994147d306,1
,,,N#Cc1ccc(NC(=O)N2CCC3(CCN(C(=O)c4c(F)cccc4F)CC3)C2)cc1,b5c4fa7df9648164,6
,,,Cc1cccc(Cn2c(C)nnc2C2CCN(c3ccccn3)CC2)c1,0b2e360e20103805,3
,,,CC(C)(CCC(C(N)=O)(c1ccccc1)c1ccccc1)N1CC(Oc2cc(O)ccc2F)C1,9b7710c297576edd,5
,,,CC[C@H](C)C(=O)O[C@H]1C[C@@H](C)C=C2C=C[C@H](C)[C@H](CC[C@@H]3C[C@H](CC(=O)NC)N(Cc4cccc(OC)c4)C(=O)O3)[C@H]21,03fed8a2d28afa5c,5
,,,Cc1ccc(Nc2ncc(C(=O)N3CCCC[C@H]3C)cc2Cl)cn1,d7e0c336843e338b,6
,,,c1ccc(Oc2ccc(Nc3nc4ccccc4[nH]3)cc2)nc1,bd130b102e7dd5cd,6
,,,CC1(C)c2cc(N3CCC(O)CC3)ccc2C(=O)c2c1[nH]c1cc(C#N)ccc21,6b38677282555b2d,6
,,,CC[C@@H]1C[C@@H](C(=O)NC[C@H]2CCCO2)CN(Cc2[nH]c(-c3ccncn3)nc2C)C1,549265b82ff0b3a7,3
,,,COc1ccc(-c2ccc3nnc([C@@H](C)c4ccc5ncccc5c4)n3n2)cc1C,6067269a85958462,7
,,,Cn1cc(N)c(C(=O)N2N=C3CCCC[C@@H]3[C@@]2(O)C(F)(F)F)n1,9fc26d2ef816c6be,2
,,,N#Cc1ccc(Oc2ccc(Nc3nccc(N)n3)cc2)cc1,e44dfd6c6bf92716,6
,,,Cc1cc(-c2ccc3c(c2)CC[C@H]3N2CC3(CCN(C(=O)Cc4ccc(C5CC5)cn4)CC3)C2)ncn1,23fdafa5c4c3f903,4
,,,COc1cc(C(=O)N2CCN(C)CC2)ccc1NC(=O)c1csc2cncnc12,c96a09d7eeed7449,2
,,,CC(C)CCC1(C(=O)c2cc(F)c3[nH]ccc3c2)CCNC1,c017578f7d8f7b07,12
,,,Cc1cccc(C)c1CNc1cc(-n2ccccc2=O)cn2c(C)c(C)nc12,24f60362754f4b18,13
,,,CCCOc1cccc(-c2nc3cc(OC)ccc3c(O)c2C(=O)OCC)c1,c606b2d6b5c01078,9
,,,CCN(CC)C(=O)c1ccc(N(c2cccc(NC(=O)OC)c2)C2CCN(Cc3ccccc3)CC2)cc1,fd383cc5f639845c,1
,,,CCOC(=O)Nc1cccc([C@@H](c2ccc(C(=O)N(CC)CC)cc2)N2CCN(Cc3cscn3)CC2)c1,5c3294a40e18ce55,1
,,,CCc1ccc(CCNCCCSCCNC[C@H](O)c2ccc(O)c3nc(O)sc23)cc1,e0216a9fecdc92c6,6
,,,CCCOc1cccc(Cn2c(C(=O)NCC(C)(C)CO)cc3cc(C#N)ccc32)c1,0aa13e7c0770563f,3
,,,CCN(CCO)C(=O)c1nc2ccccn2c1-c1cccc(C(F)(F)F)c1,e0fbe848d9a5afe4,6
,,,CC(C)C[C@H](CO)Nc1nc(S[C@@H](C)c2ccccc2)nc2nc(N)sc12,7ba1e02165f32c2c,6
,,,Cc1csc(-c2cc(C(O)(C(F)(F)F)C(F)(F)F)cnc2N2CCN(S(=O)(=O)c3ccc(N)nc3)CC2)c1,8c27ca928a23bc54,4
,,,CCNc1ccc2nnc([C@@H](C)c3c[nH]c4ncccc34)n2n1,d6dc1759b030ab2b,6
,,,COc1cc(C(=O)NC2COc3cccc(Cl)c32)ccc1-n1cnc(C)c1,6600af259f9d614e,20
,,,COCc1cc(OC)c(-c2csc3c(N(CC4CC4)CC4CCCCO4)c(OC)nn23)c(OC)c1,8aeba99106fe2463,6
,,,Clc1cnccc1-c1noc(C2CCN(c3cnc4ccccc4c3)CC2)n1,4a608a4b8aff09d3,4
,,,CS(=O)(=O)CCCOc1cccc2c1ccn2-c1ccnc(N[C@H]2CC[C@H](C(=O)N3CC[C@@H](O)C3)CC2)n1,1aa6592a96447a85,2
,,,O=C(Nc1cccc2cccnc12)c1ccc(N2C(=O)CC[C@@H]2c2ccccc2)cc1,10da79c781554097,7
,,,CSc1ccccc1C(=O)N(C1CCC1)[C@H]1CCNC1,f001ed1b72212773,8
,,,COc1ccc2[nH]c(C)c(CC(=O)N[C@@H](CCCCCC(=O)O)c3nc(-c4ccc5ccccc5c4)c[nH]3)c2c1,ad164a6c16c58d66,1
,,,Nc1nc(C2CC2)nc2c1nnn2C[C@H]1CN(Cc2nccs2)CCO1,87842c7fcb6d075c,1
,,,CN[C@@H](C)C(=O)N[C@H]1CCC[C@H]2C[C@H]3CCN(CCc4ccccc4)C[C@H]3N2C1=O,231f48a0bce870ac,4
,,,Oc1ccc2c([C@@H](O)CNCCc3ccc(CCN4CCC(Cn5cnc(C(O)(c6ccccc6)c6ccccc6)n5)CC4)cc3)ccc(O)c2n1,cf68d0bb7621c204,1
,,,O=S(=O)(Cc1ccc2c(c1)CCNCC2)c1ccc(Nc2ccc(F)cc2)nc1,0800287742ce5371,10
,,,C[C@@H]1CN(Cc2ccc(-c3cccnc3C(=O)N3CCC(Nc4cccc(C#N)c4)CC3)cc2)C[C@H](C)N1,4772bb9e4fdbb96d,2
,,,C=CC(=O)NC1CCN(S(=O)(=O)c2ccc(C(=O)NCCc3ccccc3)cc2)CC1,63cd30ff1e19667f,1
,,,Nc1ccc2nnc(Cc3ccc4ncccc4c3)n2n1,04d6e676a0049d9a,4
,,,CCOc1ccc2oc(C(=O)NC(CCSC)c3nc4ccncc4[nH]3)c(C)c2c1,82b956a69e5bb030,9
,,,CC[C@H](C)C(=O)O[C@H]1C[C@@H](C)C=C2C=C[C@H](C)[C@H](CC[C@@H]3C[C@H](CC(=O)NC)N(Cc4ccc(O)c(OC)c4)C(=O)O3)[C@H]21,99b19e2c752c43be,4
,,,Oc1nc2c(O)ccc([C@@H](O)CNCCSCCCNCCc3cccc(C(F)(F)F)c3)c2s1,8ea16fb988475aac,5
,,,O=C(NCc1ccc(OCC(F)(F)F)nc1)C1c2ccccc2C(=O)N1CCc1ccccn1,b2f07d6507fa9112,1
,,,Cc1cc(S(=O)(=O)N2C=CNC(=O)[C@H]2CC(=O)N2CC[C@H](N3CCCC3)C2)c(C)cc1Cl,bd1e2338844ac614,7
,,,CCOC(=O)N1CCN(C(=O)C2(c3ccccc3)CCN(c3cc(N)ccn3)CC2)CC1,98c4ec1143a2bf74,5
,,,COc1ccc2c(OCC[C@@H]3NC(=O)N(C)CCCC/C=C\[C@@H]4C[C@@]4(C(=O)NS(=O)(=O)C4(C)CC4)NC3=O)cc(-c3nc(C(C)C)cs3)nc2c1Cl,067fabe120f58dc7,4
,,,CN(C)CCN1CCn2c(c(C3CCCCC3)c3ccc(C(=O)O)cc32)-c2ccccc2C1,37d37b6f1ee87a1a,7
,,,CC1(C)[C@H]2CC=C(CN3CCC(NC(=O)Nc4cc(F)cc(OC5CCOC5)c4)CC3)[C@@H]1C2,87605e15d3028e78,9
,,,NC(=O)c1c(NC(=O)Cn2nc(C(F)(F)F)c3c2CCCC3)sc2c1CCOC2,751c4897bce9fb20,7
,,,NC1=N[C@@]2(CO1)c1cc(-c3cccnc3F)ccc1Oc1c2cc(N2CCC(F)(F)CC2)nc1F,c81009f1449c5601,11
,,,CC[C@H]1C[C@H](C(=O)NCc2cccc(C)n2)CN(Cc2nc(-c3ccccc3)oc2C)C1,948413ca12ebaa03,2
,,,Cc1noc2c1-c1sc(C)c(C)c1C(c1ccc(N)nc1)=N[C@H]2CC(N)=O,8338735a702976ac,10
,,,CC(=O)Nc1nc2cnc(Nc3cc(NC(=O)c4cccc(CCC#N)c4)ccc3C)nc2s1,95a62de453c07a83,1
,,,COc1ccc2c(C)cc(N[C@H]3CCC[C@H](NCc4ccc5nsnc5c4)C3)nc2c1,743febf90afd7c8b,4
,,,CN(C)c1ccc2nnc(Cc3ccc4ncccc4c3)n2n1,1f09cd477791e002,4
,,,Cc1ccc([C@H]2C[C@@H](C(F)(F)F)n3ncc(C(=O)NCc4ccc(F)cc4)c3N2)cc1,8aa2a63c6e4be434,4
,,,NC1=N[C@@]2(CO1)c1cc(-c3cccnc3F)ccc1Oc1c2cc(C2=CCCCO2)nc1F,c7a99b08fc57f212,7
,,,Cc1cccc(-c2ccc3nnc([C@@H](C)c4ccc5ncccc5c4)n3n2)c1,bf45bb0c15186c93,6
,,,Oc1nc2c(O)ccc([C@@H](O)CNCCCOCCOCCc3ccccc3)c2s1,617d3d5340c04e6c,6
,,,Cc1cccc(C)c1CNc1cc(-c2ccco2)cn2c(C)c(C)nc12,6f79159ae35944cf,8
,,,CCc1nc2ccccc2n1C1C[C@H]2CC[C@@H](C1)N2CCC(NC(=O)C1CCS(=O)CC1)c1cccc(F)c1,a9b2f38f1215c3aa,2
,,,C=CC(=O)N1CCC[C@@H](n2nc(-c3cccc(C(=O)Nc4ccc(C(C)C)c(C)c4)c3)c3c(N)ncnc32)C1,81411cfb011a5ce4,9
,,,CN(C)CCn1c(CC(C)(C)C)nc2cc(S(=O)(=O)CC(C)(C)O)ccc21,9d576f1aefb59e96,7
,,,Clc1cccc2c1COCc1nnc(C3CCN(c4ccccn4)CC3)n1-2,bf8d095ad2bc17c2,5
,,,Cc1ccnc(C(C)(C)C(=O)Nc2ccc(N3CCC(NCC4CC4)CC3)c(Cl)c2)n1,176b9d3323811771,11
,,,CC1(C)c2cc(N3CCN(C4COC4)CC3)ccc2C(=O)c2c1[nH]c1cc(C#N)ccc21,ca5b815d9c2ed0f5,2
,,,CCCc1cc(-c2nc(-c3ccnc(OCCOC)c3)cs2)ccn1,026860763e7d6c9d,19
,,,CCOC(=O)C1=C(C)N=C(C)/C(=C(/O)OCC)C1c1ccccc1/C=C/C(=O)OC(C)(C)C,b2e01697f793d7ef,7
,,,Cc1ccc(C#Cc2ncn3c2COc2ccccc2-3)cc1,308d55ff220a28ef,2
,,,Nc1nccc(-n2ccc3cccnc32)n1,ab5a28032a24ee18,1
,,,CCN1Cc2nc3c(-c4cc(OC)ccc4OC)c(F)ccc3c(N)c2C1=O,bac4b691ce5c9962,12
,,,CCCCCS(=O)(=O)NC(=O)C(C)(C)Cc1ccc(OCCOC)cc1Oc1ncc(C(F)(F)F)cc1Cl,a2957127061265fb,3
,,,COc1cc(N2CCN(C)CC2)ccc1NC(=O)c1csc2cncnc12,b9a725c0e610cf8a,2
,,,CC(=O)N[C@@H](Cc1cccc(C(F)(F)F)c1)[C@H](O)CN[C@H]1CC2(CCC2)Oc2ncc(CC(C)(C)C)cc21,8f8912114d202a28,7
,,,Cc1ccc(F)cc1Cn1c(C(=O)NCC2(CO)CCC2)cc2cc(C#N)ccc21,18e8205ee99a4ab3,1
,,,CC[C@H](C)C(=O)O[C@H]1C[C@@H](C)C=C2C=C[C@H](C)[C@H](CC[C@@H]3C[C@H](CC(=O)NC)N(Cc4ccc5c(c4)OC(F)(F)O5)C(=O)O3)[C@H]21,e42db8aa69e6d7e8,1
,,,NC(=O)c1cccc(-c2cc(C(O)(C(F)(F)F)C(F)(F)F)cnc2N2CCN(S(=O)(=O)c3ccc(N)nc3)CC2)c1,ef29a2cd7769a7ea,3
,,,Cc1cc(-c2cc3c(c(F)n2)Oc2ccc(-c4cccnc4F)cc2[C@@]32COC(N)=N2)on1,e6076df8efd75299,4
,,,Fc1cc(F)cc(CN2C[C@@H]3[C@H](CNc4nc(-c5ccccn5)cs4)[C@@H]3C2)c1,a917b6e2ba51acd9,6
,,,CCNC(=O)c1cccc(Cc2nnc(O)c3ccccc23)c1,19071ddf0da5cac2,13
,,,CCC(=O)CCCCC[C@H](NC(=O)C1CCN(C)CC1)c1nc(-c2cnc3ccccc3c2)c[nH]1,a196e7a2b0fdaa3e,3
,,,CCCCc1ccc(-c2nc(C)c(-c3ccnc(/N=C(\N)N(C)C)n3)s2)cc1,16cb58b1243404cd,16
,,,CC(C)(CN1C(=O)c2ccccc2C1C(=O)NCCCC(F)F)c1ccc(F)cc1,225c7849b5df47b3,10
,,,Cc1cc(S(C)(=O)=O)ccc1CCC1CCN(S(=O)(=O)CC2(N(O)C=O)CCOCC2)CC1,793cb327f020b5c8,2
,,,O=C(Nc1ccc(OC(F)(F)F)cc1)N1CCC2(CCN(C(=O)C3(C(F)(F)F)CC3)CC2)C1,35bb1142d6b74d05,16
,,,Cc1nn(C)c(C)c1NS(=O)(=O)c1ccc(-c2cccc(CN3CCN(C)CC3)c2)cc1,b20edf9ffe596ed3,7
,,,COC[C@@H]1C[C@@H](C(=O)NC[C@H]2CCCO2)CN(Cc2nc(-c3ccccc3)oc2C)C1,6804c64ced3c271f,4
,,,CN(C)c1ccc(-c2ccc3c(c2)N(c2nc4c(s2)C(=O)NC(C)(C)C4)CCO3)nn1,29b499657592a7c9,17
,,,Oc1nc2cnc(C(F)(F)F)cc2n1Cc1ccccc1,a953a4035e49352a,4
,,,CS(=O)(=O)c1ccc(CCC2CCN(S(=O)(=O)CC3(N(O)C=O)CCOCC3)CC2)c(C2CC2)c1,39a8ddcba62ef4ba,2
,,,CCC1CCCN(C(=O)c2cnc(Nc3ccc(C)nc3)c(Cl)c2)C1,fc52c691f0f83e1f,4
,,,CC(C)CN1C[C@@H]2[C@H](CNc3nc(-c4ccccn4)cs3)[C@@H]2C1,0bf5ee38b3dddc38,5
,,,CC1(COc2ccc3c(c2)[C@]2(COC(N)=N2)c2cc(-c4cccnc4)cc(F)c2O3)COC1,c0afafedefe84570,14
,,,CC1(C)OC(=O)N(c2ccc(C(=O)Nc3ccnc4cccnc34)cc2)[C@H]1c1ccccc1,95a0c3ca38d4ab2b,4
,,,CN[C@@H](C)C(=O)N[C@H]1CCC[C@H]2C[C@H]3CCN(CCc4ccc(OC)cc4)C[C@H]3N2C1=O,7d05ce1e15ac893f,4
,,,COc1ccc(C(N)=O)cc1COc1ccc(Cl)cc1,e2ac5fe0c3266278,11
,,,CCn1c(SCC(=O)Nc2cccc(C)c2)nnc1-c1ccccc1,fffc44bc9bbfaa2c,9
,,,CN1CCN(c2ccc(Nc3ccc4c(c3)N(c3nc5c(s3)C(=O)NC(C)(C)C5)CCO4)nn2)CC1,adb9cf8f72ca2078,9
,,,CCN(CCO)C(=O)c1oc2cccnc2c1-c1cccc(C(F)(F)F)c1,758660f1020e9c3c,8
,,,O=C(Nc1cc(-c2ccccn2)[nH]n1)N1CCN(c2ccc(F)cc2)CC1,5f7a6b98592028ef,5
,,,CC(C)N1C[C@@H](C(=O)N2C[C@@H](C)[C@](O)(c3cccc(F)c3)[C@@H](C)C2)[C@H](c2ccc(F)cc2F)C1,b1b549358c3c9d24,6
,,,CCc1ccccc1/N=C(\NO)c1ccc(OC)cc1,c0aeb88b979c7402,17
,,,COc1ccc2c(OC[C@@H]3C[C@H]4C(=O)N(C)CCCC/C=C/[C@@H]5C[C@@]5(C(=O)NS(=O)(=O)C5(C)CC5)NC(=O)N34)cc(-c3nc(C(C)C)cs3)nc2c1C,8be4a8b5c5ea46d3,2
,,,COc1ccc(Cn2nnc3ncc(-c4cnn(C)c4)nc32)cc1,ccae5ac9d84df168,8
,,,Cc1cc2c(NC(=O)N[C@@H]3CC(CF)(CF)Oc4cc(C5CC5)ccc43)cccc2cn1,ce72e42020a76549,6
,,,COc1cc(-n2nnc3cc(-c4ccccc4)ccc3c2=O)ccc1OCCN1CCCC1,b7a956637ae7138a,5
,,,CC1(C)C[C@@H](NC(=O)Nc2cccc3cnccc23)c2ccc(F)cc2O1,b1ab9d93de22d1f9,5
,,,COc1ncc(-c2cc3c(C)nc(N)nc3n([C@H]3CC[C@@H](OCC(N)=O)CC3)c2=O)cc1F,b7dc222e5f7abdd1,10
,,,COc1ccc(C(N)=O)cc1/C=C\c1ccc(Cl)cc1,e58b3f52891f3a73,11
,,,CCN(C(=O)NCc1cccc(F)c1)C1CCN(CCC(c2ccccc2)c2ccccc2)CC1,aa863d46d2fbfa9c,4
,,,Nc1ccc(S(=O)(=O)N2CCN(c3ncc(C(O)(C(F)(F)F)C(F)(F)F)cc3-c3cccc(F)c3)CC2)cn1,38779846a2f9445f,6
,,,CC[C@H](C)C(=O)O[C@H]1C[C@@H](C)C=C2C=C[C@H](C)[C@H](CC[C@@H]3C[C@H](CC(=O)NC)N(Cc4ccc(C(=O)NC)cc4)C(=O)O3)[C@H]21,37bd3e025a2558ab,4
,,,COc1cccc(OC)c1[C@@H]1C[C@@H](C)C(=O)N1Cc1ccc(OC(F)(F)F)cc1,1c0059e6a4b6b563,4
,,,COc1cccc2c1c(NS(=O)(=O)c1ccc(Cl)s1)nn2Cc1cccc(CNC(=O)[C@H]2COCCN2)c1,8f1572abb0f79f8e,1
,,,Nc1ccnc(Nc2ccc(Oc3ccc(C(F)(F)F)cc3)cc2)n1,796e6dcdfe851f10,15
,,,Cc1cc(C)c(CNC(=O)c2c(C)n(C(C)c3ccccn3)c3ccccc23)c(O)n1,32a86bfb0502c43a,10
,,,CCC(C)(C)N1Cc2nc3c(-c4cc(OC)ccc4OC)cccc3c(N)c2C1=O,a093e798582b8035,12
,,,Cc1cc(S(=O)(=O)N2C=CNC(=O)[C@H]2CC(=O)N2CCCC(N(C)C)CC2)c(C)cc1Cl,708a15b908ab623e,5
,,,Nc1nc(C(F)(F)F)cc2c1nc(O)n2Cc1ccc(NCCN2CCCCC2)nc1,1e62515bfff71d4e,6
,,,CCSc1ccccc1C(=O)N(CC1CCC1)[C@H]1CCNC1,4e6642f245befe3a,9
,,,CN(C)CCN(C)c1ccc(Cn2c(O)nc3c(N)nc(C(F)(F)F)cc32)cn1,1e1d671e31aee2f5,14
,,,CCc1onc(-c2cccc(OC)c2)c1C(=O)N(C)c1ccc(C(F)(F)F)nc1,75b01a2087b16371,8
,,,CC(C)(C)OC(=O)N1CCC(N2C(=O)c3ccccc3C2C(=O)NCc2ccc(OC(F)(F)F)cc2)CC1,f3c7ab35d28d30dc,4
,,,COCCN1CCN(C(=O)c2nc3cc(C(F)(F)F)c(C)c([N+](=O)[O-])c3s2)CC1,d7eb6566fefbceee,3
,,,C[C@@H]1CN(Cc2ccc(-c3cccnc3C(=O)N3CCC(Nc4cccc(F)c4)CC3)cc2F)C[C@H](C)N1,a3c0aef748fd69da,1
,,,C[C@@H](Nc1nnc(-c2c[nH]c3ncccc23)o1)c1ccccc1,f5407a703b50f4bc,10
,,,C[C@H]1CN=C(N)c2sccc2O1,0e11245690298d56,2
,,,CNc1ccc2ccc(C(=O)N3CCC4(CC3)Cc3cn(C(C)(C)C)nc3C(=O)N4)cc2n1,eede8fa1c49fec05,6
,,,CN[C@@H](C)C(=O)N[C@H]1CCC[C@H]2C[C@H]3CCN(CCc4ccc(Cl)c(Cl)c4)C[C@H]3N2C1=O,8549b2781a3624cb,2
,,,Cc1nc(N)nc2c1cc(-c1cnc3ccccc3c1)c(=O)n2[C@H]1CC[C@@H](OCC(N)=O)CC1,702c826e3887f070,2
,,,CCCCC1N(CC2CCCCC2)C(=O)OC12CCN(C1CCN(C(=O)c3c(C)cccc3C)CC1)CC2,0f96dbf825150c11,2
,,,Cc1nc2cc(NC(=O)c3ccc(-c4ccc(F)cc4)nc3C)ccc2s1,a4c38e7988495611,15
,,,COc1ccccc1CCNCc1ccc(CCNC[C@H](O)c2ccc(O)c3nc(O)sc23)cc1,107c59ff79c2876b,4
,,,CCCCCS(=O)(=O)NC(=O)/C=C/c1ccc(OCCOC)cc1Oc1ccc(C(F)(F)F)cc1Cl,1f95eb1d2e6e5409,8
,,,Oc1ccc2[nH]c(-c3ccccc3)nc2c1CN1CCCCC1,4504475b53f2311a,3
,,,Cc1cc(C(=O)N2CCC3(CCN(C(=O)Nc4ccc(OC(F)(F)F)cc4)C3)CC2)no1,7c4272d0bee63cdb,6
,,,CCn1ncc2c(F)cc(C(=O)Nc3nnc(C4CC4)s3)cc21,1d074fd435a2e62a,6
,,,Cn1cnc(S(=O)(=O)N2N=C3CCCC[C@@H]3[C@@]2(O)C(F)(F)F)c1,43bd96b5422dd14c,2
,,,CC(C)(C)OC(=O)NC[C@H]1CC[C@H](CNC(=O)c2cc(-c3cccc(CN)c3)nc3ccccc23)CC1,8fed8b9829edfea5,6
,,,CC1(C)C=C(c2cnc3c(c2)[C@]2(COC(N)=N2)c2cc(-c4cccnc4F)ccc2O3)CCO1,0dd9d520e933ce06,16
,,,O=C(NCc1ccc(OC(F)(F)F)cc1)C1c2ccccc2C(=O)N1CCc1ccc(F)cn1,50ddcfbb655f5633,1
,,,COC(=O)N1[C@@H]2CC[C@H]1C[C@@](O)(C#Cc1cccc(C)c1)C2,2870fa9ba732c46f,10
,,,N#C[C@@H]1CCCN1C(=O)c1cccc2c1C(=O)N(Cc1ccccc1)C2,e61cf4e8d4a12193,11
,,,CCc1cccc(C)c1CNc1cc(-c2ncnn2C)cn2c(C)c(C)nc12,300fb5fa7b162b58,17
,,,Oc1nc2ccccc2n1C1CCN(CCCC(c2ccc(F)cc2)c2ccc(F)cc2)CC1,bef2ca8ad2fa755b,4
,,,COc1ccc(CC(=O)NC(/N=C(\NC#N)Nc2ccccc2C)C(C)(C)C)cc1OC,c6f9cb53a864a508,4
,,,Cc1nc(O[C@H]2C(C)(C)[C@H](NC(=O)c3cnc4ncccn34)C2(C)C)ccc1C#N,01ad36f86dd8689c,3
,,,O=C(Nc1cccc(-c2nn[nH]n2)c1)c1cc(C(F)(F)F)cc2nc[nH]c12,2dd6b9894858444a,8
,,,O=C(Nc1cccc(C(F)(F)F)c1)c1cccc2c1CCN(Cc1ccnc3ccccc13)C2=O,7e836e145ebd8de2,13
,,,CC(C)N(C)C(=O)n1cnc(S(=O)(=O)C2CC3CCC2C3)n1,ebf8b3646b14b4e0,11
,,,COc1c(C(=O)NCCN2CCCCC2)n(C)c2c1c(=O)n(CC(=O)c1ccccc1)c1ccccc21,db0b10fc79852314,3
,,,COc1ccc(C[C@H](NC(C)=O)[C@H](O)CN[C@H]2CC3(CCC3)Oc3ncc(CC(C)(C)C)cc32)cc1F,790697b650d23a4e,3
,,,Cc1nn(CC(C)(C)O)c(C)c1-c1ccc2c(c1)N(c1nc3c(s1)C(=O)NC(C)(C)C3)CCO2,aa34d9f830c6c6ed,6
,,,Oc1nc2c(O)ccc([C@@H](O)CNCCc3cccc(CNCCCc4ccccc4)c3)c2s1,c3492e2e81a13b99,1
,,,CCOC[C@@H](CC(C)C)NC(=O)[C@@H]1CNC[C@H](C(=O)N(c2ccc(C(C)C)cn2)C2CC2)[C@@H]1O,0a2107b9b8700061,3
,,,CNS(=O)(=O)Nc1cccc(Cc2c(C)c3ccc(OC(=O)N(C)C)nc3oc2=O)c1,f5a8f8622dea127f,1
,,,CCOC(=O)Nc1ccccc1[C@@H](c1ccc(C(=O)N(CC)CC)cc1)N1CCN(Cc2cscn2)CC1,f83ef55a9f2741d8,4
,,,O=C(Nc1ccc(Oc2ccc3nc(NC(=O)C4CC4)cn3n2)c(F)c1)c1cccn(-c2ccccc2)c1=O,438e6b33e45c41dd,5
,,,CSc1cccc2c3c([nH]c12)CCN(C(=O)[C@@H]1CCCC[C@H]1C(=O)NC1(C#N)CC1)C3,8148f8d2799a563a,2
,,,CN1CCCc2ccc(NC(=O)c3ccc(-c4ccccc4)nc3)cc21,b3c4cfbb0a75a73d,20
,,,CC[C@H](C)[C@@H]([C@@H](CC(=O)N1CCC[C@H]1[C@H](OC)[C@@H](C)C(=O)N[C@@H](Cc1ccccc1)c1nccs1)OC)N(C)C(=O)[C@@H](NC(=O)C(C)(C)N)C(C)C,51e829c0390b97e3,2
,,,CCCN1CNC(=O)C12CCN([C@@H]1CCCC[C@@]1(O)c1ccccc1)CC2,2ad5aa5ad5ccc300,3
,,,CC[C@@H]1C[C@@H](C(=O)NCc2cccc(N)n2)CN(Cc2nc(N3CCOCC3)oc2C)C1,c1eb371eec91c201,4
,,,CCCNC(=O)c1nnc2c(-c3ccc(C)cc3C)cccc2c1N,a6cfb8f50fd0fe4b,11
,,,CC(C)c1ccccc1C(=O)N(CC1CCC1)[C@H]1CCNC1,3eba09b379d36209,11
,,,O=C(NCc1ccncc1)C1c2ccccc2C(=O)N1Cc1ccccc1-c1ccccc1,06fcdb17ccb14d49,11
,,,Cc1ccc(CC(=O)N2CCC3(CC2)CN([C@@H]2CCc4cc(-n5nccn5)ccc42)C3)nc1,5dfde728c8e6d8ef,10
,,,COC[C@@H](Oc1cc(C[C@@H]2CS(=O)C[C@H](NCc3cccc(C(C)(C)CO)c3)[C@H]2O)cc(F)c1N)C(F)(F)F,7a589e62bc8d194b,2
,,,O=c1ccn(CCCCNC(c2ccccc2)(c2ccccc2)c2ccccc2)c(=O)[nH]1,7363f01a648386fc,6
,,,COc1cc(C(=O)N[C@H]2CCc3ccc(Cl)cc32)ccc1-n1cnc(C)c1,09a146d326d7e4b0,17
,,,Cc1ccc2c(N3CCN(CCc4cccc(NC(=O)c5cnccn5)c4)CC3)cccc2n1,3d285b7aeeed4cc5,4
,,,CC1(C)OC(=O)N(c2ccc(-c3cnc(N)c(-c4ncccn4)c3)cc2)[C@H]1c1ccccc1,7d9b661101e0fb99,5
,,,CC(=O)Nc1cc(Nc2cc(NC3CC3)n3ncc(C#N)c3n2)ccc1N1CCC[C@@H](N(C)C)C1,0f7fa71552119efb,2
,,,CCCOc1ccc(CN2CC3(CCN(C(=O)Cc4ccc(OC)cc4)CC3)C2)cn1,4e451169ca15814b,16
,,,CSc1ccccc1C(=O)N(CC1CCC1)[C@H]1CCNC1,f790fcba3ec3d972,11
,,,COc1nc(C2=NN(c3ccc(C#N)c(C)c3)[C@@H](C3CCCC3)C2)ccc1C(=O)NS(C)(=O)=O,ae610b23cc1e34e5,5
,,,O=c1c2c(Nc3ccc(I)cc3F)cncc2cnn1C[C@H](O)CO,8f24d7a0f61cf5db,3
,,,CCC1(C(=O)N2CCN(C(=O)c3cc(Cc4nnc(O)c(C)c4C)ccc3F)CC2)CCCN1,0e6a7f55b706d1bc,1
,,,CC1(C)c2cc(N3CCCCC3)ccc2C(=O)c2c1[nH]c1cc(C#N)ccc21,9a4a716557bb92e1,3
,,,CC(C)n1cc(C(=O)c2cncc(N[C@@H]3COC[C@@H]3c3ccc(F)cc3)n2)c2c(N)ncnc21,a8131d7c7617384b,7
,,,COc1ccc(OCC(=O)N2CCC3(CC2)CN(Cc2ccc(-n4cccn4)cc2)C3)cc1,20db779a917049ac,7
,,,O=C(Nc1cc(-c2ccncc2)[nH]n1)[C@H](Cc1ccccc1)NCc1cncs1,808ddcd0dda3c3d9,2
,,,COc1ccc2c(C)cc(N[C@H]3CC[C@H](NCc4cn(C)c5ccc(OC(F)F)cc45)C3)nc2c1,3590dba4f1f88cee,1
,,,CC1(COc2cc(F)c3c(c2)[C@]2(COC(N)=N2)c2cc(-c4cccnc4F)ccc2O3)COC1,0fdceb775e1e2187,18
,,,CC(C)N(CC[C@H](c1ccccc1)c1cc(CCCNC(=O)Cc2cccc(CC(C)(C)NC[C@H](O)c3ccc(O)c(CO)c3)c2)ccc1O)C(C)C,ea65810a85189eea,4
,,,Cc1ccc(-n2c(C)nnc2C2CCN(c3ccccn3)CC2)cc1,fa799c6c16de5fe1,4
,,,COC1CCN(C(=O)[C@H]2CC[C@H](Nc3nccc(-n4ccc5c(OCCCS(C)(=O)=O)cccc54)n3)CC2)CC1,466410376ebaca20,1
,,,CCC(=O)CCCCC[C@H](NC(=O)CCN1CCN(C)CC1)c1nc(-c2cc(OC)c3ccccc3n2)c[nH]1,5ac6aab60557ab6a,2
,,,CO/C(O)=C1/C(C)=NC(C)=C(C(=O)OCCN2CCN(C(c3ccccc3)c3ccccc3)CC2)C1c1cccc([N+](=O)[O-])c1,4c31d72fddce0527,3
,,,O=[N+]([O-])c1cn2c(n1)OC[C@@H](NCc1ccc(OC(F)(F)F)c(F)c1)C2,4bbc83067a9f1d5f,3
,,,CC[C@H](NC(=O)c1c(S(C)=O)c(-c2ccsc2)nc2ccccc12)c1ccccc1,c805e2fe2cac4684,6
,,,CCS(=O)(=O)c1ccc2c(c1)nc(C1(C)CC1)n2CC1CC1,ac04ef3576056f80,20
,,,O=C(NC1CCCCC1)N1CCN(c2nc(-c3ccc4ccccc4n3)no2)CC1,4fda6f5e983b4c08,3
,,,COc1cccc([C@H]2CN(c3nc(-c4ccncn4)cc(=O)n3C)CCO2)c1,4ceb1e5b31ad4108,2
,,,O=C(C1CC2(CCN(C3CCOCC3)CC2)C1)N1CCN(C2CCC2)CC1,8261ff0a7aa1f9b6,6
,,,Cc1cc(-c2ccc(C(=O)c3cccc(O)c3)s2)ccc1O,b7b5a63c104b3ca8,19
,,,CN[C@@H](C)C(=O)N[C@H](C(=O)N1C[C@H]2CCCN2C[C@H]1C(=O)N[C@H](C)c1ccccc1)C1CCCCC1,217cbdf5a7e74fe2,1
,,,C1=C(CS/C(=N\C2CCCCC2)NC2CCCCC2)N2CCN=C2S1,4994ad41f0dcdcd5,1
,,,CCOC(=O)Nc1cc2c(c(N)n1)N=C(c1ccccc1)CCN2,39db6e27b1d6a211,7
,,,O=C(NCc1ccc(OC(F)(F)F)cc1)C1c2ccccc2C(=O)N1C1CCC(F)(F)CC1,ca41283356d07ae5,8
,,,Cc1ncccc1CCC1CCN(S(=O)(=O)CC2(N(O)C=O)CCOCC2)CC1,d990a386ac2f59d8,1
,,,c1ccc(Cn2c(Cn3nccn3)nnc2C2CCN(c3ccccn3)CC2)cc1,5d45a5b8dfb31921,3
,,,CN(C)C(=O)[C@H]1CC2(CCN(c3cc(N)ccn3)CC2)c2ccccc21,8072c278d627b752,12
,,,CC(=O)N1CC[C@@H](Nc2cncc(C(=O)c3cn(C(C)C)c4ncnc(N)c34)n2)[C@H]1c1ccccc1,bf6ab6b0c56e06f7,11
,,,CN(C)c1cccc(C(=O)N2CCC(C(=O)c3ccc(F)cc3)CC2)c1,344dd5071cdbfe65,2
,,,CCOc1ccc(N2CCN(c3noc([C@H](C)NC(C)=O)n3)[C@@H](C)C2)c(C)c1,0a53ea3ccb5cc9af,3
,,,COc1ccc(CC(=O)N2CCC3(CC2)CN([C@@H]2CCc4cc(-c5ncc(C)cn5)ccc42)C3)nc1,d404b0c4bcd4602d,11
,,,COc1ccc(C2(OCC(F)(F)F)Sc3ccccc3-n3c2noc3=O)cc1,50f524ea7fc38e3e,11
,,,CN[C@@H](C)C(=O)N[C@H](C(=O)N1C[C@H]2CCCN2C[C@H]1C(=O)N[C@H]1CCCc2ccccc21)C1CCCCC1,5ee05ac4ecadd7e8,2
,,,Cc1cc(C#N)nc(C)c1C(=O)N1CCC(C)(N2CCC(N3C(=O)N(CC4CCOCC4)C[C@@H]3c3ccccn3)CC2)CC1,2f2e9f250131d94e,1
,,,CCCCCS(=O)(=O)NC(=O)OCc1ccc(OCCOC)cc1Oc1ncc(C(F)(F)F)cc1Cl,db72a820b02656db,7
,,,NS(=O)(=O)c1cccc(C(=O)N2CCC(C(=O)c3ccc(F)cc3)CC2)c1,f79736b7ab89ab52,4
,,,CNCc1cc(C(=O)N(C)C)ccc1Oc1ccc(Cl)cc1OC,53a3b606ac8dc3c4,10
,,,Nc1nccc2c1nc(O)n2Cc1ccccc1,17620673035fc86e,2
,,,Cc1c(Br)cc(-c2csc(O)n2)cc1S(=O)(=O)NC1CCCC1,dde44dc7d9869f74,15
,,,Cc1cc2c(NC(=O)N[C@@H]3CC(C)(C)Oc4cc(F)ccc43)cccc2cn1,0ab84cfd14ffd3c8,4
,,,Cc1noc(C)c1CCC1CCN(S(=O)(=O)CC2(N(O)C=O)CCN(C)CC2)CC1,138e1fc6f68fcc86,1
,,,COCCC(C)n1nc(C)c(C(=O)N[C@@H](C)C(C)(C)C)c1NS(=O)(=O)c1ccc(C)cc1,c019c2ae5db8b883,4
,,,C[C@@H]1CN(c2ccc(F)cc2C(F)(F)F)CCN1S(=O)(=O)c1ccc(C(N)=O)cc1Cl,f032124367c1df2a,8
,,,CN(C)CCNc1cc(-c2ccc(N3CCN(C)CC3)cc2)nc2ccccc12,ac2baf92476aae73,6
,,,C[C@@H]1CN(C(=O)[C@H]2CN(c3cccnn3)C[C@@H]2c2ccc(F)cc2F)C[C@H](C)[C@@]1(O)c1ccc(F)cc1,98499677a4aa6432,4
,,,COCCOc1cnc2ccc([C@H](C)n3nnc4ccn(-c5cc(C)ns5)c(=O)c43)cc2c1,626d9483b25aabfd,6
,,,C[C@](O)(COc1ccc(F)cc1)C(=O)N1CCc2c(C#N)cccc21,f8a840a4cd8df80a,9
,,,O=C(c1ccncc1)N1N=C2CCCC[C@@H]2[C@@]1(O)C(F)(F)F,402d25ad5ebaf9e8,2
,,,CCOC[C@@H](CC(C)C)NC(=O)[C@@H]1CNC[C@H](C(=O)N(c2cc(OC)c(C(C)C)cn2)C2CC2)C1,70307ef0a8e12b0d,5
,,,CCOC1(c2ccc(Br)cc2)SC=C(C)n2c1noc2=O,cee7c445f45011b4,9
,,,COc1ccc(S(=O)(=O)N(C)c2nccc(-c3ccc4nc(NC(C)=O)sc4c3)n2)cc1,28b88e73ba3d076a,6
,,,O=C(O)C(c1ccccc1)N1CCO[C@@H](CN2CCC(Oc3ccc(Cl)c(Cl)c3)CC2)C1,8f9e46f4af5e700f,6
,,,O=C(c1ccc(F)cc1)C1CCN(C(=O)c2ccc(-c3ccccc3)cc2)CC1,2a3431c644b9093d,5
,,,CC(=O)c1ncn2c1COc1c(CCN3CCN(c4cccc5nc(C)ccc45)CC3)cccc1-2,0d8f519dba8f3812,2
,,,CCn1c([C@@H](C)NS(=O)(=O)c2cn(C)c(C)n2)nc2ccc(C(F)(F)F)cc21,473c0ff1da4fe8b8,1
,,,CC(=O)Nc1cc(Nc2cc(NC3CC3)n3ncc(C#N)c3n2)ccc1N(C)C[C@@H](C)N,f5c55cf7152602ef,5
,,,COc1ccc2nccc([C@@H]3CN(C4CCN(Cc5cc6ccccc6[nH]5)CC4)C(=O)O3)c2c1,62f5d565f0e98fc0,4
,,,O=C(O)c1cccc(C(=O)N2C[C@H]3CN(CC[C@H](NC(=O)C4CCCC4)c4ccccc4)C[C@H]3C2)c1,4a77d71a739db34e,6
,,,O=C(c1cccc(Cc2nnc(O)c3ccccc23)c1)N1CCN(c2ncccn2)CC1,8709afd8097ee76c,4
,,,CC(C)(C)NC(=O)NCCN1CCC(CNC(=O)c2cc(Cl)cc(Cl)c2)CC1,de9f07fd5e6ddf55,7
,,,NC1=N[C@@]2(CO1)c1cc(-c3cccnc3F)ccc1Oc1c2cc(-c2cccnc2)nc1F,3db357ed15fca791,13
,,,CC(=O)NC1CCN(c2nc(-c3ccccn3)nc3c2CN(Cc2ccc(Cl)cc2)CC3)CC1,8d00a83e9a57ece0,1
,,,Fc1ccc(-c2cnc3nnc(Cc4ccc5ncccc5c4)n3n2)cc1,9ee1531f6e9fc87e,7
,,,COc1ccc2[nH]c(=O)n(C[C@H]3CC[C@H](C(=O)N4CCN(C(C)=O)CC4)CC3)c(=O)c2c1,597ac40ce562ea09,1
,,,N#Cc1cccc(-c2c(C(=O)N3CCCCC3CO)cc3ccccn23)c1,4e9e81c2dd78fcda,6
,,,O=C(NCc1ccc(OC(F)(F)F)cc1)C1c2ccccc2C(=O)N1CCc1ncccn1,1022f4298548290b,2
,,,C[C@@H]1CN(Cc2ccc(-c3cccnc3C(=O)N3CCC(Nc4cccc(F)c4)CC3)cc2)C[C@H](C)N1,688bec71bc7c58ef,10
,,,CC(C)(C)NC(=O)NCCN1CCC(CNC(=O)c2cc(Cl)cc(Cl)c2)C1,14e32f958d7cf0fb,1
,,,NC(=O)CN1CCN(Cc2nc(-c3cn(CC4CCOCC4)c4c(Cl)cccc34)ns2)CC1,d770e66c1a988098,2
,,,CO[C@H]1CC[C@@H](n2nc(C)c(C(=O)N[C@@H](C)C(C)(C)C)c2NS(=O)(=O)c2ccc(C)cc2)CC1,ce943f0bea9235ab,4
,,,CCN(C(=O)NCc1cc(F)ccc1F)C1CCN(CCC(c2ccccc2)c2ccccc2)CC1,95cf5b913916cd5b,1
,,,COCC(=O)N1CCN(C(=O)[C@H]2CC[C@H](Cn3c(=O)[nH]c4ccc(OC)cc4c3=O)CC2)CC1,13e36f80625ad05a,3
,,,CC(=O)N1N=C(c2ccc(Br)cc2)CC1c1ccc(C)cc1,2954bae2f52857ca,2
,,,Cc1ccncc1-c1cc(F)c2c(c1)CCc1nnc(C)n1-2,529c328f2ab58742,4
,,,NC1=N[C@@]2(CO1)c1cc(-c3cncnc3)ccc1Oc1ccc(N3CCOCC3)cc12,9dad77de4fb434ce,7
,,,CCN(C(=O)NCc1ccc(S(C)(=O)=O)cc1)C1CCN(CCC(c2ccc(F)cc2)C2CCN(Cc3ccc4ccccc4n3)CC2)CC1,5350c46ec631e61e,3
,,,CCCNc1ccc2ccc(C(=O)N3CCC4(CC3)Cc3cn(C(C)(C)C)nc3C(=O)N4)cc2n1,dddee7542e50c57f,7
,,,Cc1oc(-c2ccccc2)nc1CN1CCC[C@@H](C(=O)NC[C@H]2CCCO2)C1,2ffdb4dc3511608d,5
,,,COc1ccc(OC)c(-c2cccc3c(N)c(C(=O)NCCCO)nnc23)c1,0eb1d8436631bcec,3
,,,c1ccc2[nH]c(Nc3ccc(Oc4nccnc4N4CCOCC4)cc3)nc2c1,1885f01e94abe85b,4
,,,Cc1ccc(Cn2c(O)nc3c(N)nc(-c4ncco4)cc32)cn1,b323812a056cc90c,6
,,,Nc1ncc(-c2nc(N3CCOCC3)nc3c2CCN3c2ccc(CN3CCOCC3)cc2F)cn1,6b5b18da85a91be8,3
,,,Cc1[nH]nc2c(C)cc(C(=O)N3CCC4(CC3)Cc3cn(C(C)(C)C)nc3C(=O)N4)cc12,2f8bcf7c1276ed3f,13
,,,COc1cc2c(cc1-c1cnco1)C(=O)N(C)C1(CCN(C(=O)C(C)(C)C)C1)N2,2b8ac8ea2a677f38,9
,,,CC1(C)OC(=O)N([C@H]2CC[C@H](NC(=O)c3ccnc4cccnc34)CC2)[C@H]1c1ccccc1,71b3502758c405a7,3
,,,Cc1nc(N)nc(-c2c(Nc3ccc4ncccc4c3)nc3ccccn23)n1,3e5875a8c056df13,3
,,,CCOC(=O)Nc1ccc([C@@H](c2ccc(C(=O)N(CC)CC)cc2)N2CCN(Cc3cscn3)CC2)cc1,277ee705c954a624,2
,,,N#Cc1cnc2ccn(-c3ccnc(N)n3)c2c1,5a41c830749147e5,3
,,,CC(C)(C(=O)Nc1ccc(N2CCC(NCC3CC3)CC2)c(Cl)c1)c1cccc(C(F)(F)F)c1,1f237ff7b7cd45d7,6
,,,CC[C@H](C)[C@@H]1C(=O)N[C@H](C2Cc3ccccc3C2)C(=O)N1[C@@H](C(=O)N1CCOCC1)c1cnc(C)cc1C,ff253b4cb14c531f,3
,,,COc1ccc(Cn2nnc3ncc(-c4ccc(F)cc4)nc32)cc1,aa629f599c9e425e,7
,,,COc1ccc(S(=O)(=O)N2C(=O)[C@@](c3cccnc3OC)(N3CCC[C@H]3C(=O)N(C)C)c3cc(Cl)ccc32)c(OC)c1,77089246b18073e9,1
,,,COc1cc(C(=O)N[C@H]2COc3ccc(Cl)cc32)ccc1-n1cnc(C)c1,d63e7cf496114850,11
,,,CC[C@H](CO)Nc1nc(SCc2cccc(F)c2F)nc2nc(N)sc12,bb7534469869361e,9
,,,COc1ccc(C(=O)NCCO)cc1/C=C/c1ccc(Cl)cc1,a9be336365e5fe71,9
,,,Cn1cc(-c2ccc(Cc3[nH]nc4ccc(-c5nccn5C)cc34)cc2)cn1,af3f2719968407c6,18
,,,COc1cn(-c2ccc(N3CCOC3=O)cc2F)nc(-c2ccnn2-c2ccccc2)c1=O,977eedef00ed0e30,11
,,,CC(C)(C)NC(=O)C1c2ccccc2C(=O)N1Cc1cc(F)ccc1-c1ccc(F)cc1,7c7d951b6200d5ac,9
,,,O=C(Nc1cc(NS(=O)(=O)c2cccs2)cc(-c2csc(O)n2)c1)c1cccs1,034c5ac841f79aea,14
,,,C[C@H]1COCCN1C[C@H]1CN(S(=O)(=O)c2cccs2)CCN1c1ccc([C@@](C)(O)C(F)(F)F)cc1,05e847be5c2357bd,1
,,,COc1ccc(Nc2ncc(CN3CCN(S(C)(=O)=O)CC3)cc2-c2nc(C)nc(N)n2)cn1,0f8622c81d90a1bc,9
,,,CCOC(=O)c1c(-c2cccc(Oc3ccccc3)c2)nc2cc(OC)ccc2c1O,79c581a671933628,8
,,,N#C[C@H]1CC[C@H](N2C(=O)c3ccccc3C2C(=O)NCc2ccc(OC(F)(F)F)cc2)CC1,7c3c5c260a6b27b0,3
,,,Cn1c(=O)ccc2cc(COc3ccc4c(c3)CCN(C3CCC3)CC4)ccc21,04d5ec0fa0f8095b,6
,,,O=C1OC2(CCN(c3nc4cc(-c5ccc(F)cc5)ccc4[nH]3)CC2)CN1c1ccccc1,801d831e81dbeee6,6
,,,CC(=O)N1CCC(c2cccnc2Oc2ccc(C(=O)c3nc4ccccc4[nH]3)cc2)CC1,1f3cd6e9870c04a3,15
,,,O=C(CCC(F)(F)F)N1CCC(c2nc(-c3cccs3)no2)CC1,225c2a4fcc021bb2,4
,,,COCc1cc(OC)c(-c2csc3c(N(CC4CC4)CC4CCOC4)c(OC)nn23)c(OC)c1,77e74b2c3e401349,15
,,,COC(=O)N1C[C@@H]2CC[C@H]1C[C@@]2(O)C#Cc1cccc(C)c1,8cb72eae448e7c95,12
,,,NC(=O)c1c(OC2CCN(C[C@H](O)CNC(=O)c3cnc(O)c4ccccc34)CC2)ccc(Cl)c1Cl,402516be57880bef,4
,,,O=C(c1cccnc1)N1C[C@@H]2[C@H](CNc3nc(-c4ccccn4)cs3)[C@@H]2C1,27249150884c0a70,8
,,,CC1(C)CN2C(CS/C(=N\C3CCCCC3)NC3CCCCC3)=CSC2=N1,97f4de2c0a7a9f78,2
,,,Nc1ccc(S(=O)(=O)N2CCN(c3ncc(C(O)(C(F)(F)F)C(F)(F)F)cc3-c3ccccc3O)CC2)cn1,2b7f39db774ab3d4,3
,,,CC1(C)CN(CCC#N)C(=O)[C@@H]1Oc1ccc(C#N)c(C(F)(F)F)c1,15c5ce11c7a2719a,17
,,,O=C(c1cc(F)cc(F)c1)N1C[C@@H]2[C@H](CNc3nc(-c4ccccn4)cs3)[C@@H]2C1,16f22438672f1ce4,3
,,,CCCCCNS(=O)(=O)NC(=O)CCc1ccc(OCCOC)cc1Oc1ncc(C(F)(F)F)cc1Cl,5401477a2bd2b8ac,1
,,,Fc1ccc(-c2cnc3nnc(COc4ccnc5ccsc45)n3n2)cc1,8f8515dea10cb546,12
,,,O=C1OC2(CCN(c3nc4ccccc4[nH]3)CC2)CN1c1ccccc1,bc7a6f513465522d,4
,,,COc1cc(C)nc(O)c1CNC(=O)c1c(C)n([C@H](C)C2CCOCC2)c2ccccc12,a40bbf3b93d3074e,6
,,,Cc1cc(C)c(S(=O)(=O)NCc2ccc(-n3ccnc3C)cc2)c(C)c1,f994974adab94819,7
,,,Oc1nc2c(O)ccc([C@@H](O)CNCCCSCCOCCc3cccc4ccccc34)c2s1,4e18d1db207cec6a,9
,,,COc1cc2c(cc1-c1cnco1)C(=O)N(C)C1(CCN(C(=O)N(C(C)C)C(C)C)C1)N2,fab453ecebd15cdd,3
,,,CN[C@@H](C)C(=O)N[C@H](C(=O)N1C[C@H]2CCCN2C[C@H]1C(=O)N[C@@H]1CCOc2ccccc21)C1CCCCC1,015de0e4df8caee9,3
,,,CN1CCN(C(=O)c2ccc(N3CCc4c(-c5cnc(N)nc5)nc(N5CCOCC5)nc43)cn2)CC1,121a15917455c0fc,1
,,,COCCOc1cnc2ccn([C@H](C)c3nnc4ccc(-c5cnn(C)c5)cn34)c(=O)c2c1,7f10d5544fd59114,8
,,,CC1(C)c2cc(N3CCOCC3)ccc2C(=O)c2c1[nH]c1cc(C#N)ccc21,a2700e96f4e984f0,6
,,,Cc1cccnc1CCC1CCN(S(=O)(=O)CC2(N(O)C=O)CCOCC2)CC1,444c8b823a8ebde0,1
,,,O=c1ccn(CCCCOC(c2ccccc2)(c2ccccc2)c2ccccc2)c(=O)[nH]1,a8b97eac458368c1,14
,,,C=CC(=O)NCC(=O)Nc1cccc(Nc2ncc(NC(=O)c3cc(NC(=O)c4cccc(C(F)(F)F)c4)ccc3C)cn2)c1,b5cda6ba5e4d0b59,1
,,,O=C(CCC(F)(F)F)N1CC[C@@H](c2nc(-c3cccs3)no2)C1,90726e212330ee7e,9
,,,Cc1c(O)nnc(Cc2ccc(F)c(C(=O)N3CCN(C(=O)C4(C)CCCN4)CC3)c2)c1C,4521d15b20a7945f,4
,,,Cc1cc(C)c(CNC(=O)c2c(C)n(C(C)C)c3ccccc23)c(O)n1,d4db35529dd6c2af,9
,,,COc1cccc(-n2nnc(C3CC3)c2C(=O)N(C)c2ccc(Cl)cn2)c1,074a8146d3fead13,7
,,,CCCc1nn(C)c2c(O)nc(-c3cc(S(=O)(=O)N4CCN(C)CC4)ccc3OCC)nc12,bb6cb8e05acdc57b,5
,,,CCS(=O)(=O)c1ccc2c(c1)nc(C(C)(C)C)n2C1CC1,d7857439ba8290c0,11
,,,CCN(CCO)C(=O)c1cc2cc(C)cnn2c1-c1cccc(C(F)(F)F)c1,a5d98bdd84062055,9
,,,COc1ccc2c(C)cc(N[C@H]3CCC[C@H](NCc4ccc(S(C)(=O)=O)cc4Cl)C3)nc2c1,6ce592d293564c47,3
,,,NC1=N[C@@]2(CO1)c1cc(-c3cccnc3F)ccc1Oc1c2cc(C2CCOCC2)nc1F,3041c3229277f581,5
,,,O=[N+]([O-])c1cn2c(n1)OC[C@@H](NCc1ccc(OC(F)(F)F)c(Oc3ccccc3)c1)C2,ea3de258b9348f4e,13
,,,O=C(NC[C@@H](O)CN1CCC(Oc2ccc(Cl)c(Cl)c2)CC1)c1cnc(O)c2cc(F)ccc12,8511d8f7aa18eaa5,3
,,,C[C@H](NC(=O)[C@H]1NCC[C@@H]1O)c1ccc(-c2noc(CCC3CCCC3)n2)cc1,71400fe648c6e774,10
,,,O=c1cc(Cn2cnc3ccccc32)nc2scc(-c3ccccc3)n12,43cea636354158f8,5
,,,N#Cc1cccc(N2CCN(CCN3Cc4ccccc4C3)C2=O)c1,865ff27fae132715,7
,,,Oc1ccc(Cn2nnc3ncc(-c4ccc(F)cc4)nc32)cc1,3e7686b0ddd0f757,8
,,,CN[C@@H](C)C(=O)N[C@H]1CCC[C@H]2C[C@H]3CCN(CCc4ccccc4F)C[C@H]3N2C1=O,3b7d4806f946771a,6
,,,O=C1c2cccc3n[nH]c(c23)CN1[C@H]1CN2CCC1CC2,bdec1c22d3d0a2f7,4
,,,CNS(=O)(=O)c1ccc2c(C(=O)NC[C@@H](O)CN3CCC(Oc4ccc(Cl)c(Cl)c4)CC3)cnc(O)c2c1,2a9ea6409a6fd8d1,8
,,,CC1(C)[C@@H]2CC[C@@]1(C)c1c2c(=O)n(-c2ccccc2)n1Cc1ccccc1,a1d3190749588e3d,4
,,,CCOC(=O)C1=C(O)/C(=C\c2cc(C)n(-c3ccc(CN4CCOCC4)cc3)c2C)N=C1C,1dd2abab75739eee,3
,,,Nc1nc(C(F)(F)F)cc2c1nc(O)n2Cc1ccc(OCCN2CCCC2)nc1,1d05dcd9ca98a494,8
,,,COc1cc2nccc(Oc3ccc4c(C(=O)Nc5ccc(Cl)cc5)cccc4c3F)c2cc1OC,f2b9d870e6de6715,22
,,,Cc1ccc2c(N3CCN(CCc4cccc5c4OCC(=O)N5C)[C@@H](C)C3)cccc2n1,a41b1ef1d2eb5908,4
,,,COc1ccc2c(C)cc(N[C@H]3CC[C@H](NCc4cn(C)c5cccnc45)C3)nc2c1,e7ac32887bdfe73b,2
,,,Cc1cc(C#Cc2ncn3c2COc2ccccc2-3)ccn1,43b5268ca8ed3d2c,4
,,,CC[C@H]1C[C@@H](C(=O)NC[C@H]2CCCO2)CN(Cc2nc(-c3ccccc3)oc2C)C1,75271bcb5dadcf1f,4
,,,CC1(C#Cc2cnc3c(c2)[C@]2(COC(N)=N2)c2cc(-c4cccnc4F)ccc2O3)COC1,8cb53c77462177ff,9
,,,CCN1C(=O)COc2ccc(CC3CCN(CCOc4cccc5nc(C)ccc45)CC3)cc21,afad72e3a052f22f,2
,,,Nc1[nH]nc2ccc(-c3nnc(NCc4ccccc4)o3)cc12,ef4c6e3f303e8e5a,5
,,,O=C(Cc1cc2cccnn2c1-c1cccc(C(F)(F)F)c1)N1CCC[C@@H]1CO,d40e7baf7cdefb91,6
,,,CC(=O)N[C@@H](Cc1cccc(F)c1)[C@H](O)CN[C@H]1CC2(CCC2)Oc2ncc(CC(C)(C)C)cc21,fee5a09c8f26ae26,11
,,,CCCCCS(=O)(=O)NC(=O)/C=C/c1ccc(OC(C)C)cc1Oc1ncc(C(F)(F)F)cc1Cl,d81e982485f497a2,3
,,,CCn1cc(-c2ccc3c(c2)N(c2nc4c(s2)C(=O)NC(C)(C)C4)CCO3)cn1,15fb7721d9bb9731,19
,,,COc1cccc(-n2nnc(C3CC3)c2C(=O)N(C)c2ccc(Cl)cc2)c1,d2b10023c6ec4ae8,5
,,,Cc1nnc(C(C)C)n1C1CCN(C(C)C[C@H](NC(=O)C2CC2)c2ccccc2)CC1,e0fb2706c114e487,1
,,,CCC1(CC)C[C@@H](NC(=O)Nc2cccc3cnccc23)c2cc(F)ccc2O1,d50fb9768433c5cd,7
,,,CC(=O)Nc1cc(Nc2cc(NC3CC3)n3ncc(C#N)c3n2)ccc1N(C)CCCN(C)C,9c3601048035e86a,9
,,,O=C(c1ccc(F)cc1)C1CCN(C(=O)c2cccc(F)c2)CC1,1630e7844406b254,2
,,,COc1nc2cccnc2n1-c1ccc(C(=O)c2nc3ccccc3[nH]2)cc1,d795eb3632c1335c,8
,,,CCn1c([C@@H](C)NS(=O)(=O)c2ccccc2)nc2ccc(C(F)(F)F)cc21,3bcf7f6039bf02ae,2
,,,O=C(c1ccccc1C(F)(F)F)N(C1CCC1)[C@H]1CCNC1,b868fb2489651817,10
,,,COc1ccc(C(F)(F)F)cc1Cn1c(C(=O)NCC(C)(C)O)cc2cc(C#N)ccc21,ed5d8af36ec9a874,9
,,,COc1ccc(/C(=N/C2CCCCC2)NO)cc1,12a068982be4cefc,3
,,,Cn1ccc(NC(=O)c2cn(Cc3cccc(C(F)(F)F)c3)cn2)n1,1f96a3998050f8ef,5
,,,COCCOc1nc(N)c2nc(O)n(Cc3ccccc3)c2n1,7d655061d33b34e2,14
,,,O=C(NCc1ccc(OC(F)(F)F)cc1)C1c2ccccc2C(=O)N1CCc1ncc(F)cn1,85fbf4985f4da793,3
,,,COc1ccc(OC)c(-c2cccc3c(N)c4c(nc23)CN(C2CC(C)C2)C4=O)c1,81637e53753c767a,11
,,,Cn1c2c(c(=O)n1-c1ccccc1C(F)(F)F)[C@H]1CC[C@]2(C)C1(C)C,f7a54c5b911c848c,4
,,,CNC(=O)c1ncn2c1COc1c(CCN3CCN(c4cccc5nc(C)ccc45)CC3)cccc1-2,688fd4a25ef48690,4
,,,Cn1nc2c3c(cccc31)C(=O)N([C@H]1CN3CCC1CC3)C2,ad7fe3e65c970e80,3
,,,C[C@H](CO)Nc1nc(SCc2ccccc2)nc2[nH]c(O)nc12,f2f6516e8c7eb025,2
,,,Cn1c2c(c(=O)n1-c1ccccc1)[C@H]1CC[C@]2(C)C1(C)C,29749e50f6a322d7,2
,,,CN(CCCC(=O)NCCF)C(=O)c1ccc2c(c1)c1c(n2C)CC[C@@H](C2CCOCC2)C1,d9fbbebaf5926046,2
,,,CC(=O)c1ccc(C(=O)N2CCC(C(=O)c3ccc(F)cc3)CC2)cc1,9121b8187eab309a,5
,,,Cc1[nH]cnc1CN1CCc2c(c3ccccc3n2C)C1=O,926190eba95414a1,4
,,,CC(C)(C)COc1cnc2c(c1)[C@]1(COC(N)=N1)c1cc(-c3cccnc3)ccc1O2,fdc9c477bffe1a5b,8
,,,CCn1c([C@@H](C)NS(=O)(=O)c2cnc(NC(C)=O)s2)nc2ccc(C(F)(F)F)cc21,67c32ae91c861cf8,1
,,,Cn1c(N2CCO[C@@H](c3ccc(C#N)cc3)C2)nc(-c2ccncn2)cc1=O,87a1a4244a022fd2,2
,,,Cc1c(N)cc(-c2csc(O)n2)cc1S(=O)(=O)NC1CCCC1,687ec9cd284f6553,14
,,,CC(C)S(=O)(=O)N(Cc1ccccc1-c1ccccc1)[C@H]1CCNC1,3ddec3a8d3701f1e,7
,,,CC(C)(CO)CNC(=O)c1cc2cc(C#N)ccc2n1Cc1cccc(OC(F)(F)F)c1,6bed11cff01110bc,2
,,,CC(=O)Nc1ccc(O)cc1OC[C@@H](N)CN1CCC2(CC1)Cc1ccccc1O2,509f00483faf47b9,2
,,,O=C(NCC1(N2CCCCC2)CCCC1)N1CCC(c2nc(-c3ccc4ccccc4n3)no2)CC1,31b296b0d89515a0,8
,,,COc1ccc(-c2csc(O)n2)cc1S(=O)(=O)NC1CCCC1,c49e5f4ba90fe36b,12
,,,CC(C)[C@]1(C(=O)N2CCN(c3cc(C(F)(F)F)ccn3)CC2)CC[C@@H](N2CCC3COCCC32)C1,822feae1f10197ae,5
,,,CC[C@H](C)[C@@H]1C(=O)N[C@H](C2Cc3ccccc3C2)C(=O)N1[C@@H](C(=O)N(C)C)c1ccc(C)nc1C,299bb023a79d15f6,3
,,,COC[C@@H]1C[C@@H](C(=O)NCC2CCOCC2)CN(Cc2nc(-c3ccccc3)oc2C)C1,afd0b623b7f0218b,1
,,,Cc1nc(N2CCN(C(=O)[C@@H]3CCCC[C@H]3C(=O)NC3(C#N)CC3)CC2)sc1C,09f75acba0e0f0ab,3
,,,c1ccc(CNc2nnc(-c3ccc4cnccc4c3)o2)cc1,2a1c0be5f59aebd6,3
,,,CN[C@@H](C)C(=O)N[C@H]1CCC[C@H]2C[C@H]3CCN(CCc4ccc(Cl)cc4)C[C@H]3N2C1=O,effc9ebba3b5b42e,6
,,,COc1ccccc1[C@H]1CN(c2nc(-c3ccncn3)cc(=O)n2C)CCO1,0c2bdb44157e9312,2
,,,CN[C@@H](C)C(=O)N[C@H]1CCC[C@H]2C[C@H]3CCN(CCc4ccc([N+](=O)[O-])cc4)C[C@H]3N2C1=O,8fc42fb86cf21b52,1
,,,CC1(C)Cc2nc(N3CCOc4ccc(-c5ccc(N)nn5)cc43)sc2C(=O)N1,e8ce75d17b844b8c,20
,,,COc1ccc(N(C(=O)c2occc2CN(C)C)C(C(=O)NC[C@@H](C)O)c2ccccc2F)c(OC)c1,95b2471d035c269c,3
,,,Nc1nc2nc(SCc3ccccc3)nc(O)c2s1,7e6205d83a59b172,5
,,,Cc1ccc(S(=O)(=O)N2C=CNC(=O)[C@H]2CC(=O)NC2CCCCC2)cc1,4317621a3c86a5df,1
,,,CCCCC1CN(CC2CCOCC2)C(=O)OC12CCN(C1(C)CCN(C(=O)c3c(C)ncnc3C)CC1)CC2,8689777fc2467e89,1
,,,CCS(=O)(=O)N(Cc1ccccc1-c1ccccc1)[C@H]1CCNC1,af3a86338a0dd33f,8
,,,CCOCc1nnc(-c2ccc(OCC)c(C)c2)n1-c1ccc(OC)nc1,dca138e138e48e73,20
,,,CC(C)(CN1C(=O)c2ccccc2C1C(=O)NCc1ccc(OC(F)(F)F)cc1)c1ccccn1,09e835122d7104c6,3
,,,CN1CCN(C(=O)c2cncc(N3CCc4c(-c5cnc(N)nc5)nc(N5CCOCC5)nc43)c2)CC1,88cbf25200ebcbbf,5
,,,COc1ccc(S(=O)(=O)N2C(=O)[C@@](c3cccnc3OC)(N3CCC[C@H]3c3ncco3)c3cc(Cl)ccc32)cc1,8877dbe6b511b8f1,1
,,,CCN(C)C(=O)c1ccc([C@H](c2cccc(NC(=O)C3CC3)c2)N2CCN(CCCOC)CC2)cc1,7656029d8e79f4d1,5
,,,COc1c(C(=O)NC2CCNCC2)n(C)c2c1c(=O)n(CC(=O)c1ccccc1)c1ccccc21,0335bf07bc8ed1fc,4
,,,CCOC(=O)C1=C(O)/C(=C\c2cc(C)n(Cc3ccc(C(F)(F)F)cc3)c2C)N=C1C,699d71434f2890c9,8
,,,COc1cccc2c(-c3nsc(CN4CCC(C(=O)NCCO)CC4)n3)cn(CC3CCOCC3)c12,3294ef6fd04a6c0d,1
,,,COc1ccc(C(=O)NC(CO)CO)cc1/C=C/c1ccc(Cl)cc1,d0e57c5c42677ebf,10
,,,O=C(CCCN1CCC(n2c(O)nc3ccccc32)CC1)c1ccc(F)cc1,2f88f04b1fe9ca06,6
,,,Cc1ncc(Cc2nc(-c3n[nH]c(C(F)(F)F)n3)n3cccc(F)c23)cn1,3a2679f394014f0d,4
,,,CC[C@@H](Nc1nnc(-c2c[nH]c3ncccc23)o1)c1ccccc1,7806323ded83e9c5,16
,,,CCCC1(CCC)C[C@@H](NC(=O)Nc2cccc3cnc(C)cc23)c2cccc(F)c2O1,eb4d8b22d40a219d,4
,,,Cc1cc(C(=O)N[C@H]2CC[C@@H](NC(=O)c3cc(F)cnc3Oc3cccc(-c4ccc(O)cc4CN4CCOCC4)c3)CC2)nn1C,b748dc01161ad3b4,2
,,,COc1cccc(OC)c1C1CCC(=O)N1Cc1ccc2oc3ccccc3c2c1,470f06899d52dcf6,5
,,,Nc1nc(C(=O)N2N=C3CCCC[C@@H]3[C@@]2(O)C(F)(F)F)cs1,cd517fe010beae3e,2
,,,CC[C@H](C)C(=O)O[C@H]1C[C@@H](C)C=C2C=C[C@H](C)[C@H](CC[C@@H]3C[C@H](CC(=O)NC)N(CCc4ccc(O)c(OC)c4)C(=O)O3)[C@H]21,3f9011ca94e2de4d,1
,,,CCN(CCO)C(=O)c1cc2cccnc2n1-c1cccc(C(F)(F)F)c1,d6a6b58e2e72aa04,9
,,,CN(C(=O)Cc1ccc(-n2cnnn2)cc1)C1CCN(Cc2ccc(C(F)(F)F)c(F)c2)CC1,dd67b5b78ec8fd56,1
,,,Cc1cc(C#N)cc(Cl)c1Nc1nc(NC2CCN(c3cccc(C(N)=O)c3)CC2)ncc1Br,65e343d726eaff01,3
,,,CC(=O)N[C@@H](CCN1[C@@H]2CC[C@H]1C[C@@H](n1c(C)nc3c1CN(C(=O)C(C)C)CC3)C2)c1ccccc1,a691eb5de88a1ad9,3
,,,Cc1cc(OCC(=O)Nc2ccccc2)c2cc(Br)ccc2n1,58e77d3ad6c4f8c7,3
,,,Cn1cc(-c2ccc(Cc3[nH]nc4ccc(S(=O)(=O)NC5CC5)cc34)cc2)cn1,7b72a1b9eab1814b,9
,,,COCc1cc(OC)c(-c2csc3c(N(CC4CCOCC4)CC4CC4)c(OC)nn23)c(OC)c1,75ab6166d00db0c9,6
,,,CN[C@@H](C)C(=O)N[C@H](C(=O)N1C[C@H]2CCCN2C[C@H]1C(=O)N[C@@H]1CCOc2ccccc21)c1ccccc1,313b0eebbc1f478e,2
,,,COc1ncc(Nc2ncc([C@H](C)CO)cc2-c2nc(C)nc(N)n2)cc1F,5851e970eba4e9f7,5
,,,O=C(N[C@@H](CCN1C[C@@H]2CN(C(=O)c3cccc(F)c3)C[C@@H]2C1)c1cccc(F)c1)C1CCOC1,e4b2fadcba496394,6
,,,COc1ccc(S(=O)(=O)N2C[C@H](C(=O)N3CCCNCC3)c3ccccc32)c2ccccc12,754d5d51467c9925,5
,,,CC[C@H](C)[C@@H]1C(=O)N[C@H](C2Cc3ccccc3C2)C(=O)N1[C@@H](C(=O)N(C)C)c1ccc(C)[n+]([O-])c1,c95da790500e036d,5
,,,Cc1nc(N)c2c(n1)N(Cc1ccccc1)C(=O)C2,572b1b6ca3565ade,2
,,,Cc1ccc(S(=O)(=O)N2C=CNC(=O)[C@H]2CC(=O)N[C@H]2CCN(C3CC3)CC2(C)C)cc1,729fd92555308eaf,1
,,,O=C(Nc1ccc(OC(F)(F)F)cc1)N1CCC2(CCN(C(=O)C3CCC(O)CC3)CC2)C1,db06eb2b4bf8849e,3
,,,Cc1cc2c(NC(=O)N[C@@H]3CC(CF)(CF)Oc4cc(F)ccc43)cccc2cn1,d667dfbbd7a913ce,9
,,,CC(C)(C)CC[C@@]1(C)C(O)=C(C2=NS(=O)(=O)c3cc(NS(C)(=O)=O)ccc3N2)C(=O)c2ccccc21,9ceccc42931d062b,8
,,,Cn1ncc2ncc(C(=O)Nc3nnc(C4CC4)s3)cc21,9f28a9738153259a,4
,,,COc1cc2c(cc1-c1cnco1)C(=O)N(C)C1(CCN(C(=O)Nc3ccccc3)C1)N2,27954d5329f0c67b,14
,,,COc1ccc(Cc2cc([C@]34OC[C@](CO)(O3)[C@@H](O)[C@H](O)[C@@H]4O)ccc2Cl)cc1,8dd303b111421c01,5
,,,O=C(NCc1ccc(OC(F)(F)F)cc1)C1c2cccc(O)c2C(=O)N1CCc1ncc(F)cn1,656e2b7132caa54b,1
,,,COc1ccc(OCC(=O)N2CCC3(CC2)CN(Cc2ccc(-n4nccn4)cc2)C3)cc1,fefb72e6c316d86d,6
,,,CC(=O)Nc1cccc(Nc2ncnc(N3CCC(Oc4ccc(C(F)(F)F)cc4)CC3)n2)c1C,3aec658e815d65db,1
,,,COc1ccc(OC)c(-c2c(F)ccc3c(N)c(C(=O)NC4CCC4)nnc23)c1,016a71f076804757,6
,,,Nc1nc(C2CC2)nc2c1nnn2C[C@@H]1CCN(Cc2nccs2)C1,b849fb1e33fb1aae,5
,,,O=C(Nc1cnc(-c2ccncc2)s1)[C@H](Cc1ccccc1)NCc1cncs1,f3d6eff0846a2b8c,3
,,,CN[C@@H](C)C(=O)N[C@H](C(=O)N1C[C@H]2CCCN2C[C@H]1C(=O)N[C@@H]1CCC(=O)c2ccccc21)C1CCCCC1,4b8b0aec21290900,3
,,,CCCCCS(=O)(=O)NC(=O)/C=C/c1ccc(OCCOC)cc1Oc1ccc(C(F)(F)F)cn1,928cd65d0c586709,7
,,,CC(C)CS(=O)(=O)n1ccc2c(-c3ccc(C(F)(F)F)cc3)cc(N3CCN(C)CC3)nc21,1696c10e43af12ac,8
,,,CCCc1cc(C(O)(C(F)(F)F)C(F)(F)F)ccc1OCCCCN1C(=O)NC(CC)(c2ccc(OC)cc2)C1=O,9254049e77bfd6b1,3
,,,CCCCCS(=O)(=O)NC(=O)/C=C/c1ccc(OCCCS(C)(=O)=O)cc1Oc1ncc(C(F)(F)F)cc1Cl,5518cf251ee14ef1,4
,,,CCCCc1nnc(C2CCN(c3ccccn3)CC2)n1Cc1ccccc1,adc1a42916845274,4
,,,O=C(NCc1ccc(CC(F)(F)F)cc1)C1c2ccccc2C(=O)N1CCc1ccccn1,3374ef26c0433033,3
,,,CCc1nc2c(C)cn(Cc3ccccc3C#N)c(=O)c2n1[C@H]1CCc2cc(-c3ccccc3-c3nn[nH]n3)ccc21,210799101d05f49d,9
,,,Cc1ncnc(C)c1C(=O)N1CCC(C)(N2CCC(N3C(=O)N(CC4CCOCC4)C[C@H]3c3ccccc3)CC2)CC1,1e630847c51401c5,1
,,,COc1ccc2c(c1C)C(=O)N(Cc1ccccc1-c1ccccc1)C2C(=O)NC(C)(C)C,4c4685f1c8f48be2,5
,,,CS(=O)(=O)Nc1cccc(-c2cc(C(O)(C(F)(F)F)C(F)(F)F)cnc2N2CCN(S(=O)(=O)c3ccc(N)nc3)CC2)c1,01a2f3892e1b8c46,1
,,,CN(CCN1CCCCC1)c1ccc(Cn2c(O)nc3c(N)nc(C(F)(F)F)cc32)cn1,8510d47a279a6ea1,6
,,,CC(=O)Nc1cccc(Nc2cc(NC3CC3)n3ncc(C#N)c3n2)c1,aca2c71e525780ee,6
,,,CC(=O)Nc1cc(Nc2cc(NC3CC3)n3ncc(C#N)c3n2)ccc1N1CCN(C)CC1,9d88d2fdac844612,2
,,,COCCCOc1cccc([C@H]2NC(S)=NC3=C2C(=O)c2ccccc23)c1,a1c1f8403586c630,6
,,,CC[C@H](C)[C@@H]1C(=O)N[C@H](C2Cc3ccccc3C2)C(=O)N1[C@@H](C(=O)N(C)C)c1cc(C)cnc1C,94d5b32835511e0f,4
,,,CCn1nc(C)c(-c2ccc3c(c2)N(c2nc4c(s2)C(=O)NC(C)(C)C4)CCO3)c1C,036510562cce1b9d,23
,,,Cc1cn(-c2ccc(CNS(=O)(=O)c3cc(F)ccc3F)cc2)c(C)n1,e05e8d4487a2116a,8
,,,Cc1cc(/C=C/C#N)cc(C)c1Oc1cc(Nc2ccc(C#N)cc2)c(N)cc1CO,d90e17fdfa599414,18
,,,O=C(c1ccccc1Oc1ccccc1)N(CC1CCC1)[C@H]1CCNC1,2115ab65b5e6c203,5
,,,CN(c1ncnc2c1ccn2Cc1ccccc1)C1CCN(Cc2cscn2)CC1,1d301cd9cec91150,2
,,,COc1ccncc1-c1ccccc1CN(C(=O)c1ccc(-c2ccc(C#N)cc2)o1)c1ccc(N2CCNCC2)cc1,75bff61fd54dc26a,5
,,,CCOC(=O)Nc1ccccc1[C@@H](c1ccc(C(=O)N(CC)CC)cc1)N1CCN(Cc2ccccn2)CC1,f039d4047711023b,1
,,,c1ccc(COc2ccc3c(c2)CCN(C2CCC2)CC3)cc1,f6ea987c7ac8f4d1,5
,,,CCS(=O)(=O)c1ccc(CC(=O)Nc2nc(-c3ccccc3)c(Oc3ccccc3OC)s2)cc1,f1c479c661027bd7,13
,,,CCN(CCO)C(=O)c1cc2ccncn2c1-c1cccc(C(F)(F)F)c1,02ca7f5e458e2fae,6
,,,CN1CCN(Cc2ccc(NC(=O)Nc3cc(C#Cc4cnc5cnccn45)n(C)n3)cc2C(F)(F)F)CC1,adf086b5319cfc4a,1
,,,Cc1ccncc1CCC1CCN(S(=O)(=O)CC2(N(O)C=O)CCOCC2)CC1,dd3cbf9f2cb77c51,3
,,,CC(C)(C#N)n1nnc2c1CCC(c1nc(-c3ccc(F)cc3)no1)C2,46151ebbc020388c,11
,,,COc1nc2cccnc2n1-c1ccc(Nc2ccc(C)cn2)cc1,95b735c70f30c385,9
,,,CS(=O)(=O)N1CCC2(CC1)CC(C(=O)N1CCN(C3CCC3)CC1)C2,39674a19d47d46d1,9
,,,O=C(NCc1ccc(OC(F)(F)F)cc1)C1c2c(F)cccc2C(=O)N1CCc1ccccn1,25117ca56650fd37,1
,,,N[C@H]1Cc2cn(-c3ccccc3)nc2N(O)C1=O,be0603d3a77bb4ba,3
,,,CC(=O)Cc1ccc(-n2nc(C(F)(F)F)c3c2CCCC3)cc1,4cf1d45facd8cdc2,8
,,,COc1cccc(C(=O)N2CCC(C(=O)c3ccc(F)cc3)CC2)c1OC,9202452dddaf39a0,7
,,,Nc1ccc(-c2csc(O)n2)cc1S(=O)(=O)NC1CCCC1,f0baf8f338ef6b5a,15
,,,c1cc(-c2nnc(C3CCCCC3)o2)ccn1,b80efa73c27804cd,5
,,,CC(C)C(=O)N(Cc1ccccc1C(F)(F)F)[C@H]1CCNC1,17d752099833d885,3
,,,Nc1nccc(-n2ccc3cnc(Cl)cc32)n1,b3aaab91d7e8e4ca,3
,,,Oc1ccc2c([C@@H](O)CNCCCCCCCCCN3CCC(Cn4cnc(C(O)(c5ccccc5)c5ccccc5)n4)CC3)ccc(O)c2n1,847831599fe01292,7
,,,COCCNC(C)c1ccc(Nc2ncc3cc(-c4ccncc4)ccc3n2)cc1,ee8d1c8f19c5b1cf,8
,,,CN[C@@H](C)C(=O)N[C@H]1CCC[C@H]2C[C@H]3CCN(Cc4ccccc4)C[C@H]3N2C1=O,39f1791c2a906691,4
,,,CCCCCS(=O)(=O)NC(=O)C1CC1c1ccc(OCCOC)cc1Oc1ncc(C(F)(F)F)cc1Cl,cd5e0f3c4d2c98e9,5
,,,O=C(Nc1ccccc1F)N1CCc2ccccc2[C@H]1c1ccc(C(F)(F)F)cc1,975dffd4b54a4ccc,5
,,,COc1ccc(Br)cc1Cn1c(C(=O)NCC(C)(C)CO)cc2cc(C#N)ccc21,f2103d5ff1845ae9,6
,,,O=C(c1ccc(F)cc1)C1CCN(C(=O)c2ccc(C(F)(F)F)cc2)CC1,25786ca5cc916129,5
,,,Cc1cccc(OP(=O)(N[C@@H](C(=O)OC(C)(C)C)C(C)C)OC[C@H]2OC(C)(C)O[C@H]2C(=O)NO)c1C,a749eb62adb1c98e,2
,,,CCOc1cc2ncc(C(N)=O)c(Nc3ccc(C)cc3F)c2cc1N1CCN(C)CC1,ae0882ac3ec23ecc,1
,,,Cc1nc(N)nc2c1cc(-c1cn[nH]c1)c(=O)n2[C@H]1CC[C@@H](OCO)CC1,e245e647a0213f05,3
,,,CCN(CC)C(=O)c1ccc([C@H](c2cccc(NC(=O)OC)c2)N2CCN(Cc3cccnc3)CC2)cc1,dee2034c2f02884e,3
,,,CCCC(=O)N(Cc1ccccc1-c1ccccc1)[C@H]1CCNC1,dcbef69853c8742d,8
,,,CNC(C)(C)c1ccc(-n2cc3cccc(C(N)=O)c3n2)cc1,bde4628e71b2f75a,12
,,,CCOC(=O)c1c(-c2cccc(Oc3ccccc3)c2)nc2cc(OC)c(F)cc2c1O,3d7f256d652c3992,9
,,,CC1=N/C(=C/c2cc(C)n(-c3ccccc3C(F)(F)F)c2C)C(O)=C1C(=O)OC(C)(C)C,858323b6830fe620,4
,,,CC(=O)N1CCN(c2nccnc2Oc2ccc(C(=O)c3nc4ccccc4[nH]3)cc2)CC1,343c47ed36b021f1,3
,,,CCCCC1CN(CC2CCOCC2)C(=O)OC12CCN(C1(C)CCN(C(=O)c3c(C)cc(C#N)nc3C)CC1)CC2,63cf418b43e1d2bf,2
,,,COc1ccc(-c2cc3c(C)nc(N)nc3n([C@H]3CC[C@@H](OCO)CC3)c2=O)cn1,130e4227266f8d6b,4
,,,COc1cccc(NS(=O)(=O)c2cc3c(cc2Cl)NC(=O)CO3)c1,12b25dbd782390fc,13
,,,C[C@@H](c1c[nH]c2ncccc12)c1nnc2ccc(-c3ccc(C#N)cc3)nn12,14e580e2719e6aa2,8
,,,CCCCC1CN(S(=O)(=O)c2ccccc2)CCC12CCN(C1(C)CCN(C(=O)c3c(C)ncnc3C)CC1)CC2,d98a75171b63a108,3
,,,Cc1nnc(C(C)C)n1C1CCN(C(C)C[C@H](NC(=O)C2CCOCC2)c2ccccc2)CC1,036a616008bd9da2,2
,,,COc1cc(-n2cnc3cc(-c4ccccc4)ccc3c2=O)ccc1OCCN1CCCC1,b78baf7c3415221d,5
,,,Cc1ccnc(N2CCCC(Cn3nnc4c(N)nc(C5CC5)nc43)C2)n1,521858bd53470abd,4
,,,CC1(C)[C@@H]2CC[C@@]1(C)c1c2c(=O)n(-c2ccc(F)cc2F)n1Cc1ccccc1,517f9d45d4633e6f,2
,,,CC(C)(C)n1cc2c(n1)C(=O)CC1(CCN(C(=O)c3ccc4[nH]ncc4c3)CC1)O2,41c1e60e2aa12df4,10
,,,Cc1ccc(C(=O)Nc2ccc(Oc3ccc4nc(NC(=O)C5CC5)cn4c3)c(F)c2)c(=O)n1-c1ccccc1,a2de948e2b431b28,7
,,,COc1ccc2c(c1)C(=O)N(Cc1ccccc1-c1ccccc1)C2C(=O)NC(C)(C)C,2e7909ce39dacf73,8
,,,Cc1oc(-c2ccccc2)nc1CN1CCC[C@@H](C(=O)NC[C@@H]2CCCO2)C1,f852cb9681a580e6,3
,,,COC[C@@H](O)Cn1cc(-c2ccc3c(c2)N(c2nc4c(s2)C(=O)NC(C)(C)C4)CCO3)cn1,c11f141e576166f6,2
,,,CC[C@@H](/N=c1\c(O)c(O)c1=Nc1cccc(C(=O)N(C)C)c1O)c1ccccc1,f13e0ca6b55f7936,7
,,,O=C(CCCC(F)(F)F)N1CCC(c2nc(-c3nccs3)no2)CC1,eab34b32591f1bfa,5
,,,N#Cc1ccc(Oc2ccc(Nc3cncc(N)n3)cc2)cc1,aab4678b5fcb6e23,9
,,,CCS(=O)(=O)c1ccc2c(c1)nc(C1(C)CCCC1)n2CC1CC1,ff7f21b909cf7e62,23
,,,CN(C)CCCn1cc(-c2ccc3c(c2)N(c2nc4c(s2)C(=O)NC(C)(C)C4)CCO3)cn1,9be0e01c9e55a5ca,8
,,,CCOC(=O)C1=C(O)/C(=C\c2cc(C)n(-c3ccc(Br)cc3)c2C)N=C1C,4f4052eace064622,2
,,,O=C(Nc1ccc(OC(F)(F)F)cc1)N1CCC2(CCN(C(=O)c3cc(O)ccc3F)CC2)C1,b26a951e7fab200c,10
,,,CC[C@@H](C)[C@@H]1C(=O)N[C@H](C2Cc3ccccc3C2)C(=O)N1[C@@H](C(=O)N1CCOCC1)c1ccc(C)nc1,30987326522ff123,1
,,,N#Cc1cc(-c2nc(N)nc(O)c2C#N)ccc1OCC1CC1,d04bed3e6a35272f,13
,,,CCC(=O)N1CCc2nc(C)n([C@H]3C[C@H]4CC[C@@H](C3)N4CC[C@H](NC(C)=O)c3ccccc3)c2C1,f902a1caa8aeab26,4
,,,c1ccc(CNc2nnc(-c3ccc4[nH]ncc4c3)o2)cc1,47abe6d50792e281,3
,,,COc1cccc(OC)c1[C@H]1CN(c2nc(-c3ccncn3)cc(=O)n2C)CCO1,f74390a066c82ef3,5
,,,Cn1cc(-c2ccc(Cc3[nH]nc4ccc(C(=O)N5CCCCC5)cc34)cc2)cn1,dfb49fff01a76e77,3
,,,COc1ccc(S(=O)(=O)N2C(=O)[C@@](c3cc(CN4CCN(C)CC4)ccc3OC)(N3CCC[C@H]3c3ncco3)c3cc(Cl)ccc32)cc1,6c1b4465156a3742,1
,,,O=C(c1ccc(Oc2nccnc2C2CCOCC2)cc1)c1nc2ccccc2[nH]1,b91372a751ec25e9,4
,,,CC(C)(C)NC(=O)N1CCc2ccccc2[C@H]1c1ccc(C(F)(F)F)cc1,0aeb27b59daec6b9,8
,,,CCCCC1CCCCN1C(=O)c1cnc(Nc2ccc(C)nc2)c(Cl)c1,8444bfb5a73dc424,3
,,,COc1ccc(-c2ccc3c(c2)N(c2nc4c(s2)C(=O)NC(C)(C)C4)CCO3)nn1,5fb532e06623043f,15
,,,CC(C)(C)NC(=O)C1c2ccc(O)cc2C(=O)N1Cc1ccccc1-c1ccccc1,8060c4ab92987d6c,6
,,,CC(C)(C)NC(=O)C1c2ccccc2C(=O)N1Cc1ccc(F)cc1-c1ccccc1,14faa7b6dfbd3660,6
,,,CCn1c(SCC(=O)Nc2cc(C)on2)nnc1-c1ccccc1,a82446e2b851d023,8
,,,CCOC(=O)C1=C(O)/C(=C\c2cc(C)n(-c3cccc(C(F)(F)F)c3)c2C)N=C1C,101a7f2e82f4f0e2,3
,,,O=C(NCc1ccc(OC(F)(F)F)cc1)C1c2ccccc2C(=O)N1C1CC(F)(F)C1,0a91e3279a8d24a6,12
,,,Cc1nc(N)nc2c1cc(-c1cnc3ccccc3c1)c(=O)n2[C@H]1CC[C@H](OCO)CC1,aa46a433ceac97fa,3
,,,Cc1ccc2c(N3CCN(CCc4cccc5c4ccc(=O)n5C)CC3)cccc2n1,5c92c7291491f321,3
,,,COc1ccc(-c2nc(C(C)Sc3nc(N)cc(N)n3)c(C)s2)cc1OCCF,42d5767fe7864c58,10
,,,COCc1cc(OC)c(-c2csc3c(N(CC4CC4)C4CCOCC4)c(OC)nn23)c(OC)c1,9dc28f8e114db27b,7
,,,CCC[C@@]1(O)[C@H](C)CN(C(=O)[C@H]2CN(c3cccnn3)C[C@@H]2c2ccc(F)cc2F)C[C@@H]1C,8f9ca9e53b3b169f,3
,,,CC(C)(CCC(C(N)=O)(c1ccccc1)c1ccccc1)N1CC(Oc2cc(O)cc(F)c2)C1,9cd540993b2bb920,5
,,,[2H]C([2H])(N[C@H]1CS(=O)C[C@@H](Cc2cc(F)c(N)c(O[C@H](COC)C(F)(F)F)c2)[C@@H]1O)c1cccc(C(C)(C)C)c1,b52e6fc3f47759fa,4
,,,CN[C@@H](C)C(=O)N[C@H](C(=O)N1C[C@H]2CCCN2C[C@H]1C(=O)N[C@@H]1CCOc2ccccc21)C1CCOCC1,1a35831c8f38dcc0,5
,,,Cc1cccc(Cn2c(O)nc3c(N)nc(C(F)(F)F)cc32)n1,78afd19f6f15bfd0,6
,,,CC(C)n1cc(C(=O)c2cncc(N[C@@H]3CNC[C@@H]3c3ccc(F)cc3)n2)c2c(N)ncnc21,1a9026a3be7229ac,5
,,,CC1(C)CN(c2ccc3c(c2)[C@]2(COC(N)=N2)c2cc(-c4cncnc4)ccc2O3)CCO1,030328208edf593b,11
,,,Cc1cc(C#Cc2cn(-c3cccc(S(C)(=O)=O)c3)c(C)n2)ccn1,778e3fec43559cb8,11
,,,O=C(NCc1ccc(F)c(OC(F)(F)F)c1)C1c2ccccc2C(=O)N1CCc1ncc(F)cn1,728daf399d3937e4,4
,,,CC[C@H]1CCCN(C(=O)c2cnc(Nc3ccc(C)nc3)c(Cl)c2)C1,dab9843991968d49,1
,,,Cc1ccc(CC(C)(C)NC[C@@H](O)CO[C@H](C)c2ccccc2C2CC3CC2C2C(C(=O)O)C32)cc1F,366687a43a6b53a5,3
,,,CC(C)(CCC(C(N)=O)(c1ccccc1)c1ccccc1)N1CC[C@@H](Oc2cccc(O)c2)C1,000796d41d8aa297,4
,,,Cc1cc2c(NC(=O)N[C@@H]3CC(C)(C)Oc4cc(OC(F)(F)F)ccc43)cccc2cn1,f48eff624f2c5da9,7
,,,CN1CCN(Cc2ccc(N3CCc4c(-c5cnc(N)nc5)nc(N5CCOCC5)nc43)cc2)CC1,17bde84a2b2f2777,3
,,,C[C@H](c1ccc(F)cc1F)N(Cc1cccc(C(=O)O)c1)C(=O)c1cc2ccccc2cn1,c8bef8925dbe4c6f,8
,,,COC(=O)C1=C(C)N=C(C)/C(=C(/O)OC)C1c1ccccc1[N+](=O)[O-],c36dc9216c218846,2
,,,CC(C)N(C(=O)n1cnc(S[C@@H]2C[C@H]3CC[C@@H]2C3)n1)C(C)C,837521593e8b6a3c,7
,,,NC1=N[C@@]2(CO1)c1cc(-c3cccnc3F)ccc1Oc1c(F)cc(C3=CCCOC3)cc12,01e6e370cfe30775,18
,,,C[C@@H]1CN(Cc2ccc(-c3ccccc3CN(C)C(=O)COc3ccccc3)cc2)C[C@H](C)N1,de5757aab37cac1e,4
,,,COc1cc(CNC(=O)c2cc(-c3nnn(C[C@@H]4CO[C@@H](CO)CO4)n3)nc(C)n2)ccc1F,8867e4cde0c3aed3,4
,,,Cc1nnc(C2CCN(c3ccccn3)CC2)n1-c1ccccc1,1e3ae514403fc5a7,5
,,,CC(C)(Nc1nnc(-c2c[nH]c3ncccc23)o1)c1ccccc1,6158174171dddd50,7
,,,CCCC[C@H]1CN(S(=O)(=O)CC(F)(F)F)CCC12CCN(C1(C)CCN(C(=O)c3c(C)ncnc3C)CC1)CC2,f215060128ede3d9,3
,,,O=C(COCc1ccncc1)N1CCN(c2ccc(F)cc2F)CC1,f4e5de0cd340f72a,4
,,,Cc1[nH]c2ccc(-c3nnc(SCC(=O)N4CCCc5ccccc54)o3)cc2c1C,742369100d5a12a5,4
,,,CC(=O)Nc1ccc2[nH]nc(Cc3ccc(-c4cnn(C)c4)cc3)c2c1,c8e8ba782ccbb29b,13
,,,O=C(NCc1ccc(OC(F)(F)F)cc1)C1c2ccccc2C(=O)N1CCc1cnccn1,a9c38c9ceace4149,1
,,,CC(C)(CCc1nc(-c2ccc(F)cc2Cl)no1)Nc1cnc2ccccc2c1,e7d1301d043f74ec,4
,,,C[C@H](CO)Nc1nc(SCc2cccc(F)c2F)nc2nc(O)ccc12,5e474d434072f47d,9
,,,O=C(c1ccc(F)cc1)C1CCN(C(=O)c2cccc([N+](=O)[O-])c2)CC1,72cfef16e28214fe,12
,,,Cc1[nH]nc2c(C)cc(C(=O)N3CCC4(CC3)Cc3cnn(C(C)(C)C)c3C(=O)N4)cc12,d74f962a4148931b,11
,,,O=C(NC[C@@H](O)CN1CCC(Oc2ccc(Cl)c(Cl)c2)CC1)c1nnc(O)c2ccccc12,a79b5e01455927cf,2
,,,Cc1nc(N)c2c(n1)N(Cc1ccccc1)C(=O)NC2,b89982d5ded94699,4
,,,CC(=O)N[C@@H](Cc1ccc(C)c(F)c1)[C@H](O)CN[C@H]1CC2(CCC2)Oc2ncc(CC(C)(C)C)cc21,3edea1e809a4afb6,8
,,,COC(=O)N1[C@@H]2CC[C@H]1C[C@](O)(C#Cc1cccc(OC)c1)C2,9320c7b168f8033a,13
,,,CCCNC(=O)c1nnc2c(-c3c(F)cccc3OC)cccc2c1N,990c242a880f6d95,9
,,,CC(C)COc1ccc2c(c1)[C@]1(COC(N)=N1)c1cc(-c3cncnc3)ccc1O2,2952b05034a92524,14
,,,CC(c1ccccc1)N1C[C@@H]2[C@H](CNc3nc(-c4ccccn4)cs3)[C@@H]2C1,245af5f599f56b48,8
,,,COc1ccc(-n2c(=O)n(C3CCN(c4cc(N)ccn4)CC3)c3ncccc32)cc1,ed42d8d9c4537b7e,5
,,,CCn1ncc2c(F)cc(C(=O)Nc3nnc(C4(C)CCN(C(=O)C(C)O)CC4)s3)cc21,9660734370453f6d,2
,,,Oc1nc2c(O)ccc([C@@H](O)CNCCOc3cccc(CNCCc4ccccc4F)c3)c2s1,64592def3b878b19,6
,,,C[C@@H](/N=C1/C=C(O)CNC1)c1ccc(Nc2ncc3cc(-c4ccncc4)ccc3n2)cc1,8c6c68c9d1dd3b7b,9
,,,CNc1nc(C)c(-c2nc(Nc3cccc(N4CCCCC4)c3)ncc2C#N)s1,bb00df1dbb2f3983,5
,,,O=C(Nc1ccc(OC(F)(F)F)cc1)N1CCC2(CCN(C(=O)c3ccccc3F)CC2)C1,21249ffc4ba92fbb,8
,,,COc1cc2c3c(cnn3CCN([C@@H]3CN4CCC3CC4)C2=O)c1,8bc7eaee200c622a,4
,,,O=C(N[C@@H](CCN1C[C@@H]2CN(C(=O)c3ccc(C(F)(F)F)cn3)C[C@@H]2C1)c1cccc(F)c1)C1CCOC1,b873ae398ac3f5be,1
,,,Cc1nn(CCCN)cc1-c1ccc2c(c1)N(c1nc3c(s1)C(=O)NC(C)(C)C3)CCO2,6f43042b3619140b,17
,,,O=C(c1cc2c(cc1F)OC(c1ccc(F)cc1F)(c1ccc(F)cc1F)O2)N1CCC(F)(F)CC1,2edf458722e63374,10
,,,CCCCC(=O)N1CCC2(CC1)CCN(C(=O)Nc1ccc(OC(F)(F)F)cc1)C2,aa22bba9efb3df6d,8
,,,CS(=O)(=O)N(Cc1ccccc1-c1ccccc1)[C@@H]1CCNC1,c88bf089a79a449d,10
,,,Cc1cc(S(=O)(=O)N2C=CNC(=O)[C@H]2CC(=O)N2CCCCC(N(C)C)CC2)c(C)cc1Cl,49938f3717bbcd1f,3
,,,CC(C)(C)OC(=O)N1CCN(c2cnc(OCc3ccc(S(C)(=O)=O)cc3)nc2)CC1,8cd69e8ce93b96a6,1
,,,Cc1ccc(-c2c(C)noc2C)cc1S(=O)(=O)NC1CCCC1,c71ec14c32f301bc,20
,,,CCO[C@H]1CC[C@H](CN2C[C@@H](c3ccccc3)N(C3CCN(C4(C)CCN(C(=O)c5c(C)ncnc5C)CC4)CC3)C2=O)CC1,f91d27cc97043b27,6
,,,CC(C)N(Cc1ccc(OC(F)(F)F)cc1)[C@@H]1COc2nc([N+](=O)[O-])cn2C1,61ebf790820077e7,2
,,,O=C(NC1CCCCC1)c1nnc(CS(=O)(=O)c2ccccc2)o1,861d1983b7dc3a12,4
,,,COc1ccc2c(C)cc(N[C@H]3CCC[C@H](NCc4cncc5ccccc45)C3)nc2c1,bbaf33e1f5b86e2a,3
,,,COC(=O)N1CCC2CC(O)(C#Cc3cccc(C)c3)C2C1,7c2a3e0c6a08778c,6
,,,COc1ccc(OCC(=O)N2CCC3(CC2)CN(Cc2ccc(OCC(C)C)cc2Cl)C3)cc1,c7187d2ca48a34bc,6
,,,COc1cc2nc(C)c(-c3ccccc3)c(O)c2cc1Cl,df643c0b45ec7fd0,5
,,,Cc1ccc(-c2cc3c(c(F)n2)Oc2ccc(-c4cccnc4F)cc2[C@@]32COC(N)=N2)cn1,84d1f9a8758462a0,13
,,,CC(C)(C)OC(=O)N1CC(N2C(=O)c3ccccc3C2C(=O)NCc2ccc(OC(F)(F)F)cc2)C1,324f5fb1916e4779,7
,,,Cc1ccc(C#N)c(S[C@H](CCN)c2ccccc2)n1,a0cb937c58ba7f35,17
,,,Nc1ccc(S(=O)(=O)N2CCN(c3ncc(C(O)(C(F)(F)F)C(F)(F)F)cc3-c3ccncc3)CC2)cn1,7858fba6b80ae054,5
,,,CCn1c(C)c(C(=O)O)c(-c2cccc(N3CCN(c4ccc(NS(=O)(=O)c5ccc(N[C@H](CCN6CCC(O)CC6)CSc6ccccc6)c(S(=O)(=O)C(F)(F)F)c5)cc4)CC3)c2)c1-c1ccc(Cl)cc1,b6091c69eeacf8f9,1
,,,Cc1ccc(OCC(=O)O)c(-c2ccccc2)c1,177fc078c55274bd,9
,,,Cc1ncnc(C)c1C(=O)N1C[C@H]2CN(CC[C@H](NC(=O)CC3CC(F)(F)C3)c3cc(F)cc(F)c3)C[C@H]2C1,845c318ce31f29c0,5
,,,Cn1ncc(C(=O)N2CCC(Nc3cc(O)nc4ccccc34)CC2)c1Cl,a785d24f37fe3d41,3
,,,CC[C@H]1C[C@@H](C(=O)NCC2CCOCC2)CN(Cc2nc(-c3ccccc3)oc2C)C1,9ba3281087dc6531,2
,,,COc1ccc([C@@H](C)Nc2nc(N3CCN(C(C)=O)CC3)nc3c2CN(C(C)C)C3=O)cc1,448f1c8b89f0c596,3
,,,Cc1noc(C)c1S(=O)(=O)NCc1ccc(-n2ccnc2C)cc1,8e1d92454c69e127,13
,,,CCCOc1ccc(N2CCN(c3noc(CC)n3)[C@@H](C)C2)c(C(F)(F)F)c1,b799e8c5b8e090cc,8
,,,CCN(CCO)C(=O)c1cc2ccccn2c1-c1cccc(C)c1,d12f541cadc28375,6
,,,CC1(C)CN(Cc2nnc(-c3ccccc3)o2)C(=O)[C@@H]1Oc1ccc(C#N)c(C(F)(F)F)c1,1f086b7a365c97e1,3
,,,CN[C@@H](Cc1ccccc1)C(=O)N[C@@H](Cc1ccccc1)C(N)=O,352ab16441036cd4,8
,,,CCOc1ccc(N2CCN(c3noc(CC)n3)[C@@H](C)C2)c(C)c1,1015523862c9002e,9
,,,O=C(Nc1ccc(OC(F)(F)F)cc1)N1CCC2(CCN(C(=O)C3CC3(F)F)CC2)C1,bba96f7f65a71b89,5
,,,CN[C@@H](C)C(=O)N[C@H](C(=O)N1C[C@H]2C[C@@H](O)CN2C[C@H]1C(=O)N[C@@H]1CCOc2ccccc21)C1CCC(F)(F)CC1,4753f37e5fa86fee,5
,,,CC(C)C[C@@H](Nc1nc(SCc2ccccc2)nc2nc(N)sc12)C(=O)O,9186c4aea4b1add6,10
,,,CN(C)[C@H]1CCN(C(=O)C[C@@H]2C(=O)NC=CN2S(=O)(=O)c2cccc(Cl)c2Cl)C1,87e710d8edd98979,9
,,,O=C(C(F)c1ccc(-n2nc(C(F)(F)F)c3c2CCCC3)cc1)N1CCCC1,420d9b7b3e6d93ae,14
,,,CC(C)(C)C#Cc1ccc2c(c1)[C@]1(COC(N)=N1)c1cc(-c3cncnc3)ccc1O2,a0365efdf984da92,3
,,,C[C@@](O)(c1ccc(N2CCN(S(=O)(=O)c3cccs3)C[C@@H]2CN2[C@@H]3COC[C@H]2[C@@H](O)C3)cc1)C(F)(F)F,95da4798dcc6b741,4
,,,CCc1nc2c(C)cn(Cc3ccccc3C)c(=O)c2n1[C@H]1CCc2cc(-c3ccccc3-c3nn[nH]n3)ccc21,cb93b7d081ecc7d2,13
,,,CCOC(=O)c1sc(-c2ccncc2)nc1O,84683d7207406efe,3
,,,CCNC(=O)N1CCC2(C1)Nc1cc(OC)c(-c3cnco3)cc1C(=O)N2C,8b66a74d1802e5ff,10
,,,Nc1nc(C(F)(F)F)cc2c1nc(O)n2Cc1ccc(NCC2CC2)nc1,1e3fcc9048412e5a,17
,,,CCN(CC)CCN(C)c1ccc(Nc2cc(NC3CC3)n3ncc(C#N)c3n2)cc1NC(C)=O,5066a5e584dfe8ec,8
,,,COc1nc2cccnc2n1[C@H]1C[C@H](Nc2nc3ccccc3s2)C1,50e8e65a6f07a94a,15
,,,Cc1ncnc(C)c1C(=O)N1CCC(C)(N2CCC(N3C(=O)N(CC4CCN(S(C)(=O)=O)CC4)C[C@H]3c3ccccc3)CC2)CC1,3bef152459b39d19,1
,,,COc1c(C(=O)NCCN2CCOCC2)n(C)c2c1c(=O)n(CC(=O)c1ccccc1)c1ccccc21,36f8eb84f80af74d,4
,,,CC(CN(C)C)N(C)c1cnc(C(=O)NCC(C)(C)c2ccccc2)cn1,d02430880669c44f,3
,,,COc1ncc(Nc2nc3ccc(N4CCN(C(=O)N(C)C)CC4)cn3c2-c2nc(C)nc(N)n2)cc1F,6b915ea6b556b5f5,1
,,,NC1=N[C@@]2(CO1)c1cc(-c3cccnc3F)ccc1Oc1c(F)cc(N3CCOCC3)cc12,1711b79604268f29,9
,,,CCOC(=O)N1CCC2(C1)Nc1cc(OC)c(-c3cnco3)cc1C(=O)N2C,a8c92e96a7f3fca6,22
,,,CNc1snc(SCc2nnc3ncc(-c4ccc(F)cc4)nn23)c1C(N)=O,bfdc9e590361b9c4,7
,,,COc1ccc(NC(=O)[C@@H](C)Nc2nc(O)c3cnn(C4CCCC4)c3n2)cc1,744fc6e3b1f7799b,9
,,,CCC(CC)[C@@H]1C(=O)N[C@H](C2Cc3ccccc3C2)C(=O)N1[C@@H](C(=O)N(C)C)c1ccc(C)nc1,6aa55c8b7ae1b9c6,3
,,,COc1ccc(C#N)cc1-c1ccc(CNS(=O)(=O)c2c(C)noc2C)cc1,15a6b10f4ebf8a1d,10
,,,COc1ccc2ccc(C(=O)N3CCC4(CC3)Cc3cn(C(C)(C)C)nc3C(=O)N4)cc2n1,d84b4071b5914ca8,4
,,,CC(=O)NCCNc1ccc2[nH]nc(Cc3ccc(-c4cnn(C)c4)cc3)c2c1,bd75332a406bdefa,3
,,,O=C(Nc1ccc2cccnc2c1)c1ccc(-c2ccccc2)nc1,4f39dbf17a6f1df4,17
,,,COc1cc(-c2cccnc2C(=O)N2CCC(Nc3ccc(F)cc3)CC2)ccc1CN1C[C@@H](C)N[C@@H](C)C1,16099a34fa068c56,2
,,,C(#Cc1[nH]nc2ccccc12)c1ccccc1,6fb0bfc52372d09a,1
,,,COc1ccc(C(=O)NCC(O)CO)cc1/C=C/c1ccc(Cl)cc1,ff27b7afd2520633,4
,,,CCCS(=O)(=O)N1CCN(C2(CNC(=O)c3c(F)cccc3F)CCC(F)(F)CC2)CC1,1f08c703ccf5e02f,2
,,,COc1ccc(S(=O)(=O)Nc2cc(-c3ccc4nc(NC(C)=O)sc4c3)cnc2Cl)cc1,05b41e97ac21a224,12
,,,Cc1cc(Nc2cccc(C(F)(F)F)c2)n2ncnc2n1,5f53cfe6527c63c5,6
,,,CCC(=O)CCCCC[C@H](NC(=O)C1CN(C)C1)c1nc(-c2cc3ccccc3nc2F)c[nH]1,494a6b40f44cb8ee,1
,,,Cc1nc2cc(NC(=O)N[C@H]3C[C@@H]3c3ccccc3)ccc2o1,9380c8caa4d31959,4
,,,COCc1cc(OC)c(-c2csc3c(N(C(C)C)C4CCOCC4)c(OC)nn23)c(OC)c1,d05727a1ed8ee90b,3
,,,Cc1ncnc(C)c1C(=O)N1C[C@H]2CN(CC[C@H](NC(=O)C3CCOC3)c3ccccc3)C[C@H]2C1,75cf6b841b85579f,2
,,,CN[C@@H](C)C(=O)N[C@H]1CCC[C@H]2C[C@H]3CCN(C(=O)Cc4ccccc4)C[C@H]3N2C1=O,e6c6729023db3b4f,2
,,,Cc1nc(N)nc2c1cc(-c1cnn(C)c1)c(=O)n2[C@H]1CC[C@H](OCO)CC1,e256cf0b544957d5,4
,,,CCN(c1c(OC)nn2c(-c3c(OC)cc(COC)cc3OC)csc12)C1CCOCC1,dc44f607418acb69,5
,,,Cc1cccc(CNC(=O)[C@H]2C[C@H](c3nnc(C)o3)CN(Cc3nc(-c4ccccc4)oc3C)C2)n1,7bab133457cf3a21,3
,,,CCCn1ncc(S(=O)(=O)N[C@H](C)c2nc3ccc(C(F)(F)F)cc3n2CC)c1C,748a264c5f881833,3
,,,CN(C)C(=O)Cc1ccc(-n2nc(C(F)(F)F)c3c2CCCC3)cc1,e5fa5d93c966f1df,8
,,,CC1(C(=O)NCc2ccc(OC(F)(F)F)cc2)c2ccccc2C(=O)N1CCc1ccccn1,082162008687bacb,1
,,,Cc1cc2c(NC(=O)N[C@@H]3CC(C)(C)Oc4c(F)cc(F)cc43)cccc2cn1,8baa6620115517d8,5
,,,CC(C)n1cc(Cn2nnc3c(N)nc(C4CC4)nc32)cn1,602534c66b81049d,14
,,,COCCCS(=O)(=O)NC(=O)CCc1ccc(OCCOC)cc1Oc1ncc(C(F)(F)F)cc1Cl,3c0955b0a139619a,5
,,,CN[C@@H](C)C(=O)N[C@H]1CCC[C@H]2C[C@H]3CCN(CCc4cccc(C)c4)C[C@H]3N2C1=O,439e3d89d8858907,2
,,,Cc1ccc(Cn2c(O)nc3c(N)nc(C(F)(F)F)cc32)cn1,744e4f5cda65739d,6
,,,CN[C@@H](C)C(=O)N[C@H](C(=O)N1C[C@H]2CCCN2C[C@H]1C(=O)N[C@@H]1CCOc2ccccc21)C1CCC(F)(F)CC1,123eb3fb1d770faf,4
,,,Fc1ccc2c(c1)-c1ncnn1Cc1c(C#Cc3ccccc3)ncn1-2,cdb981656a9fdaa8,2
,,,CN(C)S(=O)(=O)c1ccc2c(C(=O)NC[C@@H](O)CN3CCC(Oc4ccc(Cl)c(Cl)c4)CC3)cnc(O)c2c1,afb24e307044c891,4
,,,COc1ccc(Cc2cc([C@@H]3O[C@H](CO)[C@@H](O)[C@H](O)[C@H]3O)ccc2Cl)cc1,954109ada17ba358,7
,,,Cc1cc(F)ccc1OC1CCN(CC2CCN(C(C)(Cc3ccc(F)cc3)C(=O)O)CC2)CC1,958b1a7b2f1eb9e7,5
,,,Cc1noc([C@@H]2C[C@@H](C(=O)NC[C@@H]3CCCO3)CN(Cc3nc(-c4ccccc4)oc3C)C2)n1,7147d99f99949f20,3
,,,Cc1c(O)ccc2c1C(=O)N(Cc1ccccc1-c1ccccc1)C2C(=O)NC(C)(C)C,944ece07618a8d6c,7
,,,CC(C)COc1ccc(CN2CC3(CCN(C(=O)Cc4[nH]nc5ccccc45)CC3)C2)cc1,4c4d1bf73842a0fb,10
,,,CN[C@@H](C)C(=O)N[C@H]1CCC[C@H]2C[C@H]3CCN(CCc4cccc(OC)c4)C[C@H]3N2C1=O,8f000d17003dd284,3
,,,Cc1nnc(C(C)C)n1C1CCN(C(C)C[C@H](NC(=O)CC(F)(F)F)c2ccccc2)CC1,7710fedab6204dfe,1
,,,Cc1cc2c(NC(=O)N[C@@H]3CC(C)(C)Oc4c3ccc(F)c4F)cccc2cn1,305c02be3475914e,5
,,,Cc1ccc2c(N3CCN(CCCc4cccc5c4OCC(=O)N5C)CC3)cccc2n1,b6517f5662e913ff,7
,,,Cc1ccc2c(N3CCN(CCc4ccc5c(c4)N(C)C(=O)CO5)CC3)cccc2n1,181a793e32d78471,7
,,,COc1ccc2c(c1O)CCCC(C)=C2c1cc(OC)c(OC)c(OC)c1,55800cab0afcbcc4,4
,,,O=C(c1cc2c(cc1F)OC(c1ccc(F)cc1F)(c1ccc(F)cc1F)O2)N1CCCCC1,c0910cc0f73d4612,6
,,,Cc1nc2ccccc2n1C1C[C@H]2CC[C@@H](C1)N2CC[C@H](NC(=O)C1CCSCC1)c1cccc(F)c1,90dd192e115f0c4e,5
,,,CNC(=O)c1cc(N)c(Nc2ccc(C#N)cc2)cc1Oc1c(C)cc(/C=C/C#N)cc1C,fe51199835195eea,13
,,,COc1cc2nccc(CN3CCc4c(cccc4C(=O)Nc4ccc(F)c(C(F)(F)F)c4)C3)c2cc1OC,89b01f38c4f41d15,4
,,,CCOc1ccc([C@@H](CC)Nc2nc(N3CCN(C(C)=O)CC3)nc3c2CN(C(C)C)C3=O)cc1,72600884701ac4a8,9
,,,Cc1ccc2c(N3CCN(CCc4c(C)ccc5c4CCC(=O)N5C)CC3)cccc2n1,cd8b9b4e20948eaa,2
,,,O=C(NCC1(N2CCCC2)CCCC1)N1CCC(c2nc(-c3ccc4ccccc4n3)no2)CC1,9a3216be83728f7e,3
,,,CC(C)(C)NC(=O)C1c2ccccc2C(=O)N1Cc1ccc(F)cc1-c1ccc(F)cc1,5b7e8584f61a6d8c,7
,,,CNc1nccc2ccc(C(=O)N3CCC4(CC3)Cc3cn(C(C)(C)C)nc3C(=O)N4)cc12,6e462c4ae8b5f38e,4
,,,O=C(c1ccccc1C(F)(F)F)N(c1ccccc1)[C@H]1CCNC1,d293886b825489e9,5
,,,CCCNC(=O)c1nnc2c(-c3ccccc3C)cccc2c1N,e32f6c615a86d8f7,9
,,,CO[C@H]1CC[C@H](CN2C[C@@H](c3ccccc3)N(C3CCN(C4(C)CCN(C(=O)c5c(C)ncnc5C)CC4)CC3)C2=O)CC1,9db781328e088d7f,2
,,,Cc1nc(N)nc2c1cc(-c1cn[nH]c1)c(=O)n2[C@H]1CC[C@H](OCO)CC1,cda1e85da67335d0,2
,,,NC(=O)N(O)CCC#Cc1ccc(OCCCCN2CCN(C(c3ccc(F)cc3)c3ccc(F)cc3)CC2)cc1,3f561ed7f83d4136,2
,,,CC(=O)N[C@@H](Cc1ccc(F)c(C#N)c1)[C@H](O)CN[C@H]1CC2(CCC2)Oc2ncc(CC(C)(C)C)cc21,074794e76b57057b,4
,,,CCn1c([C@@H](C)NS(=O)(=O)c2c(F)cc(F)cc2F)nc2ccc(C(F)(F)F)cc21,18e8fdfad34fcbb3,2
,,,CCN(C(=O)NCc1ccc(S(C)(=O)=O)cc1)C1CCN(CCC(c2ccccc2)C2CCN(Cc3cccnc3)CC2)CC1,d6a7530f0a5d7ac3,2
,,,COc1cnc2ccn([C@H](C)c3nnc4ccc(-c5cnn(C)c5)cn34)c(=O)c2c1,cf15966d69e5d0c0,4
,,,COc1cc(C2CCN(c3cc(N4CC[C@H]4C(=O)NCCc4ccc(C#N)cc4)nc(C(F)(F)F)n3)CC2)ccc1C(=O)O,b86cfea3836d8be9,3
,,,CCCCC1CN(S(=O)(=O)c2cn(C)cn2)CCC12CCN(C1(C)CCN(C(=O)c3c(C)ncnc3C)CC1)CC2,d24ae5cb2b062383,1
,,,Cc1nn(C)c(C)c1N(C(F)F)S(=O)(=O)c1c(Cl)cc(CCCOC[C@H]2CCCCN2C)cc1Cl,f1155f5f1e7614a0,2
,,,N#Cc1ccc(C2CCN(C(=O)Nc3cc(-c4ccccn4)[nH]n3)CC2)cc1,d13a64b6000862e1,7
,,,CC(=O)N1CCC(C(=O)N[C@@H](CC(C)N2CCC(n3c(C)nnc3C(C)C)CC2)c2ccccc2)CC1,f2792cfce6668311,2
,,,O=C(c1ccc(Oc2nccnc2N2CCC(O)CC2)cc1)c1nc2ccccc2[nH]1,c0aa5deb0667b0e4,20
,,,COc1ccc2c(c1)C(NC(=O)C[C@@H]1C(=O)NC=CN1S(=O)(=O)c1ccc(C)cc1)CCC2,dfbb2f89f008aa16,5
,,,Cn1cc(-c2ccncc2)c(-c2ccc(OCc3cnc4ccccc4n3)cc2)n1,008ee1be6fe153c6,7
,,,Cc1cccc([C@H](C)c2c[nH]c(S)n2)c1C,91776981f7f1954c,5
,,,Cc1oc(-c2ccccc2)nc1CN1CCCC(C(=O)NCC2CCOCC2)C1,fea026001dae5124,2
,,,O=[N+]([O-])c1cccc(Cc2ccc(CN(Cc3ccccn3)S(=O)(=O)c3ccc(Cl)cc3)cc2)c1,04bfd5db28f32e9e,3
,,,CC(C)Nc1ccc2nnc([C@@H](C)c3ccc4ncccc4c3)n2n1,2e3f4e36f848d7c0,7
,,,Cc1nccn1-c1ccc(CNS(=O)(=O)c2ccccc2F)cc1,1eae52f63c8deb30,7
,,,Cc1cnc(NC2CCN(c3cccc(C(N)=O)c3)CC2)nc1Oc1c(C)cc(C#N)cc1C,e6d2386f1ddd5157,4
,,,Cc1ccc(S(=O)(=O)N2C=CNC(=O)[C@H]2CC(=O)N[C@@H]2CCC(=O)c3ccccc32)cc1,67f19173358ecbf2,7
,,,CC[C@H](C)[C@@H]1C(=O)N[C@H](C2Cc3ccccc3C2)C(=O)N1[C@@H](C(=O)NC)c1ccc(C)nc1C,61cf3560195de901,5
,,,CCCCc1ccc(-c2nc(C)c(/C(C)=N/N=C(N)N)s2)cc1,e44f208962a9326f,13
,,,CCNc1cc(NC(=O)c2c(F)cccc2F)cc(C(F)(F)F)c1,b95ee8e2245f8d98,16
,,,C[C@@H](c1ccc2ncccc2c1)c1nnc2ccc(-c3ccc4c(c3)OCCO4)nn12,9d3df48102db1340,8
,,,Nc1ccc(S(=O)(=O)N2CCN(c3ccc(C(O)(C(F)(F)F)C(F)(F)F)cc3)C(C#CC3CC3)C2)cn1,dda1c838432a252a,3
,,,O=C(C1CC12CCN(C1CCOCC1)CC2)N1CCN(C2CC2)CC1,3d9420878a051db7,2
,,,Nc1ccc(S(=O)(=O)N2CCN(c3ncc(C(O)(C(F)(F)F)C(F)(F)F)cc3-c3cccc4[nH]ncc34)CC2)cn1,064a1764fe108b33,4
,,,COc1ccc(Cc2cc([C@@H]3OC4(COC4)[C@@H](O)[C@H](O)[C@H]3O)ccc2C)cc1,0332c4d3646403df,10
,,,c1ccc(Cn2c(CN3CCOCC3)nnc2C2CCN(c3ccccn3)CC2)cc1,de755a5130176dbe,2
,,,COc1ccc2nc(-c3noc(C4CCN(C(=O)CCC(F)(F)F)CC4)n3)sc2c1,a6bdf2653eea52d9,2
,,,O=C(O)COc1ccc(C(F)(F)F)cc1-c1ccccc1,841d3015829b4a46,9
,,,CC(C)(C)COc1ccc(-c2cc(O)nc(N)n2)cc1,4c57b73412552eec,4
,,,CCN(CCO)C(=O)c1cc2cccnn2c1-c1cccc(OC)c1,1a55db28e9c86d41,12
,,,CCc1ccc(CC(=O)N2CCC3(CC2)CN([C@@H]2CCc4cc(-n5nccn5)ccc42)C3)nc1,b38f68af6236358b,11
,,,CCn1c([C@@H](C)NS(=O)(=O)c2ccncc2)nc2ccc(C(F)(F)F)cc21,fe5bef1967e63189,2
,,,CCCCOCCOc1ccc(-c2ccc(C(=O)O)c(F)c2)cc1,e4fc359fc35d233f,11
,,,CN[C@@H](C)C(=O)N[C@H]1CCC[C@H]2C[C@H]3CCN(CCc4ccc(C)cc4)C[C@H]3N2C1=O,c813c3f466b6b783,4
,,,CCOC(=O)N1[C@@H]2CC[C@H]1C[C@](O)(C#Cc1cccc(C)c1)C2,b68ac42a380b6bce,17
,,,CCOC(=O)c1c(-c2ccc3c(c2)OCO3)nc2cc(OC)ccc2c1O,22f0c585c38843ba,7
,,,CCC(=O)CCCCC[C@H](NC(=O)C1CCN(C)CC1)c1nc(-c2ccc3ncccc3c2)c[nH]1,50a7653a2fc91e28,1
,,,COC[C@@H](Oc1cc(C[C@@H]2CS(=O)C[C@H](NCc3cc(C(C)(C)C)ccc3F)[C@H]2O)cc(F)c1N)C(F)(F)F,e4c12702b5cbf241,9
,,,COc1cc(-c2ccc(COc3cccc([C@@H](CC(=O)O)C4CC4)c3)cc2[C@@H]2CCCC2(C)C)c(F)cn1,6366e84ace7d8fd3,3
,,,CCC(=O)CCCCC[C@H](NC(=O)C1CCN(C)CC1)c1nc(-c2ccc3ccccc3c2)c[nH]1,cd813d4e23e142c9,4
,,,CCOc1cnc(N2CCN(c3noc(CC)n3)[C@@H](C)C2)c(C)c1,a88a222adf3417bf,5
,,,CC(C)(C)NC(=O)C1c2ccccc2C(=O)N1Cc1cc(F)ccc1-c1ccccc1,33df37b00deee882,6
,,,FC(F)(F)c1ccc(-c2cc(Oc3ccc4cccnc4c3)ncn2)cc1,62362a367c0cf76b,3
,,,Cc1ncnc(C)c1C(=O)N1C[C@H]2CN(CC[C@H](NC(=O)CC3CCC(F)(F)CC3)c3ccccc3)C[C@H]2C1,62cdace96ff5e875,7
,,,O=C(Nc1cccc2cccnc12)c1ccc(N2C(=O)CCC2c2ccccc2F)cc1,d0095bc466e81f57,9
,,,COC(=O)N1[C@@H]2CC[C@H]1C[C@](O)(C#Cc1cccc(F)c1)C2,924fe2fc6ac546d0,11
,,,O=C(Nc1ccccn1)N1CCc2ccccc2[C@H]1c1ccc(C(F)(F)F)cc1,e4ab44e9bdc90ad5,6
,,,Cc1c(C(=O)Nc2ccn(C)n2)ncn1Cc1cccc(C(F)(F)F)c1,9ae154360a10390c,7
,,,CN[C@@H](C)C(=O)N[C@H]1CCC[C@H]2C[C@H]3CCN(CCC4CCCCC4)C[C@H]3N2C1=O,d10de54799b78c09,1
,,,CC[C@@H]1CCCCN1C(=O)c1cnc(Nc2ccc(C)nc2)c(Cl)c1,570573a7bdadac2a,5
,,,Cc1ccc(CC(C)(C)NC[C@@H](O)COc2cc(C3CC4CC3C3C(C(=O)O)C43)ccc2C#N)cc1F,b6c29cb8b8e6a9f1,1
,,,CC(C)Oc1cc(-n2cnc3ccc(N[C@@H](C)c4ccc(F)cn4)nc32)[nH]n1,a099cc0e0d4a813c,4
,,,COc1ccc2c(C)cc(N[C@H]3CC[C@H](NCc4cn(C)c5c4ccc4cccnc45)C3)nc2c1,c4368e9e8e014b74,1
,,,CC(=O)Nc1ccc(O)cc1OC[C@@H](N)CN1CCC2(CC1)Cc1cc(F)ccc1O2,85a4b1ff67bbeef0,4
,,,CC(=O)NC[C@@H]1CC(c2ccc(N3CCCC3)c(F)c2)=NO1,d14d3488b44e943d,12
,,,N#C[C@@H]1CS[C@H]2C[C@@H](NC(=O)OCc3ccccc3)C(=O)N12,b97802d40deca322,2
,,,O=C(Nc1cccc2cccnc12)c1ccc(N2C(=O)OC[C@@H]2c2ccccc2)cc1,7b2154efe6bd4f92,4
,,,O=C(Nc1ccc(C(F)(F)F)cc1)N1CCC2(CCN(C(=O)c3c(F)cccc3F)CC2)C1,bdbabd7b967eb3c9,10
,,,CC[C@@H](/N=c1\c(O)c(O)c1=Nc1cccc(C(=O)N(C)C)c1O)c1ccc(C)o1,e4bcfd9f90a7b488,5
,,,Nc1nccc(-n2ccc3ncccc32)n1,44c9c30119619d0d,3
,,,CNCc1cc(C(N)=O)ccc1Oc1ccc(Cl)cc1OC,c3145e70bc0ae805,18
,,,Cc1cc(Nc2ccc(F)c(C)c2)n2ncnc2n1,f48ad4d0386f93d5,4
,,,CNC(=O)N1CCC(CN2C[C@@H](c3ccccc3)N(C3CCN(C4(C)CCN(C(=O)c5c(C)ncnc5C)CC4)CC3)C2=O)CC1,1a7f1adc7cc99f07,6
,,,Oc1nc2c(O)ccc([C@@H](O)CNCCc3cccc(CNCCc4ccccn4)c3)c2s1,4cb6bf59a74b250c,1
,,,O=C(CCc1ccccc1)N1C[C@@H]2[C@@H](CNc3nc(-c4ccccn4)cs3)[C@@H]2C1,2e301a20b6e055f3,3
,,,CC(C)CC1(C(=O)c2cc(F)c3[nH]ccc3c2)CCNC1,8bafa6dafd05f61f,8
,,,C[C@@H](c1nnc(-c2ccccc2)o1)N1CC(C)(C)[C@@H](Oc2ccc(C#N)c(C(F)(F)F)c2)C1=O,2455e71e181a1021,3
,,,Nc1ccnc(N2CCC(C(=O)N3CCc4ccccc4C3)(c3ccccc3)CC2)c1,ffe8511e003d22a1,6
,,,CCN(CCO)C(=O)c1cc2cccnn2c1-c1cccc(C(=O)Nc2ccccc2)c1,c342640c57e63bda,6
,,,COc1cc(C(=O)NCCN(C)C)cc(OC)c1-c1cc2c(N[C@H](C)c3ccccc3)ncnc2s1,55df9836a1efdc9f,13
,,,O=C(Nc1cccnc1)N1CCc2cccnc2[C@H]1c1ccc(C(F)(F)F)cc1,01f85768fdb017b3,9
,,,COc1ccc(Cl)cc1Cn1c(C(=O)NCC(C)(C)CO)cc2cc(C#N)ccc21,25806ff4770ba34c,6
,,,O=CN(O)C1(CS(=O)(=O)N2CCC(CCc3ccccc3)CC2)CCOCC1,e8740039e2383e55,1
,,,COc1cccc(-c2nc3ccc(-c4cccc(CN(C)C)c4)cc3c(=O)n2CC(=O)NC(C)C)c1,6776cfe8fe400ecd,10
,,,COC(=O)N1CCC(CN2C[C@@H](c3ccccc3)N(C3CCN(C4(C)CCN(C(=O)c5c(C)ncnc5C)CC4)CC3)C2=O)CC1,5939b5156cd89362,2
,,,COc1cc2nccc(Oc3ccc4c(C(=O)Nc5ccc(Cl)cc5)cccc4c3)c2cc1OC,8bcbc3ad31f4ecf8,11
,,,C[C@@H]1CN(Cc2ccc(-c3ccccc3C(=O)N3CCC(Nc4ccccc4)CC3)cc2)C[C@H](C)N1,ad3f8c13eb56ec49,1
,,,O=C(C1CC12CCN(C1CCOCC1)CC2)N1CCN(C2CCC2)CC1,ff211f362ecdc03c,2
,,,C[C@@](O)(c1ccc(N2CCN(S(=O)(=O)c3cccs3)C[C@@H]2CN2[C@H]3COC[C@@H]2[C@H](O)C3)cc1)C(F)(F)F,5067bd53b7902022,2
,,,CN(C)c1nc(NC[C@H]2CC[C@H](CNS(=O)(=O)c3ccc(Br)cc3OC(F)(F)F)CC2)nc2ccccc12,267ee8d42ae757c0,1
,,,CC(C)CN(C(=O)c1cccc(F)c1Cl)[C@H]1CCNC1,d4c94176964faa0d,8
,,,O=C(c1ccccc1Oc1ccccc1)N(C1CCC1)[C@H]1CCNC1,b0cef97557656112,8
,,,[3H]C([3H])([3H])O/N=C1/C=C(C#Cc2cccc(C)n2)CCC1,ad4582dabfe31ee7,2
,,,COc1ccc(C(C)(C)C)cc1CN[C@H]1CCCN[C@H]1c1ccccc1,afdef3389dd9ccc2,3
,,,O=C(N[C@@H](CCN1C[C@@H]2CN(C(=O)c3cccc(F)c3)C[C@@H]2C1)c1ccccc1)C1CCCC1,351d64abc91a1629,4
,,,Cc1nnc(C2CCN(c3ccccn3)CC2)n1Cc1ccccc1,161547e9e601e634,3
,,,COc1ccc(OC)c(-c2cccc3c(N)c4c(nc23)CN(C2CCC2)C4=O)c1,0430bf4a2eff1379,7
,,,CC(C(=O)N1C[C@@H]2[C@H](CNc3nc(-c4ccccn4)cs3)[C@@H]2C1)C(C)c1ccccc1,1f5cb1d820aa3179,3
,,,COc1ccc(OCC(=O)N2CCC3(CC2)CN(Cc2ccc(-n4nccn4)cc2Cl)C3)cc1,b5a476c010493042,4
,,,O=C1CCCN1Cc1ccc(-n2nc(C(F)(F)F)c3c2CCCC3)cc1,1d0a438715f92c40,14
,,,Cc1nc2ccccc2n1C1C[C@H]2CC[C@@H](C1)N2CC[C@H](NC(=O)C1CCS(=O)(=O)CC1)c1cccc(F)c1,44ecf52734659a25,4
,,,COc1ccc(Cc2nnc3ncc(-c4ccc(F)cc4)nn23)cc1,311b3a37d6b7c7a8,7
,,,COC[C@@H](Oc1cc(C[C@@H]2CS(=O)C[C@H](NCc3cccc(OC(C)C)c3)[C@H]2O)cc(F)c1N)C(F)(F)F,e9f90fd0916a0212,2
,,,c1ccc(Cn2ccc3c(OC4CCN(Cc5cscn5)C4)ncnc32)cc1,bb78e02d2bb97375,2
,,,Clc1cc(-c2nc(CSc3nnc(-c4ccncc4)n3C3CC3)no2)ccn1,838cd248cbcd13c4,13
,,,CC[C@@H]1C[C@@H](C(=O)NCc2cccc(N)n2)CN(Cc2nc(-c3ccccc3)oc2C)C1,ea98885d59178f64,4
,,,Cc1nc(N)c2nnn(C[C@H]3CN(Cc4nccs4)CCO3)c2n1,6c5385a0ce2a7f08,2
,,,CCCc1cc(-c2nc(-c3cccnc3)cs2)ccn1,e287e11ecefea5dc,13
,,,Cc1ccc2c(N3CCN(CCc4cccc5c4OCc4nc(C)c(C)n4-5)CC3)cccc2n1,93d414a2e9370f92,2
,,,COCC(=O)N1CCN(C(=O)[C@H]2CC[C@H](Cn3c(=O)c4cc(OC)ccc4n(C)c3=O)CC2)CC1,257b2bb81f39da27,3
,,,CN[C@@H](C)C(=O)N[C@H]1CCC[C@H]2C[C@H]3CCN(C(=O)Nc4ccccc4)C[C@H]3N2C1=O,946e6306c448b9a2,1
,,,COCCOc1cnc2ccc([C@H](C)n3nnc4ccn(-c5ccc(F)c(F)c5)c(=O)c43)cc2c1,192a097beee9ca42,12
,,,COc1cccc(/C(=N/C2CCCCC2)NO)c1,9bb6ab509adadab6,5
,,,COc1ccc(S(=O)(=O)N2C(=O)[C@@](c3ccc(CN4CCCC4)cc3OC)(N3CCC[C@H]3C(=O)N(C)C)c3cc(Cl)ccc32)c(OC)c1,ead919cfd3a1e01e,1
,,,CC(=O)Nc1cc(Nc2cc(NC3CC3)n3ncc(C#N)c3n2)ccc1N1CC[C@H](N)C1,7d822783e4dcf307,8
,,,c1cnc2ccc(Cn3nnc4ncc(-c5cn[nH]c5)nc43)cc2c1,301692a2c07068bc,8
,,,Cc1ccc(CC(C)(C)NC[C@@H](O)COc2cccc(C3CC4CC3C3C(C(=O)O)C43)c2)cc1F,e03309ba016badd6,1
,,,Nc1ncc(-c2cc(N3CCOCC3)nc(N3CCOCC3)n2)c(C(F)(F)F)n1,d8286f2ed60e117a,2
,,,CC(=O)N[C@@H](CCN1[C@@H]2CC[C@H]1C[C@@H](n1c(C)nc3c1CN(C)CC3)C2)c1ccccc1,a990f2644bbe5dff,4
,,,Nc1ccnc(N2CCC3(CC2)OC(c2ccccc2)c2ccccc23)c1,b315ede3c3df4c6b,3
,,,N#Cc1ccccc1NC(=O)N1CCc2ccccc2[C@H]1c1ccc(C(F)(F)F)cc1,d12229b5dfb31ac8,6
,,,Nc1nc2c(C(=O)N[C@@H]3CN4CCC3CC4)cccc2o1,c929258e885476eb,2
,,,COC[C@H](O)Cn1cc(-c2ccc3c(c2)N(c2nc4c(s2)C(=O)NC(C)(C)C4)CCO3)cn1,6a625ecc8b3cad95,14
,,,CCOC(=O)C1=C(O)/C(=C\c2cc(C)n(-c3ccc(F)cc3F)c2C)N=C1C,ab47abe15602c9ea,3
,,,CCOc1ccccc1CNCc1cccc(CCNC[C@H](O)c2ccc(O)c3nc(O)sc23)c1,f83656d1bb25c0db,4
,,,CC(C)n1cc(C(=O)c2cncc(N[C@@H]3CCC[C@@H]3c3ccc(F)cc3)n2)c2c(N)ncnc21,da3e688508a86c39,5
,,,Cn1cc(Br)c(C(=O)N2N=C3CCCC[C@@H]3[C@@]2(O)C(F)(F)F)n1,46aae655578e423a,2
,,,COc1ccc(Cl)cc1Cn1c(C(=O)NCC2(CO)CCC2)cc2cc(C#N)ccc21,f748c90035b918d1,8
,,,CS(=O)(=O)c1ccc2c(C(=O)NC[C@@H](O)CN3CCC(Oc4ccc(Cl)c(Cl)c4)CC3)cnc(O)c2c1,77222f550ae6fe42,6
,,,O=C1NCN(c2ccccc2)C12CCN([C@H]1CCCC[C@H]1c1ccccc1)CC2,2d6a54a9e1d1e0d2,4
,,,Cc1ccc2c(N3CCN(CCc4cccc5c4ccc(=O)n5C)C(C)(C)C3)cccc2n1,86c8bb8c493c4f17,3
,,,COCCCn1cc(CN(C(=O)[C@H]2CNC[C@@H](C(=O)N[C@H](CCO)c3ccccc3)C2)C2CC2)c2ccccc21,35e0f48f54ad5f1c,2
,,,COc1ccc2[nH]c(=O)n(C[C@H]3CC[C@H](C(=O)N4CCN(C(=O)C5CC5)CC4)CC3)c(=O)c2c1,1b7cabbdca403a22,4
,,,NC(=O)c1cccc(O[C@@H]2C[C@H]3CC[C@@H](C2)N3CC2CCCCC2)c1,55db2e9819ac92d5,5
,,,Cc1nc2ccc(F)cc2n1C1C[C@H]2CC[C@@H](C1)N2CC[C@H](NC(=O)C1CCS(=O)(=O)CC1)c1cccc(F)c1,b2ff4fa6a5822e88,3
,,,Cc1cccc(C#C[C@]2(O)C[C@H]3CC[C@@H](C2)N3C(=O)N(C)C)c1,683c63a06ac6234a,13
,,,N#Cc1c(O)nc(SCCc2ccccc2)nc1-c1ccccc1,3585f6d20067a46c,4
,,,CC(=O)NCCOc1ccc2c(c1)C(C)(C)c1[nH]c3cc(C#N)ccc3c1C2=O,a41d2f573226b925,5
,,,COc1cnc(COc2ccc(F)c(F)c2)cc1-c1cc2c([nH]1)CCNC2=O,74fbc1616ae33f98,10
,,,O=C1CCOc2nc(C#Cc3ccccc3)ccc21,396334552a4b2678,2
,,,Cc1cc(C)c(CNC(=O)c2c(C)n([C@H](C)c3ccccc3)c3ccccc23)c(O)n1,f231c24ca6bb463a,7
,,,CNCc1cc(C(=O)NC)ccc1Oc1ccc(Cl)cc1OC,1cebc8a7b5c63778,9
,,,CC(C)(C)n1cc(-c2cc(C(O)(C(F)(F)F)C(F)(F)F)cnc2N2CCN(S(=O)(=O)c3ccc(N)nc3)CC2)cn1,6e362f82828d928e,5
,,,Cc1ncnc(C)c1C(=O)N1C[C@H]2CN(CC[C@H](NC(=O)CC3CC(F)(F)C3)c3ccccc3)C[C@H]2C1,2e4cae400826d646,4
,,,O=C1OC2(CCN(c3nc4cc(Br)ccc4[nH]3)CC2)CN1c1ccccc1,eef8d8169e6b60e9,4
,,,CCN(CC)C(=O)N1CCC2(C1)Nc1cc(OC)c(-c3cnco3)cc1C(=O)N2C,550392fdc02057fe,6
,,,CC(C)(C)NC(=O)NCCN1CCCC(CNC(=O)c2cc(Cl)cc(Cl)c2)C1,a9cd80dc0e28d87d,1
,,,COc1ncc(-c2cc3c(C)nc(N)nc3n([C@H]3CC[C@@H](OCO)CC3)c2=O)cc1F,a5f3afeeaab9914b,2
,,,COc1ccc(OC)c(CNc2[nH]nc3cccc(Oc4ccccc4)c23)c1,39edc0f4227f2b23,6
,,,Cc1ccc(-c2cc(Br)ccc2OCc2ccccc2)n1-c1cccc(C(=O)O)c1,a11c99c87a6f120a,5
,,,COc1ccc2nccc(CC[C@@H]3CC[C@@H](NCc4ccc5c(n4)NC(=O)CS5)CO3)c2n1,359c187e0d096378,1
,,,CCCN(Cc1ccc(OC(F)(F)F)cc1)[C@@H]1COc2nc([N+](=O)[O-])cn2C1,dd4f5f5523dea42f,2
,,,O=C(NCc1ccc(OC(F)(F)F)cc1)C1c2ccccc2C(=O)N1CCc1ccncc1,ba1b311c5261ad08,10
,,,O=C(c1cc(-n2ccc3cc(Br)ccc32)c(O)cc1O)N1Cc2ccccc2C1,2a64d8ac48daf5f0,6
,,,CCOC(=O)C1=C(O)/C(=C\c2cc(C)n(-c3ccc(SC(F)(F)F)cc3)c2C)N=C1C,46bde46691225040,5
,,,Fc1ccc(CNc2nnc(-c3c[nH]c4ncccc34)o2)cc1,3aa4a1de860a16b6,6
,,,CC1(COc2ccc3c(c2)[C@]2(COC(N)=N2)c2cc(-c4cccnc4)ccc2O3)COC1,f4be0eeb1b7ae060,17
,,,Cn1ncc(C(=O)N2CCC(Nc3cc(O)nc4cc(F)c(F)cc34)CC2)c1Cl,dd8325dde0cb2746,4
,,,O=S(=O)(Cc1ccc2c(c1)CCNCC2)c1ccc(-c2ccc(F)cc2)cc1,2b2fac971be04833,7
,,,CCCCC1CN(S(=O)(=O)N2CCOCC2)CCC12CCN(C1(C)CCN(C(=O)c3c(C)ncnc3C)CC1)CC2,885257d4994d2d42,2
,,,CC(C)NC(=O)[C@H]1CC[C@@H](n2c(NC(=O)c3ccc(F)cc3)nc3ccc(CN4CCC(C(C)(C)O)CC4)cc32)CC1,356d220f8cc1ba5d,2
,,,CC(=O)N[C@@H](CCN1[C@@H]2CC[C@H]1C[C@@H](n1c(C)nc3c1CN(C(C)=O)CC3)C2)c1ccccc1,b1644cc8e05e8079,4
,,,COc1cc(Cl)ccc1Oc1ccccc1CN(C)C,9cedd002b0c71093,13
,,,CCn1c([C@@H](C)NS(=O)(=O)c2ccc(CC(C)C)cc2)nc2ccc(C(F)(F)F)cc21,e00fe0529b38f8e6,3
,,,Cc1ncnc(C)c1C(=O)N1CCC(C)(N2CCC(N3C(=O)N(C4CCOCC4)C[C@H]3c3ccccc3)CC2)CC1,51f821108e2cbf3a,4
,,,Nc1ccnc(N2CCC(NC(=O)c3ccccn3)(c3ccccc3)CC2)c1,189c5989b484d8f2,6
,,,CCOc1c(C(=O)NCCN2CCCC2)n(C)c2c1c(=O)n(CC(=O)c1ccccc1)c1ccccc21,68bcc0f0cf10c1c3,12
,,,COCCCOc1cncc(C2NC(S)=NC3=C2C(=O)c2ccccc23)c1,92936149c7c0353b,3
,,,CC1CCC(=O)N1c1ccc(C(=O)Nc2cccc3cccnc23)cc1,0011c14eeae05956,10
,,,COc1ccc2c(c1)c(=O)n(C[C@H]1CC[C@H](C(=O)N3CCN(C(=O)C4CC4)CC3)CC1)c(=O)n2C,e75258901705eb37,6
,,,O=C(NC12CC3CC(CC(C3)C1)C2)N1CCC2(CCN(C(=O)c3c(F)cccc3F)CC2)C1,5aa8b75d6961becc,11
,,,O=C(c1ccc(-c2noc(O)n2)cc1)N1CCC(N2CCC(Oc3ccc(Cl)c(Cl)c3)CC2)CC1,a3b64b33f960451b,4
,,,Cc1cc(Nc2ccc(C)c(F)c2)n2ncnc2n1,29c4b170999778d9,4
,,,Cc1ccc(Nc2ccc3c(c2)N(c2nc4c(s2)C(=O)NC(C)(C)C4)CCO3)nn1,88e8b4b3e8db0066,13
,,,O=C(NCCO)C1CCN(Cc2nc(-c3cn(CC4CCOCC4)c4c(Cl)cccc34)no2)CC1,eb502c4b64ef6110,3
,,,NS(=O)(=O)c1ccc(C(=O)N2CCC(C(=O)c3ccc(F)cc3)CC2)cc1,705ea24d7bd0c4c8,8
,,,N#Cc1c(O)nc2scc(-c3ccc(-c4ccccc4O)cc3)c2c1O,09607369333f28eb,11
,,,Cn1cc(-c2cc(C(O)(C(F)(F)F)C(F)(F)F)cnc2N2CCN(S(=O)(=O)c3ccc(N)nc3)CC2)cn1,5966754c79cff208,3
,,,O=S(=O)(Cc1ccc2c(c1)CCNCC2)c1ccc(-c2ccc(F)cc2)nc1,df879e547fff1942,4
,,,O=C(Nc1ccc(OCC(F)(F)F)cc1)N1CCC2(CCN(C(=O)c3c(F)cccc3F)CC2)C1,9b27ba3f4b53e3c5,10
,,,CNC(=O)c1ccc(-c2ccc3nnc([C@@H](C)c4ccc5ncccc5c4)n3n2)cc1,858e92f3e7c8a13c,12
,,,Nc1nc(C2CC2)nc2c1nnn2CC1CCCN(Cc2ccccc2)C1,a1d153c6d082d209,2
,,,COc1ccc(-c2nc([C@@H](C)Sc3nc(N)cc(N)n3)c(C)s2)cc1OCCNS(C)(=O)=O,5c8b10eef605ff91,6
,,,CC1(C)C[C@@H](NC(=O)Nc2cccc3cnccc23)c2ccc(OC(F)(F)F)cc2O1,9f089c6aa33b36cf,7
,,,C[C@H]1CC[C@H](NC(=O)c2cnc(N3CCC(CO)CC3)cn2)CC1,a197c7a642b890dc,5
,,,CCCCCS(=O)(=O)NC(=O)/C=C/c1ccc(OCCOC2CC2)cc1Oc1ncc(C(F)(F)F)cc1Cl,11873f2c57830198,4
,,,COc1ccc(Cn2c(O)nc3c(N)nc(C(F)(F)F)cc32)cn1,fcf4f2cc2fb10e4a,5
,,,Cc1c(Cl)ccc(OC2CCN(C[C@H](O)CNC(=O)c3cnc(O)c4cc(S(C)(=O)=O)ccc34)CC2)c1Cl,5471fafa465b90af,2
,,,Cc1nccn1-c1ccc(CNS(=O)(=O)c2ccc(F)cc2F)cc1,814b49695f0044f9,9
,,,Nc1nc(O)cc(-c2cccc(OC(F)(F)F)c2)n1,953032829e6db24f,7
,,,Fc1ccc(C2Cc3nccn3C2)c(-c2cc[nH]n2)c1,66473e21a7c8a5ce,10
,,,O=C(COCc1ccccc1)N1CCN(c2ccc(F)cc2Cl)CC1,6c22d7234f954046,4
,,,CCOC(=O)C1=C(O)/C(=C\c2cc(C)n(-c3ccc(N(C)C)cc3)c2C)N=C1C,7850f466e78ed2a9,3
,,,N#Cc1ccc(-c2cnc3nnc(Cc4c[nH]c5ncccc45)n3n2)cc1,604c3dee0b993fed,8
,,,CCC1(OC(=O)N2CCN(c3ncc(OCc4ccncc4C#N)cn3)[C@H](C)C2)COC1,7853f294b2b0c0e6,7
,,,COc1cc(F)ccc1[C@H]1CN(c2nc(-c3ccncn3)cc(=O)n2C)CCO1,8ef0fd400f4a90f1,4
,,,CN[C@@H](C)C(=O)N[C@H]1CCC[C@H]2C[C@H]3CCN(C(=O)Oc4ccccc4)C[C@H]3N2C1=O,f5e546242d40fc2f,7
,,,CCN(CC)CCN(C)c1ccc(Cn2c(O)nc3c(N)nc(C(F)(F)F)cc32)cn1,ef27146fcb29c010,8
,,,C=CC(=O)Nc1cccc(-n2c(-c3nc(-c4cnn(CCN5CCOCC5)c4)cnc3N)nc3ccccc32)c1,e07b287b008978c9,1
,,,CNC(=O)c1ccc2[nH]nc(Cc3ccc4cnn(C)c4c3)c2c1,0a819eae2f4f4ded,12
,,,COC[C@@H](Oc1cc(C[C@@H]2CS(=O)C[C@H](NCc3cc(C(C)(C)C)ccn3)[C@H]2O)cc(F)c1N)C(F)(F)F,64cfee0f32238164,3
,,,COc1ccc(Cc2cc([C@@H]3O[C@H](CO)[C@@H](O)[C@H](O)[C@H]3O)ccc2C)cc1,c11796e5c128d371,1
,,,Cc1nnc(C(C)C)n1C1CCN(C(C)C[C@H](NC(=O)N2CCOCC2)c2ccccc2)CC1,03ac85e4d47df2cd,4
,,,CCCc1nc2cc(S(=O)(=O)CC)ccc2n1CC1CC1,ba1fc73085c5c242,21
,,,C=CC(=O)N1CCC[C@@H](n2nc(-c3cccc(C(=O)Nc4ccc(C(C)C)cc4)c3)c3c(N)ncnc32)C1,2e5445b99c57b614,3
,,,Cc1ccc2c(N3CCN(CCc4cccc5c4ccc(=O)n5C)[C@@H](C)C3)cccc2n1,7839246f9946642c,6
,,,CCO/C(O)=C1/C(C)=NC2=C(C(=O)CC(C)(C)C2)C1c1ccc(-c2ccccc2)cc1,d1cec8e8fef132c5,16
,,,COc1ccc(OCC(=O)N2CCC3(CC2)CN(Cc2ccc(OCC(C)C)cc2Cl)C3)cn1,8ad9d61290f4ff7e,3
,,,CC(C)(CCC(C(N)=O)(c1ccccc1)c1ccccc1)N1CC(Oc2ccccc2)C1,4a0b14f0c9c46404,10
,,,CCOC(=O)C1=C(O)/C(=C\c2cc(C)n(-c3cccnc3)c2C)N=C1C,106f1d01260abf26,5
,,,COCCCOc1cccc(C2NC(=S)Nc3c2oc2c(F)cccc32)c1,6053fca57a001fa1,5
,,,CC1CC1C(=O)N1CCC2(CCN(C(=O)Nc3ccc(OC(F)(F)F)cc3)C2)CC1,080e8a64299da9b1,12
,,,Fc1ccc(-c2noc(C3CCN(c4cnc5ccccc5c4)CC3)n2)c(Cl)c1,9e2362726eb35d35,4
,,,Cc1cc(Nc2cncc(N[C@@H](C)c3ncc(F)cn3)n2)n[nH]1,9af9b35115b93f26,5
,,,Cc1cccc2c(CCNCc3cccc(CCNC[C@H](O)c4ccc(O)c5nc(O)sc45)c3)c[nH]c12,d21fa2dec824e4b0,1
,,,CCn1c([C@@H](C)NS(=O)(=O)c2cnn(C(C)C)c2C)nc2ccc(C(F)(F)F)cc21,766731599b69e334,5
,,,CC(C)COc1ccc(CN2CC3(CCN(C(=O)Cc4nc5ccccc5s4)CC3)C2)cc1,88d2befeeaf8e874,14
,,,COc1cc(C(=O)NCc2cc(-c3cccc(Cl)c3)no2)ccc1-n1cnc(C)c1,3deee070516e3440,18
,,,C[C@@H]1CN(Cc2ccc(-c3cccnc3C(=O)N3CCC(Nc4ccc(F)c(F)c4)CC3)cc2)C[C@H](C)N1,39ea47d908873839,4
,,,CCN(CC)C(=O)[C@H]1CC[C@H](Nc2nccc(-n3ccc4c(OCCCS(C)(=O)=O)cccc43)n2)CC1,b20336e827ff2f78,5
,,,COc1ccc(-c2nc3c(NCCCN(C)C(=O)C4CCC4)c(Br)cnc3[nH]2)cc1,bb9a06cdbf7cb719,8
,,,COc1ccc(OCC(=O)N2CCC3(CC2)CN(Cc2ccc4c(c2)CCC(C)(C)O4)C3)cc1,fbd7cdfab2dcc8bd,6
,,,O=C(N[C@@H](CCN1C[C@@H]2CN(C(=O)c3ccccn3)C[C@@H]2C1)c1cccc(F)c1)C1CCOC1,ab3b9fb346d429d2,3
,,,COc1cc(C(=O)NC2COc3cc(Cl)ccc32)ccc1-n1cnc(C)c1,68c0bbfe4ac9f306,15
,,,COc1ccc(S(=O)(=O)N2C(=O)[C@@](c3ccc(CN4CCN(C)CC4)cc3OC)(N3CCC[C@H]3C(=O)N(C)C)c3cc(Cl)ccc32)cc1,6c3663a84f972148,1
,,,Cc1ccccc1CN1CCC(N2CCC(n3c(O)nc4ccccc43)CC2)CC1,babd7a53d51453e5,3
,,,CC[C@@H]1C[C@@H](C(=O)NCC2CCOCC2)CN(Cc2nc(N3CCOCC3)oc2C)C1,b3cdff7e2d3957f7,1
,,,CCN(CCc1ccccc1)C(=O)c1ccccc1-c1ccc(CN2C[C@@H](C)N[C@@H](C)C2)cc1,165f925fadc6175e,3
,,,COc1ccc2c3ccnc(C(F)(F)F)c3n(CCCCN)c2c1,e3a918ef82fc31b1,23
,,,CCCCCS(=O)(=O)NC(=O)/C(C)=C/c1ccc(OCCOC)cc1Oc1ncc(C(F)(F)F)cc1Cl,4065722a14a0c610,3
,,,CCN(CCO)C(=O)c1cc2ccccn2c1-c1cccc(C(F)(F)F)n1,73f256ae4312ef25,2
,,,FC(F)(F)c1cc(N[C@H]2CCC[C@H](NCc3ccsc3)C2)nc2ccccc12,95f49daf52aeb387,3
,,,CCC(CC)[C@@H]1C(=O)N[C@H](C2Cc3ccccc3C2)C(=O)N1[C@@H](C(=O)N(C)C)c1ccc(C)nc1C,169a0ff24d77a3f2,2
,,,CCn1c([C@@H](C)NS(=O)(=O)c2ccc(F)cc2)nc2ccc(C(F)(F)F)cc21,bd9de99796a706ec,3
,,,COCCN1CCN(c2ccc(Cn3c(O)nc4c(N)nc(C(F)(F)F)cc43)cn2)CC1,b3cd30e444f6cec2,3
,,,COc1ccc(-c2cc3c(C)nc(N)nc3n([C@H]3CC[C@H](OCC(=O)O)CC3)c2=O)cn1,92c770381fc2b19a,1
,,,O=C(c1cc2c(cc1F)OC(c1ccc(F)cc1F)(c1ccc(F)cc1F)O2)N1CCOCC1,62335a56af197834,6
,,,Fc1ncccc1[C@H](Nc1nnc(-c2c[nH]c3ncccc23)o1)C1CC1,a4507f862cf2f70e,7
,,,CCN(CC)C(=O)c1ccc(C(=C2CCN(Cc3cscn3)CC2)c2ccccn2)cc1,4b47e32a2ce883ae,7
,,,COc1ccc(-c2cc(C(O)(C(F)(F)F)C(F)(F)F)cnc2N2CCN(S(=O)(=O)c3ccc(N)nc3)CC2)cn1,a11490cda401732b,8
,,,CCn1c([C@@H](C)NS(=O)(=O)c2cn(C)nc2C)nc2ccc(C(F)(F)F)cc21,e0858f1581654e94,4
,,,COC[C@@H]1C[C@@H](C(=O)NCC2CCOCC2)CN(Cc2nc(N3CCOCC3)oc2C)C1,c4c08410eea6acab,2
,,,C[C@@H](OC[C@H](O)CNC(C)(C)CC1Cc2ccccc2C1)c1ccccc1C1CC2CC1C1C(C(=O)O)C21,55005d4a3360b56d,2
,,,Nc1ccnc(N2CCC(C(=O)Nc3ccc4ccccc4n3)(c3ccccc3)CC2)c1,cbed156a68d2b8e8,4
,,,Fc1ccccc1CNc1nnc(-c2c[nH]c3ncccc23)o1,9a02fe8b7cc06973,11
,,,CN[C@@H](C)C(=O)N[C@H]1CCC[C@H]2C[C@H]3CCN(CCc4ccc(Br)cc4)C[C@H]3N2C1=O,ec0d2065b0d8ccaf,4
,,,CCCCNC(=O)c1nnc2c(-c3cc(OC)ccc3OC)cccc2c1N,951237e70f03da2e,17
,,,NC1=N[C@@]2(CO1)c1cc(-c3cccnc3F)ccc1Oc1c2cc(-c2ccccc2)nc1F,57a2548cc99efbc4,8
,,,COc1cccc(N2CCN(Cc3c4c(=O)n(-c5ccccc5Cl)[nH]c4cc(=O)n3C)CC2)c1,4bd9eacd2629ded3,7
,,,c1ccc(Oc2nccc3ccccc23)cc1,65918aede1f98cb8,2
,,,CC(C)(C)Cc1nc2cc(S(=O)(=O)CC(C)(C)O)ccc2n1CC1CC1,9a698d27eb9063f2,10
,,,COC(C)(C)COc1ccc2c(c1)[C@]1(COC(N)=N1)c1cc(-c3cncnc3)ccc1O2,22c2e5311885944a,10
,,,Oc1nc2c(O)ccc([C@@H](O)CNCCc3ccccc3CNCCc3ccccc3F)c2s1,c50c7dfac31b681a,2
,,,O=C(NCc1ccc(OC(F)F)nc1)C1c2ccccc2C(=O)N1CCc1ccccn1,813df3960d152f47,1
,,,O=C(NCc1ccccc1)c1ccccc1C(=O)N1CCCCC1,baaacd695fa643bb,3
,,,CC(C)(C)COc1ccc2c(c1)[C@]1(COC(N)=N1)c1cc(-c3c(F)ccnc3F)ccc1O2,238d909d99b8c8af,8
,,,COc1cncc(-c2cc(C(O)(C(F)(F)F)C(F)(F)F)cnc2N2CCN(S(=O)(=O)c3ccc(N)nc3)CC2)c1,f4ed0ef1bcced206,2
,,,Cc1cccc(C)c1/C(=N/C1CCCCC1)NO,3b2046e653753562,5
,,,CCOC(=O)c1c(-c2cccc(Cl)c2)nc2cc(OC)ccc2c1O,05cd1893a744d265,6
,,,COc1cc(C(=O)NC2COc3ccc(F)cc32)ccc1-n1cnc(C)c1,b6fa85fb09a42598,15
,,,COc1cccc(OC)c1[C@@H]1C[C@H](Cl)C(=O)N1Cc1ccc(OC(F)(F)F)cc1,25c34cb890d223eb,4
,,,CC(=O)Nc1cc(Nc2cc(NC3CC3)n3ncc(C#N)c3n2)ccc1N(C)CCN1CCOCC1,bf3a2f8b0d42d602,4
,,,CC1(COc2cc(F)c3c(c2)[C@]2(COC(N)=N2)c2cc(-c4cccnc4)ccc2O3)COC1,d5de6fefa91517c3,14
,,,C[C@@H](c1c[nH]c2ncccc12)c1nnc2ccc(-c3cnn(C)c3)nn12,25f0c106ea9bcd4f,8
,,,O=C(Nc1ccc2cccnc2c1)c1ccc(-c2ccc(F)cc2)nc1,8034e02a3dc4c238,17
,,,COc1cc2c(NC3CCN(C(C)C)CC3)nc(C3CCOCC3)nc2cc1OCCCN1CCCC1,560dab910b0dbc66,2
,,,COC[C@H]1C[C@@H](C(=O)NCc2cccc(C)n2)CN(Cc2nc(-c3ccccc3)oc2C)C1,89110d0ba5b74240,12
,,,C[C@@H]1CN(Cc2ccc(-c3ccccc3C(=O)N3CCC(Nc4ccc(Cl)cc4)CC3)cc2)C[C@H](C)N1,de056285adeadb7a,4
,,,O=C(N[C@@H](CCN1C[C@@H]2CN(C(=O)c3cccnn3)C[C@@H]2C1)c1ccccc1)C1CCCC1,14d39ccbd330e600,3
,,,C[C@H]1COCCN1C[C@H]1CN(S(=O)(=O)c2cccs2)CCN1c1ccc(C(C)(O)C(F)(F)F)cc1,b0af7f5a05897deb,1
,,,Nc1ccc(S(=O)(=O)N2CCN(c3ncc(C(O)(C(F)(F)F)C(F)(F)F)cc3-c3ccc4sccc4c3)CC2)cn1,523239f40ef68ea5,5
,,,CCCNC(=O)c1nnc2c(-c3cc(OC)ccc3OC)cccc2c1N,5521cdb56070519b,18
,,,CCC(CC)C(=O)N1CCC2(CCN(C(=O)Nc3ccc(OC(F)(F)F)cc3)C2)CC1,9eb04ca257ba06a8,10
,,,COc1cccc(CNCc2cccc(CCNC[C@H](O)c3ccc(O)c4nc(O)sc34)c2)c1,0bc849106a6096a3,4
,,,CC(C)(C)Cc1nc2cc(S(=O)(=O)Cc3ccccc3)ccc2n1CC1CC1,a757198a27e0003b,18
,,,CC(=O)N[C@@H](Cc1ccccc1)[C@H](O)CNC1CC(C)(C)Cc2[nH]c(CC(C)(C)C)nc21,1286fd677c748265,5
,,,CCCNC(=O)c1nnc2c(-c3cc(C)cc(C)c3)cccc2c1N,e65c02d1f34a6950,9
,,,COc1cc(C(=O)N[C@H]2COc3c(Cl)cccc32)ccc1-n1cnc(C)c1,f49c8de0b489a377,8
,,,CCN(C(=O)c1ccccc1Oc1ccccc1)[C@H]1CCNC1,9d3411d905daf5dd,18
,,,OC1CCN(Cc2csc(-c3cn(CC4CCOCC4)c4c(Cl)cccc34)n2)CC1,aae76f9e636588d4,2
,,,CCCCC1=NC2(CCCC2)C(=O)N1Cc1ccc(-c2ccccc2-c2nn[nH]n2)cc1,1a25b1b2b792d8ae,6
,,,CN(C(=O)Cc1ccc(-n2cnnn2)cc1)C1CCN(Cc2ccc(C(F)(F)F)cc2)CC1,0c123fafc09e4e00,1
,,,O=C(CN1C(=O)C(NC(=O)c2cc3cc(Cl)sc3[nH]2)Cc2ccccc21)NCCO,c79f670fd4d2bbf1,1
,,,O=C(O)CN1C(=O)C(NC(=O)c2cc3sc(Cl)c(Cl)c3[nH]2)Cc2ccccc21,849ca17a06776d50,5
,,,O=C(NC1Cc2ccccc2N(CC(CO)CO)C1=O)c1cc2cc(Cl)sc2[nH]1,d4dfba9be7ffcf39,1
,,,COC(=O)Nc1nc2ccc(C(=O)c3ccccc3)cc2[nH]1,f65e067f89e91028,3
,,,O=C1CN(/N=C/c2ccc([N+](=O)[O-])o2)C(=O)N1,9f2578768189f25a,3
,,,O=C1C(CC[S+]([O-])c2ccccc2)C(=O)N(c2ccccc2)N1c1ccccc1,2c6d932037f7b7b2,5
,,,CCN(CCN(C)C)S(=O)(=O)c1ccc(-c2cnc(N)c(C(=O)Nc3cccnc3)n2)cc1,bcda0f977b69ba25,14
,,,N=c1nc(N2CCCCC2)cc(N)n1O,dcc580ed94202fe5,2
,,,CN1CCN(S(=O)(=O)c2ccc(-c3cnc(N)c(C(=O)Nc4cccnc4)n3)cc2F)CC1,33c63db340040248,6
,,,COC[C@H](C)Oc1cc(Oc2cc(F)cc(F)c2)cc(C(=O)Nc2ccc(C(=O)O)cn2)c1,eee16577bfe29f5d,2
,,,CN1CCN(S(=O)(=O)c2ccc(-c3cnc(N)c(C(=O)Nc4cnccc4CN4CCCC4)n3)cc2)CC1,3fc768ec69ca1905,2
,,,CN1CCN(S(=O)(=O)c2ccc(-c3cnc(N)c(C(=O)Nc4cccnc4)n3)c(C(F)(F)F)c2)CC1,9e7916b4264491cf,5
,,,CCCSc1ccc2nc(NC(=O)OC)[nH]c2c1,1a7a4d88d57993f8,9
,,,NC(=O)CN1C(=O)C(NC(=O)c2cc3cc(Cl)sc3[nH]2)Cc2ccccc21,a6146fc2f0735902,6
,,,FC(F)(F)c1nnc2ccc(N3CCCC3)nn12,77cbcb863d592c90,2
,,,O=C(Nc1ccc(Oc2cccnc2)nc1)c1nnc(Nc2ccccc2F)o1,f5d7f9de2b19953c,6
,,,CN(C)CC(O)COc1ccc(Nc2nccc(Nc3ccccc3C#N)n2)cc1,76ec589402f6c506,8
,,,CCc1ccc(NC(=O)c2ccc3cc(C(=N)N)ccc3c2)cc1,7be2b6fde589ea84,23
,,,CNC(=O)c1ccc(Nc2ncc(F)c(-c3cnc(C)n3C(C)C)n2)cc1,889c6b1f767a3405,15
,,,Nc1n[nH]c2ncc3c(c12)CCCCCC3,34ea1f85d991c68f,4
,,,Cn1cnc(-c2ccccc2)c1-c1cc2c(N)ncnc2s1,4474cbb491b1a0b3,4
,,,CC(=O)N1CCN(c2ccc(NC(=O)c3nnc(Nc4ccccc4F)o3)cc2)CC1,3b44ef044258e943,6
,,,COc1cc(N2CCN(C(C)=O)CC2)ccc1Nc1ncc(Cl)c(-c2cnc3c(N)cccn23)n1,1109d9f16027a562,10
,,,CN(C(=O)Cc1ccc(-n2cnnn2)cc1)[C@@H]1CCN(Cc2ccc(C(F)(F)F)cn2)C[C@@H]1F,ba9542af33230842,5
,,,CS(=O)(=O)c1ccc2[nH]c3c(c2c1)CN(C(=O)[C@@H]1CCCC[C@H]1C(=O)NC1(C#N)CC1)CC3,32a10fe01b0d6ff8,1
,,,O=C(NCc1ccncc1)c1ccc(Oc2ccc(C#C[C@@]3(O)CN4CCC3CC4)cc2)cc1,5be6b205ca48a0ae,21
,,,Cc1ccc(S(=O)(=O)Nc2c(C(=O)N[C@@H](C)C(C)(C)C)c(C)nn2C2CCSCC2)cc1,d11b4f9ed01f9822,4
,,,CS(=O)(=O)c1cccc(Nc2nccc(Nc3cccc4c3OCC4)n2)c1,de375cc2dc3e360e,9
,,,COc1cc(C(=O)N2CCOCC2)ccc1Nc1ncc(Cl)c(-c2cnc3ccccn23)n1,fc0ed7280bfd9fed,3
,,,CSc1ccc(OCc2ccccc2)c(C(=O)Nc2ccc(C(=O)O)cn2)c1,23e47a50a247f372,7
,,,FC(F)(F)c1nnc2ccc(NCc3cccnc3)nn12,7d72baeec13de717,6
,,,CC(=O)N1CCN(CCOc2cc(OC(C)C)c3c(Nc4c(F)ccc5c4OCO5)ncnc3c2)CC1,62658164a63e7980,4
,,,O=C(c1ccc(F)cc1)C1CCN(C(=O)NCc2ccccc2)CC1,ef38bf589fb2543a,6
,,,Cc1ncc(-c2ccnc(Nc3ccc(S(N)(=O)=O)cc3)n2)n1C,d25a836608028c34,8
,,,C[C@H](NC1=NC(=O)[C@@](C)(C(F)(F)F)S1)c1ccccc1F,89de5d0dde7ac31f,4
,,,Cc1ccc(CNC(=O)C2CCCN2S(=O)(=O)c2ccc(F)cc2)cc1,23dbe89ec1f30cac,10
,,,CCOC(=O)c1ccc(OCCC2CCN(c3ccc(C)nn3)CC2)nc1,cceab68844e69e11,3
,,,Oc1cccc2nc(-c3ccccc3)cc(O)c12,69d08addfe3b076d,4
,,,Cc1cc(C)cc(-c2[nH]c3ccc(C(C)(C)C(=O)N4C5CCC4CC5)cc3c2[C@H](C)CNCCc2ccncc2)c1,01597f9355c0c99b,4
,,,CCOC(=O)N1CCN(C(=O)[C@H](Cc2cccc(C(=N)N)c2)NS(=O)(=O)c2c(C(C)C)cc(C(C)C)cc2C(C)C)CC1,2b0dbf29871dca7e,5
,,,COc1cc(N2CCN(C(C)=O)CC2)ccc1Nc1ncc(Cl)c(-c2cnc3cc(N4CCCC4)ccn23)n1,b2a699f29d37d3cd,1
,,,Cc1cc(CNc2nccc(Nc3cc(CCc4ccccc4)[nH]n3)n2)on1,6b931480f898de1f,3
,,,NC(=O)c1ccn2c(-c3ccccc3)c(-c3ccc(C4(N)CCC4)cc3)nc2c1,852ae74fefd912de,18
,,,CS(=O)(=O)c1ccc([C@H](CC2CCCC2)C(=O)Nc2nccs2)cc1,9fa3bc3b9150715e,9
,,,COc1cc(OC)cc(-c2cc3cnc(N)nc3nc2N)c1,a5f4d5cbb62d5615,5
,,,CS(=O)(=O)Nc1cccc(NC(=O)CN2CCN(C(=O)C[C@H](N)Cc3ccc(F)c(F)c3)[C@H](Cc3ccccc3)C2)c1,ff08afb7554a76f5,3
,,,Cc1ccc(S(=O)(=O)Nc2c(C(=O)N[C@H](C)C(C)(C)C)c(C)nn2-c2ccccc2)cc1,b85cbd090240c594,3
,,,O=C(Nc1nccs1)c1cccnc1,b6cb67911e8df7c9,4
,,,CCN(C(=O)NCc1ccc(S(C)(=O)=O)cc1)C1CCN(CCC(c2ccccc2)c2ccccc2)CC1,c55b53822562b8f7,9
,,,Cc1ccc(S(=O)(=O)Nc2c(C(=O)N[C@@H](C)C(C)(C)C)c(C)nn2C2CCCCC2)cc1,37fa0cd618ac525f,2
,,,O=C(CN1C(=O)C(NC(=O)c2cc3cc(Cl)sc3[nH]2)Cc2ccccc21)NO,a7a0d1cdf52e7b11,4
,,,CC(=O)Nc1nc(-c2ccccc2)ns1,2ac99e94dff187c8,1
,,,CN(C(=O)Cc1ccc(-n2cnnn2)cc1)[C@H]1CCN(Cc2ccc(C(F)(F)F)cc2)C[C@H]1F,8c401530eb1ceabd,3
,,,CN(c1ccnc(Nc2cc(N3CCOCC3)cc(N3CCOCC3)c2)n1)c1cccc2[nH]ncc12,16d2fd114adf7106,4
,,,COc1cc(C(=O)NC2CCN(C)CC2)ccc1Nc1ncc2c(n1)N(C1CCCCC1)CCC(=O)N2C,1c8923370fac166a,3
,,,O=CN(O)C1(CS(=O)(=O)N2CCN(c3ccc(F)cc3)CC2)CCOCC1,791944d3460f4b1a,2
,,,Cc1ncc(-c2nc(Nc3ccc(C(=O)NC4CCN(C)CC4)c(F)c3)ncc2F)n1C(C)C,d406f1b75d00ea1a,4
,,,CN(C(=O)Cc1ccc(S(C)(=O)=O)cc1)C1CCN(Cc2ccc(C(F)(F)F)cc2)CC1,8d74b3490fff72bd,5
,,,NC(=O)Nc1sc(-c2ccc(CNC3CCCC3)cc2)cc1C(N)=O,27868a405429c50a,10
,,,Oc1nc2ccccc2c(O)c1-c1ccccc1,8dd6c6e04c2b1ca7,2
,,,Cc1ncc(-c2ccnc(Nc3ccccc3)n2)n1C(C)C,913b49fefbeab7bd,7
,,,CN(C)CCOc1ccc(-c2cc(C(N)=O)c(NC(N)=O)s2)cc1,499299087cbc75c8,7
,,,COc1ccccc1C(=O)Nc1ccc(C)c(-n2cnc3ccc(N4CCN(C)CC4)cc3c2=O)c1,7e4a6a8eaf0231bf,3
,,,CCN(C(=O)Cc1ccc(S(C)(=O)=O)cc1)C1CCN(Cc2ccc(C(F)(F)F)cc2)CC1,46f35ff88e445817,4
,,,Cc1ccc(NC(=O)c2cccc(N3CCOCC3)c2)cc1NC(=O)c1ccc(OCc2ccccn2)cc1,20bbe3dce574b06e,3
,,,Cn1c2ccccc2c2cc(NC(=O)CCc3ccncc3)ccc21,07423d39f7d502cc,14
,,,CCCCOc1nc(N)c2[nH]c(=O)n(Cc3cccc(CC(=O)OC)c3)c2n1,2dbafa768a885353,3
,,,CC(C)n1c2ccccc2c2cc(NC(=O)N3CCOCC3)ccc21,a5e001297c683f76,5
,,,O=C(N[C@H]1Cc2ccccc2N(C[C@H](O)CO)C1=O)c1cc2cc(Cl)sc2[nH]1,a0cedcdf50d45e72,2
,,,CC(Nc1ncnc2ccccc12)c1ccccc1,5a9b565deaf5721b,10
,,,CCn1c2ccccc2c2cc(NC(=O)C(C)C)ccc21,e7ae2d024e0b7c97,8
,,,COc1cc2ncnc(Nc3cc(NC(=O)c4ccnc(N5CCOCC5)c4)ccc3C)c2cc1OCCN1CCOCC1,30c097002ca436f7,5
,,,COC[C@H](C)Oc1cc(O[C@@H](C)Cc2ccccc2)cc(C(=O)Nc2ccc(C(=O)O)cn2)c1,cdb21f596bde69ff,4
,,,O=C(c1ccc(F)cc1)C1CCN(C(=S)Nc2ccc(F)cc2)CC1,9f668c39e4d3b998,9
,,,NC(=O)Nc1sc(-c2ccccc2)cc1C(=O)N1CCOCC1,9915d411327e4997,2
,,,COc1cc2ncnc(Nc3cccc(Cl)c3F)c2cc1CN(C)C1(C(N)=O)CCN(C)CC1,1b139baa6cc388b2,2
,,,NC1(c2ccc(-c3c(-c4ccccc4)ccn4ccnc34)cc2)CCC1,ca602b4408ec71a5,11
,,,Cc1ccc(S(=O)(=O)Nc2c(C(=O)NC3CCCCC3)cnn2-c2ccccc2)cc1,b326d3d6b0830ce9,4
,,,CO[C@H]1CN(Cc2ccc(C(F)(F)F)cc2)CC[C@H]1N(C)C(=O)Cc1ccc(-n2cnnn2)cc1,47613e76233b34e4,4
,,,N#Cc1nc(N2CCCC2)c(N)c(N2CCOCC2)n1,09a00812ad4856a6,3
,,,COc1cc2ncnc(Nc3cc(NC(=O)c4ccnc(N5CCOCC5)c4)ccc3C)c2cc1OCCN1CCCCC1,308bd185e9afc98b,8
,,,Cc1cc(C)cc(-c2[nH]c3sc(C(C)(C)C(=O)N4C5CCC4CC5)cc3c2CCN2CCN(CC(=O)N(C)C)CC2)c1,7046b16af0ded09e,3
,,,CC1(C)C(=O)N(c2ccc(SC(F)(F)F)cc2)C(=O)N1Cc1ccnc(N2CCOCC2)c1,e0e685feb358d22c,7
,,,CCCNCc1cnc(-c2ccc(C(=O)Nc3ccccc3N)cc2)s1,67fad7ba7337a1d3,7
,,,CCCS(=O)(=O)c1ccc(Nc2nccc(-c3cnc(C)n3C(C)C)n2)cc1,227084a0426ddfdb,22
,,,COc1cc2ncnc(Nc3ccc(OCc4ccccn4)c(C)c3)c2cc1OC,fdf62cd8288b2ea0,12
,,,CNC(=O)Nc1nc2ccc(-c3cncc(S(=O)(=O)NC(C)(C)C)c3)cn2n1,bc49a313bbd4cdf2,16
,,,Nc1ccccc1NC(=O)c1ccc(C2CCN(Cc3ccc(C(=O)NC4CC4)cc3)CC2)cc1,cf0b1c3d19ebfe31,2
,,,CC(=O)Nc1nc(-c2cccs2)cs1,dd02c1f0ad06f60d,2
,,,C[C@H]1C[C@@H](NS(=O)(=O)c2cc(Br)ccc2Br)CN1C#N,f74d588f3661f1ad,2
,,,COc1cc(C(=O)NS(=O)(=O)c2ccccc2)ccc1Cn1ncc2ccc(NC(=O)CC3CCCC3)cc21,5d90bb1133f3e79c,4
,,,Cc1cn(C[C@H]2CN(c3ccc(C4=CCS(=O)(=O)CC4)c(F)c3)C(=O)O2)nn1,6493e24f77733a38,4
,,,Cc1ccc(NC(=O)c2cccc(N3CCOCC3)c2)cc1NC(=O)c1ccc(OCc2ccncc2)cc1,31862967e00fa1f0,1
,,,CCN(C(=O)c1cnn(-c2ccccc2)c1NS(=O)(=O)c1ccc(-c2cnco2)cc1)C1CCCCC1,374c04f0c1ebb993,1
,,,Cc1cnc(NC(=O)Cc2ccccc2)s1,3879838a645d8b81,2
,,,CC(C)C[C@H](NC(=O)N1CCOCC1)C(=O)N[C@H](/C=C/S(=O)(=O)c1ccccc1)CCc1ccccc1,baa23e18c7bf8155,6
,,,COc1cc(Nc2ncnc(Nc3c(Cl)ccc4c3OCO4)n2)cc(OC)c1OC,20f15687ef2c4b63,4
,,,CC(C)(C)NS(=O)(=O)c1cncc(-c2ccc3nc(NC(=O)NCC(=O)N4CCCC4)nn3c2)c1,c1677ce15d47acb2,16
,,,O=c1[nH]c(-c2ccc([N+](=O)[O-])cc2)nc2ccccc12,7e331f42646be0b9,2
,,,O=C(Nc1nnc(C(=O)Nc2ccc(N3CCOCC3)cc2)o1)c1ccccc1,0647f40a2626bc69,6
,,,Cc1ccc(F)c(Nc2ccnc(Nc3ccc(S(N)(=O)=O)cc3)n2)c1,1cdf1ab3fa8d60da,4
,,,O=C(Nc1ccc(Cl)c(Cl)c1)N1CCN(C[C@@H]2CCCN(Cc3ccccc3)C2)CC1,fd894c07cfd208a4,1
,,,Cc1ccc(CO)cc1N(C)c1ccnc(Nc2cc(N3CCOCC3)cc(N3CCN(C)CC3)c2)n1,2f163fa622613acb,1
,,,COc1cc2ncnc(Oc3cnn(CC(=O)Nc4ccc(N(C)C)cn4)c3)c2cc1OC,3b30f904a3d53972,6
,,,O=C(Nc1ccc(N2CCOCC2)nc1)c1nnc(Nc2ccc(F)cc2)o1,20495ebdc424e010,2
,,,CCOC(=O)c1ccc(OCC2CCN(c3ccc(C)nn3)C2)cc1,b9a11557f6083b84,1
,,,COc1cc2ncnc(Nc3ccc(Cl)c(O)c3)c2cc1OC,479a998ad50b9841,3
,,,N=C(N)c1ccc(C(=O)N2CCN(S(=O)(=O)c3ccc4cc(Br)ccc4c3)CC2)cc1,7d229892c66ca165,1
,,,O=C(N[C@@H]1Cc2ccccc2N(C[C@@H](O)CO)C1=O)c1cc2cc(Cl)sc2[nH]1,2dc49fa0c8707259,2
,,,CCN(C(=O)Cc1ccc(S(C)(=O)=O)cc1)C1CCN(CCC(c2ccccc2)c2ccc(NC(=O)C(C)(C)C)cc2)CC1,50cd7664c073c7cf,3
,,,CCOC(=O)c1ccc(OCC2CN(c3ccc(C)nn3)C2)cc1,e96aa73f842e6714,19
,,,CC1C(=O)Nc2ccccc2N1C(=O)c1ccccc1,6d4653b8a09331af,4
,,,Cc1ccc(CO)cc1N(C)c1ccnc(Nc2cc(N3CCOCC3)cc(N3CCOCC3)c2)n1,697ef94f351bb393,1
,,,COc1ccc(-c2csc(N(CCCN3CCOCC3)C(=O)c3ccco3)n2)cc1,430f066ad4368c98,4
,,,Cc1cccc(C[C@H](NC(=O)c2cc(C(C)(C)C)nn2C)C(=O)NCC#N)c1,48515f13b3fc1003,11
,,,CCN(CC)C(=O)c1ccc2[nH]c(-c3cc(C)cc(C)c3)c(CCNCCCCc3ccncc3)c2c1,5905524560b11dea,6
,,,Cc1cnc(Nc2ccc(OCC(O)CN(C)C)cc2)nc1Nc1ccccc1,e765571a45ad432b,9
,,,O=C(Nc1ccc(N2CCOCC2)nc1)c1nnc(Nc2cccc(OCc3ccccn3)c2)o1,75496402a299e668,4
,,,CC1CN(C(=O)c2ccccc2)c2ccccc2NC1=O,c13e0ea58f2c5f5b,7
,,,O=C(CN1CCOCC1)Nc1ccc(-c2cccc3c(=O)cc(N4CCOCC4)oc23)cc1O,4437b0785292240d,4
,,,C=CCN(C(=O)NCc1ccc(OC)cc1)C1CCN(CCC(c2ccccc2)c2ccccc2)CC1,d1599f7b4761fcfc,7
,,,CCCCNc1nc(N)c2[nH]c(=O)n(Cc3ccc(OCCN(C)C)nc3)c2n1,0c928f7b792bfc8b,7
,,,Cc1ccnc2nc(C(=O)Nc3nccs3)nn12,4f944f7a1e87e3d2,1
,,,C[C@@H]1CN(c2nc(N3CCOC[C@@H]3C)c3ccc(-c4ccccc4)nc3n2)C[C@H](C)O1,e351ae55d0bf2075,1
,,,O=C(Nc1ccc(N2CCOCC2)nc1)c1nnc(Nc2cccc(OCc3cccnc3)c2)o1,a694e73605a67cd7,1
,,,COCCC(Oc1ncnc2c1cnn2-c1ccccc1C(F)(F)F)C(=O)Nc1ccc(C)cn1,5c5d1fd962c4ee1b,5
,,,CS(=O)(=O)Cc1cc(N2CCOCC2)nc(-c2cccc3cc[nH]c23)n1,5a44269f4d083bc9,6
,,,CCOc1ccc(NC(=O)CCc2c(C)nc3nc(C)nn3c2C)cc1,c0f73971df368cfd,7
,,,CC(C)Cn1c(=O)n(C)c(=O)c2c(SCCCO)n(Cc3cccc4ccccc34)cc21,3e44b594a7be0ee5,9
,,,NC(=O)COc1ccc(OCCNCC(O)COc2ccccc2)cc1,5bb857c15271faa6,4
,,,CNc1ncc(C(=O)c2ccccc2)s1,919a0292c2273c9f,8
,,,COc1cc2ncnc(Nc3cc(Cl)ccc3F)c2cc1OCCCN1CCOCC1,f052ee19599bdf45,4
,,,CCn1cc(NC(=O)Cc2ccc(Oc3ccnc4cc(OC)c(OC)cc34)cc2OC)cn1,23280727eb8595fe,5
,,,COc1cc2c(c(OC)c1OC)-c1ccc(O)cc1[C@@H](NC(C)=O)CC2,d162a3e1f07412c4,10
,,,COc1cc(N2CCN(C(C)=O)CC2)ccc1Nc1ncc(C(F)(F)F)c(-c2cnc3ccccn23)n1,297193733c2c7945,10
,,,NC(=O)c1sc(-c2ccsc2)cc1NS(=O)(=O)c1ccc(C(F)(F)F)cc1,3e93c27ef44205a5,5
,,,COc1cc(OC2CCN(C(C)=O)CC2)ccc1Nc1ncc(Cl)c(-c2cnc3ccccn23)n1,ba696a28c847cba0,5
,,,COc1cc(Nc2cc(Oc3cccnc3)ccn2)cc(OC)c1OC,c79a1218d85c4d81,14
,,,O=C(NC1Cc2ccccc2N(CC(=O)N2CCC(O)CC2)C1=O)c1cc2cc(Cl)sc2[nH]1,89f6b149aa4ec243,5
,,,CC(C)COc1cc(-c2cccc3c(=O)cc(N4CCOCC4)oc23)ccc1NC(=O)CN1CCOCC1,04e2361d37380de4,1
,,,Cn1c(C#N)ccc1-c1ccc2c(c1)C(C)(C)OC(=O)N2,623ca08605e6ae29,8
,,,CN(C(=O)Cc1ccc(S(C)(=O)=O)cc1)[C@@H]1CCN(Cc2nc3cc(F)ccc3s2)C[C@@H]1F,6b860dcd0894401f,7
,,,c1nc(N2CCCCC2)c2nc[nH]c2n1,6b861275e1a7604a,2
,,,CCOC(=O)c1ccc(OCCC2CCN(c3ccc(C)nn3)CC2)cn1,40b9a787931c166b,5
,,,CN(C(=O)Cc1ccc(-n2cnnn2)cc1)C1CCN(Cc2nc3c(s2)CCCC3)CC1,92a4f0695f76b38b,4
,,,Cc1ncc(-c2ccnc(Nc3ccc(C(N)=O)c(F)c3)n2)n1C(C)C,11765b428ddb41a2,7
,,,COCCN(c1ccnc(Nc2cc(N3CCOCC3)cc(N3CCOCC3)c2)n1)c1cc(CO)ccc1C,da8f8e6e11d7a46c,3
,,,CC(=O)Nc1cc(CN2C(=O)N(c3ccc(SC(F)(F)F)cc3)C(=O)C2(C)C)ccn1,edfe1c18afe1c3c3,9
,,,Cn1c(C#N)ccc1-c1cc(F)c2c(c1)C(C)(C)C(=O)N2,e216ab89793edd1e,4
,,,OC[C@H]1C[C@@H](n2nnc3c(N[C@@H]4C[C@H]4c4ccccc4)nc(SCCC(F)(F)F)nc32)[C@H](O)[C@@H]1O,ae9566325e8ff54e,3
,,,CS(=O)(=O)n1c2ccccc2c2cc(NC(=O)N3CCOCC3)ccc21,92be5c85a2be6ab5,7
,,,CCn1c(SCC(=O)Nc2c(C#N)cnn2-c2ccccc2)nnc1-c1cccs1,c88690d3af00d214,8
,,,CC(C)C[C@H](N[C@@H](c1ccc(-c2ccc(S(C)(=O)=O)cc2)cc1)C(F)(F)F)C(=O)NCC#N,eb3b75cc9f02a77b,7
,,,CCOc1ccc2oc(C(=O)NC(CCSC)c3nc4ncccc4[nH]3)c(C)c2c1,f0c09b72adfff03e,9
,,,COc1cc(CO)cc(N(C)c2ccnc(Nc3cc(N4CCOCC4)cc(N4CCOCC4)c3)n2)c1,cce063d7a4d5d93d,4
,,,COc1cc(N2CCN(C(C)=O)CC2)ccc1Nc1ncc(C#N)c(-c2cnc3ccccn23)n1,4283a05e89ef28f1,13
,,,COCCCc1cc(Nc2nc(NCc3cc(C)no3)ncc2Br)n[nH]1,3cba1879085b2ef4,8
,,,CN(C)C(=O)[C@H](Cc1ccccc1)NC(=O)c1cc2sccc2[nH]1,54b453ec60d1d65c,5
,,,Nc1ccc2cccc(Nc3ncccn3)c2n1,91de503f8ad51ce7,1
,,,COc1cccc(C(=O)Nc2ccc(C)c(-n3cnc4ccc(N5CCN(C)CC5)cc4c3=O)c2)c1,d3e98f57069871ff,4
,,,CSCCC(NC(=O)c1sccc1Cl)c1nc2ccccc2[nH]1,6617da17e2b073c7,8
,,,COc1cc(Nc2cc(Nc3c(Cl)ccc4c3OCO4)ncn2)cc(OC)c1OC,24023a649e09d97a,10
,,,O=CN(O)C1(CS(=O)(=O)N2CCN(c3ccc(F)cc3)CC2)CCC1,da0e02b5e70a16b7,3
,,,CN1CCN(CC(=O)Nc2ccc(-c3cccn4c(=O)cc(N5CCOCC5)nc34)c3sc4ccccc4c23)CC1,70b14f641d390132,4
,,,Nc1n[nH]c2nnc(-c3ccccc3)c(-c3ccccc3)c12,38e3d667f6768fe4,2
,,,COc1cc(N2CCN(C(C)=O)CC2)ccc1Nc1ncc(OC)c(-c2cnc3ccccn23)n1,11be1cdd45b173f7,8
,,,Cc1ncc(-c2ccnc(Nc3ccc(C(=O)NC4CC4)cc3)n2)n1C(C)C,1bffab398755e48f,16
,,,Cc1ccc(NC(=O)c2cscn2)cc1-n1cnc2ccc(N3CCN(C)CC3)cc2c1=O,cf16e4cb30c8d0d0,15
,,,Cn1cnc(-c2ccccc2)c1-c1nc2c(N)ncnc2s1,30614fcf15455778,4
,,,O=C(CO)N1CCC[C@@H]1COc1cccc2ncnc(Nc3ccc(OCc4ccccn4)c(Cl)c3)c12,09f63f6884aa0ab4,5
,,,C[C@H](CO)Nc1nc(SCc2ccccc2F)nc2[nH]c(=O)sc12,520fb9136570ace6,7
,,,Nc1c(C(=O)c2cccc(OC[C@H](O)CO)c2)cnn1-c1ccc(F)cc1,ab3b6d9f731ec1bb,8
,,,Nc1ccccc1NC(=O)c1ccc(-c2nccs2)cc1,b30e832b9d84fd50,9
,,,COc1ccc(Nc2cc(Oc3cc(C)c(C)nc3-c3ccccn3)ccn2)cc1,3692f29524c366ee,9
,,,CN1CCN(c2ccc(NC(=O)c3nnc(Nc4ccccc4F)o3)cn2)CC1,973633c2a5fe0eb1,1
,,,N#Cc1nc(NC2CCCC2)c(N)c(N2CCOCC2)n1,a6e39ec043ca7ceb,6
,,,COc1cc2ncnc(Nc3cccc(Cl)c3F)c2cc1OC1CCN(C)CC1,9ab43ec524e1fb60,1
,,,CCN(C(=O)Cc1ccc(S(C)(=O)=O)cc1)C1CCN(CCC(c2ccc(NC(C)=O)cc2)c2cccc(F)c2)CC1,871911d281d1ea26,2
,,,Cc1ncc(-c2ccnc(Nc3ccc(C(=O)N(C)C)c(F)c3)n2)n1C(C)C,afc375e2ac4e680f,18
,,,O=C(NC1CCCCC1)C1CCCN(S(=O)(=O)c2cccs2)C1,c7ac7f14d7e97c55,5
,,,CCn1cc(NC(=O)Cc2ccc(Oc3ccnc4ccc(F)cc34)cc2OC)cn1,17bdc02389db5ca3,15
,,,CCN1CCC[C@@H](C(=O)N2CCN(C(=O)Nc3ccc(Cl)c(Cl)c3)CC2)C1,34554e0632a459ce,3
,,,COCCC(=O)N(C)c1ccc(Nc2ncc3cc(-c4ccncc4)ccc3n2)cc1,d9b4221bde20cb64,16
,,,NC1(c2ccc(-c3nn4cccc4cc3-c3ccccc3)cc2)CCC1,993e59ab7504bae8,8
,,,CCNC(=O)c1ccc(CN2CCC(c3ccc(C(=O)Nc4ccccc4N)cc3)CC2)cc1,d2f9467e923b4adb,2
,,,CCOC(=O)c1ccc(OCCC2CN(c3ccc(C)nn3)CCO2)cc1,4ec0f3e9b203f1f7,8
,,,COc1cccc2c1c(NS(=O)(=O)c1ccc(Cl)s1)nn2Cc1cccc(CNC(=O)[C@@H]2COCCN2)c1,16d5e479721ba262,8
,,,COc1ccc(C)c(N(C)c2ccnc(Nc3cc(N4CCOCC4)cc(N4CCOCC4)c3)n2)c1,f83d923787b07aec,4
,,,COc1ccc(CNCc2ccc(-c3cc(C(N)=O)c(NC(N)=O)s3)cc2)cc1,326bc21a4580c962,3
,,,Cc1ccc(CO)cc1N(c1ccnc(Nc2cc(N3CCOCC3)cc(N3CCOCC3)c2)n1)C(C)C,ca754e629ee1a010,2
,,,CSCc1cc(N2CCOCC2)nc(-c2ccccc2)n1,dbf74cd577b95459,3
,,,O=C(NC1Cc2ccccc2N(CCO)C1=O)c1cc2cc(Cl)sc2[nH]1,8478f57ab7347afe,2
,,,CNC(=O)c1ccc(Nc2ncc(F)c(-c3cnc(C)n3C(C)C)n2)cc1F,b00a7c421806ffc7,5
,,,Nc1c(C(=O)c2cccc(OC[C@@H](O)CO)c2)cnn1-c1ccc(F)cc1,be434d5d8e2f5452,5
,,,C[C@](O)(CS(=O)(=O)c1ccc(F)cc1)C(=O)Nc1ccc(C#N)c(C(F)(F)F)c1,dcea94297e0265f6,1
,,,Cc1cc(C)cc(-c2[nH]c3ccccc3c2CCNCCCCc2ccncc2)c1,a6711842ddf9348c,10
,,,N#Cc1ccc2[nH]c(-c3ccc(F)cc3)c(CCCC(=O)NS(N)(=O)=O)c2c1,c67097347986b321,1
,,,COc1cc2ncnc(Nc3ccc(F)c(Cl)c3)c2cc1OCCCN1CCCCC1,65f2bab3902dbfc6,1
,,,Nc1ncc(-c2cnn(C3CCOCC3)c2)cc1-c1nc2ccccc2o1,a0913509302eb7fa,3
,,,COc1cccc(NC(=O)Cn2cc(Oc3ncnc4cc(OC)c(OC)cc34)cn2)c1,bab6013cb6c371a1,16
,,,CCOC(=O)c1ccc(COCC2CCN(c3ccc(C)nn3)CC2)cc1,c06f07af8415eac3,13
,,,Cc1ncc(-c2ccnc(Nc3ccc(C(N)=O)cc3)n2)n1C(C)C,5c9aa8a59cc9af8f,17
,,,OC[C@H]1C[C@@H](n2nnc3c(N[C@@H]4C[C@H]4c4ccc(F)c(F)c4)nc(SCCC(F)(F)F)nc32)[C@H](O)[C@@H]1O,e4f66b74e5793df8,9
,,,CCN(C(=O)Cc1ccc(S(C)(=O)=O)cc1)C1CCN(CCC(c2ccccc2)c2ccc(NS(C)(=O)=O)cc2)CC1,c424d5d62c5244e5,3
,,,COc1ccnc(N(C)c2ccnc(Nc3cc(N4CCOCC4)cc(N4CCOCC4)c3)n2)c1,520c40a76e6ed3b1,2
,,,Cn1cnc(-c2ccccc2)c1/C=C/c1ccnc(N)n1,518f5d14b276f584,8
,,,Cc1cccc(Nc2nnc(C(=O)Nc3ccc(N4CCOCC4)nc3)o2)c1,26e29544b7df75bd,3
,,,CN(C(=O)Cc1ccc(S(C)(=O)=O)cc1)[C@@H]1CCN(Cc2ccc(C(F)(F)F)cc2)C[C@@H]1F,419d15d09cef6af2,4
,,,CN(C(=O)Cc1ccc(S(=O)(=O)N(C)C)cc1)C1CCN(CCC(c2ccccc2)c2ccccc2)CC1,6521c2b72607468f,3
,,,C[C@@H](Oc1cccc2ncnc(Nc3ccc4c(cnn4Cc4cscn4)c3)c12)C(=O)N1CCOCC1,461f9a0830cce507,7
,,,C=CCOc1cc(-c2cccc3c(=O)cc(N4CCOCC4)oc23)ccc1NC(=O)CN1CCOCC1,81039cd1db46f518,4
,,,CCCCOc1nc(N)c2[nH]c(=O)n(Cc3cccc(CC(=O)O)c3)c2n1,3105ed6fd7520c56,6
,,,COc1ccc(NC(=O)c2nnc(Nc3ccccc3F)o2)cn1,def7d93b289b2033,2
,,,CCN(C(=O)Cc1ccc(S(C)(=O)=O)cc1)C1CCN(CC[C@H](c2ccc(S(C)(=O)=O)cc2)c2cccc(F)c2)CC1,bbcf4d7a6d29a2fa,1
,,,COCCCNS(=O)(=O)c1ccc(Nc2nccc(-c3cnc4ccccn34)n2)cc1,2a080080f06c3b91,6
,,,Cc1ccccc1Nc1ncnc2ccccc12,86415e88b0852226,6
,,,CN(C)C(=O)CN1C(=O)C(NC(=O)c2cc3cc(Cl)sc3[nH]2)Cc2ccccc21,62e4f8aaaef5c03e,6
,,,CCCCC(CC)CNC(=O)c1ccc2c(c1)c(Cc1ccc(C(=O)NS(=O)(=O)c3ccccc3C)cc1OC)cn2C,80a60958cdc9fd2f,1
,,,COc1cc(CCc2cc(Nc3ccnc(NCc4cc(C)no4)n3)n[nH]2)cc(OC)c1,1305646217b2a161,4
,,,CC(NC(=O)C1(N)CCN(c2ncnc3[nH]ccc23)CC1)c1ccccc1,f156ebb636c727a6,6
,,,Cc1ncc(-c2ccnc(Nc3ccc(C(=O)N4CCN(C)CC4)cc3)n2)n1C(C)C,92edbc4e0204c2e8,5
,,,COc1cc2c(Nc3cc(CC(=O)Nc4cccc(F)c4)[nH]n3)ncnc2cc1OCCCN1CCC(CO)CC1,dce4ee1a2e511bc7,1
,,,CCN(C(=O)Cc1ccc(S(C)(=O)=O)cc1)C1CCN(CCC(c2ccccc2)c2ccc(NC(C)=O)cc2)CC1,b024ea513103313b,5
,,,COCCOc1nc(N)c2[nH]c(=O)n(Cc3cccc(CC(=O)OC)c3)c2n1,3dd551e4e253b1ab,5
,,,COc1ccc(C(=O)C2CCN(C(=O)c3ccco3)CC2)cc1,25bb03640933cd54,5
,,,O=C(Nc1ccc(F)cc1)c1ccc(Cl)[n+]([O-])c1,f635ee21fc539c93,4
,,,COc1cccc2c(O)cc(-c3ccccc3)nc12,57a9df5775011ed5,4
,,,CC(C)n1c(=O)n(C)c(=O)c2cn(Cc3cccc4ccccc34)cc21,9a66ebdae311da4b,9
,,,N#Cc1nc(NC2CCCCC2)c(N)c(N2CCOCC2)n1,818ccc6ac1660d0a,5
,,,Cc1sc(N2CCN(C)CC2)nc1CCOc1ccc(C[C@H](Nc2ccccc2C(=O)c2ccccc2)C(=O)O)cc1,c7bfc3bc8aca902b,1
,,,N#Cc1nc(Nc2ccccc2)c(N)c(N2CCOCC2)n1,eb7cd46766b78809,4
,,,CCN(c1ccnc(Nc2cc(N3CCOCC3)cc(N3CCOCC3)c2)n1)c1cc(CO)ccc1C,01993647aa3af5d7,7
,,,CCn1c2ccccc2c2cc(NC(=O)CCc3ccncc3)ccc21,a85128ba31bb01d7,17
,,,NCc1ccc(NC(=O)c2cc(Nc3ncccn3)c3cc(/C(N)=N/O)ccc3c2)cc1,1bd145a17a263d19,6
,,,Cc1cccc(NS(=O)(=O)c2ccc(-c3ccc(C#N)cc3)cc2)n1,b654336b2dbfdc08,7
,,,Nc1nc(-c2ccccn2)nc(N)c1Cc1ccccc1F,4ea67c7c14bf0cd8,11
,,,O=S(=O)(c1cccc(-c2cn3cccnc3n2)c1)N1CCOCC1,31ac33c1898e2109,5
,,,Cc1ncc(-c2ccnc(Nc3ccc(N(C)C)cc3)n2)n1C(C)C,f3376639fc3eef3d,7
,,,CCOC(=O)c1ccc(CCN2CCN(c3ccc(C)nn3)CC2)cc1,14f7d17a065ab3b1,1
,,,Cc1cccc(NS(=O)(=O)c2cccc3nonc23)c1,0ead0bbd0fed5dfe,7
,,,CCCN(CCO)CCCOc1ccc2c(Nc3cc(CC(=O)Nc4cccc(F)c4F)[nH]n3)ncnc2c1,2aec238c028ca1b3,1
,,,COc1ccc(Cn2cc3c(=O)n(C)c(=O)n(CC(C)C)c3c2)cc1,6908e4bea2778007,14
,,,c1ccc(-c2n[nH]cc2-c2ccnc3ccccc23)nc1,20d6391f0bff0a71,2
,,,Cc1ccc(Oc2ccc(C(=O)NCc3ccncc3)cc2)cc1,3b99646a4f77a1df,14
,,,O=c1ncnc2[nH][nH]cc1-2,f7634c6e06626703,1
,,,CN(C(=O)Cc1ccc(-n2cnnn2)cc1)[C@@H]1CCN(Cc2ccc(C(F)(F)F)nc2)C[C@@H]1F,567c536e35d20997,8
,,,Oc1ccc(-c2ccc(C3(O)CN4CCC3CC4)cc2)cc1,1030f0a58b15cf42,15
,,,C=CC(=O)Nc1ccc2ncnc(Nc3cccc(C)c3)c2c1,0432231f76379426,4
,,,CCC(CC)NC(=O)c1cn(-c2ccccc2)nc1NS(=O)(=O)c1ccc(C)cc1,7c7325507867e603,5
,,,CN(C(=O)Cc1ccc(S(C)(=O)=O)cc1F)C1CCN(Cc2ccc(C(F)(F)F)cc2)CC1,788bf69ce3016d76,1
,,,O=c1cc(-c2cccnc2)[nH]c2cc(Cc3ccccc3)ccc12,62b7b8f763d1b246,10
,,,COc1cc(C(=O)NS(=O)(=O)c2ccccc2C)ccc1Cc1c[nH]c2ccc(NC(=O)CC3CCCC3)cc12,2aa120bbffce1d0f,2
,,,CC(CCc1cccc(OCc2ccc3ccccc3n2)c1)CC(=O)O,299ed2758ab83187,5
,,,CCc1cccc2c(C#N)cn(CC(=O)NCCOC)c12,2bbcfb53600bac53,8
,,,COc1ccc(C(=O)Nc2cccc(NC(=O)c3cccc(N(C)C)c3)c2)cc1OC,05a6498fd651fe5d,14
,,,COc1ccc(-c2nc3n(c2Br)CCC3)cc1,c8754bf50c1bd187,7
,,,CCN(C(=O)Cc1ccc(S(C)(=O)=O)cc1)C1CCN(CCC(c2ccc(F)cc2)c2ccc(F)cc2)CC1,c17ce10e12f0345b,2
,,,O=c1cc(-c2cccnc2)[nH]c2cc(C(O)c3ccccc3)ccc12,39b116b812afffc1,17
,,,O=C(NC1CCCC1)C(c1ccncc1)N(Cc1ccco1)C(=O)c1ccc(-c2ccccc2)[nH]1,9fc1f0b67df1702f,5
,,,Cc1ccc([N+](=O)[O-])cc1S(=O)(=O)n1ccc(-c2c(C)nc3ccc(Br)cn23)n1,ebce1a6522b6e4fc,2
,,,Nc1ccccc1NC(=O)c1ccc(N2CCOCC2)cc1,b17e7e2a7cc69d53,6
,,,O=C(NCc1ccnc2ccccc12)c1ccc(Oc2ccc(C#C[C@]3(O)CN4CCC3CC4)cc2)cc1,5d3d6011bccc8fc3,20
,,,Cc1ccc(S(=O)(=O)Nc2c(C(=O)N(C)C3CCCCC3)cnn2-c2ccccc2)cc1,f9029e2812649779,2
,,,COc1ccc2c(Oc3ccc(CC(=O)Nc4n[nH]c(C)c4C)c(OC)c3)ccnc2c1,6225b72cf3e84bbd,7
,,,O=C1NC(=O)C(Cc2cccc(Oc3ccccc3)c2)S1,568baf29d7faaeab,5
,,,Oc1ncnc2scc(-c3ccsc3)c12,df8f1df9d743daa1,4
,,,COC[C@H](C)Oc1cc(Oc2ccccc2)cc(C(=O)Nc2ccc(C(=O)O)cn2)c1,c25ad0ce77e8482f,7
,,,O=C(NCc1ccncc1)c1ccc(Oc2ccc(C#C[C@]3(O)CN4CCC3CC4)cc2)cc1,6302f9f2852cca26,19
,,,CCCSc1nc(N[C@@H]2C[C@H]2c2ccccc2)c2nnn([C@@H]3C[C@H](OCCO)[C@@H](O)[C@H]3O)c2n1,15090c530cbca554,7
,,,NC1(c2ccc(-c3nc4ccccc4cc3-c3ccccc3)cc2)CCC1,57a23203f0edc717,7
,,,CNC(=O)c1ccc(CN2CCC(c3ccc(C(=O)Nc4ccccc4N)cc3)CC2)cc1,70017c2d649049ca,2
,,,Cc1cc(Oc2ccnc(Nc3ccc(S(N)(=O)=O)cc3)c2)c(-c2ccccn2)nc1C,597c85e27f4c895b,11
,,,Cn1cc(C(=O)CCCCOc2ccc(C(=O)O)cc2)cc1C=O,f59ce93da2b828ba,5
,,,COc1ccc(C(=O)N2CCC(C(=O)c3ccc(F)cc3)CC2)cc1,2d6d189cac92138b,2
,,,CCN(C(=O)NCc1c(F)cccc1F)C1CCN(CCC(c2ccccc2)c2ccccc2)CC1,82d79436b0810121,8
,,,Cc1ccc(CO)cc1N(C)c1ccnc(Nc2cc(N3CCOCC3)cc(S(C)(=O)=O)c2)n1,b3ce1e7c565f1c39,3
,,,CC(NC(=O)C1(N)CCN(c2ncnc3[nH]ccc23)CC1)c1ccc(F)cc1,73a1f3970d01cd7f,3
,,,COc1cc(Nc2cc(Oc3ccc(C)nc3)ccn2)cc(OC)c1OC,a422b524751cd3b9,12
,,,N#Cc1nc(N2CCOCC2)nc(N2CCOCC2)n1,1e4c90cf72738230,2
,,,O=C(Nc1ccc(N2CCOCC2)nc1)c1nnc(Nc2ccccc2)o1,6dfe3f18c705863a,3
,,,O=C(CN1CCOCC1)Nc1ccc(-c2cccc3c(=O)cc(N4CCOCC4)oc23)cc1-c1ccccc1,d6eb6d86c8e25f56,7
,,,COc1cc(C(=O)O)ccc1Cn1ccc2ccc(NC(=O)OC3CCCC3)cc21,0dc1f8290203543f,11
,,,COc1cc2ncnc(Nc3cccc(Cl)c3F)c2cc1CN(C)[C@@H](C)C(N)=O,0e5496e950a57e38,6
,,,O=C(Nc1nc2c(=O)[nH]cnc2s1)c1ccccc1,8ed8d9aaf764f840,2
,,,CC(C)Cn1cnc(-c2ccccc2)c1-c1nc2c(N)ncnc2s1,cba362bf92784bdf,13
,,,Cc1ncc(-c2nc(Nc3ccc(C(=O)N4CCN(C)CC4)cc3)ncc2F)n1C(C)C,66aadc96afc18297,5
,,,COc1ccc(Nc2nccc(-c3cnc(C)n3C(C)C)n2)cc1,1822156ee571565d,10
,,,COc1cc2cc(-c3ccc(O)cc3O)nc(C)c2cc1OC,1519214e6658965f,5
,,,Cc1cc(C)cc(-c2[nH]c3ccc(C(C)(C)C(=O)N4C5CCC4CC5)cc3c2CCNCCCCc2ccncc2)c1,66d87344ca0416aa,9
,,,CC(C)(C)NS(=O)(=O)c1cncc(-c2ccc3nc(N)nn3c2)c1,5ec26c981d224cc7,13
,,,CC(=O)c1noc(C)c1C(=O)Nc1nccs1,7558e7298c01ed2c,1
,,,Cc1csc(NC(=O)c2cc(Sc3nncn3C)ccc2N)n1,d8c934ce59afd4c7,2
,,,COCCOCCOc1ccc(-c2cc(C(N)=O)c(NC(N)=O)s2)cc1,cab2897138c314ca,7
,,,Cc1ncc(-c2ccnc(Nc3ccc(S(=O)(=O)CC4CCCO4)cc3)n2)n1C(C)C,367910dd162d1b2d,6
,,,OC(CCN1CCCCC1)(c1ccccc1)C1CCCCC1,98532b29b8e70af1,4
,,,Nc1ccccc1NC(=O)c1ccc(C2CCN(CCC(=O)Nc3ccccc3F)CC2)cc1,45b8b3a240f2533d,2
,,,CCS(=O)(=O)c1ccc(Oc2cc3nc(-c4ccccn4)[nH]c3cc2CN2C(=O)CCC2=O)cc1,753d043315271f58,9
,,,Cc1ccc(NC(=O)c2cncs2)cc1-n1cnc2ccc(N3CCN(C)CC3)cc2c1=O,7be57ac61a074b0d,7
,,,CN(CCO)Cc1ccc(-c2cc(C(N)=O)c(NC(N)=O)s2)cc1,78457c64c0f46971,8
,,,CC(C)(C)NS(=O)(=O)c1cncc(-c2ccc3nc(NC(=O)NCC(=O)N4CCOCC4)nn3c2)c1,39d4a85ded28cbdd,2
,,,O=C(O)c1ccccc1Cn1nnc(-c2cccc(OCc3ccc4ccccc4n3)c2)n1,149810c9f38e747a,1
,,,O=C(Nc1ccc(Cl)c(Cl)c1)N1CCN(C[C@@H]2CCCN(C3CC3)C2)CC1,efe4e185431e7829,2
,,,Cc1ccc(NC(=O)C2CC2)cc1-n1cnc2ccc(N3CCN(C)CC3)cc2c1=O,14154162b71e70d7,5
,,,CCOC(=O)c1ccc(OCCC2CN(c3ccc(C)nn3)C2)cc1,a6322de4309f3cd6,3
,,,COCCS(=O)(=O)c1ccc(Nc2nccc(-c3cnc(C)n3C(C)C)n2)cc1,70bb9c75c9a0df8d,7
,,,O=C(c1ccc(F)cc1)C1CCN(C(=O)N2CCOCC2)CC1,094c8a91464be35a,6
,,,Cc1ccc(S(=O)(=O)Nc2c(C(=O)NC3CCCCC3)c(C)nn2-c2ccccc2)cc1,a6156bba5d8c0915,1
,,,Cn1sc(NCc2ccccc2)nc1=O,85eccba3510b061a,6
,,,O=C(c1ccc(F)cc1)C1CCN(C(=O)c2ccc(F)cc2)CC1,15b4b4026f9c2c0c,7
,,,OC1(C#Cc2ccc(-c3ccccc3)cc2)CN2CCC1CC2,618407698e757214,9
,,,CCOc1cc2nccc(Oc3cnc(CC(=O)Nc4n[nH]c(CC)c4C)c(OC)c3)c2cc1OC,ff83efb04dcf077a,3
,,,CCn1cc(NC(=O)Cc2ccc(Oc3ccnc4cc(F)ccc34)cc2OC)cn1,b397cbe74afc14cb,15
,,,CNS(=O)(=O)c1ccc(Nc2nccc(-c3cnc4cccnn34)n2)cc1,d49861f02f7335d0,18
,,,CS(=O)(=O)c1cccc(Nc2nccc(Nc3cccc4ncoc34)n2)c1,2f9c3a35c7ffc30f,2
,,,Cc1onc(CO)c1C(=O)Nc1nccs1,94cccd8c703cd61b,3
,,,NC1(c2ccc(-c3c(-c4ccccc4)ccc4ccnn34)cc2)CCC1,5d47570176bb6835,7
,,,CS(=O)(=O)C1(c2cc(N3CCOCC3)nc(-c3ccccc3)n2)CC1,2d82f84a2615bdf1,5
,,,O=C(N[C@H]1Cc2ccccc2N(C[C@@H](O)CO)C1=O)c1cc2cc(Cl)sc2[nH]1,1bd5809f2b9a4fcf,5
,,,COc1cc2ncnc(Nc3cc(NC(=O)c4cccc(N5CCOCC5)c4)ccc3C)c2cc1OC,289b7f1b935a4f46,1
,,,O=C(CCc1ccncc1)Nc1ccc(C(=O)c2ccccc2)cc1,32dfcd689331a8ad,13
,,,Cc1ccc(NC(=O)c2ccnc(N3CCOCC3)c2)cc1Nc1ccnc(OCC(C)(C)CN(C)C)n1,0a546a74efbe8976,5
,,,COc1ccc(S(=O)(=O)Nc2ccc(/C=C/C(=O)Nc3ccccc3N)cc2)cc1OC,a52de30cd6fded2b,8
,,,Cc1ccc(NC(=O)c2ccoc2)cc1-n1cnc2ccc(N3CCN(C)CC3)cc2c1=O,86af9fc769b838c1,6
,,,CCC(=O)N1CCN(C(=O)c2cc(Cc3n[nH]c(=O)c4ccccc34)ccc2F)CC1,fbb5483ed50f3cc0,4
,,,Cc1ccc2[nH]ccc2c1-c1nc(N2CCOCC2)cc(C2(S(C)(=O)=O)CC2)n1,cf9632accc82937d,5
,,,COc1cc2ncnc(Nc3cc4ccccc4cn3)c2cc1OC,58309e716746ad6b,2
,,,CN(C(=O)C1CCC1)C1CCN(CCC(c2ccccc2)c2ccccc2)CC1,9c8cd374c2731bf9,7
,,,CNC(=O)Nc1cc(-c2ccccc2)sc1C(N)=O,6246432e8e26a0a4,1
,,,N#Cc1c(-c2ccc(-c3ccccc3OC(F)(F)F)cc2)nc2ccncc2c1O,f9e225e24e02c5c3,11
,,,CN(C(=O)c1ccncc1)C1CCN(CCC(c2ccccc2)c2ccccc2)CC1,9475baba268bd65b,2
,,,Cc1ccc(N2CC(COc3ccc(-c4noc(C)n4)cc3)C2)nn1,d8106f4ebdbc8d27,18
,,,COc1ccc(C(=O)Nc2c(Cl)cncc2Cl)c2cccnc12,f333f6ddc483e38e,8
,,,Cc1ncc(-c2nc(Nc3ccc(C(=O)N(C)C)c(F)c3)ncc2F)n1C(C)C,2f06bc48cb699ef7,18
,,,COc1cc(C(=O)O)ccc1Cc1cn(C)c2ccc(NC(=O)CC3CCCC3)cc12,368f646afbbda114,19
,,,Cc1ccc(CO)cc1N(C)c1ccnc(Nc2cc(CN3CCOCC3)cc(N3CCOCC3)c2)n1,9688b23028ae4c75,2
,,,CCCSc1nc(N[C@@H]2C[C@H]2c2ccccc2)c2nnn([C@@H]3C[C@H](O)[C@@H](O)[C@H]3O)c2n1,4bd60568ee140339,3
,,,CC(C)N1CCO[C@@H](CN2CCN(C(=O)Nc3ccc(Cl)c(Cl)c3)CC2)C1,d0e332b20b6bce6d,2
,,,CC(=O)Nc1ccc2nc(-c3cccc(F)c3)cc(O)c2c1,f5994d925d7aacb8,8
,,,COc1cc2ncnc(Nc3ccc(F)c(Cl)c3)c2cc1OCCCN(C)C,77391455161f7996,6
,,,O=C1NC(=O)C(Cc2ccc3ccccc3c2)S1,f7d04795e82909f1,10
,,,Oc1ccc(-c2nc3ccc(O)cc3s2)cc1,300c1318c127e4fc,4
,,,CN(c1ccnc(Nc2cccc(S(C)(=O)=O)c2)n1)c1cccc2[nH]ncc12,2edc6040a450c35a,1
,,,Cc1ccc(-c2nn(C(C)C)c3ncnc(N)c23)cc1,b9e95732c7f079c9,4
,,,N#Cc1ccccc1Oc1ccc(C(=O)NCc2ccncc2)cc1,81977dd388aa8eeb,15
,,,O=C(CCN1CCCCC1)Nc1ccc(-c2cccn3c(=O)cc(N4CCOCC4)nc23)c2sc3ccccc3c12,7443ce04e42f7e68,2
,,,Cc1c(C(=O)Nc2ccccc2)sc2ncnc(O)c12,a80904155e5260ce,1
,,,C[C@H](CO)Nc1nc(SCc2cccc(F)c2F)nc2[nH]c(=O)c(=O)[nH]c12,0d295eb6736cc24a,10
,,,COc1cc2ncnc(Nc3ccc(F)c(Cl)c3)c2cc1OCCN1CCN(C)CC1,cdf48fe61bff4818,3
,,,Cc1ncc(-c2ccnc(Nc3ccc(F)cc3)n2)n1C(C)C,370bca56e79ee33b,8
,,,Cc1ccc(CO)cc1N(C)c1ccnc(Nc2cc(N3CCCOCC3)cc(N3CCOCC3)c2)n1,3b3e377835fbd516,3
,,,O=S(=O)(Nc1ccc(S(=O)(=O)Nc2nccs2)cc1)c1ccc2c(c1)OCCO2,10588b24eb38bdbe,10
,,,CCOC(=O)c1ccc(OCCC2(C#N)CCN(c3ccc(C)nn3)CC2)cc1,4d3584eaf8490bc1,10
,,,Cc1ccc(S(=O)(=O)Nc2c(C(=O)N[C@@H](C)C(C)(C)C)c(C)nn2-c2ccccc2)cc1,63bb248ff030a49d,3
,,,Cn1cnc2c(-c3ccc(C4(N)CCC4)cc3)c(-c3ccccc3)ccc21,148042289bf31a1a,9
,,,COc1cc(-c2cccc3c(=O)cc(N4CCOCC4)oc23)ccc1NC(=O)CN1CCOCC1,f938efb941f5161a,3
,,,O=C(CSc1ccccc1)N1CCN(C(=O)c2ccco2)CC1,e75513c4a1b35423,6
,,,CCc1[nH]nc(NC(=O)Cc2ncc(Oc3ccnc4cc(OC)c(OC)cc34)cc2OC)c1C,9d40fcd5368efc08,5
,,,COc1cc2ncnc(Nc3cccc(Cl)c3F)c2cc1CN1CCC[C@H]1C(N)=O,d8ef718eea539b15,2
,,,Clc1n[nH]c2cccc(Nc3ccnc(Nc4cc(N5CCOCC5)cc(N5CCOCC5)c4)n3)c12,d5821a22f7116a19,5
,,,COc1cc(N2CCN(C(C)=O)CC2)ccc1Nc1ncc(Cl)c(-c2cnc3cc(CO)ccn23)n1,61233f3d26cfe5f9,1
,,,Nc1nnc(CCSCCc2nnc(NC(=O)Cc3ccccc3)s2)s1,2acdc3ac2b4a883e,3
,,,Cn1cnc(-c2ccccc2)c1C#Cc1ccnc(N)n1,c3f38157a27535ee,1
,,,COc1cc(Nc2cc(Oc3cccnc3C)ccn2)cc(OC)c1OC,0855ba0b411cbb1c,11
,,,O=C(Nc1ccccc1)c1ccc(OCCCN2CCCC2)cc1OCc1cccc(F)c1,55e82183e6cb5f29,14
,,,Cc1ncc(-c2ccnc(Nc3ccc(S(=O)(=O)CCCN4CCOCC4)cc3)n2)n1C(C)C,f9e845fcd3d2579b,6
,,,Cc1ncc(-c2nc(Nc3ccc(C(N)=O)cc3)ncc2F)n1C(C)C,a303fb0ff0652884,14
,,,Cc1cc(CNc2ncc(Br)c(Nc3cc(C4CC4)[nH]n3)n2)on1,7149f59a7a50b2cd,5
,,,Nc1ncnc2sc(-c3c(-c4ccccc4)ncn3Cc3ccccc3N3CCOCC3)nc12,843940b340455af1,4
,,,Cc1nn(C2CCN(C)CC2)cc1-c1cnc(N)c(-c2nc3ccccc3o2)c1,ea7df8375ed5b0f7,3
,,,CC1(COc2cc(-c3cccc4c(=O)cc(N5CCOCC5)oc34)ccc2NC(=O)CN2CCOCC2)COC1,6a1011d31fb9a3f0,4
,,,c1cc(Nc2ccnc(Nc3cc(N4CCOCC4)cc(N4CCOCC4)c3)n2)c2cn[nH]c2c1,a83099fa95e72add,3
,,,COc1cc2ncnc(Nc3cccc(Cl)c3F)c2cc1CN1C[C@H](OC)C[C@@H]1C(N)=O,945f1fc80d47db38,1
,,,O=C(Nc1ccc(N2CCOCC2)cc1)c1nnc(Nc2ccccc2F)o1,732605b3d094ba21,4
,,,Cc1c(-c2ccc3c(c2)OCO3)c(=O)n(C[C@H](N)c2ccccc2)c(=O)n1Cc1c(F)cccc1F,dbecfb8eca72a215,19
,,,Cc1ccc(NC(=O)c2cccc(N(C)S(C)(=O)=O)c2)cc1NC(=O)c1ccc2ncccc2c1,7f02fa5759bea952,3
,,,CN1CCN(c2nc3ccccc3cc2Cn2nc(-c3ccc4nc(N)sc4c3)c3c(N)ncnc32)CC1,1ae229f22bf52fda,6
,,,Cc1nc(S(C)(=O)=O)ccc1Nc1ncnc(OC2CCN(C(=O)OC(C)C)CC2)c1C,3343ed147aca49d0,2
,,,COc1ccccc1Nc1cc(Oc2cc(C)c(C)nc2-c2ccccn2)ccn1,41375901455b25de,5
,,,Oc1c2ncc3ccccc3c2nn1-c1ccccc1,c0bddfaede5bd6d9,1
,,,Cc1ccc(S(=O)(=O)Nc2c(C(=O)N[C@@H](C)C(C)(C)C)c(C)nn2C(C)(C)C)cc1,e3f6bf4fbf7edcbb,3
,,,COc1cc(N2CCN(C(C)=O)CC2)ccc1Nc1ncc(C)c(-c2cnc3ccccn23)n1,25c001bbb88eb955,13
,,,CCn1c(-c2ccnc(Nc3ccc(C(=O)NC)cc3)n2)cnc1C,74ce8a906fbcb6a6,16
,,,COc1cc2ncnc(Nc3ccc(F)c(Cl)c3)c2cc1OC,b146633ec17ad53b,4
,,,CNC(=O)c1cc(-c2ccccc2)sc1NC(N)=O,e96621ae882425d2,2
,,,Cc1nc(-c2ccccc2)c(-c2ccc(CN3CCC(n4c(=O)[nH]c5ccccc54)CC3)cc2)[nH]c1=O,ddfefff0b720150b,3
,,,Cn1c(=O)c2nc(-c3cccnc3)[nH]c2n(C)c1=O,a7bf739906c1232f,4
,,,COc1cc(N2CCN(C(C)=O)CC2)ccc1Nc1ncc(Cl)c(-c2cnc3c(CO)cccn23)n1,a76d5b4367d945f0,5
,,,CN(c1cccc(CO)c1)c1ccnc(Nc2cc(N3CCOCC3)cc(N3CCOCC3)c2)n1,dedd309365028924,1
,,,COc1cc2ncnc(Nc3cccc(Cl)c3F)c2cc1OC1CCN(S(C)(=O)=O)CC1,1a5c21b118fad6fe,2
,,,CCn1c2ccccc2c2cc(NC(=O)CN(C)C)ccc21,66de30bae5f9d6d9,6
,,,COc1cccc(Nc2nnc(C(=O)Nc3ccc(N4CCOCC4)nc3)o2)c1,0aa07f292f740906,2
,,,O=C(NCCSCc1ccccc1)c1ccccc1,b66d1bbde7e1c078,11
,,,CN(C(=O)Cc1ccc(-n2cnnn2)cc1)C1CCN(Cc2ccc(C(F)(F)F)nc2)CC1,915e4785549f0f05,3
,,,Cc1ccc(CO)cc1N(C)c1ccnc(Nc2cc(N3CCCC3)cc(N3CCOCC3)c2)n1,b2bdf167e97fdf48,1
,,,CC(C)(C)NC(=O)Nc1ccc(-c2c(N)nc(N)nc2COCc2ccccc2)cc1,90ba9ea244ebc26e,16
,,,N#Cc1nc(N2CCCCC2)c(N)c(N2CCOCC2)n1,2784e6b3b4199f80,1
,,,Cn1cc(C(=O)NC[C@@H](O)CN2CCC(Oc3ccc(Cl)c(Cl)c3)CC2)c(C(F)(F)F)cc1=O,4c39684f4882293b,4
,,,Cc1onc(C(N)=O)c1C(=O)Nc1nccs1,f627580a66f78601,1
,,,COc1ccc2c(Oc3ccc(CC(=O)Nc4cn(C)nc4C)c(OC)c3)ccnc2c1,6a166691a5547720,10
,,,CCOc1cc(-c2cccc3c(=O)cc(N4CCOCC4)oc23)ccc1NC(=O)CN1CCOCC1,7a25a2d3d438579a,1
,,,CCN(C(=O)Cc1ccc(S(N)(=O)=O)cc1)C1CCN(CCC(c2ccccc2)c2ccccc2)CC1,868f46d118f616c2,5
,,,CN(C(=O)Cc1ccc(-n2cnnn2)cc1)C1CCN(Cc2nc3cc(F)ccc3s2)CC1,045b95bf34424aaa,2
,,,CN(C(=O)Cc1ccc(Cl)cc1)C1CCN(CCC(c2ccccc2)c2ccccc2)CC1,87ee42d63bf7fbe6,6
,,,CCC(CC)CNC(=O)c1ccc2c(c1)c(Cc1ccc(C(=O)NS(=O)(=O)c3ccccc3C)cc1OC)cn2C,bac57de7f01e9db0,4
,,,CS(=O)(=O)n1c2ccccc2c2cc(NC(=O)CCc3ccncc3)ccc21,dd21feadbca0e9a1,18
,,,COc1cc(OC2CCNCC2)ccc1Nc1ncc(Cl)c(-c2cnc3ccccn23)n1,b681aaf1a660e51b,2
,,,CCCc1c(O)c(O)c(C(=O)O)c2cc(Cc3ccccc3)c(C)cc12,68eb1ea9bfad5fa4,11
,,,Cc1cc(Nc2ccnc(NCc3cc(C4CC4)no3)n2)n[nH]1,7e3cb0f2a6e40cdf,6
,,,Cc1ccc(NC(=O)c2ccc(C#N)cc2)cc1-n1cnc2ccc(N3CCN(C)CC3)cc2c1=O,c5bf5507cc905398,6
,,,CC(C)Cn1c(=O)n(C)c(=O)c2c(C(=O)N3CC[C@@H](O)C3)c(Cc3ccnc4ccc(F)cc34)sc21,5a0fdacd6eca3dad,3
,,,COc1ccc(OC)c(CNc2[nH]nc3cccc(Oc4ccc(S(C)(=O)=O)cc4)c23)c1,5a2f0689113517dc,4
,,,COc1cc(OC2CCN(C)CC2)c2c(Nc3cccc4c3OCO4)ncnc2c1,13f41bda9fa33af7,1
,,,Cc1sc2ncnc(SCC(=O)N3CCCC3)c2c1C,93a8d0adc00bc6b2,10
,,,O=c1cc(-c2ccco2)[nH]c2ccccc12,781742cf7ee80c90,2
,,,CN(C)C(=O)[C@H](Cc1ccccc1)NC(=O)c1cc2ccsc2[nH]1,3a5632eb66158b45,4
,,,CN(C(=O)Cc1ccc(-n2cnnn2)cc1)[C@@H]1CCN(Cc2ccc(C(F)(F)F)cc2)C[C@@H]1F,e14af202bd8fccaa,7
,,,CC(=O)N1CCN(c2ccc(Nc3nccc(-c4cnc(C)n4C(C)C)n3)cc2)CC1,875dcd259d7c5116,11
,,,COc1ccc(-c2cc3c(N[C@H]4CCCNC4)ncc(C(N)=O)c3s2)cc1,f83298a2ebf86131,3
,,,CC(C)COc1cc(OC(C)C)cc(C(=O)Nc2ccc(C(=O)O)cn2)c1,8e0a9c5ae4659a48,5
,,,CC(=O)c1ccc2[nH]c(-c3cccnc3)cc(=O)c2c1,cefd68794e600579,6
,,,CNC(=O)c1ccc(Nc2nccc(-c3cnc(C4CC4)n3C(C)C)n2)cc1,0e57e8afb21eaffc,17
,,,CS(=O)(=O)c1ccc(C(=O)Nc2ccc(F)cc2)c[n+]1[O-],652380204d8d1871,6
,,,Nc1ccccc1NC(=O)c1ccc(-c2ncc(CN3CCCCC3)s2)cc1,62d200a04fd75ceb,5
,,,O=C(Nc1ncc(F)s1)[C@H](CC1CCOCC1)c1ccc(S(=O)(=O)C2CC2)cc1,fc22552263a8d8bf,5
,,,O=C(Nc1ccc(N2CCOCC2)nc1)c1nnc(Nc2cccc(F)c2)o1,84562162bce747f0,5
,,,COc1ccc(CC(=O)N(C)C2CCN(CCC(c3ccccc3)c3ccccc3)CC2)cc1OC,adf674d390f795f4,2
,,,COCCOc1ccc(-c2cc(C(N)=O)c(NC(N)=O)s2)cc1,3b0d90b46231baad,8
,,,Cc1cc(CCC2CCN(S(=O)(=O)CC3(N(O)C=O)CCOCC3)CC2)c(C)cn1,3d09c8a5cb9d045a,1
,,,c1ccc(Nc2cc(Nc3ccccc3)[nH]n2)cc1,2af7c149943dc04d,8
,,,O=C(c1cc(Cc2n[nH]c(=O)c3ccccc23)ccc1F)N1CCN(C(=O)C2CCOC2)CC1,09ae7cf82d7382b0,11
,,,Cc1ccc(NC(=O)c2cccc(N3CCOCC3)c2)cc1-n1cnc2ccc(N3CCN(C)CC3)cc2c1=O,2c39e3ceeef7d6fa,10
,,,CC(=O)Nc1ccc(CNc2[nH]nc3cccc(Oc4ccc(S(C)(=O)=O)cc4)c23)cc1,c10bc150c404a41f,11
,,,Cc1nc2nc(-c3cccnc3)nn2c(O)c1Cc1ccccc1,b4edc4b8d5a66069,4
,,,CN(C)CCCN(C)S(=O)(=O)c1ccc(Nc2nccc(-c3cnc4ccccn34)n2)cc1,763510d9153e2e0a,11
,,,Nc1ncc(-c2cnn(C3CCN(C(=O)CO)CC3)c2)cc1-c1nc2ccccc2o1,c5a587f5801f8104,2
,,,CCN(C(=O)Cc1ccc(S(C)(=O)=O)cc1)C1CCN(CC[C@@H](c2ccc(F)cc2)c2ccc(S(C)(=O)=O)cc2)CC1,7fc5c0c53410e8f5,1
,,,COCC(=O)N1CCC(n2cc(-c3cnc(N)c(-c4nc5ccccc5o4)c3)cn2)CC1,844594a96c5e8465,6
,,,O=C(COc1ccccc1O)NC1CCCC1,9df2a99ee72e8cb6,2
,,,CCCSc1nc(N[C@@H]2C[C@H]2c2ccccc2)c2nnn([C@@H]3C[C@H](CO)[C@@H](O)[C@H]3O)c2n1,a6bf9a8db2c10761,5
,,,Cc1nc(-c2ccc(CN3CCC(N(C)C(=O)Cc4ccc(-n5cnnn5)cc4)CC3)cc2)no1,2eea62f63b74778f,6
,,,C[C@H](CO)Nc1nc(SCc2cccc(F)c2F)nc2nc(N)sc12,21e31846da4a4944,11
,,,Cc1c(-c2ccccc2F)c(=O)n(C[C@H](N)c2ccccc2)c(=O)n1Cc1c(F)cccc1F,b181918e8d82334c,16
,,,C[C@@H]1CN(c2nc(N3CCOCC3)c3ccc(Nc4ccccc4)nc3n2)C[C@H](C)O1,2e70cbdcdbc8ca76,2
,,,O=C(O)c1cc2cc([N+](=O)[O-])ccc2n1Cc1ccc(Cl)c(Cl)c1,1804975cb615849e,7
,,,O=C(NC[C@@H](O)CN1CCC(Oc2ccc(Cl)c(Cl)c2)CC1)c1cc(=O)[nH]c2ccccc12,18b89121990587ac,3
,,,Cc1ccc(C(=O)Nc2nccs2)cc1-n1cnc2ccc(N3CCN(C)CC3)cc2c1=O,007f4ecdac0776d5,1
,,,Cc1ncc(-c2nc(Nc3ccc(C(N)=O)c(F)c3)ncc2F)n1C(C)C,82f19a3049ccf395,8
,,,CNC(=O)c1ccc2c(=O)cc(-c3cccnc3)[nH]c2c1,d3cf1cfef7d1483c,14
,,,CS(=O)(=O)c1cccc(Nc2nccc(Nc3cccc4[nH]ncc34)n2)c1,91e22d5667cb1b5b,5
,,,COc1cc(-c2nc(N3CCOCC3)cc(C3(S(C)(=O)=O)CC3)n2)c2cc[nH]c2c1,b9cc2a16956eb54d,7
,,,O=C(CN1C(=O)C(NC(=O)c2cc3cc(Cl)sc3[nH]2)Cc2ccccc21)NC(CO)CO,d37355c0b0e79767,2
,,,CC(NC(=O)C1(N)CCN(c2ncnc3[nH]ccc23)CC1)c1ccc(S(C)(=O)=O)cc1,280d259df38c15dd,3
,,,COc1cc(N2CCNCC2)ccc1Nc1ncc(Cl)c(-c2cnc3ccccn23)n1,7a3d475a07b71406,7
,,,Cc1ccc(NC(=O)N2CCN(C[C@@H]3CCCN(C4CC4)C3)CC2)cc1Cl,5925aa18f47f5e20,3
,,,CCCSc1nc2ccc(NC(=O)CCNC(N)=O)cc2s1,c6a2404b015db571,14
,,,FC(F)(F)c1nnc2ccc(NCn3nnc4ccccc43)nn12,29d92099dae222ac,2
,,,O=C(Nc1ccc(N2CCOCC2)cc1)c1nnc(Nc2ccccc2)o1,64a56b566d1c6670,3
,,,CN(C(=O)NCc1ccccc1)C1CCN(CCC(c2ccccc2)c2ccccc2)CC1,74ea9c6fe90c2bb1,4
,,,CC(C)Cn1c(=O)n(C)c(=O)c2cn(Cc3cccc4ccccc34)cc21,0a5095d55e1d191e,19
,,,CNc1ncnc2c(CNc3cc(NC(=O)c4ccc5c(c4)OCCO5)ccc3C)cccc12,138622aa658fe1c0,3
,,,Cc1cc2n[nH]c(=O)n2c2ccccc12,aa05e74bc2214995,1
,,,NC1(c2ccc(-c3nn4ccccc4c3-c3ccccc3)cc2)CCC1,8560ad65885e80fe,9
,,,Cc1ncc(-c2nc(Nc3ccc(C(=O)N(C)C)cc3)ncc2F)n1C(C)C,f7cf5c29f11d9d27,14
,,,Nc1ncnc2sc(-c3c(-c4ccccc4)ncn3C[C@H]3CCCO3)nc12,40c532705216bf13,17
,,,COc1ccc(Nc2cc(Nc3ccc(OCC(O)CN(C)C)cc3)ncn2)cc1,e2c5c88d93c2097e,8
,,,CCCc1cc(Nc2nc(NCc3cc(C)no3)ncc2Br)n[nH]1,6705a5f80dbde7c8,8
,,,CNC(=O)c1ccc(Nc2nccc(-c3cnc(C)n3C(C)C)n2)cc1F,70ba7df9ed3b3f09,10
,,,C[C@H](CO)Nc1nc(SCc2cccc(F)c2F)nc2[nH]c(=O)cnc12,66c04a0fd500dc35,9
,,,CNC(=O)[C@H]1CCCN1Cc1cc2c(Nc3cccc(Cl)c3F)ncnc2cc1OC,c6f9a8bbe652abbc,3
,,,CSc1ncccc1C(=O)Nc1nccs1,5a8d295ff59ec8c3,2
,,,O=C(Nc1nccs1)[C@H](CC1CCOCC1)c1ccc(S(=O)(=O)C2CC2)cc1,786924dbf103b67b,5
,,,CCN(CC)CC(=O)Nc1c(C#N)cnn1-c1ccccc1,2fe8b820b597bcce,3
,,,Cc1cc(N)nc(CCNC(=O)c2ccc(C#N)cc2)c1,ee935d95443a6849,7
,,,CN1CCC(n2cc(-c3cnc(N)c(-c4nc5ccc(F)cc5o4)c3)cn2)CC1,a29d1907ef042268,2
,,,C[C@H](CO)Nc1nc(SCc2ccccc2)nc2[nH]c(=O)sc12,94a0c454f2ce7d9d,11
,,,Cc1c(CCC(=O)O)c[nH]c1/C=C1\C(=O)Nc2ccccc21,4820cb2ee20c2470,7
,,,COCCOc1cc(Nc2nccc(N(C)c3cc(CO)ccc3C)n2)cc(N2CCOCC2)c1,33e916dbd5236175,1
,,,CCn1c(-c2nonc2N)nc2c(C#CC(C)(C)O)ncc(OCC3CCCNC3)c21,a0ca7efe53903af4,6
,,,Cc1ccc(C(=O)Nc2ccon2)cc1-n1cnc2ccc(N3CCN(C)CC3)cc2c1=O,2fc629a92ad89c8e,4
,,,COc1cccc(N(C)c2ccnc(Nc3cc(N4CCOCC4)cc(N4CCOCC4)c3)n2)n1,5d6cd7201be9653d,6
,,,CN(C)C(=O)[C@H](Cc1ccccc1)NC(=O)c1cc2cc(F)ccc2[nH]1,9a52a6d03928a33b,3
,,,COc1cc(Nc2nccc(N(C)c3cc(CO)ccc3C)n2)cc(N2CCOCC2)c1,8a1a1c98c422fcbf,3
,,,CN(C(=O)Cc1ccc(S(N)(=O)=O)cc1)C1CCN(CCC(c2ccccc2)c2ccccc2)CC1,bd2de99dc680404e,9
,,,Nc1nc(Cl)nc(NCc2ccccc2)n1,bd06e8f9b30f98f3,6
,,,CNC(=O)c1ccc(CC(=O)N(C)C2CCN(Cc3ccc(C(F)(F)F)cc3)CC2)cc1,b5b2d193b084e369,2
,,,N=C(N)c1cc2c(/C=C/c3ccc4c(c3)OCO4)cccc2s1,725e4baf2d69c7cf,13
,,,Nc1ncc(-c2cnn(C3CCNCC3)c2)cc1-c1nc2ccccc2o1,c5d3109b6b0c6e9c,3
,,,Cc1cc2c(C)cc(=O)oc2c2c1NCCC2,ea3fcda6cf490760,2
,,,COc1cc(N2CCN(CCO)CC2)ccc1Nc1ncc(Cl)c(-c2cnc3ccccn23)n1,6950f68298564df6,1
,,,CCN(C(=O)Cc1ccc(S(C)(=O)=O)cc1)C1CCN(CC[C@H](c2ccc(S(C)(=O)=O)cc2)c2cc(F)cc(Cl)c2)CC1,e7cbebbaf4d96793,1
,,,Cc1ccc(Oc2ccc(Nc3ncnc4cccc(O[C@H](C)C(=O)N5CCOCC5)c34)cc2C)cn1,bbd04540473ce24f,2
,,,FC(F)(F)c1nnc2ccc(N3CCCCCC3)nn12,413917b034032e6b,8
,,,O=C(Nc1ccccc1-c1ccccc1)OC1CCN(CCCCCCCCCNC[C@H](O)c2ccc(O)c3[nH]c(=O)ccc23)CC1,f518751633dca791,1
,,,COc1cc(C(CO)CO)ccc1Nc1ncc(Cl)c(-c2cnc3ccccn23)n1,46d121f67c55ef99,7
,,,Cc1nn(-c2ccccc2)c(NS(=O)(=O)C2CCCCC2)c1C(=O)N[C@@H](C)C(C)(C)C,018b7b55669d3482,4
,,,COc1cc(C(=O)NS(=O)(=O)c2ccccc2C)ccc1Cc1cn(C)c2ccc(C(=O)NCCc3ccccc3)cc12,72df0faa420b60c5,6
,,,COc1cc2c(Nc3cc(CC(=O)Nc4cccc(F)c4F)[nH]n3)ncnc2cc1OCCCN1CCC[C@@H]1CO,9b9ecaea941f15c0,4
,,,COc1cc2ncc(C(N)=O)c(Nc3cccc(Cl)c3)c2cc1OC,8782aa0cefb769b0,6
,,,CN1CCN([C@H]2C[C@@H](c3nc(-c4ccc5ccc(-c6ccccc6)nc5c4)c4c(N)nccn43)C2)CC1,8c6969a5e20679dc,6
,,,CC[C@@H](Nc1c(Nc2cccc(C(=O)N(C)C)c2O)c(=O)c1=O)c1ccccc1,b4cbd49d72f98c03,3
,,,NC(=O)Nc1cc(-c2ccccc2)sc1C(N)=O,822099c5d6916911,2
,,,Cc1ccc(NC(=O)c2cccnc2)cc1-n1cnc2ccc(N3CCN(C)CC3)cc2c1=O,079768f00b20b733,7
,,,CNC(=O)c1ccc(Nc2nccc(-c3cnc(C)n3C(C)C)n2)cc1,ffe9e8d4980820c9,17
,,,COc1cc(Nc2ncnc3cccc(O[C@H](C)C(=O)N4CCOCC4)c23)ccc1Oc1ccc(C)nc1,12ec9291a5d86ee4,5
,,,COc1cc2ncnc(Nc3cccc(Cl)c3F)c2cc1CN1CCC[C@@H]1C(N)=O,436046cfd927c910,1
,,,CC(C)Cn1c(=O)n(C)c(=O)c2c(C(=O)N3CCC3)c(Cc3ccccc3C(F)(F)F)sc21,74fe2332a0e5704c,13
,,,COc1cc(N2CCN(C(C)=O)CC2)ccc1Nc1ncc(Cl)c(-c2cnc3c(F)cccn23)n1,12ba1f47a662b9ac,11
,,,CC(O)(C(=O)Nc1ccc2c(c1)-c1ccccc1S2(=O)=O)C(F)(F)F,45835b611f0ee5ce,6
,,,Cc1cc(CNc2nccc(Nc3cc(C)[nH]n3)n2)on1,7a7631a6e637f404,6
,,,CC(C)Cn1c(=O)n(C)c(=O)c2c(C(=O)N3CC[C@@H](O)C3)c(Cc3ccccc3C(F)(F)F)sc21,8f3b02bb36b07834,2
,,,O=C(CN1CCOCC1)Nc1ccc(-c2cccc3c(=O)cc(N4CCOCC4)oc23)cc1OCC1CC1,59cd9588e947fcbf,2
,,,COc1cc(C(=O)NS(=O)(=O)c2ccccc2)ccc1Cn1ccc2ccc(NC(=O)OC3CCCC3)cc21,0255fff62c293636,4
,,,COC(=O)COc1ccc(C(=O)Nc2ccc(F)cc2)cn1,e3a05862debc9f47,14
,,,COc1ccc(-c2ccc3c(N4CCOC[C@@H]4C)nc(-n4ccnc4)nc3n2)cc1CO,69b98b6026bc60df,5
,,,CS(=O)(=O)C1(c2cc(N3CCOCC3)nc(-c3cccc(N)c3)n2)CC1,7f3d12e9be6d60e6,6
,,,CC(C)c1nc2ccc(-c3ccc(F)cc3)cc2c(=O)n1C[C@H]1CCCN(C(C)C)C1,f8273f4f4d3e3a1e,4
,,,COc1cc2ncnc(Nc3cccc(Cl)c3F)c2cc1CN1CCC[C@H]1CC(N)=O,9cba90aabdf3e6b5,5
,,,Nc1ccccc1NC(=O)c1ccc(C2CCN(Cc3ccccc3)CC2)cc1,1526f358733c7624,4
,,,CN(C(=O)Cc1ccc(-n2cnnn2)cc1)C1CCN(Cc2ccc(C(F)(F)F)cn2)CC1,f5de2a0044e77d79,7
,,,Oc1cc(-c2ccccc2)nc2ccnn12,6a3cb08d3d38da5d,2
,,,O=C(CSc1ccncc1)Nc1ccc(C(=O)c2ccccc2)cc1,3a119420e3788747,8
,,,O=C(CO)N1CCC[C@H]1COc1cccc2ncnc(Nc3ccc(OCc4ccccn4)c(Cl)c3)c12,544f4045c5203a5b,1
,,,CS(=O)(=O)c1cccc(Nc2nccc(Nc3cccc4c3OCO4)n2)c1,5b232abd65c3662a,15
,,,Cc1ccn2c(NC(=O)c3ccccc3)c(-c3cccs3)nc2c1,3045173da2dac7ba,6
,,,Cc1c(Oc2ccc(S(C)(=O)=O)cc2F)ncnc1OC1CCN(C(=O)OC(C)C)CC1,b3674920cc9518ef,6
,,,Cc1cnc(NS(=O)(=O)c2ccccc2)c(C)n1,80058c9b74279822,6
,,,Cc1ncc(-c2ccnc(Nc3ccc(C(=O)NC4CCN(C)CC4)cc3)n2)n1C(C)C,1c3053541cddfb37,7
,,,COC1CCN(C(=O)C2CCN(CCc3c(-c4cc(C)cc(C)c4)[nH]c4sc(C(C)(C)C(=O)N5C6CCC5CC6)cc34)CC2)CC1,cf997212082dedc0,2
,,,O=C(NO)c1ccc(NS(=O)(=O)c2ccccc2)cc1,ec4e611b54bc3531,13
,,,O=C(c1scc2c1CCCC2)N1CCCCC1,32273b18a660787b,5
,,,CCN1C(=O)N(C)c2cnc(Nc3ccc(C(=O)NC4CCN(C)CC4)cc3OC)nc2N1C1CCCC1,cb7e931349e5b358,8
,,,CN(C(=O)Cc1ccc(S(C)(=O)=O)cc1)[C@@H]1CCN(Cc2nc3ccccc3s2)C[C@@H]1F,3e2fbc22a8be97c6,3
,,,NS(=O)(=O)c1cccc(Nc2nccc(Nc3cccc4[nH]ncc34)n2)c1,ad61fe97d94bf918,1
,,,O=C(NCc1ccncc1)c1ccc(Oc2ccc(C#CC3(O)CN4CCC3CC4)cc2)cc1,6204a3124c8ba33e,21
,,,COc1cc2c(NC(=O)Nc3c(Cl)cccc3Cl)ncnc2cc1OCC1CCN(C)CC1,155faa731dbd35bc,7
,,,COc1cc2ncc(C(N)=O)c(Nc3ccccc3F)c2cc1OC,ba7ccff37c9710d1,5
,,,O=C(Cc1cc(Nc2ncnc3cc(OCCCN4CCC[C@@H]4CO)ccc23)n[nH]1)Nc1cccc(F)c1F,fc6cbdd1de05c489,1
,,,COc1cc2ncc(C(N)=O)c(Nc3ccc(C)cc3F)c2cc1OC,f35ae483f4e369fd,4
,,,CN(CCOc1ccccc1-c1cc(C(N)=O)c(NC(N)=O)s1)Cc1ccccc1,bd8174360422b2be,4
,,,CC(C)(C)Cn1c(CN2C(=O)CC3(CCNCC3)C2=O)cc2cnc(C#N)nc21,da9e8de230aed2c2,9
,,,COc1ccc(CNC(=O)c2ccc(Oc3ccc(C#C[C@]4(O)CN5CCC4CC5)cc3)cc2)nc1,92d66aac76262f42,22
,,,CNc1cccc(CCOc2ccc(C[C@H](NC(=O)c3ccccc3Cl)C(=O)O)cc2)n1,59491ae6e7d13515,5
,,,Nc1cccc(NC(=O)c2ccc(CNC(=O)OCc3cccnc3)cc2)c1,7cf131bd12f7bd16,6
,,,CCn1cnc(-c2ccccc2)c1-c1nc2c(N)ncnc2s1,8c7019ee8f6a97fc,7
,,,O=C(Nc1ccc(N2CCOCC2)c(F)c1)c1nnc(Nc2ccccc2F)o1,4fe4076be9df2530,5
,,,C[C@@H](Oc1cccc2ncnc(Nc3ccc4c(cnn4Cc4ccccn4)c3)c12)C(=O)N1CCOCC1,75c8146141920044,4
,,,Cc1ccc(NC(=O)c2ccccc2F)cc1-n1cnc2ccc(N3CCN(C)CC3)cc2c1=O,40d1045e338947a4,7
,,,COc1cc2ncnc(Nc3cccc(Cl)c3F)c2cc1CN(C)[C@H](C)C(N)=O,84d93b2d1422f956,5
,,,CC(=O)N1CCN(c2ccc(Nc3nccc(-c4cnc5ccccn45)n3)cc2)CC1,2dc83faee238569b,12
,,,CN(C)C(=O)[C@H](Cc1ccccc1)NC(=O)c1cc2ccccc2[nH]1,86118b5f20cbe397,3
,,,Oc1ncnc2onc(-c3ccc(F)cc3)c12,0e29bc3dda49ffb4,2
,,,Cc1ccc(Oc2ccnc(Nc3ccc(S(N)(=O)=O)cc3)c2)c(C)n1,a27e41bcef77c618,16
,,,C[C@H](NC1=NC(=O)[C@](C)(C(F)(F)F)S1)c1ccccc1F,669d8efa546c0ae7,5
,,,O=C(Nc1ccccc1)c1ccc(OCCCN2CCCC2)cc1OCc1ccccc1F,3bf394a8a16837a3,12
,,,CCn1c(=O)ccc2cnc(Nc3ccc(OC)c(OC)c3)nc21,d024c2ba75595bf1,15
,,,O=C(NC1Cc2ccccc2N(CCCO)C1=O)c1cc2cc(Cl)sc2[nH]1,30ac8d93b8548661,1
,,,CCn1c2ccccc2c2cc(NC(C)=O)ccc21,07636494ed9e4fb3,4
,,,COc1cc(N2CCN(C(C)=O)CC2)ccc1Nc1ncc(Cl)c(-c2cnc3ccccn23)n1,9cd543843c515bb7,11
,,,CN/C(=C/[N+](=O)[O-])NCCSCc1ccc(CN(C)C)o1,ee4649185d3df25a,6
,,,CCn1c2ccccc2c2cc(NC(=O)N3CCOCC3)ccc21,6254ed2c5dd0b009,6
,,,CC(C)Oc1cc(-c2cccc3c(=O)cc(N4CCOCC4)oc23)ccc1NC(=O)CN1CCOCC1,e89db44db0a62ceb,4
,,,CCc1cc(OCc2ccc(-c3ccccc3-c3nn[nH]n3)cc2)c2c(n1)CCCC2,c71abe5f3eeaa759,1
,,,CO[C@@H]1CN(Cc2ccc(C(F)(F)F)cc2)CC[C@@H]1N(C)C(=O)Cc1ccc(-n2cnnn2)cc1,149c11dbb719efd2,10
,,,O=C(O)C[C@H]1CC[C@H](c2ccc(NC(=O)c3nnc(Nc4ccccc4F)o3)cc2)CC1,2b5c856cbf72d1a4,2
,,,C[C@H](CO)Nc1nc(SCc2cccc(F)c2F)nc2nc(NS(C)(=O)=O)sc12,8d15e1a364222141,2
,,,Oc1cc(OCc2ccccc2)ccn1,8f2233198e8ed951,5
,,,CCN(C(=O)Cc1ccc(S(C)(=O)=O)cc1)C1CCN(CC[C@@H](c2ccccc2)c2ccc(S(C)(=O)=O)cc2)CC1,b96773fc695d8223,1
,,,CS(=O)(=O)c1ccc(Oc2ccc(C#C[C@]3(O)CN4CCC3CC4)cc2)cc1,fcac584c53f7e420,16
,,,Cn1c(=O)n(Cc2ccc(C(=O)O)cc2)c(=O)c2cc(C#CCc3ccccc3)ccc21,556e7c47410db17a,5
,,,Cc1cc(CNc2ncc(Br)c(Nc3cc(C)[nH]n3)n2)on1,554835dcf6d476ee,4
,,,CCOc1ccc2oc(C(=O)NC(CCSC)c3nc4cnccc4[nH]3)c(C)c2c1,d77dd22416c76d81,9
,,,COc1cc2c(Nc3ccc(Br)cc3F)ncnc2cc1OC[C@@H]1CCCN(C)C1,c713cb42abafc58b,2
,,,CS(=O)(=O)c1cccc(Nc2nccc(Nc3cccc4ccoc34)n2)c1,509ac61110609d72,15
,,,CCN(C(=O)Cc1ccc(S(C)(=O)=O)cc1)C1CCN(CCC(c2ccccc2)c2ccc(NC(=O)Cc3ccccc3)cc2)CC1,88441d87f0f52989,1
,,,CC(C)Cn1c(=O)n(C)c(=O)c2c(C(=O)N(C)C)c(Cc3ccccc3C(F)(F)F)sc21,dcd57d876bae4ca7,7
,,,COc1ccc(-c2csc(NC(=O)c3c(C)noc3C)n2)cc1OC,4004cf57942f205c,6
,,,Cc1ccc(CO)cc1N(C)c1ccnc(Nc2cc(N3CCOCC3)nc(N3CCOCC3)c2)n1,e9416556c4edf0e5,2
,,,COc1cc2c(Nc3ccc(Cl)cc3F)ncnc2cc1OC[C@@H]1CCCN(C)C1,19d37f7a3c07a58d,2
,,,CC(C)Oc1cc(OCCc2ccsc2)cc(C(=O)Nc2ccc(C(=O)O)cn2)c1,663db0bf37021657,10
,,,Cn1cc(C2=C(c3cccc(NCC(O)CO)c3)C(=O)NC2=O)c2cc(F)ccc21,b93250dcc20cb929,6
,,,Cc1ccc(C(=O)N2CCC(C(=O)c3ccc(F)cc3)CC2)cc1,690c4cb6cd798685,4
,,,O=C(c1ccc(F)cc1)C1CCN(C(=O)c2ccc(F)cc2Cl)CC1,76e9cc0b6c8a268a,7
,,,Cn1c(-c2ccccc2C(F)(F)F)nnc1C12CCC(c3noc(-c4ccc(F)cc4)n3)(CC1)CC2,65a5829ac61f2f75,12
,,,COc1cccc(C(=O)N2CCC(C(=O)c3ccc(F)cc3)CC2)c1,ae7d3d833f06de1f,8
,,,Cc1cc(F)ccc1CCC1CCN(S(=O)(=O)CC2(N(O)C=O)CCOCC2)CC1,00527c1e45daf4cc,2
,,,O=C(c1ccc(F)cc1)C1CCN(C(=O)c2ccccc2Cl)CC1,c176fccb9ec7649b,3
,,,O=C(Nc1ccccc1)c1ccc2cccc(O)c2n1,737cc8ce959e01c4,1
,,,O=C(c1ccc(F)cc1)C1CCN(C(=O)c2ccc(OC(F)(F)F)cc2)CC1,097667887a64c5c9,10
,,,O=C(c1ccc(F)cc1)C1CCN(C(=O)c2cccc(OC(F)(F)F)c2)CC1,a9d81cc90cbfbbfe,6
,,,CCN(C(=O)Cc1ccc(S(C)(=O)=O)cc1)C1CCN(CCC(c2ccccc2)c2ccc(C)cc2)CC1,a8fa7a0440217d33,5
,,,N#Cc1ccccc1C(=O)N1CCC(C(=O)c2ccc(F)cc2)CC1,2c249840785dc799,6
,,,N#Cc1ccc2[nH]c(-c3ccc(F)cc3)c(CCCC(=O)NS(=O)(=O)C(F)(F)F)c2c1,fda7ea9caaae47e0,2
,,,Cc1ccc2c(N)c(C(N)=O)sc2n1,45a11ba1f534e0bc,1
,,,Cc1ccc(NC(=O)c2cccc(N3CCOCC3)c2)cc1NC(=O)c1ccc(OCc2cscn2)cc1,e69f79ce8cd25f40,3
,,,CN(C(=O)Cc1ccc(F)cc1)C1CCN(CCC(c2ccccc2)c2ccccc2)CC1,8df1f32c49952ba1,8
,,,O=C(c1ccc(F)cc1)C1CCN(C(=O)c2ccc(Cl)c(C(F)(F)F)c2)CC1,f1bef7d4d661adc8,6
,,,O=C(c1ccc(F)cc1)C1CCN(C(=O)c2cc(F)cc(F)c2)CC1,3a6574e2512ab297,6
,,,Fc1cnc(Nc2ccccc2)nc1Nc1ccccc1,5ea957a101adccb2,3
,,,Cc1ccc(CO)cc1N(c1ccnc(Nc2cc(N3CCOCC3)cc(S(C)(=O)=O)c2)n1)C(C)C,4a4e45fa69d27ca7,1
,,,COc1cccc(C(=O)NCCN2CCC(Oc3ccc(Cl)c(Cl)c3)CC2)c1,624d62294ebe5ad8,5
,,,O=C(c1ccc(F)cc1)C1CCN(C(=O)c2ccc(F)c(F)c2)CC1,34980dcd6f68ad0d,7
,,,C[C@@H](c1ccc(-c2ccc(F)cc2F)cc1)N1CC[C@@](CCO)(c2ccc(F)cc2)OC1=O,a1dc041283995ea2,8
,,,CCO/N=C/c1ccc(OCCC2CCN(c3ccc(C)nn3)CC2)cc1,fa36562ffcd44b65,6
,,,CSc1nccc(Nc2cc(NC(=O)c3cc(F)cc(N4CCOCC4)c3)ccc2C)n1,9269d41774e8c1b8,4
,,,O=C(c1ccc(F)cc1)C1CCN(C(=O)c2ccccc2OC(F)(F)F)CC1,4e0fcd6085306272,8
,,,O=C(c1ccc(F)cc1)C1CCN(C(=O)c2ccccc2)CC1,56a2c0ff9f8d0188,6
,,,C[C@@H](c1ccc(-c2ccc(F)cc2F)cc1)N1CC[C@](CCO)(c2ccc(F)cc2)OC1=O,867efe60e119ab7a,2
,,,N#Cc1ccc(C(=O)N2CCC(C(=O)c3ccc(F)cc3)CC2)cc1,65ca9d06512e3608,5
,,,Oc1ncnc2c1c(-c1ccccc1)cn2-c1ccc(Br)cc1,ed04426e9d6567d6,4
,,,O=C(c1ccc(F)cc1)C1CCN(C(=O)c2ccc(Cl)c(Cl)c2)CC1,18f680508048a15a,3
,,,O=C(c1ccc(F)cc1)C1CCN(C(=O)c2ccccc2F)CC1,185d4d0055307ed9,6
,,,CS(=O)(=O)NC[C@H]1CC[C@H](Nc2nc3c(s2)CCSc2ccccc2-3)CC1,001d0b0adc88b036,5
,,,CC1CCN([C@H](c2ccc(F)cc2)c2ccc([C@@H](C)C(=O)O)cc2-c2ccc(C(F)(F)F)cc2)CC1,1b201cbeebbcd11e,4
,,,CCN(CC)C(=O)c1ccc(C2=CC3(CCNCC3)Oc3cccc(O)c32)cc1,8ea3683208122a90,6
