Molecule Name,DTXSID,CASRN,SMILES,id,nconf
,,,Brc1cccc(C2=CC=C(c3cccc(Br)c3)[Si]23c2ccccc2-c2ccccc23)c1,e6ebf3d9d56aa60f,7
,,,C(#Cc1ccc(-n2ccc3cccnc32)cc1)c1ccc(N(c2ccccn2)c2ccccn2)cc1,b27c48a758360f22,12
,,,C(=C(/c1ccc(-c2cccc3ccccc23)cc1)c1cccc(-c2cccc3ccccc23)c1)\c1ccc(-c2cccc3ccccc23)cc1,2067e5fae5bf8951,3
,,,C(#Cc1ccc(N(c2ccccn2)c2ccccn2)cc1)c1ccc(N(c2ccccn2)c2ccccn2)cc1,cbbfa0124400c7c5,10
,,,Brc1nc(-c2ccc(N(c3ccccc3)c3ccccc3)cc2)cc(-c2ccc(N(c3ccccc3)c3ccccc3)cc2)n1,20f80b1821aafd8c,9
,,,C(=C(c1ccc(-c2cccc3c2oc2ccccc23)cc1)c1ccc(-c2cccc3c2oc2ccccc23)cc1)c1ccc(-c2cccc3c2oc2ccccc23)cc1,333fe297d6cdff0d,2
,,,C(=C(c1ccc(-c2cccc3c2sc2ccccc23)cc1)c1ccc(-c2cccc3c2sc2ccccc23)cc1)c1ccc(-c2cccc3c2sc2ccccc23)cc1,3f58c7a5905b53a0,5
,,,C(=C(c1ccc(-c2cccc3c2Sc2ccccc2S3)cc1)c1ccc(-c2cccc3c2Sc2ccccc2S3)cc1)c1ccc(-c2cccc3c2Sc2ccccc2S3)cc1,aa3a033fe08707c3,7
,,,C(#Cc1ccc(N(c2ccc(C#Cc3ccccc3)cc2)c2ccc(/C=C/c3ccc(/C=C/c4ccc(N(c5ccc(C#Cc6ccccc6)cc5)c5ccc(C#Cc6ccccc6)cc5)cc4)cc3)cc2)cc1)c1ccccc1,c6e1b6a91694d3c4,2
,,,C(=C(/c1ccccc1)c1ccc(-c2ccc([Si](c3ccccc3)(c3ccccc3)c3ccccc3)cc2)cc1)\c1ccc(-c2ccc([Si](c3ccccc3)(c3ccccc3)c3ccccc3)cc2)cc1,ecda601be891aa4a,10
,,,C(=C(c1ccc(-c2ccccc2)cc1)c1ccc(-c2ccccc2)cc1)c1ccc(-c2ccc(C=C(c3ccc(-n4c5ccccc5c5ccccc54)cc3)c3ccc(-n4c5ccccc5c5ccccc54)cc3)cc2)cc1,3a8e7862b1f1455d,4
,,,C(=C(c1ccccc1)c1ccccc1)N(C=C(c1ccccc1)c1ccccc1)c1ccc(OCC2CO2)cc1,787554678768e020,17
"4,4'-bis(2,2-diphenylethenyl)-1,1'-biphenyl",DTXSID60573124,142289-08-5,C(=C(c1ccccc1)c1ccccc1)c1ccc(-c2ccc(C=C(c3ccccc3)c3ccccc3)cc2)cc1,eda19d09a7c827f7,10
,,,C(=C(c1ccccc1)c1ccccc1)N(c1ccccc1)c1ccc(N(CC2CO2)c2ccccc2)cc1,c2050c72a7750831,17
,,,C(=C(c1ccccc1)c1ccccc1)N(c1ccccc1)c1ccc(N(C=C(c2ccccc2)c2ccccc2)c2ccc(COCC3CO3)cc2)cc1,5aa10941c75f3a91,8
"2,7-bis(2,2-diphenylethenyl)-9,9'-spirobi[fluorene]",DTXSID10836832,827337-25-7,C(=C(c1ccccc1)c1ccccc1)c1ccc2c(c1)C1(c3ccccc3-c3ccccc31)c1cc(C=C(c3ccccc3)c3ccccc3)ccc1-2,9d5a6741b5cbf324,6
,,,C(=C(c1ccccc1)c1ccccc1)n1c2ccccc2c2cc(-c3cccc4ccccc34)ccc21,09d451a3a44609ab,8
,,,C(=C(c1ccccc1)c1ccccc1)c1cn(C=C(c2ccccc2)c2ccccc2)c2ccccc12,0b389a81d9e1e665,9
,,,C(=C(c1ccccc1)c1ccccc1)n1c2ccccc2c2cc(-c3ccccc3)ccc21,e7f0d6cd011d78dd,8
,,,C(=C/c1ccc(-c2c(-c3ccc(/C=C/c4ccccc4)cc3)c3ccccc3c3ccccc23)cc1)\c1ccccc1,f06b9fa513d351a2,3
,,,C(=C/[Si](c1ccccc1)(c1ccccc1)c1ccccc1)\c1ccc(/C=C/[Si](c2ccccc2)(c2ccccc2)c2ccccc2)c2nsnc12,997a1581ed241c4a,9
,,,C(=C(c1ccccc1)c1ccccc1)c1ccccc1-c1ccc(-c2c3ccccc3c(-c3ccc(-c4ccccc4C=C(c4ccccc4)c4ccccc4)cc3)c3cc(-c4ccccc4-c4ccccc4)ccc23)cc1,058aca9fbda61424,4
,,,C(=C/[Si](c1ccccc1)(c1ccccc1)c1ccccc1)\c1c2ccccc2c(/C=C/[Si](c2ccccc2)(c2ccccc2)c2ccccc2)c2ccccc12,4a7483d8a5f32371,13
,,,C(=C/[Si](c1ccccc1)(c1ccccc1)c1ccccc1)\c1ccc(-c2ccc(/C=C/[Si](c3ccccc3)(c3ccccc3)c3ccccc3)cc2)cc1,26ccf30549661499,15
,,,C(=C/c1ccc(N(c2ccccc2)c2ccccc2)cc1)\c1ccc(-c2c3ccccc3cc3ccccc23)cc1,50c346ffe6740f23,10
,,,C(=C/c1ccc(N(c2ccccc2)c2ccccc2)cc1)\c1ccc(-c2cc3ccccc3s2)cc1,3f783068f5c6f3ca,10
,,,C(=C/c1ccc(N(c2ccccc2)c2ccc(/C=C/c3ccc(-c4cc(-c5ccccc5)nc(-c5ccccc5)c4)cc3)cc2)cc1)\c1ccc(-c2cc(-c3ccccc3)nc(-c3ccccc3)c2)cc1,d28777f25107a79c,2
,,,C(=C/c1ccc(N(c2ccccc2)c2ccccc2)cc1)\c1ccc(-c2ccc(-c3c4ccccc4cc4ccccc34)cc2)cc1,451f67799070e35c,9
,,,C(=C/c1ccc(N(c2ccccc2)c2ccc(-c3ccc(N(c4ccccc4)c4ccccc4)cc3)cc2)cc1)\c1ccc(/C=C/c2ccc(N(c3ccccc3)c3ccc(-c4ccc(N(c5ccccc5)c5ccccc5)cc4)cc3)cc2)cc1,a837b2d1ce0f3476,2
,,,C(=C/c1ccc(N(c2ccccc2)c2ccccc2)cc1)\c1ccc(-c2ccc3ccc4ccccc4c3c2)cc1,fd9408cbf5364616,15
,,,C(=C/c1ccc(N(c2ccccc2)c2ccccc2)cc1)\c1ccc(-c2cccnc2)cc1,e7b678023d35082e,13
,,,C(=C/c1ccc(N(c2ccccc2)c2ccccc2)cc1)\c1ccccc1,99e2c5e194b2dee8,6
,,,C(=C/c1ccc(N(c2ccc(/C=C/c3ccc(-c4cc(-c5ccccc5)nc(-c5ccccc5)c4)cc3)cc2)c2ccc(/C=C/c3ccc(-c4cc(-c5ccccc5)nc(-c5ccccc5)c4)cc3)cc2)cc1)\c1ccc(-c2cc(-c3ccccc3)nc(-c3ccccc3)c2)cc1,29ef310d43b9b315,2
,,,C(=C/c1ccc(N(c2ccccc2)c2ccccc2)cc1)\c1ccc(-c2ccccc2-c2ccccc2)cc1,823e40a5c8c7b865,17
,,,C(=C/c1ccc(N(c2ccccc2)c2ccccc2)cc1)\c1ccc(-c2cccc3c2Sc2ccccc2S3)cc1,5efbeda00ed35136,20
,,,C(=C1c2cc(-c3ccccc3)ccc2-c2ccc(-c3ccccc3)cc21)c1c2ccccc2c(-c2ccccc2)c2ccccc12,6f2ccb8e9b5d00cb,4
,,,C(=C1c2ccccc2-c2ccccc21)c1c2ccccc2c(-c2ccc(-c3ccccc3)cc2)c2ccccc12,51805e0b9358a96c,2
,,,C(=C1CCC(=Cc2cccc(-c3cccc4ccccc34)c2)CC1)c1ccc(-c2cccc3ccccc23)cc1,d771c21fb31ae013,4
,,,C(=C1c2ccccc2-c2ccccc21)c1c2ccccc2c(-c2ccc3ccccc3c2)c2ccccc12,b3a9f72d294ad0e4,4
,,,C(=C1c2ccccc2-c2ccccc21)c1c2ccccc2c(-c2ccc(-c3c4ccccc4c(C=C4c5ccccc5-c5ccccc54)c4ccccc34)cc2)c2ccccc12,c32f10260de1a126,2
,,,C(=N/N(CC1CO1)c1ccccc1)\c1scc2c1OCCO2,38c64f2cf99cbf2c,15
,,,C(=N/N(CC1CO1)c1ccccc1)\c1ccc(N(c2ccccc2)c2ccc(/C=N/N(CC3CO3)c3ccccc3)cc2)cc1,3ecdb805b33dd9b0,2
,,,C(=N/N(CC1CO1)c1ccccc1)\c1ccc2c(c1)Sc1ccccc1N2c1ccccc1,550153867cb53270,14
,,,C(=C1CCC(=Cc2ccc(N(c3ccccc3)c3cccc4ccccc34)cc2)CC1)c1ccc(N(c2ccccc2)c2cccc3ccccc23)cc1,3bbcedd1605f6a5c,5
,,,C(=N/N(c1ccccc1)c1ccccc1)\c1scc2c1OCCO2,ba0b8601fc6e6e6f,8
,,,C(=N/N(c1ccccc1)c1ccccc1)\C1=C2OCCOC2=C(/C=N/N(c2ccccc2)c2ccccc2)C1,72941b962fcf8f25,11
,,,C1=C(c2ccccc2)[Si]2(C(c3ccccc3)=C1)c1ccccc1-c1ccccc12,3ea03a503d633134,3
,,,C(=C1CCC(=Cc2ccc(-c3ccccc3-c3ccccc3)cc2)CC1)c1ccc(-c2ccccc2-c2ccccc2)cc1,cacf5b0291e49739,20
,,,C1=C(c2ccsc2)[Si]2(C(c3ccsc3)=C1)c1ccccc1-c1ccccc12,237ce36d0ad41034,3
,,,C(=N/N(c1ccccc1)c1ccccc1)\c1ccc(-c2ccc(-c3ccc(/C=N/N(c4ccccc4)c4ccccc4)s3)s2)s1,f918441f6755f70d,10
,,,C1=C(c2ccc3ccccc3c2)[Si]2(C(c3ccc4ccccc4c3)=C1)c1ccccc1-c1ccccc12,a52d676fbdd09dd8,10
,,,C1=C2OCCOC2C(/C=N/N(CCCCCCn2c3ccccc3c3ccccc32)c2ccccc2)S1,790ebf7bfe1fbd91,6
,,,C/C=C\C(=C/c1cn(-c2ccc(C(=O)C(=O)c3ccc(-n4c5ccc(C(C)(C)C)cc5c5cc(C(C)(C)C)ccc54)cc3)cc2)c2ccc(C(C)(C)C)cc12)C(C)(C)C,4f2641c7c09a8282,3
,,,C(=N/N(c1ccccc1)c1ccccc1)\c1ccc2c(c1)Sc1ccccc1N2CCCCCCN1c2ccccc2Sc2cc(/C=N/N(c3ccccc3)c3ccccc3)ccc21,fa5f2b150419ea34,4
,,,C1=Cc2ccc(N(c3ccccc3)c3ccccc3)cc2C2(c3cc(N(c4ccccc4)c4ccccc4)ccc31)c1ccccc1-c1ccccc12,fe619257e4f200b2,4
,,,C1=CC=C2C(c3ccc(-n4c5ccccc5c5ccccc54)cc3)=CC=C(c3ccc(-n4c5ccccc5c5ccccc54)cc3)C2C=C1,1ea057ddababe51d,8
,,,C1=Cc2ccccc2N(c2ccc3c(c2)Cc2cc(N4c5ccccc5C=Cc5ccccc54)ccc2-3)c2ccccc21,cf1fbb8297a1d96a,1
,,,C1=Cc2ccc(N(c3ccccc3)c3cccc4ccccc34)cc2C2(c3cc(N(c4ccccc4)c4cccc5ccccc45)ccc31)c1ccccc1-c1ccccc12,45a3ab9c03540499,4
,,,C1=Cc2ccccc2N(c2cnc3nc(-c4ccccc4)c(-c4ccccc4)nc3c2)c2ccccc21,877ab0dabcd12d23,4
,,,C=C(C)C(=O)CCC(=O)Oc1ccc(C(C)=O)cc1,59f6aacc66ae479f,17
,,,C1=C2C(=CCC1)C(C1=CC=C(N(c3ccccc3)c3ccc(-c4ccc(N(c5ccccc5)c5ccccc5)cc4)cc3)CC1)(c1ccc(N(Cc3ccccc3)c3ccc(-c4ccc(N(c5ccccc5)c5ccccc5)cc4)cc3)cc1)c1ccccc12,bb40a3c6be814a75,2
,,,C=C(C)C(=O)OCC(=O)Nc1ccccc1,d35c43ff3eaca360,9
,,,C1=c2c(n(-c3c(-n4c5ccccc5c5ccccc54)nc(-n4c5ccccc5c5ccccc54)c(-n4c5ccccc5c5ccccc54)c3-n3c4ccccc4c4ccccc43)c3ccccc23)=CCC1,b4bb282e05e65bc9,4
,,,C=C(C)C(=O)OCC(=O)Oc1ccc(OC)cc1,fcc08736335b28da,9
,,,C=C(C)C(=O)N(/N=C/c1ccc(N(c2ccccc2)c2ccccc2)cc1)c1ccccc1,317a9d0c8368a411,14
,,,C=CC(=O)OCCOC(=O)N1CCCC1,24a164fa8ff7b67c,11
,,,C1=CC2=NC(c3ccccc3)C(c3cccc(-c4cc(-c5cccc(-c6c(-c7ccccc7)nc7ccccn67)c5)cc(-c5cccc(-c6c(-c7ccccc7)nc7ccccn67)c5)c4)c3)N2C=C1,bfd5415521bb253d,6
,,,C=C(C)C(=O)N(/N=C/c1ccc2c(c1)c1ccccc1n2CC)c1ccccc1,9d8d954e1a455a43,24
,,,C=C(C)C(=O)Sc1ccc(Sc2ccc(SC(=O)C(=C)C)cc2)cc1,12f43ac136eb1ca0,15
,,,C=C(C)C(=O)Oc1cc(N(CC)CC)ccc1/C=N/N(c1ccccc1)c1ccccc1,5756eecd2c2972bc,12
,,,C=C(C)C(=O)N(/N=C/c1ccc(N(c2ccccc2)c2ccc(/C=N/N(C(=O)C(=C)C)c3ccccc3)cc2)cc1)c1ccccc1,c395ce250218cb35,10
,,,C=COCCN(/N=C/c1scc2c1OCCO2)c1ccccc1,9ad8180f1dc78f80,8
,,,C=COCCN(/N=C/c1ccc2c(c1)c1ccccc1n2CC)c1ccccc1,79909165062bb657,6
,,,C=Cc1cc(C(=O)Oc2ccc(OC)cc2)ccc1C(=O)Cc1ccc(OC)cc1,94c62ffb5cf77b4d,15
,,,C=Cc1ccc(N(c2ccc(-n3c4ccccc4c4ccccc43)cc2)c2ccc(-n3c4ccccc4c4ccccc43)cc2)cc1,435962574256f160,7
,,,C=Cc1c(F)c(F)c(CC2=CCC(C(C)(c3ccc(Oc4c(F)c(F)c(C=C)c(F)c4F)cc3)c3ccc(C(C)(C)c4ccc(Oc5c(F)c(F)c(C=C)c(F)c5F)cc4)cc3)C=C2)c(F)c1F,c54f2fa69f7bdbbb,2
,,,CC(C)(C(=O)c1ccc(N2c3ccccc3C(C)(C)c3ccccc32)cc1)C(=O)c1ccc(N2c3ccccc3C(C)(C)c3ccccc32)cc1,068dfba3a9926495,5
,,,C=CC(C=C)OCCCCCOc1ccc(-c2ccc(-c3ccc4c(c3)C(CCC)(CCC)c3cc(-c5ccc(-c6ccc(OCCCCCOC(C=C)C=C)cc6)s5)ccc3-4)s2)cc1,fa2bac625cfcb0ee,1
,,,C=Cc1ccc(COc2ccc3c(c2)C2CC=CC=C2N3c2ccc(S(=O)(=O)c3ccc(-n4c5ccccc5c5cc(OCc6ccc(C=C)cc6)ccc54)cc3)cc2)cc1,ea27905acb608873,5
,,,CC(C)(C(=O)c1ccc(N2c3ccccc3Oc3ccccc32)cc1)C(=O)c1ccc(N2c3ccccc3Oc3ccccc32)cc1,5477d60540a0982c,4
,,,C=CC(C=C)OC(=O)CCCCOc1ccc(-c2ccc(-c3ccc4c(c3)C(CCC)(CCC)c3cc(-c5ccc(-c6ccc(OCCCCC(=O)OC(C=C)C=C)cc6)s5)ccc3-4)s2)cc1,7c0dfddfbe81d772,3
,,,C=Cc1ccc(N(c2ccc(C=C)cc2)c2ccc(-c3ccc4c(c3)C(CCCCCC)(CCCCCC)c3cc(-c5ccc(N(c6ccc(C=C)cc6)c6ccc(C=C)cc6)cc5)ccc3-4)cc2)cc1,eda34036533b70c7,3
,,,CC(C)(C)C1=CC(=C(C#N)C#N)C=C(/C=C/c2ccc3c(c2)CCCN3c2ccc(C(C)(C)C)cc2)O1,8328afc11cb128c8,15
,,,C1=C2C(=CC(N(c3ccccc3)c3ccccc3)C1)C(c1ccccc1)(c1ccccc1)c1cc(-c3ccc4c(c3)C(c3ccccc3)(c3ccccc3)c3cc(C5C=C6C(=CC5)c5ccc(N(c7ccccc7)c7ccccc7)cc5C6(c5ccccc5)c5ccccc5)ccc3-4)ccc12,a5fc96f2ea0e7361,10
,,,CC(C)(C)OC(=O)Oc1cc2c(cc1OC(=O)OC(C)(C)C)C1(CC(C)(C)C3=CC(OC(=O)OC(C)(C)C)C(OC(=O)OC(C)(C)C)C=C31)CC2(C)C,fc4236079c1f8acf,10
,,,CC(C)(C)OC(=O)Oc1ccc(C(C)(c2ccccc2)c2ccc(O)cc2)cc1,df5736fd069a8cad,12
,,,CC(C)(C)[Si](C)(C)N1C(=O)C=CC1=O,506eccb0ed9b64c9,1
,,,CC(C)(C)OC(=O)Oc1cc(OC(=O)OC(C)(C)C)cc(-c2cc(OC(=O)OC(C)(C)C)ccc2-c2ccc(OC(=O)OC(C)(C)C)cc2-c2cc(OC(=O)OC(C)(C)C)cc(OC(=O)OC(C)(C)C)c2)c1,aab15182f7881930,1
,,,CC(C)(C)c1cc(C(=O)Oc2ccc(/N=N/c3ccccc3)cc2)cc(C(C)(C)C)c1,2bd1876e67d0a7bb,4
,,,CC(C)(C)c1cc(C(=O)Oc2ccc3ccc(=O)oc3c2)cc(C(C)(C)C)c1,5391f61547dbf5e3,7
,,,CC(C)(C)OC(=O)Oc1ccc(C(C)(c2ccc(Cc3ccc(C(C)(c4ccc(OC(=O)OC(C)(C)C)cc4)c4ccc(OC(=O)OC(C)(C)C)cc4)cc3)cc2)c2ccc(OC(=O)OC(C)(C)C)cc2)cc1,1938eee53518cf5b,2
,,,CC(C)(C)OC(=O)Oc1ccc(C(C)(c2ccc(OC(=O)OC(C)(C)C)cc2)c2cccc(C(C)(c3ccc(OC(=O)OC(C)(C)C)cc3)c3ccc(OC(=O)OC(C)(C)C)cc3)c2)cc1,9c6e982b760cd9ae,2
,,,CC(C)(C)c1cc(C(=O)c2ccc(N(c3ccccc3)c3ccccc3)cc2)cc(C(=O)c2ccc(N(c3ccccc3)c3ccccc3)cc2)c1,a165ee108417f6f2,6
,,,CC(C)(C)OC(=O)Oc1ccc(C(C)(c2ccc(OC(=O)OC(C)(C)C)cc2)c2ccc(C(C)(C)c3ccc(O)cc3)cc2)cc1,c318f8c68fd2a2bf,25
,,,CC(C)(C)c1cc2ccc3ccc(-c4ccc(-c5ccc(-c6ccc7c(c6)C(C)(C)c6ccccc6-7)cc5)cc4)c4ccc(c1)c2c34,891f797dc7ff65ec,11
,,,CC(C)(C)c1cc(P(=O)(c2ccccc2)c2ccccc2)c2[nH]c3c(P(=O)(c4ccccc4)c4ccccc4)cc(C(C)(C)C)cc3c2c1,7ab731163959b6f9,19
,,,CC(C)(C)c1cc2ccc3c(-c4cccc(-c5ccc6c(c5)C(C)(C)c5ccccc5-6)c4)cc(-c4cccc(-c5ccc6c(c5)C(C)(C)c5ccccc5-6)c4)c4ccc(c1)c2c34,3e2418431b991624,5
,,,CC(C)(C)c1ccc(-c2c3ccccc3c(-c3ccc4cc(-c5cc(-c6ccccc6)cc(-c6ccccc6)c5)ccc4c3)c3ccccc23)cc1,e9a2118e5f542ee8,11
,,,CC(C)(C)OC(=O)c1c2ccccc2c(CCC(=O)OCC(COC(=O)CCc2c3ccccc3c(C(=O)OC(C)(C)C)c3ccccc23)OC(=O)CCc2c3ccccc3c(C(=O)OC(C)(C)C)c3ccccc23)c2ccccc12,67e8d5f154c03d04,8
,,,CC(C)(C)c1ccc(-c2ccc(-c3ccc(N(c4ccccc4)c4ccccc4)cc3)c3nsnc23)cc1,ebdc0f964786b6a4,11
,,,CC(C)(C)c1ccc(-c2ccc(-c3ccc(-c4ccc(N(c5ccccc5)c5ccccc5)cc4)s3)c3nsnc23)cc1,6b19ab4bac7519bd,16
,,,CC(C)(C)c1ccc(-c2ccc(N(c3ccc(-c4ccc(C(C)(C)C)cc4)cc3)c3ccc([N+](=O)[O-])cc3)cc2)cc1,513ce308f3111c63,14
,,,CC(C)(C)OC(=O)Oc1ccc(C(C)(c2ccc(OC(=O)OC(C)(C)C)cc2)c2ccc(-c3ccc(C(C)(c4ccc(OC(=O)OC(C)(C)C)cc4)c4ccc(OC(=O)OC(C)(C)C)cc4)cc3)cc2)cc1,b6073d6497c78c50,25
,,,CC(C)(C)c1ccc(-c2ccc3c(c2)C2(c4ccccc4-c4ccccc42)c2cc(-c4ccc(C(C)(C)C)cc4)ccc2-3)cc1,838a14696df32e3d,8
,,,CC(C)(C)c1ccc(-c2ccc(N(c3ccc(N)cc3)c3ccc(-c4ccc(C(C)(C)C)cc4)cc3)cc2)cc1,2615cfb00fd320da,14
,,,CC(C)(C)c1ccc(-c2nc(-c3cccc(-n4c5ccccc5c5ccccc54)c3)ns2)cc1,e37b233f623794b5,5
,,,CC(=O)OCCCCn1c2ccccc2c2cc(/C=C\c3ccc4c(c3)C3(c5cc(/C=C\c6ccc7c(c6)c6ccccc6n7CCCCOC(C)=O)ccc5-c5ccc(/C=C/c6ccc7c(c6)c6ccccc6n7CCCCOC(C)=O)cc53)c3cc(/C=C/c5ccc6c(c5)c5ccccc5n6CCCCOC(C)=O)ccc3-4)ccc21,930c553e45e03964,5
,,,CC(C)(C)c1ccc(-c2nc3c4ccccc4c4ccccc4c3n2-c2ccc(-c3ccc(N(c4ccccc4)c4ccccc4)cc3)cc2)cc1,597d947a8eadbb85,11
,,,CC(C)(Br)C(=O)OCc1cc(OCc2cc(CCc3cc(OC4CCCCO4)cc(OC4CCCCO4)c3)cc(OCc3cc(OC4CCCCO4)cc(OC4CCCCO4)c3)c2)cc(OCc2cc(OCc3cc(OC4CCCCO4)cc(OC4CCCCO4)c3)cc(OCc3cc(OC4CCCCO4)cc(OC4CCCCO4)c3)c2)c1,549b3cd374ba809f,3
,,,CC(C)(C)c1ccc(-c2nnc(-c3ccc4c(c3)C3(c5ccccc5-4)c4ccccc4-c4ccc(N(c5ccccc5)c5ccccc5)cc43)o2)cc1,4098035127a82053,13
,,,CC(C)(C)c1ccc(-c2nnc(-c3ccc([Si](c4ccccc4)(c4ccccc4)c4ccc(N(c5ccccc5)c5ccccc5)cc4)cc3)o2)cc1,c2f44bb781fac50f,19
,,,CC(C)(C)c1ccc(-c2nsc(-c3cccc(-n4c5ccccc5c5ccccc54)c3)n2)cc1,5e20d9a2c3c25f65,6
,,,CC(C)(C)c1ccc(-c2nnc(-c3cccc(-c4cccc(-c5cccc(-c6nnc(-c7ccc(C(C)(C)C)cc7)o6)c5)c4)c3)o2)cc1,e7052e39c1959475,9
,,,CC(C)(C)c1ccc(-c2nnc(-c3cccc([Si](c4ccccc4)(c4ccccc4)c4cccc(N(c5ccccc5)c5ccccc5)c4)c3)o2)cc1,b93050a36e84759f,8
,,,CC(C)(C)c1ccc(-n2c(-c3ccc(-c4ccc(N(c5ccccc5)c5ccccc5)cc4)cc3)nc3c4ccccc4c4ccccc4c32)cc1,a822454b0b1a1f17,11
,,,CC(C)(C)c1ccc(-c2nnc(-c3ccc([Si](c4ccccc4)(c4ccccc4)c4ccc(N(c5ccccc5)c5ccccc5)cc4)cc3)n2-c2ccccc2)cc1,a5a7c15cde650f7a,24
,,,CC(C)(C)c1ccc(-n2c3cc(N(c4ccccc4)c4ccccc4)ccc3c3ccc(N(c4ccccc4)c4ccccc4)cc32)cc1,c1d0566c8a4e7544,8
,,,CC(C)(C)c1ccc(C#Cc2ccc(-c3nc(-c4ccccc4)nc(-c4ccccc4)n3)cc2)cc1,bc5a807794592f24,1
,,,CC(C)(C)c1ccc(C#Cc2ccc(-c3nc(-c4ccccc4)nc(-c4ccc(C#Cc5ccc(C(C)(C)C)cc5)cc4)n3)cc2)cc1,8727b251733e6f2b,3
,,,CC(C)(C)c1ccc(C(C)(c2ccc(O)cc2)c2ccc(O)cc2)cc1,da7274ff34bacded,10
,,,CC(C)(C)c1ccc(C(=O)Nc2ccc3c(c2)C(C)(c2ccc(NC(=O)c4ccccc4)cc2)CC3(C)C)cc1,8455ed72b632eb2d,6
,,,CC(C)(C)c1ccc(/C(=C(/c2ccc(-c3c4ccccc4cc4ccccc34)cc2)c2ccc(C(C)(C)C)cc2)c2ccc(-c3c4ccccc4cc4ccccc34)cc2)cc1,3bb55d3cd0cd7fdc,7
"9-(4-tert-butylphenyl)-3,6-bis(triphenylsilyl)-9h-carbazole",DTXSID80694860,898546-82-2,CC(C)(C)c1ccc(-n2c3ccc([Si](c4ccccc4)(c4ccccc4)c4ccccc4)cc3c3cc([Si](c4ccccc4)(c4ccccc4)c4ccccc4)ccc32)cc1,1f147413cda55244,15
,,,CC(C)(C)c1ccc2[nH]c3c(P(=O)(c4ccccc4)c4ccccc4)cc(C(C)(C)C)cc3c2c1,064db526a906177e,12
,,,CC(C)(C)c1ccc(N(c2ccccc2)c2ccc(N(c3ccccc3)c3ccc(C(C)(C)C)cc3)cc2)cc1,79b7e24af04958bc,14
"9,10-di([1,1'-biphenyl]-4-yl)-2-tert-butylanthracene",DTXSID90628737,917595-66-5,CC(C)(C)c1ccc2c(-c3ccc(-c4ccccc4)cc3)c3ccccc3c(-c3ccc(-c4ccccc4)cc3)c2c1,aaacdb0339a693d5,8
,,,CC(C)(C)c1ccc2c(c1)C(=O)N(C1CCCCC1N1C(=O)c3ccc(C(C)(C)C)cc3C1=O)C2=O,233b00a363d9671f,2
,,,CC(C)(C)c1ccc2c(c1)C(C)(C)c1cc(C(C)(C)C)cc(-c3ccc4c5c(cccc35)-c3ccccc3-4)c1-2,979c7f84a59eeb74,7
,,,CC(C)(C)c1ccc2c(-c3nnc(-c4ccccc4)o3)c3cc(C(C)(C)C)ccc3c(-c3nnc(-c4ccccc4)o3)c2c1,26e3fb566ae29f51,18
,,,CC(C)(C)c1ccc2c(c1)C(C)(C)c1cc(C(C)(C)C)cc(-c3c4ccccc4c(-c4ccc5c6c(cccc46)-c4ccccc4-5)c4ccccc34)c1-2,d98cfd4409433cba,8
,,,CC(C)(C)c1ccc2c(c1)C(c1cccc(-c3ccc(-c4nc5ccccc5n4-c4ccccc4)cc3)c1)(c1cccc(N(c3ccccc3)c3ccccc3)c1)c1cc(C(C)(C)C)ccc1-2,49323d04680cef58,7
,,,CC(C)(C)c1ccc2c(-c3cccc(-c4nnc(-c5ccc(N(c6ccccc6)c6ccccc6)cc5)o4)c3)c3cc(C(C)(C)C)ccc3c(-c3cccc(-c4nnc(-c5ccc(N(c6ccccc6)c6ccccc6)cc5)o4)c3)c2c1,b3c46257a9202083,3
,,,CC(C)(C)c1ccc2c(c1)C1(c3ccccc3C2=O)c2ccccc2N(c2ccccc2)c2ccccc21,232f62743e4dbe65,2
"3,3'-di-tert-butyl-7,7'-diphenyl-5,5'-spirobi[dibenzo[b,d]silole]",DTXSID20827195,849727-77-1,CC(C)(C)c1ccc2c(c1)[Si]1(c3cc(-c4ccccc4)ccc3-2)c2cc(-c3ccccc3)ccc2-c2ccc(C(C)(C)C)cc21,8170274ee8170661,13
,,,CC(C)(C)c1ccc2c(c1)[Si]1(c3cc(-c4ccccn4)ccc3-2)c2cc(-c3ccccn3)ccc2-c2ccc(C(C)(C)C)cc21,699f4839ea38047d,18
,,,CC(C)(C)c1ccc2c(c1)[Si]1(c3cc(-c4ccc(-c5ccccc5)cc4)ccc3-2)c2cc(-c3ccc(-c4ccccc4)cc3)ccc2-c2ccc(C(C)(C)C)cc21,39ee75e77aaf5b84,21
,,,CC(C)(C)c1ccc2c(c1)C1(c3ccccc3-c3ccc(N(c4ccccc4)c4ccc5c(c4)C4(c6ccccc6-5)c5cc(C(C)(C)C)ccc5-c5ccc(C(C)(C)C)cc54)cc31)c1cc(C(C)(C)C)ccc1-2,4ca0c0bb124bc90e,17
,,,CC(C)(C)c1ccc2c(c1)c1cc(C(C)(C)C)ccc1n2-c1cc2c(cc1-n1c3ccc(C(C)(C)C)cc3c3cc(C(C)(C)C)ccc31)C(=O)N(c1ccccc1)C2=O,c17dc296126ca586,14
,,,CC(C)(C)c1ccc2c(c1)c1cc(C(C)(C)C)ccc1n2-c1ccc(-c2ccc(-c3nc(C#N)c(C#N)nc3-c3ccc(-c4ccc(-n5c6ccc(C(C)(C)C)cc6c6cc(C(C)(C)C)ccc65)cc4)cc3)cc2)cc1,1a7ef6af2d84bb52,2
,,,CC(C)(C)c1ccc(N(c2ccc(/C(=C/c3ccc(C=C(c4ccc(-n5c6ccc(C(C)(C)C)cc6c6cc(C(C)(C)C)ccc65)cc4)c4ccc(-n5c6ccc(C(C)(C)C)cc6c6cc(C(C)(C)C)ccc65)cc4)cc3)c3ccc(-n4c5ccc(C(C)(C)C)cc5c5cc(C(C)(C)C)ccc54)cc3)cc2)c2ccc(C(C)(C)C)cc2)cc1,b519ca3d4d768302,3
,,,CC(C)(C)c1ccc2c(c1)c1cc(C(C)(C)C)ccc1n2-c1ccc(C(=O)c2ccncc2)cc1,f042e051a97fc8a5,14
,,,CC(C)(C)c1ccc2c(c1)c1cc(C(C)(C)C)ccc1n2-c1ccc(-n2c3ccc(C(C)(C)C)cc3c3cc(C(C)(C)C)ccc32)c(C(=O)c2ccncc2)c1,be2465cd6356cfb5,15
,,,CC(C)(C)c1ccc2c(c1)c1cc(C(C)(C)C)ccc1n2-c1ccccc1-c1ccccc1P(=O)(c1ccccc1)c1ccccc1,dc230fc8ced972cb,1
,,,CC(C)(C)c1ccc2c(c1)c1cc(C(C)(C)C)ccc1n2-c1ccc2c(c1)CN1CN2Cc2cc(-n3c4ccc(C(C)(C)C)cc4c4cc(C(C)(C)C)ccc43)ccc21,2a643522a6d29d7a,19
,,,CC(C)(C)c1ccc2c(c1)c1cc(C(C)(C)C)ccc1n2-c1ccccc1-c1nc(-c2ccccc2)nc(-c2ccccc2)n1,46cf92552b0a674d,6
,,,CC(C)(C)c1ccc2c(c1)c1cc(C(C)(C)C)ccc1n2-c1cccc(-c2nnc(-c3cccc(-c4c5ccccc5c(-c5cccc(-c6nnc(-c7cccc(-n8c9ccc(C(C)(C)C)cc9c9cc(C(C)(C)C)ccc98)c7)o6)c5)c5ccccc45)c3)o2)c1,4d47b08c783e55de,1
,,,CC(C)(C)c1ccc2c(c1)c1cc(C(C)(C)C)ccc1n2-c1cnc2nc(-c3ccccc3)c(-c3ccccc3)nc2c1,b728b6279e7b3a02,16
,,,CC(C)(C)c1ccc2c(c1)c1cc(C(C)(C)C)ccc1n2-c1nc(-n2c3ccc(C#N)cc3c3cc(C#N)ccc32)c(C#N)c(-c2ccc(F)cc2)c1C#N,10856b9c7313def5,7
,,,CC(C)(C)c1ccc2c(c1)c1cc(C(C)(C)C)ccc1n2-c1ccccc1-c1nnc(-c2ccccc2-n2c3ccc(C(C)(C)C)cc3c3cc(C(C)(C)C)ccc32)o1,f4096e566be1009f,11
,,,CC(C)(C)c1nnc(-c2cccc(-c3cccc(-c4cccc(-c5nnc(C(C)(C)C)o5)c4)c3)c2)o1,5ab8890dbee66b3c,14
,,,CC(C)(c1ccc(C(C)(c2ccc(O)cc2)c2ccc(O)cc2)cc1)c1ccc(C(C)(c2ccc(O)cc2)c2ccc(O)cc2)cc1,7171554ae77f9ddd,5
,,,CC(C)(c1ccc(OC(=O)c2ccc(=O)oc2)cc1)c1ccc(OC(=O)c2ccc(=O)oc2)cc1,de06b5dc36343eea,6
,,,CC(C)(c1ccc(OC2CCCCO2)cc1)c1ccc(C(C)(c2ccc(OC3CCCCO3)cc2)c2ccc(OC3CCCCO3)cc2)cc1,327938aa4f21c353,1
,,,CC(C)(C)c1ccc2c(c1)c1cc(C(C)(C)C)ccc1n2-c1nc2ccccc2nc1-n1c2ccc(C(C)(C)C)cc2c2cc(C(C)(C)C)ccc21,1e74698ca8c4e1ab,17
,,,CC(C)(c1cccc(P(=S)(c2ccccc2)c2ccccc2)c1)c1cccc(P(=S)(c2ccccc2)c2ccccc2)c1,f385a7933f6be1eb,11
,,,CC(C)(C)c1ccc2c(c1)c1cc(C(C)(C)C)ccc1n2-c1nc(-n2c3ccc(C(C)(C)C)cc3c3cc(C(C)(C)C)ccc32)c(C#N)c(-c2ccc(F)cc2)c1C#N,0a7e337f8e0abb3c,12
,,,CC(C)CN(c1ccccc1)c1ccc(-c2ccc3c(c2)c2ccccc2n3CC(C)C)cc1,c8411380bb720837,21
,,,CC(C)CC1(CC(C)C)c2ccccc2-c2ccc(-c3ccc4c(c3)C(CC(C)C)(CC(C)C)c3cc(-c5ccc6c(c5)C(CC(C)C)(CC(C)C)c5ccccc5-6)ccc3-4)cc21,ce4aea9b362aef4d,2
,,,CC(C)(c1ccc(Oc2ccc3c(c2)C(=O)N(c2ccc4c(c2)CN(c2ccccc2)CO4)C3=O)cc1)c1ccc(Oc2ccc3c(c2)C(=O)N(c2ccc4c(c2)CN(c2ccccc2)CO4)C3=O)cc1,a8293d5fbdf48f24,3
,,,CC(C)c1cc(C(C)C)c(-c2ccc(-n3c4ccccc4n4c5ccccc5nc34)nc2)c(C(C)C)c1,570a705fbf0d23da,7
,,,CC(C)n1c2cc(C=C(c3ccccc3)c3ccccc3)ccc2c2ccc(C=C(c3ccccc3)c3ccccc3)cc21,984eb2489fd6191a,8
,,,CC(C)c1cc(C(=C(c2ccccc2)c2ccccc2)c2ccccc2)ccc1-c1ccc(C(=C(c2ccccc2)c2ccccc2)c2ccccc2)cc1C(C)C,dfdb0a2b8720849f,9
,,,CC(c1ccc(N)cc1)(c1ccc(Oc2ccc(C(=O)Nc3ccccc3)cc2)cc1)c1ccc(Oc2ccc(C(=O)Nc3ccccc3)cc2)cc1,c7836a87c4c80e7e,9
,,,CC(c1ccc(O)cc1)(c1ccc(O)cc1)c1ccc(Cc2ccc(C(C)(c3ccc(O)cc3)c3ccc(O)cc3)cc2)cc1,1695a06410ac13cb,7
,,,CC(C)Cn1c2ccccc2c2cc(-c3ccc4c(c3)c3cc(CCCc5ccc(-c6nc(-c7ccccc7)nc(-c7ccccc7)n6)cc5)ccc3n4CC(C)C)ccc21,94db804be89c63f4,11
,,,CC1(C)C(=O)c2ccc(-c3ccc(N4c5ccccc5Oc5ccccc54)cc3)cc2C1=O,77613ef07ffc5838,2
,,,CC1(C)C(=O)c2cc(-c3ccc(N4c5ccccc5Oc5ccccc54)cc3)c(-c3ccc(N4c5ccccc5Oc5ccccc54)cc3)cc2C1=O,cb440c7f667f02cf,2
,,,CC(C1=CCC2C(=C1)Cc1cc(C(C)(c3ccc(O)cc3)c3ccc(O)cc3)ccc12)(c1ccc(O)cc1)c1ccc(O)cc1,ff847455d6eac0a6,24
,,,CC(c1ccc(O)cc1)(c1ccc(O)cc1)c1cccc(C(C)(c2ccc(O)cc2)c2ccc(O)cc2)c1,8b811bf3d0a911d0,12
,,,CC1(C)CC(C)(c2ccc(C(=O)Nc3cccc(Cl)c3)cc2)c2cc(C(=O)Nc3cccc(Cl)c3)ccc21,abff4ddcd86c60cc,5
,,,CC1(C)CC(C)(c2ccc(C(=O)Nc3ccccc3Cl)cc2)c2cc(C(=O)Nc3ccccc3Cl)ccc21,b17900a3cb68d67a,2
,,,CC1(C)CC(C)(c2ccc(NC(=O)c3cccc(Cl)c3)cc2)c2cc(NC(=O)c3cccc(Cl)c3)ccc21,49e0e60d7afd4628,2
,,,CC1(C)CC(/C=C/c2ccc(N(CCO)c3ccccc3)cc2)=CC(=C(C#N)C#N)C1,7740a5a33f12fbcd,21
,,,CC1(C)CC(C)(c2ccc(NC(=O)c3ccccc3)cc2)c2cc(NC(=O)c3c(F)c(F)c(F)c(F)c3F)ccc21,cc1a6e38d5a6d180,1
,,,CC1(C)CC(/C=C/c2ccc(N(CCO)c3ccccc3)cc2)=C/C(=C(/C#N)S(C)(=O)=O)C1,d05227e0981fb7a2,20
,,,CC1(C)CC(C)(c2ccc(NC(=O)c3cccc([N+](=O)[O-])c3)cc2)c2cc(NC(=O)c3cccc([N+](=O)[O-])c3)ccc21,56690d06bb636ded,2
,,,CC(c1ccc(O)cc1)(c1ccc(O)cc1)c1ccc(-c2cccc(-c3ccc(C(C)(c4ccc(O)cc4)c4ccc(O)cc4)cc3)c2)cc1,c15334e7c1b27088,22
"4-[4-(4,4,5,5-tetramethyl-1,3,2-dioxaborolan-2-yl)phenyl]pyridine",DTXSID30729358,1009033-87-7,CC1(C)OB(c2ccc(-c3ccncc3)cc2)OC1(C)C,5603cd74298b7326,4
,,,CC1(C)OC(=C(C#N)C#N)C(C#N)=C1/C=C/c1ccc(-n2c3ccccc3c3ccccc32)cc1,ddeca9566dafc16e,4
,,,CC1(C)c2cc(-c3c4ccccc4c(-c4ccccc4)c4ccccc34)ccc2-c2ccc([Si](c3ccccc3)(c3ccccc3)c3ccccc3)cc21,2120bc2e252c6f1f,4
,,,CC1(C)CC(C)(c2ccc(NC(=O)c3ccccc3)cc2)c2cc(NC(=O)c3ccccc3)ccc21,002f7b90ff464152,20
"9,9'-(9,9-dimethyl-9h-fluorene-2,7-diyl)dianthracene",DTXSID00730557,666260-27-1,CC1(C)c2cc(-c3c4ccccc4cc4ccccc34)ccc2-c2ccc(-c3c4ccccc4cc4ccccc34)cc21,fcf08d4811d03469,1
,,,CC1(C)OC(=C(C#N)C#N)C(C#N)=C1/C=C/c1ccc(-n2c3ccc(C(C)(C)C)cc3c3cc(C(C)(C)C)ccc32)cc1,b25b79eed3d8badf,11
,,,CC1(C)CCN2CCC(C)(C)c3c2c1cc1cc(-c2ccc(-c4cc5cc6c7c(c5oc4=O)C(C)(C)CCN7CCC6(C)C)cc2)c(=O)oc31,3e021d79f21144af,19
,,,CC(c1ccc(O)cc1)(c1ccc(O)cc1)c1ccc(-c2cc(-c3ccc(C(C)(c4ccc(O)cc4)c4ccc(O)cc4)cc3)cc(-c3ccc(C(C)(c4ccc(O)cc4)c4ccc(O)cc4)cc3)c2)cc1,193dfca1a02035c5,25
"1,1'-(9,9-dimethyl-9h-fluorene-2,7-diyl)dipyrene",DTXSID30730489,607739-80-0,CC1(C)c2cc(-c3ccc4ccc5cccc6ccc3c4c56)ccc2-c2ccc(-c3ccc4ccc5cccc6ccc3c4c56)cc21,302c752c5bbceaee,3
,,,CC1(C)c2cc(-c3ccc4c(-c5ccccc5)c5ccccc5c(-c5ccccc5)c4c3)ccc2-c2ccc([Si](c3ccccc3)(c3ccccc3)c3ccccc3)cc21,80cec161cdd38448,14
,,,CC1(C)c2cc(-c3ccc4ccc5cccc6ccc3c4c56)ccc2-c2ccc(P(=O)(c3ccccc3)c3ccccc3)cc21,db447fe17e637227,7
,,,CC1(C)c2cc(-c3ccc4ccccc4c3)ccc2-c2ccc(-c3ccc4ccccc4c3)cc21,6ed82a7db8af982d,10
,,,CC(C)[Si](Oc1ccc(N(c2ccc(O[Si](C(C)C)(C(C)C)C(C)C)cc2)c2cccc(N(c3ccc(O[Si](C(C)C)(C(C)C)C(C)C)cc3)c3ccc(O[Si](C(C)C)(C(C)C)C(C)C)cc3)c2)cc1)(C(C)C)C(C)C,dcff7a250c8e5e6d,15
,,,CC1(C)c2cc(-c3ccccc3-c3ccccc3)ccc2-c2ccc(-c3ccccc3-c3ccccc3)cc21,f8ab56b7979169b1,9
,,,CC1(C)c2cc(-c3ccc4ccc5cccc6ccc3c4c56)ccc2[SH](=O)(O)c2ccc(-c3ccc4ccc5cccc6ccc3c4c56)cc21,340408711bce46a3,1
,,,CC1(C)c2cc(-c3c4ccccc4c(-c4ccc5c(c4)C(C)(C)c4cc([Si](c6ccccc6)(c6ccccc6)c6ccccc6)ccc4-5)c4ccccc34)ccc2-c2ccc([Si](c3ccccc3)(c3ccccc3)c3ccccc3)cc21,51bd00fadfb3c225,15
,,,CC1(C)c2cc(-c3ccccc3)ccc2N(c2ccc(S(=O)(=O)c3ccc(N4c5ccc(-c6ccccc6)cc5C(C)(C)c5cc(-c6ccccc6)ccc54)cc3)cc2)c2ccc(-c3ccccc3)cc21,9e987d67b6bc74a1,8
,,,CC1(C)c2ccccc2-c2cc3c4ccccc4n(-c4ccc(-c5nc(-c6ccccc6)nc(-c6ccccc6)n5)cc4)c3cc21,e630fdb16b5f105a,2
,,,CC1(C)c2cc(N3c4ccccc4C4(c5ccccc5-c5ccccc54)c4ccccc43)ccc2S(=O)(=O)c2ccc(N3c4ccccc4C4(c5ccccc5-c5ccccc54)c4ccccc43)cc21,c86658f8213eef47,5
,,,CC1(C)c2cc(/C=C/[Si](c3ccccc3)(c3ccccc3)c3ccccc3)ccc2-c2ccc(/C=C/[Si](c3ccccc3)(c3ccccc3)c3ccccc3)cc21,e47921e8862c4499,16
,,,CC1(C)c2ccccc2-c2cc3c4ccccc4n(-c4cccc(-c5nc(-c6ccccc6)nc(-c6ccccc6)n5)c4)c3cc21,e410fee31a51f37c,4
,,,CC1(C)c2ccccc2-c2ccc(-c3ccc(-c4c(-c5ccccc5)nc5ccccn45)cc3)cc21,646a9b80446d7809,8
,,,CC1(C)c2ccccc2-c2ccc(-c3ccc(-c4c(-c5ccccc5)nc5sccn45)cc3)cc21,ca9b6d1a8653ad51,8
,,,CC1(C)c2ccccc2-c2ccc(-c3ccc(-c4ccc5c(c4)C(C)(C)c4ccccc4-5)c4nsnc34)cc21,aef5e77c0edce531,8
,,,CC1(C)c2ccccc2-c2ccc(-c3ccc4sc5ccc(-c6ccc7c(c6)C(C)(C)c6ccccc6-7)cc5c(=O)c4c3)cc21,09b3a2139cc7a498,8
,,,CC1(C)c2ccccc2-c2ccc(C#Cc3ccccc3)cc21,3cf022abb9ebb8e9,1
,,,CC1(C)c2cc(N(c3ccccc3)c3ccccc3)ccc2N(c2ccc(S(=O)(=O)c3ccc(N4c5ccc(N(c6ccccc6)c6ccccc6)cc5C(C)(C)c5cc(N(c6ccccc6)c6ccccc6)ccc54)cc3)cc2)c2ccc(N(c3ccccc3)c3ccccc3)cc21,b856a403e4602f12,4
,,,CC1(C)c2ccccc2-c2ccc(N(c3ccc(/N=N/c4ccc(C#N)cc4)cc3)c3ccc4c(c3)C(C)(C)c3ccccc3-4)cc21,c4786b1759ef3c85,7
,,,CC1(C)c2ccccc2-c2ccc(N(c3ccc(/N=N/c4ccc([N+](=O)[O-])cc4)cc3)c3ccc4c(c3)C(C)(C)c3ccccc3-4)cc21,44e58e0b060d7624,7
,,,CC1(C)c2ccccc2-c2ccc(N(c3ccc(/N=N/c4ccncc4)cc3)c3ccc4c(c3)C(C)(C)c3ccccc3-4)cc21,346c2e1b36e5a4b4,5
,,,CC1(C)c2ccccc2-c2ccc(N(c3ccc(/N=N/c4ccccc4)cc3)c3ccc4c(c3)C(C)(C)c3ccccc3-4)cc21,4be82c8facba1437,12
,,,CC1(C)c2ccccc2C(c2nc(-c3ccccc3)nc(-c3ccccc3)n2)c2c1ccc1c2c2ccccc2n1-c1ccccc1,c80536817cf3a1fe,7
,,,CC1(C)c2ccccc2N(c2ccc(-c3c(C#N)c(-c4cccnc4)nc(-c4cccnc4)c3C#N)cc2)c2ccccc21,ec58f1d143772757,13
,,,CC1(C)c2ccccc2N(c2ccc(-c3cc(-c4ccccc4)nc(-c4ccccc4)n3)cc2)c2c1ccc1c2c2ccccc2n1-c1ccccc1,43efa43c722f99b4,4
,,,CC1(C)c2ccccc2N(c2ccc(-c3cc(-c4ccccc4)nc(-c4ccccc4)n3)cc2)c2c1ccc1c2oc2ccccc21,77842c39df00fbf0,8
,,,CC1(C)c2ccccc2N(c2ccc(-c3cc(-c4ccccc4)nc(-c4ccccc4)n3)cc2)c2c1ccc1c2sc2ccccc21,747cb95aceb01630,9
,,,CC1(C)c2ccccc2N(c2ccc(-c3cc(-c4ccccc4)nc(-c4ccccc4)n3)cc2)c2ccccc21,00f855162483233e,8
,,,CC1(C)c2ccccc2N(c2ccc(-c3nc(-c4ccccc4)nc(-c4ccccc4)n3)cc2)c2c1ccc1c2oc2ccccc21,6e53795ea2de96d0,3
,,,CC1(C)c2ccccc2N(c2ccc(-c3nc(-c4ccccc4)nc(-c4ccccc4)n3)cc2)c2c1ccc1c2sc2ccccc21,8756fcc94d62810e,3
,,,CC1(C)c2ccccc2N(c2ccc(-c3nc(-c4ccccc4)cc(-c4ccccc4)n3)cc2)c2ccccc21,f75030793e692853,7
,,,CC1(C)c2ccccc2N(c2ccc(-c3nc(-c4ccccc4)nc(-c4ccccc4)n3)cc2)c2ccccc21,20a08598f71eadd9,2
,,,CC1(C)c2ccccc2N(c2ccc(-c3cc(C#N)cc(-c4ccc(N5c6ccccc6C(C)(C)c6ccccc65)cc4)n3)cc2)c2ccccc21,e9f9ac287d039a8e,7
,,,CC1(C)c2ccccc2N(c2ccc(-c3nc4ccccc4nc3-c3ccc(N4c5ccccc5C(C)(C)c5ccccc54)cc3)cc2)c2ccccc21,752407aae869153d,2
,,,CC1(C)c2ccccc2N(c2ccc(-c3nnc(-c4ccc(-n5c6ccccc6c6ccccc65)cc4)o3)cc2)c2ccccc21,d75e04c4c33569f5,4
,,,CC1(C)c2ccccc2N(c2ccc(-c3nc4cccnc4nc3-c3ccc(N4c5ccccc5C(C)(C)c5ccccc54)cc3)cc2)c2ccccc21,e4c65773f8608648,4
,,,CC1(C)c2ccccc2N(c2ccc(C(=O)c3ccncc3)cc2)c2ccccc21,7c92a839c51015ce,6
,,,CC1(C)c2ccccc2N(c2ccc(-c3nc(-c4ccccn4)n(-c4ccc(N5c6ccccc6C(C)(C)c6ccccc65)cc4)n3)cc2)c2ccccc21,45e227857b111929,6
,,,CC1(C)c2ccccc2N(c2ccc(C(=O)/C=C(\O)c3ccc(N4c5ccccc5C(C)(C)c5ccccc54)cc3)cc2)c2ccccc21,efac7ed7136eb6df,8
,,,CC1(C)c2ccccc2N(c2ccc(C(=O)c3cc(-n4c5ccccc5c5ccccc54)cc(-n4c5ccccc5c5ccccc54)c3)cc2)c2ccccc21,7534df95444a7c05,7
,,,CC1(C)c2ccccc2N(c2ccc(N3c4ccccc4C(C)(C)c4ccccc43)c3nc(-c4ccccc4)c(-c4ccccc4)nc23)c2ccccc21,5bdb66c92ec4fade,3
,,,CC1(C)c2ccccc2N(c2ccc(S(=O)(=O)c3ccccc3)cc2)c2ccccc21,2b0fd02ca1be8eed,6
,,,CC1(C)c2ccccc2N(c2ccc(N3c4ccccc4C(C)(C)C4C=CC=CC43)c3nsnc23)c2ccccc21,dc7ac495bee1524a,9
,,,CC1(C)c2ccccc2N(c2ccc(C(=O)c3nc4ccccn4c3-c3ccccc3)cc2)c2ccccc21,f0089822b375099c,12
,,,CC1(C)c2ccccc2N(c2ccc(C(=O)c3cccc(C(=O)c4ccc(N5c6ccccc6C(C)(C)c6ccccc65)cc4)n3)cc2)c2ccccc21,d362b8ff750d0d8e,7
,,,CC1(C)c2ccccc2N(c2ccc(S(=O)(=O)c3cccc(N4c5ccccc5C(C)(C)c5ccccc54)c3)cc2)c2ccccc21,22e8f6ceb4468075,4
,,,CC1(C)c2ccccc2N(c2ccc(S(=O)(=O)c3ccccc3N3c4ccccc4C(C)(C)c4ccccc43)cc2)c2ccccc21,5b92ddb980ce2a58,5
,,,CC1(C)c2ccccc2N(c2ccc3c(c2)-c2cc(N4c5ccccc5C(C)(C)c5ccccc54)ccc2P3(=O)c2ccccc2)c2ccccc21,e5c89d4521bcd1bd,4
,,,CC1(C)c2ccccc2N(c2ccccc2)c2ccc(-c3ccc(C#N)c4nsnc34)cc21,e570d761411381aa,4
,,,CC1(C)c2ccccc2N(c2ccc3c(c2)-c2ccccc2S3(=O)=O)c2c(-c3ccccc3)cccc21,9b1c0ba361c86ee5,8
,,,CC1(C)c2ccccc2N(c2cnc3nc(-c4ccccc4)c(-c4ccccc4)nc3c2)c2ccccc21,d5aa5be435e60e2c,5
,,,CC1(C)c2ccccc2N(c2ccc(C(=O)C(=O)c3ccc(N4c5ccccc5C(C)(C)C5C=CC=CC54)cc3)cc2)C2C=CC=CC21,f66688fb824e7f9c,13
,,,CC1(C)c2ccccc2N(c2ccccc2S(=O)(=O)c2ccccc2N2c3ccccc3C(C)(C)c3ccccc32)c2ccccc21,ebe7336e1b89fa1b,4
,,,CC1(CC2(CC3(C)COC3)c3ccccc3-c3ccc(-n4c5ccccc5c5ccccc54)cc32)COC1,5f5f110007ac6d0a,1
,,,CC1(CC2(CC3(C)COC3)c3ccccc3-c3ccc(N(c4ccccc4)c4ccccc4)cc32)COC1,3429e2326db75033,1
,,,CC1(C)c2ccccc2N(c2nc(-c3ccccc3)nc(-c3ccccc3)n2)c2cc3c4ccccc4n(-c4ccccc4)c3cc21,b5adb587a9b94b1a,6
,,,CC1(C)c2ccccc2N(c2cccc(S(=O)(=O)c3ccccc3N3c4ccccc4C(C)(C)c4ccccc43)c2)c2ccccc21,b11069d858f77a39,10
,,,CC1(C)c2ccccc2N(c2cccc(S(=O)(=O)c3cccc(N4c5ccccc5C(C)(C)c5ccccc54)c3)c2)c2ccccc21,bac1ae60a1301a04,12
,,,CC1(CC2(CC3(C)COC3)c3cc(-n4c5ccccc5c5ccccc54)ccc3-c3ccc(-n4c5ccccc5c5ccccc54)cc32)COC1,c1870ad334aca443,3
,,,CC1(CN(/N=C/c2scc3c2OCCO3)c2ccccc2)COC1,b85c10482745e23b,17
,,,CC1(CN(/N=C/c2ccc(N(c3ccccc3)c3ccccc3)cc2)c2ccccc2)COC1,ab75422e87c28936,16
,,,CC1(C)c2ccccc2S(=O)(=O)c2ccc(-c3ccc4ccc5c(-c6cc(-c7ccccc7)cc(-c7ccccc7)c6)ccc6ccc3c4c65)cc21,88bca911cb6da276,13
"3,6-dimethyl-n-(pentan-3-yl)-2-(2,4,6-trimethylphenoxy)pyridin-4-amine",DTXSID0047298,175140-00-8,CCC(CC)Nc1cc(C)nc(Oc2c(C)cc(C)cc2C)c1C,b4ec9e0d15463db7,4
,,,CC1Cc2cc(/C=C/C3=CC(=C(C#N)C#N)C=C(C(C)(C)C)O3)ccc2N1c1ccc(C(C)(C)C)cc1,d4610d4c8d8aa90a,16
,,,CCC(C)n1c2cc3c(cc2c2cc4c(cc21)-c1ccccc1C4(C)CC)C(C)(CC)c1ccccc1-3,f9b96ff6545c53fb,9
,,,CCC(C)C1(C(C)CC)c2ccccc2-c2ccc(-c3ccc4c(c3)C(C(C)CC)(C(C)CC)c3cc(-c5ccc6c(c5)C(C(C)CC)(C(C)CC)c5ccccc5-6)ccc3-4)cc21,a3ef2ce37ce444c9,1
,,,CC1(Cn2cc(C(c3cn(CC4(C)COC4)c4ccccc34)c3cn(CC4(C)COC4)c4ccccc34)c3ccccc32)COC1,38b0ec431b8226f3,14
,,,CCC1(CC)c2cc(-c3ccc(-c4ccccc4)cc3-c3ccccc3)ccc2-c2nc3c(nc21)-c1ccc(-c2ccc(-c4ccccc4)cc2-c2ccccc2)cc1C3(CC)CC,95f2931eab73165e,1
,,,CCC(C)C1(C(C)CC)c2ccccc2-c2ccc(-c3ccc(-c4ccc(-c5ccc6c(c5)C(C(C)CC)(C(C)CC)c5ccccc5-6)s4)s3)cc21,750dfdf027192180,2
,,,CCC1(CC)c2cc(-c3ccc(-c4nc5ccccc5n4-c4ccccc4)cc3)ccc2-c2ccc(N(c3ccccc3)c3ccccc3)cc21,34c4a8915ae38945,9
,,,CCC1(CC)c2ccccc2-c2ccc(-c3ccc4c(c3)C(CC)(CC)c3ccccc3-4)cc21,21fc4650b7dbe819,10
,,,CCC1(CC)c2ccccc2-c2ccc(-c3ccc4c(c3)C(CC)(CC)c3cc(-c5ccc6c(c5)C(CC)(CC)c5ccccc5-6)ccc3-4)cc21,44419cded22d7e64,3
,,,CCC1(C)c2ccccc2N(c2ccc(C(=O)c3ccc(C(=O)c4ccc(N5c6ccccc6C(C)(C)c6ccccc65)cc4)nc3)cc2)c2ccccc21,62f385d380d064d6,11
,,,CCC1(CC)c2ccccc2-c2ccc(-c3ccc(N(c4ccc(-c5ccc6c(c5)C(CC)(CC)c5ccccc5-6)cc4)c4ccc(-c5ccc6c(c5)C(CC)(CC)c5ccccc5-6)cc4)cc3)cc21,545cf2438d83fec9,1
,,,CCC(C)n1c2ccccc2c2ccc(-c3ccc4c5ccc(-c6ccc7c8ccccc8n(C(C)CC)c7c6)cc5n(C(C)CC)c4c3)cc21,32ef86f034fdb5aa,16
,,,CCC1(CC)c2ccccc2-c2ccc(-c3nc4ccccc4nc3-c3ccc(N(c4ccccc4)c4cccc5ccccc45)cc3)cc21,5868fd6747b42ab4,2
,,,CCC1(CC)c2ccccc2-c2ccc(-c3nc4ccccc4nc3-c3ccc(N(c4ccccc4)c4c5ccccc5cc5ccccc45)cc3)cc21,2f52cf9a29a6210e,8
,,,CCC1(CC)c2ccccc2-c2ccc(-c3nc4ccccc4nc3-c3ccc(N(c4ccccc4)c4ccc5c(c4)C(CC)(CC)c4ccccc4-5)cc3)cc21,27565b99715a0a17,4
,,,CCC1(CC)c2ccccc2-c2ccc(-c3ccc([Si](c4ccccc4)(c4ccccc4)c4ccc(-c5ccc6c(c5)C(CC)(CC)c5ccccc5-6)cc4)cc3)cc21,b4012adb985027cf,10
,,,CCC(C)CC1(CC(C)CC)c2ccccc2-c2ccc(-c3ccc(-c4ccc(-c5ccc(-c6ccc7c(c6)C(CC(C)CC)(CC(C)CC)c6ccccc6-7)s5)c5nsnc45)s3)cc21,c8c4b466cf417fe1,6
,,,CCCC(C)(C)[Si](C)(C)N1C(=O)C=CC1=O,85ffa34f91f5e4cc,9
,,,CCC1(CC)c2ccccc2-c2ccc(-n3c4ccccc4c4cc(-c5ccc6c(c5)c5ccccc5n6CC5(C)COC5)ccc43)cc21,1d5ab783ec1adeef,12
,,,CCC1(CC)c2ccccc2-c2ccc(-c3nc4ccccc4nc3-c3ccc(N(c4ccccc4)c4ccc5ccc6cccc7ccc4c5c67)cc3)cc21,f3124425e57245ad,10
"3,3',3''-[benzene-1,3,5-triyltris(oxymethylene)]tris(3-ethyloxetane)",DTXSID70727156,807343-57-3,CCC1(COc2cc(OCC3(CC)COC3)cc(OCC3(CC)COC3)c2)COC1,b0e092680c3fa1a2,15
,,,CCC1(COCCCCCCn2c3ccc(N(c4ccccc4)c4cccc(C)c4)cc3c3cc(N(c4ccccc4)c4cccc(C)c4)ccc32)CCC1,3d72d9f0b1c9dc76,6
,,,CCCC(n1ccc(-c2ccc3ccc4cccc5ccc2c3c45)n1)n1ccc(-c2ccc3ccc4cccc5ccc2c3c45)n1,11672ed3672ac962,2
,,,CCC1(COCCCCCCn2c3ccc(N4c5ccccc5Sc5ccccc54)cc3c3cc(N4c5ccccc5Sc5ccccc54)ccc32)CCC1,5bed3e82e6b053c7,7
,,,CCCC(CCC)(c1cccc(C=C(C#N)C#N)c1)c1cccc(N(c2ccc(OC)cc2)c2ccc(OC)cc2)c1,08e78c5ee117914e,9
,,,CCC1(COCCCCCCn2c3ccc(-n4c5ccccc5c5ccccc54)cc3c3cc(-n4c5ccccc5c5ccccc54)ccc32)CCC1,41a144360803fc1a,13
,,,CCCC1CCC(c2ccc(-c3ccc(/C=C/c4ccc(N(c5ccccc5)c5ccccc5)cc4)cc3)cc2)CC1,b364c9ea4a82b333,2
,,,CCCC1(CCC)c2cc(-c3ccc(-c4ccc(OCCC(C)CC)cc4)s3)ccc2-c2ccc(-c3ccc(-c4ccc(OCCC(C)CC)cc4)s3)cc21,b5694341d508c55c,11
,,,CCCC/C=C/CCOc1ccc(-c2ccc(-c3ccc4c(c3)C(CCC)(CCC)c3cc(-c5ccc(-c6ccc(OCC/C=C/CCCC)cc6)s5)ccc3-4)s2)cc1,42f0889ddf57ec2a,5
,,,CCCC1(CCC)c2cc(C#Cc3cc(F)c(C#Cc4cc(-c5ccccn5)nc(-c5ccccn5)c4)cc3F)ccc2-c2ccc(C#Cc3cc(F)c(C#Cc4cc(-c5ccccn5)nc(-c5ccccn5)c4)cc3F)cc21,00365a313a33763c,5
,,,CCCC1(CCC)c2cc(-c3ccc(-c4ccc(OCCC(C)CCCC(C)C)cc4)s3)ccc2-c2ccc(-c3ccc(-c4ccc(OCCC(C)CCCC(C)C)cc4)s3)cc21,514ae1d0aac39adf,6
,,,CCCC1(CCC)c2cc(C#Cc3ccc(C#Cc4cc(-c5ccccn5)nc(-c5ccccn5)c4)cc3)ccc2-c2ccc(C#Cc3ccc(C#Cc4cc(-c5ccccn5)nc(-c5ccccn5)c4)cc3)cc21,6bf1d823d67a2ee4,5
,,,CCCC1(CCC)c2cc(C#Cc3cc(C#Cc4cc(-c5ccccn5)nc(-c5ccccn5)c4)ccc3C)ccc2-c2ccc(C#Cc3cc(C)c(C#Cc4cc(-c5ccccn5)nc(-c5ccccn5)c4)cc3C)cc21,5742b9441d448f72,2
,,,CCCCC(CC)CN(CC(CC)CCCC)c1ccc(/C=C/C2=C(C#N)C(=C(C#N)C#N)OC2(CCCC)CCCC)cc1,2195a29b583d1aff,5
,,,CCCCC(CC)CC1(CC(CC)CCCC)c2ccccc2-c2ccc(-c3ccc4c(c3)C(CC(CC)CCCC)(CC(CC)CCCC)c3ccccc3-4)cc21,2078935611db4e9c,9
,,,CCCCC(CC)CC1c2ccc(-c3ccc4c(c3)c3cc(-n5c6ccccc6c6ccccc65)ccc3n4CC(CC)CCCC)cc2-c2cc(-n3c4ccccc4c4ccccc43)ccc21,a12a79a2b1d4b6e7,7
,,,CCCCC(CC)CN(c1ccc(N(c2ccccc2)c2ccc(/C=N/N(C)c3ccccc3)cc2)cc1)c1ccc(N(c2ccccc2)c2ccc(/C=N/N(C)c3ccccc3)cc2)cc1,62f264786d9fa60a,2
,,,CCCCC(CC)CC1(CC(CC)CCCC)c2ccccc2-c2ccc(-c3ccc(-c4ccc(-c5ccc6c(c5)C(CC(CC)CCCC)(CC(CC)CCCC)c5ccccc5-6)s4)s3)cc21,cfb006c2505952e6,4
,,,CCCCC(CC)CN1C(=O)c2cccc3c(/C=C/c4ccc(N(c5ccccc5)c5ccccc5)cc4)ccc(c23)C1=O,26d7a868364dac8e,15
,,,CCCCC(CC)CN1C(=O)c2ccc3c4c(-c5ccc(N(c6ccccc6)c6ccccc6)cc5)cc5c6c(ccc(c7c(-c8ccc(N(c9ccccc9)c9ccccc9)cc8)cc(c2c37)C1=O)c64)C(=O)N(CC(CC)CCCC)C5=O,4719e9a3c574fa7b,4
,,,CCCCC(CC)CN1C(=O)c2cccc3c(/C=C/c4ccc(N(c5ccccc5)c5ccc(/C=C/c6ccc7c8c(cccc68)C(=O)N(CC(CC)CCCC)C7=O)cc5)cc4)ccc(c23)C1=O,f2678cb9e630f3ec,2
,,,CCCCC(CC)CN1c2ccc(/C=N/N(c3ccccc3)c3ccccc3)cc2Sc2cc(/C=N/N(c3ccccc3)c3ccccc3)ccc21,2f961fd589b25e5b,11
,,,CCCCC(CC)CN1c2ccccc2Sc2cc(/C=N/N(c3ccccc3)c3ccccc3)ccc21,fc497a23eff6d70c,16
,,,CCCCC(CC)CN1c2ccccc2Sc2cc(/C=C/c3ccc4c(c3)Sc3ccccc3N4CC(CC)CCCC)ccc21,f468192e1ea05e30,12
,,,CCCCC(CC)COc1cc(-c2ccccc2C#N)c(OCC(CC)CCCC)cc1-c1ccccc1C#N,a913ac4f67530243,6
,,,CCCCC(CC)CN1c2ccccc2Sc2cc(/C=C/c3cccc(/C=C/c4ccc5c(c4)Sc4ccccc4N5CC(CC)CCCC)c3)ccc21,17f004e678d70cbb,9
,,,CCCCC(CC)CN1C(=O)c2cccc3c(/C=C/c4ccc(N(c5ccc(/C=C/c6ccc7c8c(cccc68)C(=O)N(CC(CC)CCCC)C7=O)cc5)c5ccc(/C=C/c6ccc7c8c(cccc68)C(=O)N(CC(CC)CCCC)C7=O)cc5)cc4)ccc(c23)C1=O,ced9e901e69de335,1
,,,CCCCC(CC)Cn1c2cc3c(cc2c2cc4c(cc21)-c1ccccc1C4(C)CC)C(C)(CC)c1ccccc1-3,72fb9e31ef1be4eb,6
,,,CCCCC(CC)CN1c2ccccc2Sc2cc(/C=C/c3ccc(-c4ccc(/C=C/c5ccc6c(c5)Sc5ccccc5N6CC(CC)CCCC)cc4)cc3)ccc21,61c0defb9e7c0fd1,14
,,,CCCCC(CC)CN1c2ccccc2Sc2cc(N(c3ccccc3)c3ccc(-c4ccc5c(c4)c4ccccc4n5-c4ccc5c(c4)Sc4ccccc4N5CC(CC)CCCC)cc3)ccc21,dcdfce4d3726659b,8
,,,CCCCC(CC)CS(=O)(=O)c1ccc(/C=C/c2ccc(N(c3ccccc3)c3ccccc3)cc2)cc1,8113abc99f78002e,15
,,,CCCCC(CC)Cn1c(/C=C/c2ccc(/C=C/c3nc(C#N)c(C#N)n3CC(CC)CCCC)nc2)nc(C#N)c1C#N,d5e32053e50a2586,6
,,,CCCCC(CC)CS(=O)(=O)c1ccc(/C=C/c2ccc(/C=C/c3ccc(N(c4ccccc4)c4ccccc4)cc3)cc2)cc1,fe6999b5cb574b30,17
,,,CCCCC(CC)CS(=O)(=O)c1ccc(/C=C/c2ccc(N(c3ccccc3)c3ccc(/C=C/c4ccc(S(=O)(=O)CC(CC)CCCC)cc4)cc3)cc2)cc1,20927a34becd109a,2
,,,CCCCC(CC)Cn1c2cc(-n3c4ccccc4c4ccccc43)ccc2c2ccc(-n3c4ccccc4c4ccccc43)cc21,1177ba8d0578e231,14
,,,CCCCC(CC)Cn1c2ccc(-n3ccc4ccccc43)cc2c2cc(-n3ccc4ccccc43)ccc21,98a43708e98eb757,15
,,,CCCCC(CC)Cn1c2ccc(-n3cc(/C=N/N(C)c4ccccc4)c4ccccc43)cc2c2cc(-n3cc(/C=N/N(C)c4ccccc4)c4ccccc43)ccc21,cc1849467b6211a9,1
,,,CCCCC(CC)Cn1c2ccc(/C=N/n3c4ccccc4c4ccccc43)cc2c2cc(/C=N/n3c4ccccc4c4ccccc43)ccc21,3df73d2abf6f95bd,11
,,,CCCCC(CC)Cn1c2ccc(N(c3ccccc3)c3ccccc3)cc2c2cc(-n3c4ccccc4c4ccccc43)ccc21,4e451f50046eaae8,17
,,,CCCCC(CC)Cn1c2ccc(N(c3ccccc3)c3ccccc3)cc2c2cc(N(c3ccccc3)c3ccc(/C=N/N(C)c4ccccc4)cc3)ccc21,5885420f09207c84,6
,,,CCCCC(CC)Cn1c2ccccc2c2cc(/C=C(\C#N)c3ccc([N+](=O)[O-])cc3)ccc21,172fa3eb97936563,22
,,,CCCCC(CC)Cn1c2ccccc2c2cc(/C=C/C3=C(C#N)C(=C(C#N)C#N)OC3(C)C)ccc21,528b23c8f875e345,11
,,,CCCCC(CC)Cn1c2ccc(N(c3ccccc3)c3ccc(/C=N/N(c4ccccc4)c4ccccc4)cc3)cc2c2cc(N(c3ccccc3)c3ccc(/C=N/N(c4ccccc4)c4ccccc4)cc3)ccc21,842035ec6c33ac90,2
,,,CCCCC(CC)Cn1c2ccccc2c2ccc(-n3c4ccccc4c4ccccc43)cc21,949ac8ce49150b59,19
,,,CCCCC(CC)Cn1c2ccccc2c2ccc(-c3ccc4c5ccccc5n(CC(CC)CCCC)c4c3)cc21,5de5fbe9e261559d,11
,,,CCCCC(CC)CS(=O)(=O)c1ccc(/C=C/c2ccc(N(c3ccc(/C=C/c4ccc(S(=O)(=O)CC(CC)CCCC)cc4)cc3)c3ccc(/C=C/c4ccc(S(=O)(=O)CC(CC)CCCC)cc4)cc3)cc2)cc1,f0c12f96f2d0863c,5
,,,CCCCC1(C)c2ccccc2-c2cc3c(cc21)c1cc2c(cc1n3C(C)CC)-c1ccccc1C2(C)CCCC,31c53e90d7c7238e,5
,,,CCCCC(CC)Cn1c2ccccc2c2cc(N(c3ccc4c(c3)c3ccccc3n4CC)c3ccc4c(c3)c3ccccc3n4CC(CC)CCCC)ccc21,4c355670f65d1ee8,15
,,,CCCCC(CC)Cn1ccc2c(-n3c4ccccc4c4cc(-c5ccc6c(c5)c5ccccc5n6-c5cccc6c5ccn6CC(CC)CCCC)ccc43)cccc21,064544a06fc52265,11
,,,CCCCC1(CCCC)c2cc(-c3ccc(-c4ccc5c(c4)C(CCCC)(CCCC)c4cc(N(c6ccccc6)c6ccccc6)ccc4-5)cc3)ccc2-c2ccc(N(c3ccccc3)c3ccccc3)cc21,45a6acee8c715ad4,5
,,,CCCCC(CC)CNC(=O)c1nc2c3nc(C(=O)NCC(CC)CCCC)c(C(=O)NCC(CC)CCCC)nc3c3nc(C(=O)NCC(CC)CCCC)c(C(=O)NCC(CC)CCCC)nc3c2nc1C(=O)NCC(CC)CCCC,d9b4855eb9fcf695,8
,,,CCCCC1(CCCC)c2cc(-c3ccc4c(c3)C(CCCC)(CCCC)c3cc(N(c5ccccc5)c5ccccc5)ccc3-4)ccc2-c2ccc(-c3c4ccccc4cc4ccccc34)cc21,3dbc8c78751749d1,2
,,,CCCCC(CCCC)(c1cccc(-c2ccc3sc4ccc(-c5ccc6c(c5)C(CCCC)(CCCC)c5cc(N(c7ccccc7)c7ccccc7)ccc5-6)cc4c3c2)c1)c1cccc(N(c2ccccc2)c2ccccc2)c1,3303dae942e4ea4f,4
,,,CCCCC1(CCCC)c2ccccc2-c2ccc(-c3ccc4c(c3)C(CCCC)(CCCC)c3cc(N(c5ccccc5)c5ccccc5)ccc3-4)cc21,d9912c4902c2c8e5,5
,,,CCCCC1(CCCC)c2cc(-c3ccc(-c4ccc(-c5ccc6c(c5)C(CCCC)(CCCC)c5cc(N(c7ccccc7)c7ccccc7)ccc5-6)s4)s3)ccc2-c2ccc(N(c3ccccc3)c3ccccc3)cc21,98d6ffaf47063950,5
,,,CCCCC1(CCCC)c2ccccc2-c2ccc(-c3ccc([Si](c4ccccc4)(c4ccccc4)c4ccc(-c5ccc6c(c5)C(CCCC)(CCCC)c5ccccc5-6)cc4)cc3)cc21,e5adb8579a4ea6c0,3
,,,CCCCC1(CCCC)c2cc(-c3ccc4c(c3)-c3cc(-c5ccc6c(c5)C(CCCC)(CCCC)c5cc(N(c7ccccc7)c7ccccc7)ccc5-6)ccc3S4(=O)=O)ccc2-c2ccc(N(c3ccccc3)c3ccccc3)cc21,ead7d2b6da8bbe48,5
,,,CCCCC1(CCCC)c2cc(-c3ccc(-c4ccc5c(c4)C(CCCC)(CCCC)c4cc(N(c6ccccc6)c6ccccc6)ccc4-5)s3)ccc2-c2ccc(N(c3ccccc3)c3ccccc3)cc21,a7ed4a7055fdd129,6
,,,CCCCC1(CCCC)c2cc(-c3ccc4c(c3)C(CCCC)(CCCC)c3cc(N(c5ccccc5)c5ccccc5)ccc3-4)ccc2-c2ccc(N(c3ccccc3)c3ccccc3)cc21,84f7978b241da6fd,10
,,,CCCCC1(CCCC)c2cc(-c3ccc(-c4ccc(-c5ccc(-c6ccc7c(c6)C(CCCC)(CCCC)c6cc(N(c8ccccc8)c8ccccc8)ccc6-7)s5)s4)s3)ccc2-c2ccc(N(c3ccccc3)c3ccccc3)cc21,ae5b7343e0bbd2e1,5
,,,CCCCCCC1(CCCCCC)c2cc(-c3ccc(-c4nnc(-c5ccc(C(C)(C)C)cc5)o4)cc3)ccc2-c2ccc(N(c3ccccc3)c3ccccc3)cc21,b402ec53f619e3af,4
,,,CCCCCCC1(CCCCCC)c2cc(-c3ccc(C#N)cc3)ccc2-c2ccc(-n3c4ccccc4c4ccccc43)cc21,26a8978e742dc533,2
,,,CCCCC1(CCCC)c2cc(C3=CC=C(c4ccc5c(c4)C(CCCC)(CCCC)c4cc(N(c6ccccc6)c6ccccc6)ccc4-5)S3(=O)=O)ccc2-c2ccc(N(c3ccccc3)c3ccccc3)cc21,2fb664f12acb1112,5
,,,CCCCCCC1(CCCCCC)OC(=C(C#N)C#N)C(C#N)=C1/C=C/c1ccc(/C=C/c2ccc(N(CC(CC)CCCC)CC(CC)CCCC)cc2)cc1,5efabc8f6788c2f9,5
,,,CCCCCCC1(CCCCCC)OC(=C(C#N)C#N)C(C#N)=C1/C=C/c1ccc(/C=C/c2ccc(N(CC(CC)CCCC)CC(CC)CCCC)cc2)s1,07c726d81b57a2b6,4
,,,CCCCCCC1(CCCCCC)OC(=C(C#N)C#N)C(C#N)=C1/C=C/c1ccc(N(CC(CC)CCCC)CC(CC)CCCC)cc1,f2570ed053dbc7ab,4
,,,CCCCCCC1(CCCCCC)c2cc(-c3ccc(-n4c5ccccc5c5ccccc54)s3)ccc2-c2ccc(-c3ccc(-n4c5ccccc5c5ccccc54)s3)cc21,8d2123beab416603,4
,,,CCCCCCC1(CCCCCC)c2cc(-n3c4ccccc4c4ccccc43)ccc2-c2ccc(-n3c4ccccc4c4ccccc43)cc21,a69972aece3ee759,2
,,,CCCCCCC1(CCCCCC)c2cc(-c3ccc(-c4ccc(-n5c6ccccc6c6ccccc65)s4)s3)ccc2-c2ccc(-c3ccc(-c4ccc(-n5c6ccccc6c6ccccc65)s4)s3)cc21,96383848034ae30a,3
,,,CCCCCCC1(CCCCCC)c2cc(-c3ccc(C#N)cc3)ccc2-c2ccc(-c3ccc4c(c3)C(CCCCCC)(CCCCCC)c3cc(-n5c6ccccc6c6ccccc65)ccc3-4)cc21,4334bf94eebf2c85,6
,,,CCCCCCC1(CCCCCC)c2cc(-c3ccc(N(c4ccccc4)c4ccccc4)cc3)ccc2-c2ccc(-c3ccc(N(c4ccccc4)c4ccccc4)cc3)cc21,ca118f9e1a9da2db,8
,,,CCCCCCC1(CCCCCC)c2cc(-c3ccc4c(c3)C(CCCCCC)(CCCCCC)c3cc(-n5c6ccccc6c6ccccc65)ccc3-4)ccc2-c2ccc(-n3c4ccccc4c4ccccc43)cc21,c5fc0eddbc6f4623,1
,,,CCCCCCC1(CCCCCC)c2cc(-c3ccc(-c4cccs4)s3)ccc2-c2c1c1c(c3c2C(CCCCCC)(CCCCCC)c2cc(-c4ccc(-c5cccs5)s4)ccc2-3)C(CCCCCC)(CCCCCC)c2cc(-c3ccc(-c4cccs4)s3)ccc2-1,93c78f5e5a5325ab,1
,,,CCCCCCC1(CCCCCC)c2cc(/C=C/c3ccc4c(c3)C(=O)N(C3CCCCC3)C4=O)ccc2-c2ccc(/C=C/c3ccc4c(c3)C(=O)N(C3CCCCC3)C4=O)cc21,c3ceb6b85d0bc4a4,2
,,,CCCCCCC1(CCCCCC)c2ccccc2-c2ccc(-c3c4ccccc4c(-c4ccc(N(c5ccccc5)c5ccccc5)cc4)c4ccccc34)cc21,fc12d8f70d2844fd,5
,,,CCCCCCC1(CCCCCC)c2cc(-c3ccccc3)ccc2-c2c1c1c(c3c2C(CCCCCC)(CCCCCC)c2cc(-c4ccccc4)ccc2-3)C(CCCCCC)(CCCCCC)c2cc(-c3ccccc3)ccc2-1,cca9b6dce1193160,2
,,,CCCCCCC1(CCCCCC)c2cc(-c3cccs3)ccc2-c2c1c1c(c3c2C(CCCCCC)(CCCCCC)c2cc(-c4cccs4)ccc2-3)C(CCCCCC)(CCCCCC)c2cc(-c3cccs3)ccc2-1,2451a06d4f66de1d,2
,,,CCCCCCCCCCC#Cc1ccc2c(c1)C(C)(C)c1ccccc1-2,7a8068d7e8e66e98,8
,,,CCCCCCCCC1(CCCCCCCC)c2cc(-n3c4ccccc4c4ccccc43)ccc2-c2ccc(-n3c4ccccc4c4ccccc43)cc21,76048baac434af18,3
,,,CCCCCCC1(CCCCCC)c2ccccc2-c2ccc(-c3ccc4c(c3)C(=O)c3cc(-c5ccc6c(c5)C(CCCCCC)(CCCCCC)c5ccccc5-6)ccc3-4)cc21,ab51e80098b06994,1
,,,CCCCCCC1(CCCCCC)c2ccccc2-c2ccc(-c3ccc(P(=O)(c4ccccc4)c4ccc(-c5ccc6c(c5)C(CCCCCC)(CCCCCC)c5ccccc5-6)cc4)cc3)cc21,e0874746adcd5eb8,4
,,,CCCCCCCCCCOc1cc(-c2nnc(-c3ccc(C)cc3)o2)cc(-c2nnc(-c3ccc(C)cc3)o2)c1,0b61ea6b38ef8ce5,11
"anthracene, 2,3-bis(decyloxy)-",DTXSID40453677,134589-26-7,CCCCCCCCCCOc1cc2cc3ccccc3cc2cc1OCCCCCCCCCC,9a65edfea6758591,5
,,,CCCCCCC1(CCCCCC)c2ccccc2-c2ccc(-n3c4ccccc4c4cc(-c5ccc6c(c5)c5ccccc5n6-c5ccc6c(c5)C(CCCCCC)(CCCCCC)c5ccccc5-6)ccc43)cc21,e6d6f191e8b43e0e,2
,,,CCCCCCCCOc1cc(/C=C/c2ccc(C#N)cc2)c(OCCCCCCCC)cc1/C=C/c1ccncc1,adb2ada8e8de43e1,2
,,,CCCCCCCCC1(CCCCCCCC)c2ccc(-c3c4ccccc4c(-c4ccc5ccccc5c4)c4ccccc34)cc2-c2ccc(-c3c4ccccc4c(-c4ccc5ccccc5c4)c4ccccc34)cc21,7cd3a66c6c5c3483,3
,,,CCCCCCC1(CCCCCC)c2ccccc2-c2ccc(-c3ccc(-c4ccc(-c5ccc(-c6ccc7c(c6)C(CCCCCC)(CCCCCC)c6ccccc6-7)s5)c5nsnc45)s3)cc21,0ab41867cd01f9cd,6
,,,CCCCCCCCCc1ccc(/C=C/c2cc(OCCCCCCCC)c(/C=C/c3ccncc3)cc2OCCCCCCCC)cc1,026c39fb55eb29f2,5
,,,CCCCCCCCCCC1(CCCCCCCCCC)c2cc(-c3ccc(-c4ccc(OCCCCCCCC)cc4)cc3)ccc2-c2ccc(-c3ccc(-c4ccc(OCCCCCCCC)cc4)cc3)cc21,15de77370b472a03,2
,,,CCCCCCCCOc1ccc(-c2ccc(-c3ccc4c(c3)C(CCC)(CCC)c3cc(-c5ccc(-c6ccc(OCCCCCCCC)cc6)s5)ccc3-4)s2)cc1,81f768d6b8e6c175,1
,,,CCCCCCCCn1c2ccc(-n3c4ccccc4c4ccccc43)cc2c2cc(-n3c4ccccc4c4ccccc43)ccc21,c7bec130b32334da,14
,,,CCCCCCCCc1ccc2c(c1)-c1cc3c(cc1C21c2ccccc2-c2ccccc21)-c1cc(CCCCCCCC)ccc1C31c2ccccc2-c2ccccc21,6cfc0c97f026a9ab,9
,,,CCCCCCCOc1cc(-c2nnc(-c3ccc(C)cc3)o2)cc(-c2nnc(-c3ccc(C)cc3)o2)c1,c178fdde7a1c7085,16
,,,CCCCCCCCOc1ccc(-c2ccc(-c3ccc4c(c3)C(CCC)(CCC)c3cc(-c5ccc(-c6ccc(OCCCCCCCC)cc6C)s5)ccc3-4)s2)c(C)c1,c26bf2217635b6e9,6
,,,CCCCCCCCOc1c(C)cc(-c2ccc(-c3ccc4c(c3)C(CCC)(CCC)c3cc(-c5ccc(-c6cc(C)c(OCCCCCCCC)c(C)c6)s5)ccc3-4)s2)cc1C,8efc771ec065df30,11
,,,CCCCCCCCn1c2ccccc2c2ccc(-c3ccc4c5ccc(-c6ccc7c8ccccc8n(CCCCCCCC)c7c6)cc5n(CCCCCCCC)c4c3)cc21,17d23dbba8c53324,9
,,,CCCCCCCCn1c2ccccc2c2ccc(-c3cccc(C(CCCCCC)(CCCCCC)c4cccc(-c5ccc6c7ccccc7n(CCCCCCCC)c6c5)c4)c3)cc21,93a7a6c72600debf,2
,,,CCCCCCCn1c2ccccc2c2cc(C3(c4ccc5c(c4)c4ccccc4n5CCCCCCC)c4cc(-c5c6ccccc6cc6ccccc56)ccc4-c4ccc(-c5c6ccccc6cc6ccccc56)cc43)ccc21,99a82a98ab8e27a4,2
,,,CCCCCCCCn1c2c(c3cc(-c4cc(-c5ccccc5)cc(-c5ccccc5)c4)cc(-c4cc(-c5ccccc5)cc(-c5ccccc5)c4)c31)=CC(c1cc(-c3ccccc3)cc(-c3ccccc3)c1)CC=2C1=CC(c2ccccc2)=CC(c2ccccc2)C1,b3291501261e1431,2
,,,CCCCCCN(c1ccccc1)c1ccc(C(c2ccc(N(c3ccccc3)c3ccccc3)cc2)c2ccc3c(c2)c2ccccc2n3CCCCCC)cc1,a5053b4c43f609fc,6
,,,CCCCCCC1(CCCCCC)c2cc(-c3sc(-c4scc5c4OCCO5)c4c3OCCO4)ccc2-c2c1c1c(c3c2C(CCCCCC)(CCCCCC)c2cc(-c4sc(-c5scc6c5OCCO6)c5c4OCCO5)ccc2-3)C(CCCCCC)(CCCCCC)c2cc(-c3sc(-c4scc5c4OCCO5)c4c3OCCO4)ccc2-1,b0686887fc313112,2
,,,CCCCCCOc1ccc2c(=O)c3c(c2c1)c1c(=O)c2ccc(OCCCCCC)cc2c1c1c(=O)c2ccc(OCCCCCC)cc2c31,bd7457bed031eab1,1
,,,CCCCCCCCOc1ccc(-c2ccc(-c3ccc(-c4ccc5c(c4)C(CCCCCCCC)(CCCCCCCC)c4cc(-c6ccc(-c7ccc(-c8ccc(OCCCCCCCC)cc8)s7)s6)ccc4-5)s3)s2)cc1,8fd9bfb3e36a813f,2
,,,CCCCCCN1c2ccc(/C=C/C3=C/C(=C/c4ccc(/C=C/C5=C(C#N)C(=C(C#N)C#N)OC5(C)C)s4)CC(C)(C)C3)cc2Sc2cc(/C=C/c3ccc(N(CC)CC)cc3)ccc21,252c9afebf76d9fa,1
,,,CCCCCCN(/N=C/c1ccc2c(c1)c1ccccc1n2CCCCCC)c1ccc(S(=O)(=O)c2ccc(N(CCCCCC)/N=C/c3ccc4c(c3)c3ccccc3n4CCCCCC)cc2)cc1,28c1fe112890775d,2
,,,CCCCCCCn1c2ccccc2c2cc(C3(c4ccc5c(c4)c4ccccc4n5CCCCCCC)c4cc(-c5ccc6ccc7cccc8ccc5c6c78)ccc4-c4ccc(-c5ccc6ccc7cccc8ccc5c6c78)cc43)ccc21,ff7a3b9b54b7a881,8
,,,CCCCCCc1ccc(-c2cc(-c3ccccc3)c3cc(N)ccc3n2)cc1,78042bebd74c6474,24
,,,CCCCCCOc1ccc2cc(-c3cc4cccc5ccc6cccc3c6c54)ccc2c1-c1c(OCCCCCC)ccc2cc(-c3cc4cccc5ccc6cccc3c6c54)ccc12,6568cb001c67ec77,3
,,,CCCCCCn1c(/C=C/C2=c3ccccc3=C(/C=C/c3nc(C#N)c(C#N)n3CCCCCC)C3C=CC=CC23)nc(C#N)c1C#N,88cfc316d05bb419,3
,,,CCCCCCCc1ccc2c(c1)-c1cc(OCCCCCC)ccc1C21c2ccccc2-c2ccc(-c3ccc4c(c3)C3(c5ccccc5-c5ccccc53)c3cc(-c5ccc6c(c5)C5(c7ccccc7-6)c6ccc(CCCCCCC)cc6-c6cc(OCCCCCC)ccc65)ccc3-4)cc21,4a95bf2012ad0dec,4
,,,CCCCCCn1c(/C=C/c2c3ccccc3cc3c(/C=C/c4nc(C#N)c(C#N)n4CCCCCC)c4ccccc4cc23)nc(C#N)c1C#N,9f2b76f14e434305,3
,,,CCCCCCOc1cc(N(CC)CC)ccc1/C=N/N(CCCCCC)c1ccc(S(=O)(=O)c2ccc(N(CCCCCC)/N=C/c3ccc(N(CC)CC)cc3OCCCCCC)cc2)cc1,84b26aad49009a7f,2
,,,CCCCCCn1c(/C=C/c2ccc(/C=C/c3nc(C#N)c(C#N)n3CCCCCC)cc2)nc(C#N)c1C#N,3075090b659fd55c,16
,,,CCCCCCn1c2cc(/C=C/c3ccc4c(c3)C(=O)N(C3CCCCC3)C4=O)ccc2c2ccc(/C=C/c3ccc4c(c3)C(=O)N(C3CCCCC3)C4=O)cc21,103d4b445f03705d,4
,,,CCCCCCn1c2ccc(/C=N/N(C)c3ccccc3)cc2c2cc(-c3ccc4c(c3)c3cc(/C=N/N(C)c5ccccc5)ccc3n4CCCCCC)ccc21,4648fa64adb46670,1
,,,CCCCCCSc1ccc(-c2ccc(-c3cc(-c4ccc(-c5ccc(SCCCCCC)cc5)cc4)c(-c4ccc(-c5ccc(SCCCCCC)cc5)cc4)cc3-c3ccc(-c4ccc(SCCCCCC)cc4)cc3)cc2)cc1,1843fced023c5d44,2
,,,CCCCCCn1c2ccc(/C=N/N(c3ccccc3)c3ccccc3)cc2c2cc(-c3ccc4c(c3)c3cc(/C=N/N(c5ccccc5)c5ccccc5)ccc3n4CCCCCC)ccc21,38069586194229c0,1
,,,CCCCCCc1cc(-c2sc(-c3cc(CCCCCC)c(-c4cc(CCCCCC)c(-c5ccc(N(c6ccccc6)c6ccccc6)cc5)s4)s3)cc2CCCCCC)sc1-c1ccc(N(c2ccccc2)c2ccccc2)cc1,5c00e494bffe6b42,6
,,,CCCCCCn1c2ccccc2c2cc(/C=C/c3cc(/C=C/c4ccc5c(c4)c4ccccc4n5CCCCCC)cc(/C=C/c4ccc5c(c4)c4ccccc4n5CCCCCC)c3)ccc21,2d1a1880065aa0b8,1
,,,CCCCN(CCCC)c1ccc(/C=C/c2ccc(/C=C/C3=C(C#N)C(=C(C#N)C#N)OC3(C)C)s2)c(OC)c1,5b9276179da17b75,16
,,,CCCCCCn1c2ccccc2c2cc(C(c3ccc(-n4c5ccccc5c5ccccc54)cc3)c3ccc4c(c3)c3ccccc3n4CCCCCC)ccc21,3fe4ae2b40c6535d,9
,,,CCCCN(CCCC)c1ccc(/C=C/c2ccc(/C=C/C3=C(C#N)C(=C(C#N)C#N)OC3(C)C)s2)c(OCc2ccccc2)c1,69917992be5f825a,2
,,,CCCCCCn1c2ccccc2c2cc(C(c3ccc4c(c3)c3ccccc3n4CC)c3ccc4c(c3)c3ccccc3n4CC)ccc21,b57345386b7d719e,21
,,,CCCCCCc1ccc(-c2ccc(-c3cc(/C=C/c4ccc5ccccc5c4-c4c(/C=C/c5cc(-c6ccc(-c7ccc(CCCCCC)s7)s6)sc5-c5ccc(-c6ccc(CCCCCC)s6)s5)ccc5ccccc45)c(-c4ccc(-c5ccc(CCCCCC)s5)s4)s3)s2)s1,9eb1cf3039f0c3b7,1
,,,CCCCN(CCCC)c1ccc2c(c1)oc1c3nc(-c4ccc(C(C)(C)C)cc4)oc3c3[nH]c4ccccc4c3c21,ffa1dbaff80fc285,19
,,,CCCCN(CCCC)c1ccc2c(c1)oc1c3oc(-c4ccc(C#N)cc4)nc3c3[nH]c4ccccc4c3c21,89b4bdaa83c19a37,22
,,,CCCCN(CCCC)c1ccc2c(c1)Oc1c(c3c4ccccc4n(CCCC)c3c3oc(-c4ccc(C#N)cc4)nc13)C2,2ee1a5a5bc7e93e2,19
,,,CCCCN(CCCC)c1ccc(/C=C/c2ccc(/C=C/C3=C(C#N)C(=C(C#N)C#N)OC3(C)C)s2)c(O[Si](c2ccccc2)(c2ccccc2)C(C)(C)C)c1,5a2d531f108ce632,5
,,,CCCC[n+]1ccn(CCCS(=O)(=O)[O-])c1,0cc497e2967c4e52,17
,,,CCCCN(CCCC)c1ccc2c(c1)oc1c3oc(-c4ccc(C#N)cc4)nc3c3c(c4ccccc4n3CCCC)c21,7e8177ce2c0f956e,16
,,,CCCCN(CCCC)c1ccc2c(c1)oc1c3oc(-c4ccccc4)nc3c3[nH]c4ccccc4c3c21,2ce77e67657e9d1a,20
,,,CCCCN(CCCC)c1ccc2c(c1)oc1c3oc(-c4ccc(C(=O)OC)cc4)nc3c3[nH]c4ccccc4c3c21,5b70844976271557,21
,,,CCCCN(CCCC)c1ccc2c(c1)oc1c3oc(-c4ccc(C(C)(C)C)cc4)nc3c3[nH]c4ccccc4c3c21,c932cbf8c2382826,21
,,,CCCCc1ccc(-n2c3ccccc3c3cc(-n4c5ccccc5c5ccccc54)ccc32)cc1,b8575a793d7a8bd9,17
,,,CCCCc1ccc(C#Cc2ccc(-c3nc(-c4ccc(C)cc4)nc(-c4ccc(C)cc4)n3)cc2)cc1,5ee89fb4bda559c3,12
,,,CCCCCCN1c2ccccc2Sc2cc(/C=C/c3cc(/C=C/c4ccc5c(c4)Sc4ccccc4N5CCCCCC)cc(COc4cc(OCc5cc(/C=C/c6ccc7c(c6)Sc6ccccc6N7CCCCCC)cc(/C=C/c6ccc7c(c6)Sc6ccccc6N7CCCCCC)c5)cc(C(=O)OC)c4)c3)ccc21,7b58becb6d84e2cf,3
,,,CCCCc1ccc(N(c2ccccc2)c2ccc(/C=C(\C#N)c3ccc([N+](=O)[O-])cc3)cc2)cc1,a561dd9924ad9a1c,23
,,,CCCCc1ccc(N(c2ccccc2)c2ccc(C=C(C#N)C#N)cc2)cc1,a0e2b48ac4e0b6c7,20
,,,CCCCc1ccc(N(c2ccccc2)c2ccc(/C=C/c3ccc([N+](=O)[O-])cc3)cc2)cc1,8e121a552bf4e56f,21
,,,CCCCc1ccc(C#Cc2ccc(-c3nc(-c4ccc(CCCC)cc4)nc(-c4ccc(CCCC)cc4)n3)cc2)cc1,6a9b1a501ea57527,24
,,,CCCCCCn1c2ccccc2c2cc(/C=C/c3cc(/C=C/c4ccc5c(c4)c4ccccc4n5CCCCCC)cc(-c4cc(/C=C/c5ccc6c(c5)c5ccccc5n6CCCCCC)cc(/C=C/c5ccc6c(c5)c5ccccc5n6CCCCCC)c4)c3)ccc21,85ac8e4667c978b1,2
,,,CCCCCCn1c2ccccc2c2cc(/C=C\c3ccc4c(c3)C3(c5cc(/C=C\c6ccc7c(c6)c6ccccc6n7CCCCCC)ccc5-c5ccc(/C=C/c6ccc7c(c6)c6ccccc6n7CCCCCC)cc53)c3cc(/C=C/c5ccc6c(c5)c5ccccc5n6CCCCCC)ccc3-4)ccc21,746a0dda5ef2b69d,3
,,,CCCOc1cc(-c2nnc(-c3ccc(C)cc3)o2)cc(-c2nnc(-c3ccc(C)cc3)o2)c1,43ba1234d49d0236,15
,,,CCCCn1c2ccccc2c2c(-c3cccc4ccccc34)c3c(c(-c4cccc5ccccc45)c21)c1ccccc1n3CCCC,beef1fa67646cffc,12
,,,CCCOC(=O)c1nc(Nc2cc(C)cc(C)c2)nc(Nc2cc(C)cc(C)c2)n1,aabb513c5c0d2ad2,19
,,,CCCCn1cc(C(c2cn(CCCC)c3ccccc23)c2cn(CCCC)c3ccccc23)c2ccccc21,700a8b7de24717d9,14
,,,CCCCn1c2ccccc2c2cc(/C=C/C(=O)C(C(=O)/C=C/c3ccc4c(c3)c3ccccc3n4CCCC)C3SCCS3)ccc21,755d257513fbaded,6
,,,CCN(CC)c1c(C#N)c(-c2ccc(N(C)C)cc2)c2c(c1C#N)-c1ccccc1C2(CC)CC,6b1f17b3f0a52f4c,7
,,,CCN(CC)c1c(C#N)c(-c2ccc(-n3c4ccccc4c4ccccc43)cc2)c2c(c1C#N)-c1ccccc1C2(CC)CC,faaa259af025937a,6
,,,CCN(CC)c1c(C#N)c(-c2ccc3c(c2)c2ccccc2n3CC)c2c(c1C#N)-c1ccccc1C2(CC)CC,d7b89ecb0baaf2d5,4
,,,CCN(CC)c1c(C#N)c(-c2ccc(N(c3ccccc3)c3ccccc3)cc2)c2c(c1C#N)-c1ccccc1C2(CC)CC,01802cdfb51fd47d,6
,,,CCCCCCn1c2ccc(-c3ccc4c(c3)C(CCCCCC)(CCCCCC)c3ccccc3-4)cc2c2c1c1c3cc(-c4ccc5c(c4)C(CCCCCC)(CCCCCC)c4ccccc4-5)ccc3n(CCCCCC)c1c1c3cc(-c4ccc5c(c4)C(CCCCCC)(CCCCCC)c4ccccc4-5)ccc3n(CCCCCC)c21,35981aa1dc35e709,2
,,,CCN(/N=C/c1ccc2c(c1)c1ccccc1n2CC)c1ccc(S(=O)(=O)c2ccc(N(CC)/N=C/c3ccc4c(c3)c3ccccc3n4CC)cc2)cc1,df97477a053c3f3e,3
,,,CCN(CC)c1ccc(/C=C/c2cccc(/C=C/c3ccc(N(CC)CC)cc3)c2)cc1,624145a17e10870c,14
,,,CCN(CC)c1ccc(/C=N/N(CC(O)COc2ccc(OCC(O)CN(/N=C/c3ccc(N(CC)CC)cc3)c3ccccc3)cc2)c2ccccc2)cc1,81468278222e038a,3
,,,CCN(CC)c1ccc(/C=N/N(CC(O)COc2cccc(OCC(O)CN(/N=C/c3ccc(N(CC)CC)cc3)c3ccccc3)c2)c2ccccc2)cc1,240628428a071b72,3
,,,CCN(CC)c1ccc(C=C2C(=O)N(C)C(=O)N(C)C2=O)c(OCCCCCCOc2cc(N(CC)CC)ccc2/C=N/N(c2ccccc2)c2ccccc2)c1,bed02fea8260474e,1
,,,CCN(CC)c1ccc(/C=N/N(CC(O)COc2ccccc2OCC(O)CN(/N=C/c2ccc(N(CC)CC)cc2)c2ccccc2)c2ccccc2)cc1,03573f95b55cda66,3
,,,CCN(CC)c1ccc2cc3c(oc2c1)c(C#N)/c(=N\C(=O)c1ccc2c(c1)S(=O)(=O)c1ccccc1C2=O)n1c2ccccc2nc31,c584106f5c4a2979,14
,,,CCN(c1ccccc1)c1ccc(/N=C/c2scc3c2OCCO3)cc1,08ed0b83c93ff4fe,17
,,,CCN(CC)c1ccc(C=C2C(=O)N(C)C(=O)N(C)C2=O)c(OCCCCOc2cc(N(CC)CC)ccc2/C=N/N(c2ccccc2)c2ccccc2)c1,7c9c8fd11ea79698,3
,,,CCN1c2ccccc2Sc2cc(-n3c4ccccc4c4ccccc43)ccc21,04518a324c0f1206,8
,,,CCN1c2ccc(/C=N/N(C)c3ccccc3)cc2Sc2cc(/C=N/N(C)c3ccccc3)ccc21,5340dceef41df285,5
,,,CCN1c2ccccc2Sc2cccc(N3c4ccccc4Sc4ccccc43)c21,7f22900829dad537,2
,,,CCN(CC)c1ccc(C=C2C(=O)N(C)C(=O)N(C)C2=O)c(OCCCOc2cc(N(CC)CC)ccc2/C=N/N(c2ccccc2)c2ccccc2)c1,bd6f9dc08c5c9d53,4
,,,CCN(CC)c1ccc(C=C2C(=O)N(C)C(=O)N(C)C2=O)c(OCCCCCOc2cc(N(CC)CC)ccc2/C=N/N(c2ccccc2)c2ccccc2)c1,13b675caba7993d7,5
,,,CCN(CC)c1ccc(/C=N/N(CC(O)CSc2ccc(Sc3ccc(SCC(O)CN(/N=C/c4ccc(N(CC)CC)cc4)c4ccccc4)cc3)cc2)c2ccccc2)cc1,881c80b1e5ee49ad,3
,,,CCN1c2ccccc2Sc2cc(/C=N/N(CC3CO3)c3ccccc3)ccc21,e7c2300a5b358ba7,19
,,,CCN1c2ccccc2Sc2cc(/C=C/C(=O)C(C(=O)/C=C/c3ccc4c(c3)Sc3ccccc3N4CC)=C3SCCS3)ccc21,f0c552240c03cf5c,2
,,,CCOC(=O)c1nc(Nc2cc(C)cc(C)c2)nc(Nc2cc(C)cc(C)c2)n1,d98e517a872d63c0,15
,,,CCOc1ccc(-n2cc(-c3nnc(-c4ccccc4)o3)c(-c3nnc(-c4ccccc4)o3)n2)cc1,de90676f348b3a6a,12
,,,CCN(CC)c1ccc2cc(-c3ccc([Si](c4ccccc4)(c4ccccc4)c4ccc(-c5cc6ccc(N(CC)CC)cc6oc5=O)cc4)cc3)c(=O)oc2c1,109b295b4c2731f5,23
,,,CCOC1=NC2N=C(c3cccc(-c4ccc5c(-c6ccccc6)c(C#N)c(OCC)nc5n4)c3)C=CC2C(c2ccccc2)=C1C#N,a63168ac3eed825c,15
,,,CCOc1cc(N(CC)CC)ccc1/C=N/N(CC)c1ccc(S(=O)(=O)c2ccc(N(CC)/N=C/c3ccc(N(CC)CC)cc3OCC)cc2)cc1,e1e6210d43946d90,3
,,,CCN(Cc1ccccc1)c1ccc(/C=N/N(CC(O)CSc2ccc(Sc3ccc(SCC(O)CN(/N=C/c4ccc(N(CC)Cc5ccccc5)cc4)c4ccccc4)cc3)cc2)c2ccccc2)cc1,5fc0fa2ab7d64e40,3
,,,CCOC(=O)c1cc(OCCCCCCOc2ccc(-c3ccc(C#N)cc3)cc2)c(OCCCCCCOc2ccc(-c3ccc(C#N)cc3)cc2)c(OCCCCCCOc2ccc(-c3ccc(C#N)cc3)cc2)c1,a186ad182807ae33,1
,,,CCc1nc(Nc2cc(C)cc(C)c2)nc(Nc2cc(C)cc(C)c2)n1,8c55e708e5d24e0d,5
,,,CCc1ccc(-c2ccc(N(c3ccc(C)cc3)c3ccc(-c4ccc(CC)cc4)cc3)cc2)cc1,79961208373840c5,15
,,,CCOC(COc1cccc(OCC(CN(/N=C/c2ccc3c(c2)c2ccccc2n3CC)c2ccccc2)OCC)c1)CN(/N=C/c1ccc2c(c1)c1ccccc1n2CC)c1ccccc1,eef65b9653aef4bf,4
,,,CCN1c2ccccc2Sc2cc(/C=N/N(CC(O)CSc3ccc(Sc4ccc(SCC(O)CN(/N=C/c5ccc6c(c5)Sc5ccccc5N6CC)c5ccccc5)cc4)cc3)c3ccccc3)ccc21,890a1135440719a5,6
,,,CCn1c(-c2ccc(OC)cc2)c(-c2ccc3ccccc3c2)c(-c2ccc3ccccc3c2)c1-c1ccc(OC)cc1,24ad8af47eb8dd3b,17
,,,CCn1c(-c2ccc(-c3ccc4c(c3)C(c3ccccc3)(c3ccccc3)c3ccccc3-4)cc2)c(-c2ccc3ccccc3c2)c(-c2ccc3ccccc3c2)c1-c1ccc(-c2ccc3c(c2)C(c2ccccc2)(c2ccccc2)c2ccccc2-3)cc1,6c7f557bb8158aad,6
,,,CCn1c(-c2ccc(OC)cc2)c(-c2ccc(N(c3ccccc3)c3cccc4ccccc34)cc2)c(-c2ccc(N(c3ccccc3)c3cccc4ccccc34)cc2)c1-c1ccc(OC)cc1,224b4fa1b440f981,6
,,,CCn1c2ccc(-c3cccnc3OC)cc2c2cc(-c3cccnc3OC)ccc21,6bba7a510c7de799,13
,,,CCn1c2ccc(/C=N/N(CC3CO3)c3ccccc3)cc2c2cc(/C=N/N(CC3CO3)c3ccccc3)ccc21,6379011aba2661e7,10
,,,CCn1c2ccc(C#N)cc2c2cc(N(c3ccccc3)c3ccc(-c4nnc(-c5ccc(C(F)(F)F)cc5)o4)cc3)ccc21,80be13915c170643,17
,,,CCn1c2ccc(C#N)cc2c2cc(N(c3ccc4c(c3)C3(c5ccccc5-4)c4cc(C(C)(C)C)ccc4-c4ccc(C(C)(C)C)cc43)c3cccc4ccccc34)ccc21,e35f406fe5962090,13
,,,CCn1c2ccc(CC#N)cc2c2cc(N(c3ccccc3)c3ccc(-c4nnc(-c5ccc(C(C)(C)C)cc5)o4)cc3)ccc21,1d9ea46f14487962,19
,,,CCn1c2ccc(C#N)cc2c2cc(N(c3ccccc3)c3ccc4c(c3)C3(c5ccccc5-4)c4cc(C(C)(C)C)ccc4-c4ccc(C(C)(C)C)cc43)ccc21,1c95191a36384765,17
,,,CCn1c2ccccc2c2cc(-c3cccc(-c4ccc5c(c4)c4ccccc4n5CC)c3)ccc21,a31c1592b48d9d67,18
,,,CCn1c2ccccc2c2cc(-c3nc4ccccc4nc3-c3ccc(N(c4ccccc4)c4cc5ccccc5c5ccccc45)cc3)ccc21,6f09d3a29244c42a,10
,,,CCn1c2ccccc2c2cc(-c3nc4ccccc4nc3-c3ccc(N(c4ccccc4)c4ccc5c(c4)C(CC)(CC)c4ccccc4-5)cc3)ccc21,c104494ba99872e8,4
,,,CCn1c2ccccc2c2cc(-c3nc4ccccc4nc3-c3ccc(N(c4ccccc4)c4ccc5ccc6cccc7ccc4c5c67)cc3)ccc21,06ee49af971fd17d,7
,,,CCn1c2ccccc2c2cc(-n3c4ccc(C(C)(C)C)cc4c4cc(C(C)(C)C)ccc43)ccc21,130a009208e6b3b8,10
,,,CCn1c2ccccc2c2cc(-n3c4ccccc4c4ccccc43)ccc21,3b28d9f230d29e18,4
,,,CCn1c2ccccc2c2cc(/C=C/c3c4ccccc4cc4ccccc34)ccc21,50b39341fab9192f,8
,,,CCn1c2ccccc2c2cc(-n3c4ccccc4c4cc(N(c5ccccc5)c5ccccc5)ccc43)ccc21,b8942d5236772d78,14
,,,CCn1c2ccccc2c2cc(/C=C/c3ccc([Si](c4ccccc4)(c4ccccc4)c4ccccc4)cc3)ccc21,125c16691684ab51,23
,,,CCn1c2ccccc2c2cc(/C=N/N(CC(O)COc3cccc(OCC(O)CN(/N=C/c4ccc5c(c4)c4ccccc4n5CC)c4ccccc4)c3)c3ccccc3)ccc21,b2880e456ae3fecb,1
,,,CCn1c2ccccc2c2cc(/C=N/N(CC(O)COc3ccc(OCC(O)CN(/N=C/c4ccc5c(c4)c4ccccc4n5CC)c4ccccc4)cc3)C3=CC=CCC3)ccc21,c93698be291f8ac0,2
,,,CCn1c2ccccc2c2cc(/C=N/N(CC3(C)COC3)c3ccccc3)ccc21,431147bc329958d7,18
,,,CCn1c2ccccc2c2cc(/C=N/N(CC(O)COc3ccccc3OCC(O)CN(/N=C/c3ccc4c(c3)c3ccccc3n4CC)c3ccccc3)c3ccccc3)ccc21,bea354159e2e06c2,3
,,,CCn1c2ccccc2c2cc(/N=C/c3ccc4[nH]c5ccccc5c4c3)ccc21,0a5add908a37979a,16
,,,CCn1c2ccccc2c2cc(/C=N/N(CC(O)CSCCSCC(O)CN(/N=C/c3ccc4c(c3)c3ccccc3n4CC)c3ccccc3)c3ccccc3)ccc21,0069d0dcaf8faf24,2
,,,CCn1c2ccccc2c2cc(/C=N/N(CC(O)CSCCCSCC(O)CN(/N=C/c3ccc4c(c3)c3ccccc3n4CC)C3=CC=CCC3)C3=CC=CCC3)ccc21,02f505d63724a207,5
,,,CCn1c2ccccc2c2cc(/C=N/N(CC(O)CSc3ccc(-c4ccc(SCC(O)CN(/N=C/c5ccc6c(c5)c5ccccc5n6CC)c5ccccc5)cc4)cc3)c3ccccc3)ccc21,ef91b12cbaafd3a3,1
,,,CCn1c2ccccc2c2cc(/C=N/N(CC(O)CSc3cccc(SCC(O)CN(/N=C/c4ccc5c(c4)c4ccccc4n5CC)c4ccccc4)c3)c3ccccc3)ccc21,eb89279904991da0,3
,,,CCn1c2ccccc2c2cc(N(c3ccc(C)cc3)c3ccc(-c4nnc(-c5ccc(C(F)(F)F)cc5)o4)cc3)ccc21,21f7e7be236be8dd,15
,,,CCn1c2ccccc2c2cc(N(c3ccc(C)cc3)c3ccc(-c4nnc(-c5ccc(C(C)(C)C)cc5)o4)cc3)ccc21,43def7630e5fd7ec,18
,,,CCn1c2ccccc2c2cc(/C=N/N(CC(O)CSc3ccc(Cc4ccc(SCC(O)CN(/N=C/c5ccc6c(c5)c5ccccc5n6CC)c5ccccc5)cc4)cc3)c3ccccc3)ccc21,c5292c28067e22d9,3
,,,CCn1c2ccccc2c2cc(N3c4ccccc4Sc4ccccc43)ccc21,5567e6c9182b54fa,2
,,,CCn1c2ccccc2c2cc(N(c3ccc4c(c3)c3ccccc3n4CC)c3ccc4c(c3)c3ccccc3n4CC)ccc21,3e31495dd93ddfa5,13
,,,CCn1c2ccccc2c2ccc(-n3c4ccccc4c4ccccc43)cc21,d985cc88ad83e706,4
,,,CCn1c2ccccc2c2cc(N(c3ccccc3)c3ccc(-c4nnc(-c5ccc(C(F)(F)F)cc5)o4)cc3)ccc21,cd7f25718634b705,17
,,,CCn1c2ccccc2c2cc(N(c3ccccc3)c3ccc(C4(c5ccc(N(c6ccccc6)c6ccc7c(c6)c6ccccc6n7CC)cc5)c5ccccc5-c5ccccc54)cc3)ccc21,8596114ffa8821b5,1
,,,CN(/N=C/c1ccc(N(c2ccccc2)c2ccccc2)cc1)c1ccccc1,138d51185d509b47,4
,,,CCn1cc(-c2ccc(-c3cn(CC)c4ccccc34)c3nsnc23)c2ccccc21,acfaa01a6e74d83f,14
,,,CCn1c2ccccc2c2cc(/C=N/N(CC(O)CSc3ccc(Sc4ccc(SCC(O)CN(/N=C/c5ccc6c(c5)c5ccccc5n6CC)c5ccccc5)cc4)cc3)c3ccccc3)ccc21,e9714f3151b7d89a,5
,,,CCn1c2ccccc2c2cc(/C=N/N(CCOC(C)Sc3ccc(Sc4ccc(SC(C)OCCN(/N=C/c5ccc6c(c5)c5ccccc5n6CC)c5ccccc5)cc4)cc3)c3ccccc3)ccc21,bbd7ca6ed95154a3,3
,,,CN(/N=C/c1sc(/N=N/N(C)c2ccccc2)c2c1OCCO2)c1ccccc1,bc7a6790c36ecae6,9
,,,CCn1cc(C(c2cn(CC)c3ccccc23)c2cn(CC)c3ccccc23)c2ccccc21,965a035a6fe27512,15
,,,CN(C)c1ccc(-c2ccc(-c3nc(C#N)c(C#N)nc3-c3ccc(-c4ccc(N(C)C)cc4)cc3)cc2)cc1,4b4c50d032ab10c3,6
,,,CCn1c2ccccc2c2cc(C(=C(c3ccccc3)c3ccccc3)c3cccc(B(c4c(C)cc(C)cc4C)c4c(C)cc(C)cc4C)c3)ccc21,aedd6076028cc426,15
,,,CN(C)c1ccc(/C=C/C(=O)C(C(=O)/C=C/c2ccc(N(C)C)cc2)=C2SCCS2)cc1,15cd2e6becb3e865,12
,,,CCn1c2ccccc2c2cc(/C=N/N(CCOC(C)OCc3ccc4c(c3)c3cc(COC(C)OCCN(/N=C/c5ccc6c(c5)c5ccccc5n6CC)c5ccccc5)ccc3n4CC)c3ccccc3)ccc21,e7285546ced50038,4
,,,CN(/N=C/c1ccc2c(c1)Sc1ccccc1N2CCCCCCN1c2ccccc2Sc2cc(/C=N/N(C)c3ccccc3)ccc21)c1ccccc1,ff3dae47e1166c2e,1
,,,CN(CCCCCCOc1ccc(-c2ccc(O)cc2)cc1)c1ccc(/N=N/c2ccc(C#N)cc2)cc1,79b5ba24608a6e67,4
,,,CN(C)c1ccc(-n2c3ccccc3c3cc(-c4ccc5c(c4)c4ccccc4n5-c4ccc(N(C)C)cc4)ccc32)cc1,1dfa2309496b5ecc,11
,,,CCn1c2ccccc2c2cc(C(=C(c3ccccc3)c3ccccc3)c3ccc(B(c4c(C)cc(C)cc4C)c4c(C)cc(C)cc4C)cc3)ccc21,3f81513d1067d729,21
,,,CN(CCCCCCOc1ccc(-c2ccc(O)cc2)cc1)c1ccc(/N=N/c2ccc(C(=O)O)cc2)cc1,ec94f5fc88643490,1
,,,CNC(=O)c1nc(Nc2cc(C)cc(C)c2)nc(Nc2cc(C)cc(C)c2)n1,15afc982e1566c43,8
,,,CN(CCO)c1ccc(/C=C/C2=C/C(=C(\C#N)C(=O)OCCc3ccccc3)CC(C)(C)C2)cc1,2851df0252de70f2,7
,,,CN(CCO)c1ccc(/C=C/C2=CC(=C(C#N)C#N)CC(C)(C)C2)cc1,9025f7540c2e11ea,22
,,,CN(CCO)c1ccc(/C=C/C2=C/C(=C(/CC#N)S(C)(=O)=O)CC(C)(C)C2)cc1,25eaf46b56f1401c,18
,,,CNc1nc(Nc2cc(C)cc(C)c2)nc(Nc2cc(C)cc(C)c2)n1,59897189e0ac0502,8
,,,CN(CCCCCCOc1ccc(-c2ccc(O)cc2)cc1)c1ccc(/N=N/c2ccc([N+](=O)[O-])cc2)cc1,6a52fe05e5525268,12
,,,CN1c2ccc(-c3cc(-c4ccccc4)c4ccccc4n3)cc2Oc2cc(-c3cc(-c4ccccc4)c4ccccc4n3)ccc21,7eed3b5cbc151b51,10
,,,CN(CCO)c1ccc(/C=C/C2=CC(=C(C#N)C(=O)OCc3ccc(Oc4c(F)c(F)c(F)c(F)c4F)cc3)CC(C)(C)C2)cc1,ff9db4728b6efea4,7
,,,COC(=O)c1nc(Nc2cc(C)cc(C)c2)nc(Nc2cc(C)cc(C)c2)n1,c7cdbd3c6838479b,7
,,,COC(=O)/C(C#N)=C1/C=C(/C=C/c2ccc(N(C)CCO)cc2)CC(C)(C)C1,7c67e10f5506efd3,14
,,,COC(=O)c1nc(Nc2ccccc2)nc(Nc2cc(C)cc(C)c2)n1,369f59a3fd58d137,13
,,,COC(=O)c1nc(Nc2cccc(C)c2)nc(Nc2cc(C)cc(C)c2)n1,2aecb32beca6db2f,16
,,,CN(/N=C/c1ccc2c(c1)CC(OCC(O)CSc1ccc(-c3ccc(SCC(O)COC4Cc5cc(/C=N/N(C)c6ccccc6)ccc5N(c5ccccc5)C4)cc3)cc1)CN2c1ccccc1)c1ccccc1,8d60a17dce0e56ef,1
,,,COC(=O)c1ccc(/N=N/c2ccc(N(c3ccc(-c4cc(C(F)(F)F)cc(C(F)(F)F)c4)cc3)c3ccc(-c4cc(C(F)(F)F)cc(C(F)(F)F)c4)cc3)cc2)cc1,3ab23b6424764411,5
,,,COc1cc(-c2ccc3ccc4cccc5ccc2c3c45)c(OC)cc1-c1ccc2ccc3cccc4ccc1c2c34,80ab2dce34a0f492,5
,,,CN1C(=O)C2=C(c3cc(C4=C5C(=O)N(C)C(c6cccc7ccccc67)=C5C(=O)N4C)cc(C(C)(C)C)c3)N(C)C(=O)C2=C1C1=CC=CC2C=CC=CC12,ed1f06d888063b73,12
,,,COc1c(C=C(c2ccccc2)c2ccccc2)cc2c3ccccc3n(C)c2c1C=C(c1ccccc1)c1ccccc1,cbaf4f6565ad41bb,15
,,,COc1cc(N2c3ccccc3C(C)(C)c3ccccc32)ccc1-c1nc(-c2ccccc2)nc(-c2ccccc2)n1,e1e8721f529d1254,6
,,,COCOc1ccc(C2(c3ccc(OCOC)cc3)c3cc(B4OC(C)(C)C(C)(C)O4)ccc3-c3ccc(B4OC(C)(C)C(C)(C)O4)cc32)cc1,ace03ca7cc2ce247,7
,,,COC1=CCC(/N=N\c2ccc(C(=O)Nc3cc(NC(=O)c4ccc(/N=N/c5ccc(OC)cc5)cc4)cc(NC(=O)c4ccc(/N=N/C5C=CC(OC)=CC5)cc4)c3)cc2)C=C1,c47229190404ed6c,4
,,,COc1cc(OC(=O)OC(C)(C)C)c(C(=O)c2ccccc2)cc1S(=O)(=O)CN1C(=O)C2C3C=CC(C3)C2C1=O,7180aa22ce77047e,5
,,,COc1cc(OC)cc(-n2c(-c3ccccc3)nc3c4cccnc4c4ncccc4c32)c1,8e27e7fd61b4d37d,5
,,,COc1cc(OC)cc(-n2c(-c3ccc(F)cc3)nc3c4cccnc4c4ncccc4c32)c1,ad05281247ee47a7,6
,,,COc1cc(OC)cc(-n2c(-c3ccc(C(F)(F)F)cc3)nc3c4cccnc4c4ncccc4c32)c1,7f9b3895268f9e2f,11
,,,COc1ccc(-c2c3ccccc3c(-c3c4ccccc4c(-c4ccc(C#N)cc4)c4ccccc34)c3ccccc23)cc1,2d7475439253247f,1
,,,COc1cc(OC)cc(-n2c(-c3ccc(F)cc3F)nc3c4cccnc4c4ncccc4c32)c1,9d8003660c50b5c4,12
,,,COc1cc2c(cc1C=C(c1ccccc1)c1ccccc1)c1cc(C=C(c3ccccc3)c3ccccc3)ccc1n2C,1151eeabadfcf2c8,9
,,,COc1ccc(-c2c3ccccc3c(-c3ccc(C(=C(c4ccccc4)c4ccccc4)c4ccc(-c5c6ccccc6c(-c6ccc(C#N)cc6)c6ccccc56)cc4)cc3)c3ccccc23)cc1,1aa063ebbfe1596e,4
,,,COc1cc2c3cc(OC)c(OC)cc3n(-c3ccc4oc5ccc(-n6c7cc(OC)c(OC)cc7c7cc(OC)c(OC)cc76)cc5c4c3)c2cc1OC,95372c0d75d508c9,5
,,,COc1ccc(-c2cc(-c3cccc(-c4cc(-c5ccc(OC)cc5)nc(-c5ccccc5)c4C#N)c3)c(C#N)c(-c3ccccc3)n2)cc1,b250eee758608420,9
,,,COc1ccc(-n2c3ccc(-n4c5ccccc5c5ccccc54)cc3c3cc(-n4c5ccccc5c5ccccc54)ccc32)cc1,dd4dea788ebc833b,7
,,,COc1ccc(-c2ccc3c(c2)c2ccccc2n3CCCCCCn2c3ccccc3c3cc(-c4ccc(OC)nc4)ccc32)cn1,bf696868c976983b,12
,,,COc1cc(/C=C/c2cc(/C=C/c3cc(OC)c(/C=C/c4ccc(C(C)(C)C)cc4)cc3OC)cc(/C=C/c3cc(OC)c(/C=C/c4ccc(C(C)(C)C)cc4)cc3OC)c2)c(OC)cc1/C=C/c1ccc(C(C)(C)C)cc1,eca3525e51338f9a,2
,,,COc1cc(/C=C/c2cc(/C=C/c3cc(OC)c(/C=C/c4ccc(N(C)C)cc4)cc3OC)cc(/C=C/c3cc(OC)c(/C=C/c4ccc(N(C)C)cc4)cc3OC)c2)c(OC)cc1/C=C/c1ccc(N(C)C)cc1,c9ea7d7451f9c9e1,3
"9-(4-methoxyphenyl)-n~3~,n~3~,n~6~,n~6~-tetraphenyl-9h-carbazole-3,6-diamine",DTXSID20740017,878675-12-8,COc1ccc(-n2c3ccc(N(c4ccccc4)c4ccccc4)cc3c3cc(N(c4ccccc4)c4ccccc4)ccc32)cc1,08786f3bb4b5fa9e,7
,,,COc1ccc(C(=O)Nc2ccc(C3(C)CC(C)(C)c4ccc(NC(=O)c5ccc(OC)cc5)cc43)cc2)cc1,6e6c7e944c68c099,3
,,,COc1cc(C2(c3ccccc3)c3ccccc3-c3ccccc32)ccc1N(c1ccc(C2(c3ccccc3)c3ccccc3-c3ccccc32)cc1OC)c1ccc(C2(c3ccccc3)c3ccccc3-c3ccccc32)cc1OC,eee29b256022419f,12
,,,COc1ccc(C2=CC=C(c3ccc(OC)cc3)[Si]23c2ccccc2-c2ccccc23)cc1,5ceba2fba056f34d,5
,,,COc1ccc(N(C=C(c2ccccc2)c2ccccc2)C=C(c2ccccc2)c2ccccc2)cc1,feefabd4391a767e,8
,,,COc1ccc(C2=NN(c3nc4ccccc4s3)C(c3ccc(N(c4ccccc4)c4ccccc4)cc3)C2)cc1,75d2e1f3f566db26,8
,,,COC1=CCC(N(C2=CCC(c3c(-c4ccc(N(C5=CC=C(OC)CC5)c5ccc(OC)cc5)cc4)sc(-c4ccc(N(C5=CC=C(OC)CC5)c5ccc(OC)cc5)cc4)c3-c3ccc(N(C4=CC=C(OC)CC4)c4ccc(OC)cc4)cc3)C=C2)C2=CC=C(OC)CC2)C=C1,53d64c6a1eaa475a,6
,,,COc1ccc(N(c2ccc(-c3ccc(N(c4ccc(OC)cc4)c4ccc5c(c4)C4(c6ccccc6-c6ccccc64)c4ccccc4-5)cc3)cc2)c2ccc3c(c2)C2(c4ccccc4-c4ccccc42)c2ccccc2-3)cc1,0b461ac1ac616949,1
,,,COc1ccc(N(c2ccc(F)cc2)c2cccc3c(N(c4ccc(F)cc4)c4ccc(OC)cc4)cccc23)cc1,8a621968ea0f1b3b,15
,,,COc1ccc(N(c2ccc(OC)cc2)c2ccc3c(cnn3-c3ccc(OC)cc3)c2)cc1,3e4e265f758ecd50,17
,,,COc1ccc(N(c2ccc(OC)cc2)c2ccc(-c3ccc4c(c3)S(=O)(=O)c3ccccc3S4(=O)=O)cc2)cc1,611195038f864425,19
,,,COc1ccc(N(c2ccc(OC)cc2)c2ccc3cnn(-c4ccc(OC)cc4)c3c2)cc1,8b5b1285093f645c,17
,,,COc1ccc(N2NC(=O)C(/N=N/NC3C(=O)NN(c4ccccc4)C3=O)C2=O)cc1,2ee6cc881fd6392c,3
,,,COc1ccc(/N=N/c2ccc(OCCCOC(=O)c3cc(C(=O)OCCCOc4ccc(/N=N/c5ccc(OC)cc5)cc4)cc(C(=O)OCCCOc4ccc(/N=N/c5ccc(OC)cc5)cc4)c3)cc2)cc1,bd05ac5e0813b393,9
,,,COc1ccc(N(c2ccccc2)c2cccc3c(N(c4ccccc4)c4ccc(OC)cc4)cccc23)cc1,f0830715560893b6,16
,,,COc1ccc(N(c2ccc(OC)cc2)c2cccc3c(N(c4ccc(OC)cc4)c4ccc(OC)cc4)cccc23)cc1,f238f1012cce13fa,16
,,,COc1ccc(N2c3ccccc3Sc3cc(/C=C/c4ccc5c(c4)Sc4ccccc4N5c4ccc(OC)cc4)ccc32)cc1,3032ea83aad8d185,15
,,,COc1ccc(Oc2ccc(C(=O)c3ccc(Oc4ccc(Oc5ccc(C(=O)c6ccc(Oc7ccc(C(C)(C)C)cc7)cc6)cc5)cc4)cc3)cc2)cc1,3a8985f4103c7354,5
,,,COc1ccc(Oc2ccc(S(=O)(=O)c3ccc(Oc4ccc(Oc5ccc(S(=O)(=O)c6ccc(Oc7ccc(Oc8ccc(S(=O)(=O)c9ccc(Oc%10ccc(OC)cc%10)cc9)cc8)cc7)cc6)cc5)cc4)cc3)cc2)cc1,9797bdacc619a210,1
,,,COc1ccc(C2(c3ccc(N(c4ccc(C5(c6ccc(OC)cc6)c6ccccc6-c6ccccc65)cc4OC)c4ccc(C5(c6ccc(OC)cc6)c6ccccc6-c6ccccc65)cc4OC)c(OC)c3)c3ccccc3-c3ccccc32)cc1,a549a55036e1bc43,15
,,,COc1ccc2c(c1)Oc1cc(OC)ccc1C21c2cc(N(c3ccccc3)c3ccccc3)ccc2-c2ccc(N(c3ccccc3)c3ccccc3)cc21,c11500cfb9b15724,8
,,,COc1ccc2c(c1)c1ccccc1n2-c1nc2ccccc2nc1-n1c2ccccc2c2cc(OC)ccc21,888e3eea8e0821eb,12
,,,COc1ccc2ccccc2c1-n1nc2ccc(N(c3ccccc3)c3ccccc3)cc2n1,619fa108d480f377,9
,,,COc1ccc(P2(c3ccc(OC)cc3)=NP(c3ccc(OC)cc3)(c3ccc(OC)cc3)=NP(c3ccc(OC)cc3)(c3ccc(OC)cc3)=N2)cc1,fb8762fd4fe60ca8,18
,,,COc1ccc2c(c1)c1cc(OC)ccc1n2-c1nc2ccccc2nc1-n1c2ccc(OC)cc2c2cc(OC)ccc21,fb95cb6ee83cdf56,15
,,,COc1ccc(P(=O)(c2ccc(OC)cc2)c2ccc(P(=O)(c3ccc(P(=O)(c4ccc(OC)cc4)c4ccc(OC)cc4)cc3)c3ccc(P(=O)(c4ccc(OC)cc4)c4ccc(OC)cc4)cc3)cc2)cc1,05708045e87dc9f0,1
,,,COc1nc(Nc2cc(C)cc(C)c2)nc(Nc2cc(C)cc(C)c2)n1,9ca41d8745b9bdd3,5
,,,CSc1nc(Nc2cc(C)cc(C)c2)nc(Nc2cc(C)cc(C)c2)n1,1327097ea9e69882,7
,,,COc1ccccc1C(=O)Nc1ccc(C2(C)CC(C)(C)c3ccc(NC(=O)c4ccccc4OC)cc32)cc1,6ffb63df5c0fdf3a,6
,,,COc1cccc(C(=O)Nc2ccc(C3(C)CC(C)(C)c4ccc(NC(=O)c5cccc(OC)c5)cc43)cc2)c1,c2acdb10b34445dd,11
,,,COc1ccc2cc(-c3c4ccccc4c(-c4ccc(C=C5CCC(=Cc6ccc(-c7c8ccccc8c(-c8ccc9cc(OC)ccc9c8)c8ccccc78)cc6)CC5)cc4)c4ccccc34)ccc2c1,f776fcd74afe1758,4
,,,COc1cccc(N(c2ccc3c4c(cccc24)C(=O)c2ccccc2-3)c2cc3ccccc3c3ccccc23)c1,13b8b133c6545c06,15
,,,COc1ncccc1-c1ccc2c(c1)c1ccccc1n2CCCCCCn1c2ccccc2c2cc(-c3cccnc3OC)ccc21,66c9247a1a409500,2
,,,C[Si](C)(C)c1ccc(C2=CC=C(c3ccc([Si](C)(C)C)cc3)[Si]23c2ccccc2-c2ccccc23)cc1,c79744893d2ee917,6
,,,COc1ccc2cc(/C=C/c3ccc(N(c4ccccc4)c4ccccc4)cc3)ccc2c1-c1c(OC)ccc2cc(/C=C/c3ccc(N(c4ccccc4)c4ccccc4)cc3)ccc12,20d5ab89d96b668d,1
,,,C[PH](=O)(c1ccccc1)(c1ccccc1)c1cccc2c1sc1c(P(=O)(c3ccccc3)c3ccccc3)cccc12,7fbcc51114a66857,7
,,,C[Si](C)(c1ccc(-n2c3ccccc3c3ccccc32)cc1)c1cccc(-n2c3ccccc3c3ccccc32)c1,2296f4e21d7f30cc,6
,,,C[PH](=O)(c1ccccc1)(c1ccccc1)c1cc(-c2ccc3c(c2)c2ccccc2n3-c2ccccc2)cc(P(=O)(c2ccccc2)c2ccccc2)c1,8ce8fc0f089d6763,1
,,,C[PH](=O)(c1ccccc1)(c1ccccc1)c1cc(-c2ccc(-n3c4ccccc4c4ccccc43)cc2)cc(P(=O)(c2ccccc2)c2ccccc2)c1,a354eb7e6d5fde43,1
,,,C[PH](=O)(c1ccccc1)(c1ccccc1)c1ccccc1-n1c2ccccc2c2cc(P(=O)(c3ccccc3)c3ccccc3)ccc21,a103b32214977c12,4
,,,C[Si]1(C)C(c2cccc(-c3ccccn3)n2)=C(c2ccccc2)C(c2ccccc2)=C1c1cccc(-c2ccccn2)n1,aed790394acb8d23,3
,,,C[Si]1(C)C(c2ccccc2)=C(c2ccc(C3=C(c4ccccc4)[Si](C)(C)c4ccccc43)cc2)c2ccccc21,cb4749d6db15944e,3
,,,C[PH](=O)(c1ccccc1)(c1ccccc1)n1c2ccccc2c2cc(-c3ccc4c(c3)c3ccccc3n4-c3ccccc3)ccc21,6948548865fadd3e,7
,,,C[Si](C)(c1cc(-n2c3ccccc3c3ccccc32)cc(-n2c3ccccc3c3ccccc32)c1)c1cc(-n2c3ccccc3c3ccccc32)cc(-n2c3ccccc3c3ccccc32)c1,fa0de18df8d289fb,5
,,,C[Si]1(C)C(c2ccccc2)=C(c2cccc(-c3cccc(C4=C(c5ccccc5)[Si](C)(C)c5ccccc54)n3)n2)c2ccccc21,91d34d3d93fb8d1c,5
,,,C[Si]1(c2ccccc2)c2cc(-c3ccc4ccccc4c3)sc2-c2sc(-c3ccc4ccccc4c3)cc21,9ffa6ed170a951c3,10
,,,Cc1c(C2=C(c3c(C)n(C)c4ccccc34)C(=O)N(Cc3ccccc3)C2=O)c2ccccc2n1C,bbf65ed559bd4133,7
,,,Cc1c(C2=C(c3c(C)n(C)c4ccccc34)C(=O)N(c3c(F)c(F)c(F)c(F)c3F)C2=O)c2ccccc2n1C,813594eb47130c7b,8
,,,C[Si](c1ccccc1)(c1cc(-c2ccccc2)c2c(c1-c1ccccc1)-c1cccc3cccc-2c13)c1cc(-c2ccccc2)c2c(c1-c1ccccc1)-c1cccc3cccc-2c13,4924d4446ad771ee,6
,,,Cc1c(C2=C(c3c(C)n(C)c4ccccc34)C(=O)N(c3ccccc3)C2=O)c2ccccc2n1C,be766626a2cd5014,6
,,,Cc1c(C2=C(c3c(C)n(C)c4ccccc34)C(=O)N(Cc3c(F)c(F)c(F)c(F)c3F)C2=O)c2ccccc2n1C,7856e1102160cf9c,13
,,,C[Si](C)(c1ccc(-c2ncc(-c3ccccc3)n2-c2ccccc2)cc1)c1ccc(-c2nnc(-c3ccccc3)n2-c2ccccc2)cc1,e52e80192d7730ec,18
,,,Cc1c(C)c(B(c2c(C)c(C)c(C#N)c(C)c2C)c2c(C)c(C)c(N3c4ccccc4Oc4ccccc43)c(C)c2C)c(C)c(C)c1C#N,c0a62b8d16f252df,5
,,,Cc1c(C)c(N2C(=O)c3ccc(C(C)(C)C)cc3C2=O)c(C)c(C)c1N1C(=O)c2ccc(C(C)(C)C)cc2C1=O,474acafa9ba2c137,12
,,,C[Si]1(C)C2=CCCC=C2C(c2nc(C3=C(c4ccccc4)[Si](C)(C)C4=CCCC=C43)nc(C3=C(c4ccccc4)[Si](C)(C)c4ccccc43)n2)=C1c1ccccc1,f23156ff3b54e468,8
,,,Cc1c(C2=C(c3c(C)n(Cc4c(F)c(F)c(F)c(F)c4F)c4ccccc34)C(=O)N(Cc3c(F)c(F)c(F)c(F)c3F)C2=O)c2ccccc2n1Cc1c(F)c(F)c(F)c(F)c1F,de18b1b4e83b5e89,2
,,,C[PH](=O)(c1ccccc1)(c1ccccc1)c1ccc(C2(c3ccc(-n4c5ccccc5c5ccccc54)cc3)c3ccccc3-c3ccccc32)cc1,86ca4d9dd2bdd359,20
,,,Cc1cc(-c2ccc3ccc4cccc5ccc2c3c45)c(C)cc1-c1ccc2ccc3cccc4ccc1c2c34,3afa26a2837126cc,3
,,,Cc1c(C)c(B(c2c(C)c(C)c(N3c4ccccc4Oc4ccccc43)c(C)c2C)c2c(C)c(C)c(N3c4ccccc4Oc4ccccc43)c(C)c2C)c(C)c(C)c1C#N,fd416942cf08777b,4
,,,Cc1cc(-c2ccc3c(c2)Oc2cc(-c4cc(C)c5ccccc5n4)ccc2N3c2ccccc2)nc2ccccc12,191759b415c0dba7,9
,,,Cc1cc(-c2c3ccccc3c(-c3ccc4ccccc4c3)c3ccccc23)c(C)cc1-c1ccc(N(c2ccccc2)c2ccccc2)cc1,a5a589dad8e62d89,8
,,,Cc1c(C2=C(c3c(C)n(Cc4ccccc4)c4ccccc34)C(=O)N(Cc3ccccc3)C2=O)c2ccccc2n1Cc1ccccc1,f9a922b41df43bdf,13
,,,Cc1cc(-c2nc(-c3ccccc3)nc(-c3ccccc3)n2)ccc1-n1c2ccccc2c2cc3c(cc21)C(C)(C)c1ccccc1-3,71c436d18cc3c329,4
,,,Cc1c(O)c2cc(c1O)C(c1ccccc1)c1cc(c(O)c(C)c1O)C(c1ccccc1)c1cc(c(O)c(C)c1O)C(c1ccccc1)c1cc(c(O)c(C)c1O)C2c1ccccc1,415af4a491698749,2
,,,Cc1c(C=C(c2ccccc2)c2ccccc2)c2ccccc2n1CC(O)CSc1nnc(SCC(O)Cn2c(C)c(C=C(c3ccccc3)c3ccccc3)c3ccccc32)s1,09a63678c4ccda1e,6
,,,Cc1cc(-c2nc(-c3ccccc3)nc(-c3ccccc3)n2)ccc1-n1c2ccc(-n3c4ccccc4c4ccccc43)cc2c2cc3c(cc21)C(C)(C)c1ccccc1-3,a15eec1e0c547001,8
,,,Cc1cc(-c2nc(-c3ccccc3)nc(-c3ccccc3)n2)ccc1-n1c2ccccc2c2cc(-c3ccc4c(c3)-c3ccccc3C4(C)C)ccc21,62e4f5d9baa65eca,11
,,,Cc1cc(-c2nc3ccccc3nc2-c2ccccc2)ccc(C)n(-c2ccccc2)c2ccc(-c3nc4ccccc4nc3-c3ccccc3)cc12,e50e36846d55f5bb,5
"9,9'-(2,2'-dimethyl[1,1'-biphenyl]-4,4'-diyl)di(9h-carbazole)",DTXSID50621608,120260-01-7,Cc1cc(-n2c3ccccc3c3ccccc32)ccc1-c1ccc(-n2c3ccccc3c3ccccc32)cc1C,50f4c5dbbfc92aa1,6
,,,Cc1cc(-n2c3ccccc3c3ccccc32)cc2c1N1Cc3cc(-n4c5ccccc5c5ccccc54)cc(C)c3N(C2)C1,ea59c297a9ccf05c,5
,,,Cc1c(C=C(c2ccccc2)c2ccccc2)c2ccccc2n1CC(O)CSc1cccc(SCC(O)Cn2c(C)c(C=C(c3ccccc3)c3ccccc3)c3ccccc32)c1,a1e4d08b8dbbfc11,8
,,,Cc1cc(-n2c3ccccc3c3ccccc32)ccc1-c1ccc(S(=O)(=O)c2ccccc2)cc1C,ff742c77205511a6,13
,,,Cc1cc(C(c2cc(C)c(O)c(C)c2C)c2cc3ccccc3c3ccccc23)c(C)c(C)c1O,7479962f832f511d,4
,,,Cc1c(C=C(c2ccccc2)c2ccccc2)c2ccccc2n1CC(O)CSc1ccc(Sc2ccc(SCC(O)Cn3c(C)c(C=C(c4ccccc4)c4ccccc4)c4ccccc43)cc2)cc1,3304d1e8f363fd82,4
,,,Cc1cc(C(c2ccc(-c3ccc(C(c4cc(C)c(O)cc4C)c4cc(C)c(O)cc4C)cc3)cc2)c2cc(C)c(O)cc2C)c(C)cc1O,5b921a732780e92f,7
,,,Cc1cc(-c2ccc(O)cc2)cc(C)c1[Si](c1c(C)cc(-c2ccc(O)cc2)cc1C)(c1c(C)cc(-c2ccc(O)cc2)cc1C)c1c(C)cc(-c2ccc(O)cc2)cc1C,b1162755676b7a55,21
,,,Cc1cc(C(c2ccc3ccc(C(c4cc(C)c(O)c(C)c4C)c4cc(C)c(O)c(C)c4C)cc3c2)c2cc(C)c(O)c(C)c2C)c(C)c(C)c1O,26e0c2435ad06f72,8
,,,Cc1cc(-n2c3ccccc3c3ccccc32)cc(C)c1B1c2ccccc2B(c2c(C)cc(-n3c4ccccc4c4ccccc43)cc2C)c2ccccc21,7e73eff0c1743d1a,12
,,,Cc1cc(C(c2ccc(-c3ccc(-c4ccc(C5c6cc(C)c(O)cc6Cc6cc(O)c(C)cc65)cc4)cc3)cc2)c2cc(C)c(O)cc2C)c(C)cc1O,ed52966d474a62ee,15
,,,Cc1cc(C)c(-c2cccnc2)c(C)c1B(c1c(C)cc(C)c(-c2cccnc2)c1C)c1c(C)c(C)c(C)c(-c2cccnc2)c1C,b91ea43246b04753,23
,,,Cc1cc(C)c(B(c2ccc(-c3ccc(N(c4ccccc4)c4cccc5ccccc45)cc3)cc2)c2c(C)cc(C)cc2C)c(C)c1,013c504244ea6b38,15
,,,Cc1cc(C)c(B(c2ccc(N(c3ccccc3)c3ccccc3)cc2)c2c(C)cc(C)cc2C)c(C)c1,d0cec83f9eeb0d10,6
,,,Cc1cc(C)c(B(c2ccc(-c3nc(-c4ccccc4)nc(-c4ccc(N5c6ccccc6Oc6ccccc65)cc4)n3)cc2)c2c(C)cc(C)cc2C)c(C)c1,bda54b81c69938d7,16
,,,Cc1cc(C)c(B(c2ccc3c(c2)c2ccccc2n3-c2ccccc2)c2c(C)cc(C)cc2C)c(C)c1,ffc2e4868ae8f8a9,4
,,,Cc1cc(C)cc(-n2c(-c3ccccc3)nc3c4ccccc4c4ccccc4c32)c1,0e8464ce13b91289,2
,,,Cc1cc(C)c(B(c2ccc3c(c2)-c2ccccc2C32c3ccccc3N(c3ccccc3)c3ccccc32)c2c(C)cc(C)cc2C)c(C)c1,8a39a206f1af5cc7,6
,,,Cc1cc(C)cc(Nc2nc(CCl)nc(Nc3cc(C)cc(C)c3)n2)c1,366583d37afe71b2,6
"4,6-bis[(3,5-dimethylphenyl)amino]-1,3,5-triazine-2-methanol",DTXSID901185963,1185918-74-4,Cc1cc(C)cc(Nc2nc(CO)nc(Nc3cc(C)cc(C)c3)n2)c1,6eaafe2d4d4f0a4b,10
,,,Cc1cc(C)cc(Nc2nc(Nc3cc(C)cc(C)c3)nc(N3CCCC3)n2)c1,edc9862915dbf9cb,7
,,,Cc1cc(C)c(B(c2ccc(S(=O)(=O)c3ccc(N4c5ccccc5Oc5ccccc54)cc3)cc2)c2c(C)cc(C)cc2C)c(C)c1,2488c35b914be4b7,20
,,,Cc1cc(C)c(B(c2ccc(N(c3ccc4c(c3)C(C)(C)c3ccccc3-4)c3ccc4c(c3)C(C)(C)c3ccccc3-4)cc2)c2c(C)cc(C)cc2C)c(C)c1,5bf7e9ee385e78bd,21
,,,Cc1cc(C)cc(Oc2nc(-n3c4ccccc4c4cc(C)ccc43)nc(-n3c4ccccc4c4cc(C)ccc43)n2)c1,50bb8dcd97876f61,8
,,,Cc1cc(C)c(B(c2cccc3c2-c2ccccc2C32c3ccccc3N(c3ccccc3)c3ccccc32)c2c(C)cc(C)cc2C)c(C)c1,2fbc9024ccef1f0e,8
,,,Cc1cc(C)c(B(c2ccc(-c3ccc(-c4ccc(-c5ccc(N(c6ccc7c(c6)C(C)(C)c6ccccc6-7)c6ccc7c(c6)C(C)(C)c6ccccc6-7)cc5)s4)s3)s2)c2c(C)cc(C)cc2C)c(C)c1,0824f6679d3a2ec5,11
,,,Cc1cc(P(=O)(c2ccccc2)c2ccccc2)c(C)cc1-c1ccc2ccc3cccc4ccc1c2c34,b626d3f29c3fdbea,7
,,,Cc1cc(C)c(B(c2ccc(C3=C(c4ccccc4)C(c4ccccc4)=C(c4ccc(B(c5c(C)cc(C)cc5C)c5c(C)cc(C)cc5C)cc4)[Si]3(C)C)cc2)c2c(C)cc(C)cc2C)c(C)c1,8cb29d5e27d53e71,16
,,,Cc1cc(C)c(B(c2ccc3c(c2)c2cc(B(c4c(C)cc(C)cc4C)c4c(C)cc(C)cc4C)ccc2n3-c2ccccc2)c2c(C)cc(C)cc2C)c(C)c1,f76080b78898b9db,10
,,,Cc1cc(O)c(C(C)C)cc1C(c1ccc2cc(C(c3cc(C(C)C)c(O)cc3C)c3cc(C(C)C)c(O)cc3C)ccc2c1)c1cc(C(C)C)c(O)cc1C,970780ec0ffba1d8,7
,,,Cc1cc(O)c(C2CCCCC2)cc1C(c1cc(C2CCCCC2)c(O)cc1C)c1cc(Cc2ccc(O)c(C(c3cc(C4CCCCC4)c(O)cc3C)c3cc(C4CCCCC4)c(O)cc3C)c2)ccc1O,8d326d8660621a36,1
,,,Cc1cc(C)cc(P2(c3cc(C)cc(C)c3)=NP(c3cc(C)cc(C)c3)(c3cc(C)cc(C)c3)=NP(c3cc(C)cc(C)c3)(c3cc(C)cc(C)c3)=N2)c1,4ac12a377a4e42e9,9
,,,Cc1ccc(-c2c3ccccc3c(-c3c4ccccc4c(-c4ccc(C)cc4)c4ccccc34)c3ccccc23)cc1,1527c58f93c640ce,3
,,,Cc1cc2c(c(P(=O)(c3ccccc3)c3ccccc3)c1)N1Cc3cc(C)cc(P(=O)(c4ccccc4)c4ccccc4)c3N(C2)C1,1ef402a68231d982,4
,,,Cc1cc(P(=O)(c2ccccc2)c2ccccc2)cc2c1N1Cc3cc(P(=O)(c4ccccc4)c4ccccc4)cc(C)c3N(C2)C1,af470ecf0f7a6757,14
,,,Cc1cc(O)ccc1C(C)(c1ccc(O)cc1)c1ccc(C(C)(c2ccc(C(C)(c3ccc(O)cc3)c3ccc(O)cc3)cc2)c2ccc(C(C)(c3ccc(O)cc3)C3C=CC(O)=CC3)cc2)cc1,8adb115d288f9c39,6
,,,Cc1ccc(-c2cc(-c3ccc(-c4cc(-c5ccc(C)cc5)c(C#N)c(-c5ccccc5)n4)cc3)nc(-c3ccccc3)c2C#N)cc1,227caa994fcae77f,13
,,,Cc1ccc(-c2cc(-c3ccccc3)c3cc(-c4ccc5ncc(-c6ccc(C)s6)c(-c6ccccc6)c5c4)ccc3n2)s1,0cdd7d60f80ca826,12
,,,Cc1cc(C)c(B(c2ccc(C3=C(c4ccccc4)C(c4ccccc4)=C(c4ccc(B(c5c(C)cc(C)cc5C)c5c(C)cc(C)cc5C)cc4)[Si]3(C)c3ccccc3)cc2)c2c(C)cc(C)cc2C)c(C)c1,0bc9027773439787,19
,,,Cc1cc(OC(=O)c2ccc(N(c3ccc(C(=O)Oc4ccc(/N=N/c5ccc(C(F)(F)F)cc5)c(C)c4)cc3)c3ccc(C(=O)Oc4ccc(/N=N/c5ccc(C(F)(F)F)cc5)c(C)c4)cc3)cc2)ccc1/N=N/c1ccc(C(F)(F)F)cc1,d5ec607c60b9ffec,5
,,,Cc1ccc(-c2nc3c4ccccc4c4ccccc4c3n2-c2ccc(C)cc2)cc1,fe9f0e4bed5a4255,4
,,,Cc1ccc(-c2nc3c4cccnc4c4ncccc4c3nc2-c2ccc(C)cc2)cc1,299036aa426cc0bf,3
,,,Cc1ccc(-c2nc3c4ccccc4c4ccccc4c3n2-c2cccc3ccccc23)cc1,75edc26405596b8f,6
,,,Cc1ccc(-c2sc3cc(-c4c5ccccc5cc5ccccc45)ccc3c2-c2ccc(C)cc2)cc1,9d5a567f802a0b1e,3
,,,Cc1ccc(-n2c3ccc(-c4ccc5ccc6cccc7ccc4c5c67)cc3c3cc(-c4ccc5ccc6cccc7ccc4c5c67)ccc32)cc1,1bc2cc2469a34f62,6
,,,Cc1cc(C)c(B(c2ccc(C3=C(c4ccccc4)C(c4ccccc4)=C(c4ccc(B(c5c(C)cc(C)cc5C)c5c(C)cc(C)cc5C)cc4)[Si]3(c3ccccc3)c3ccccc3)cc2)c2c(C)cc(C)cc2C)c(C)c1,88dae3414bdb3b3a,19
,,,Cc1ccc(-n2c3cc(C=C(c4ccccc4)c4ccccc4)ccc3c3ccc(C=C(c4ccccc4)c4ccccc4)cc32)cc1,9f3463648f906cf3,12
,,,Cc1ccc(-n2c3ccc(cc3)n(-c3ccc(C)cc3)c3cccc(c3)n(-c3ccc(C)cc3)c3ccc(cc3)n(-c3ccc(C)cc3)c3cccc2c3)cc1,ddb2713d091d52be,2
,,,Cc1ccc(-n2cc(-c3nnc(-c4ccccc4)o3)c(-c3nnc(-c4ccccc4)o3)n2)cc1,690b189eddc4ec0b,4
,,,Cc1ccc(-c2nnc(-c3c4ccc(C(C)(C)C)cc4c(-c4nnc(-c5ccc(C)cc5)o4)c4ccc(C(C)(C)C)cc34)o2)cc1,f2f6654afd52e20a,20
,,,Cc1ccc(/C(=N\c2ccccc2)c2ccc(/C(=N/c3ccccc3)c3ccc(C)cc3)cc2)cc1,9fae8577609e038f,9
,,,Cc1ccc(-n2c3ccc(/C=C/c4ccc(-n5c6ccc(C#N)cc6c6cc(C#N)ccc65)cc4)cc3c3cc(/C=C/c4ccc(-n5c6ccc(C#N)cc6c6cc(C#N)ccc65)cc4)ccc32)cc1,d383f57e70b680a8,1
,,,Cc1ccc(C)c(/C(=N\c2ccccc2)c2ccc(/C(=N/c3ccccc3)c3cc(C)ccc3C)cc2)c1,1cd51f2c766b035b,11
,,,Cc1ccc(-n2c3ccc(/C=C/c4ccc(-n5c6ccccc6c6ccccc65)cc4)cc3c3cc(/C=C/c4ccc(-n5c6ccccc6c6ccccc65)cc4)ccc32)cc1,a524c224411a9231,2
,,,Cc1ccc(C2(c3ccc(C)cc3)c3ccccc3-c3cc4c(cc32)-c2ccccc2C42c3ccccc3-c3ccccc32)cc1,a2e810191002c1d6,2
,,,Cc1ccc(-n2c3ccccc3c3cc(-c4ccc5c(c4)c4ccccc4n5CC4(C)COC4)ccc32)cc1,aef2d7e38ed317b0,21
"4,4'-bis[2,2-bis(4-methylphenyl)ethenyl]-1,1'-biphenyl",DTXSID80573207,135804-06-7,Cc1ccc(C(=Cc2ccc(-c3ccc(C=C(c4ccc(C)cc4)c4ccc(C)cc4)cc3)cc2)c2ccc(C)cc2)cc1,07a1d04d57612c6c,12
,,,Cc1ccc(C2=CC=C(c3ccc(C)cc3)[Si]23c2ccccc2-c2ccccc23)cc1,d355c5ab8266324b,3
,,,Cc1ccc(N(C=C(c2ccccc2)c2ccccc2)C=C(c2ccccc2)c2ccccc2)cc1,ebe74d07c9eefd1e,5
,,,Cc1ccc(Cc2c3ccccc3c(-c3c4ccccc4c(Cc4ccc(C)cc4C)c4ccccc34)c3ccccc23)c(C)c1,ee522a4a5c99e45e,12
,,,Cc1ccc(C2(c3ccc(C)cc3)c3cc(-c4ccc(-n5c6ccccc6c6ccccc65)cc4)ccc3-n3c4ccccc4c4cccc2c43)cc1,3dae05c32f4c0d87,13
,,,Cc1ccc(N(c2ccc(-c3ccc(N(c4ccc(C)cc4)c4ccc5c(c4)C4(c6ccccc6-c6ccccc64)c4ccccc4-5)cc3)cc2)c2ccc3c(c2)C2(c4ccccc4-c4ccccc42)c2ccccc2-3)cc1,28eebaec22293092,2
,,,Cc1ccc(N(c2ccc(/C=N/N(CC3CO3)c3ccccc3)cc2)c2ccc(/C=N/N(CC3CO3)c3ccccc3)cc2)cc1,c119f2c402866b76,11
,,,Cc1ccc(C2(c3ccccc3)c3cc(N(c4cccc(C)c4)c4ccc5c(c4)C(c4ccccc4)(c4ccccc4C)c4ccccc4-5)ccc3-c3ccc(N(c4cccc(C)c4)c4ccc5c(c4)C4(c6ccccc6-c6ccccc64)c4ccccc4-5)cc32)cc1,1863ddb47f66cb1c,4
,,,Cc1ccc(N(c2ccc(C(c3ccc(N(c4ccc(C)cc4)c4cc5ccccc5c5ccccc45)cc3)C(C)C)cc2)c2cc3ccccc3c3ccccc23)cc1,ae9d4654dea98b49,4
,,,Cc1ccc(N(c2ccc(C)cc2)c2ccc(/C=C/c3ccccc3)cc2)cc1,f9356372c01d60d6,7
,,,Cc1ccc(N(c2ccc(C)cc2)c2ccc(-c3nnc(-c4nnc(-c5ccc(N(c6ccc(C)cc6)c6ccc(C)cc6)cc5)s4)s3)cc2)cc1,d8ab8cc632d93f58,4
,,,Cc1ccc(N(c2ccc(C)cc2)c2ccc(-c3ccccc3-c3ccccc3-c3ccc(N(c4ccc(C)cc4)c4ccc(C)cc4)cc3)cc2)cc1,e30d6bbee4351855,4
,,,Cc1ccc(N(c2ccc(C)cc2)c2ccc(/N=N/c3ccc(N(c4ccc(C)cc4)c4ccc(C)cc4)cc3)cc2)cc1,73af9cc82bd0e305,3
,,,Cc1ccc(C2(c3ccc4c(c3)C(c3ccc(C)cc3)(c3ccc(C)cc3)c3cc(C(C)(C)C)cc5c3N4c3ccc(C4(c6ccc(C)cc6)c6ccccc6-c6ccccc64)cc3C5(c3ccc(C)cc3)c3ccc(C)cc3)c3ccccc3-c3ccccc32)cc1,f228e110f2c7dcbf,11
,,,Cc1ccc(N(c2ccc(C)cc2)c2ccc(N3c4ccccc4C(c4ccccc4)(c4ccccc4)c4ccccc43)cc2)cc1,362e41a1111d31b3,6
"n,n'-[thiene-2,5-diyldi(4,1-phenylene)]bis[4-methyl-n-(4-methylphenyl)aniline]",DTXSID20594315,124613-45-2,Cc1ccc(N(c2ccc(C)cc2)c2ccc(-c3ccc(-c4ccc(N(c5ccc(C)cc5)c5ccc(C)cc5)cc4)s3)cc2)cc1,dea4267a738a5914,12
,,,Cc1ccc(N(c2ccc(C)cc2)c2ccc3c4c(cccc24)C(=O)c2ccccc2-3)cc1,249ba8e10dc8c39d,3
,,,Cc1ccc(N(c2ccc(C)cc2)c2ccc3c(c2)C2(c4cc(N(c5ccc(C)cc5)c5ccc(C)cc5)ccc4-3)c3cccnc3-c3ncccc32)cc1,9ed7a90798b75a7d,5
,,,Cc1ccc(N(c2ccc(C)cc2)c2cccc(N(c3ccc(C)cc3)c3ccc(C)cc3)c2)cc1,d258987012e17fb2,8
,,,Cc1ccc(N(c2ccc(C)cc2)c2ccc3c(c2)C2(c4ccccc4-3)c3ccccc3-c3ccc(N(c4ccc(C)cc4)c4ccc(C)cc4)cc32)cc1,41e30914dca81b6e,7
,,,Cc1ccc(N(c2ccc(C)cc2)c2cccc(-c3ccccc3-c3ccccc3-c3cccc(N(c4ccc(C)cc4)c4ccc(C)cc4)c3)c2)cc1,26bca945c68f0fff,6
,,,Cc1ccc(N(c2ccc(N(c3ccccc3)c3ccc(-n4c5ccccc5c5ccccc54)cc3)cc2)c2ccc(N(c3ccccc3)c3ccc(-n4c5ccccc5c5ccccc54)cc3)cc2)cc1,7c43667813070324,1
,,,Cc1ccc(N(c2ccc(C)cc2)c2ccc(C(c3ccc(N(c4ccc(C)cc4)c4ccc(C(c5ccc(N(c6ccc(C)cc6)c6ccc(C)cc6)cc5)C(C)C)cc4)cc3)C(C)C)cc2)cc1,0c49668781a4d2c7,2
,,,Cc1ccc(N(c2ccc(C)cc2)c2ccc3c(c2)C(c2ccc(-c4ccccc4)cc2)(c2ccc(-c4ccccc4)cc2)c2cc(N(c4ccc(C)cc4)c4ccc(C)cc4)ccc2-3)cc1,0491582f50f32263,11
"n~1~,n~3~,n~5~-tris(4-methylphenyl)-n~1~,n~3~,n~5~-triphenylbenzene-1,3,5-triamine",DTXSID50566828,126717-25-7,Cc1ccc(N(c2ccccc2)c2cc(N(c3ccccc3)c3ccc(C)cc3)cc(N(c3ccccc3)c3ccc(C)cc3)c2)cc1,d0ffa5f0f629c830,5
,,,Cc1ccc(N(c2ccc(C)cc2)c2ccc3c(c2)C2=C(c4cc(N(c5ccc(C)cc5)c5ccc(C)cc5)ccc4C2(c2ccccc2)c2ccccc2)C3(c2ccccc2)c2ccccc2)cc1,83461a12fe472b91,10
"n~1~,n~4~-bis(4-methylphenyl)-n~1~,n~4~-diphenylbenzene-1,4-diamine",DTXSID70584781,138171-14-9,Cc1ccc(N(c2ccccc2)c2ccc(N(c3ccccc3)c3ccc(C)cc3)cc2)cc1,021ab32b9cc57bc7,9
,,,Cc1ccc(N(c2ccc(O[Si](c3ccccc3)(c3ccccc3)C(C)(C)C)cc2)c2ccc(C)c(C)c2)cc1C,60a2c37ec56ff780,16
,,,Cc1ccc(N(c2ccc(C3(c4ccc(C)cc4)c4cc(-c5ccccc5)ccc4-c4ccc(-c5ccccc5)cc43)cc2)c2ccc(C3(c4ccc(C)cc4)c4cc(-c5ccccc5)ccc4-c4ccc(-c5ccccc5)cc43)cc2)cc1,4d13ad7d6dc10fd2,4
,,,Cc1ccc2c(-c3ccc(-c4ccccc4)cc3)c3ccccc3c(-c3ccc4ccccc4c3)c2c1,072f32865d32f089,4
,,,Cc1ccc2c(-c3ccc4ccccc4c3)c3ccccc3c(-c3ccc(-c4ccccc4)cc3)c2c1,3d5d692da30fab67,4
,,,Cc1ccc(N2c3cccc(c3)N(c3ccc(C)cc3)c3cccc(c3)N(c3ccc(C)cc3)c3cccc(c3)N(c3ccc(C)cc3)c3cccc2c3)cc1,60a4197c643efc75,5
,,,Cc1ccc(N(c2ccccc2)c2nc(Oc3ccccc3)nc(-n3c4ccccc4c4cc(C)ccc43)n2)cc1,b33535fb4ca229b4,14
,,,Cc1ccc2c(c1)-c1cc(C)ccc1C21c2ccccc2-c2ccc(-c3ccc4c(c3)C3(c5ccccc5-4)c4ccc(C)cc4-c4cc(C)ccc43)cc21,82213dffd0c731c7,4
,,,Cc1ccc2c(c1)c1cc(C)ccc1n2-c1ccc(-c2ccc(-n3c4ccc(C)cc4c4cc(C)ccc43)cc2C(F)(F)F)c(C(F)(F)F)c1,3849b532f094dfe4,6
,,,Cc1ccc2c(c1)c1cc(C)ccc1n2-c1ccccc1-c1nc(-c2ccccc2)nc(-c2ccccc2)n1,1ee01be4f60a028b,2
,,,Cc1ccc2c(c1)c1cc(C)ccc1n2-c1ccc(-c2ccc(-n3c4ccc(C)cc4c4cc(C)ccc43)cc2C)c(C)c1,9115cd1832e6eb37,5
,,,Cc1ccc(N(c2ccc(C)cc2)c2ccc(/C=N/N(CC(O)CSc3ccc(Sc4ccc(SCC(O)CN(/N=C/c5ccc(N(c6ccc(C)cc6)c6ccc(C)cc6)cc5)c5ccccc5)cc4)cc3)c3ccccc3)cc2)cc1,50dddc5b9ae9bbed,6
,,,Cc1ccc2c(c1)c1ccccc1n2-c1ccc(-c2ccc(-n3c4ccccc4c4cc(C)ccc43)cc2C(F)(F)F)c(C(F)(F)F)c1,f35e6f260d88348c,13
,,,Cc1ccc2c(c1)c1ccccc1n2-c1ccc(-c2ccc(-n3c4ccccc4c4cc(C)ccc43)cc2C)c(C)c1,4d1c560e9ab36de9,15
,,,Cc1cccc(C)c1/C(=N/c1ccccc1)c1ccc(/C(=N\c2ccccc2)c2c(C)cccc2C)cc1,9b242adde06157a7,5
,,,Cc1cccc(-n2c3ccc(cc3)n(-c3cccc(C)c3)c3cccc(c3)n(-c3cccc(C)c3)c3ccc(cc3)n(-c3cccc(C)c3)c3cccc2c3)c1,b0352f590cfa96ef,5
,,,Cc1cccc(N(c2cccc(C)c2)c2ccc3c4c(cccc24)C(=O)c2ccccc2-3)c1,34bb9e3fceea77cf,7
,,,Cc1cccc(N(c2ccc3c4c(cccc24)C(=O)c2ccccc2-3)c2cc3ccccc3c3ccccc23)c1,c4a0d7cc41c79c66,13
,,,Cc1ccc2c(c1)-c1cc(C)ccc1C21c2ccccc2-c2ccc(-c3ccc4c(c3)C3(c5ccc(C)cc5-c5cc(C)ccc53)c3cc(-c5ccc6c(c5)C5(c7ccccc7-6)c6ccc(C)cc6-c6cc(C)ccc65)ccc3-4)cc21,b3c6e9b16a918515,9
,,,Cc1ccc(S(=O)(=O)Oc2ccc(-c3cc(-c4ccc(OS(=O)(=O)c5ccc(C)cc5)cc4)cc(-c4ccc(OS(=O)(=O)c5ccc(C)cc5)cc4)c3)cc2)cc1,bb53a27dceab9263,21
,,,Cc1ccc(P(=O)(c2ccc(C)cc2)c2ccc(P(=O)(c3ccc(P(=O)(c4ccc(C)cc4)c4ccc(C)cc4)cc3)c3ccc(P(=O)(c4ccc(C)cc4)c4ccc(C)cc4)cc3)cc2)cc1,238faf51d1b97f06,9
,,,Cc1cccc(N(c2ccccc2)c2ccc3c(c2)C(CC2(C)COC2)(CC2(C)COC2)c2cc(N(c4ccccc4)c4cccc(C)c4)ccc2-3)c1,8f66a3c0925c4b34,4
,,,Cc1cccc(N(c2ccccc2)c2ccc3ccc4cccc5ccc2c3c45)c1,9be4f3de25104191,8
,,,Cc1cccc2c(-c3ccccc3)c3ccccc3c(-c3ccc4c(c3)C3(c5ccccc5-c5ccccc53)c3ccc5ccccc5c3-4)c12,96e476dcd82c1f75,2
"n~2~,n~7~-bis(3-methylphenyl)-n~2~,n~7~-diphenyl-9h-fluorene-2,7-diamine",DTXSID50600271,142517-32-6,Cc1cccc(N(c2ccccc2)c2ccc3c(c2)Cc2cc(N(c4ccccc4)c4cccc(C)c4)ccc2-3)c1,6bbba7436b2db56c,18
,,,Cc1ccccc1-c1cc(-c2ccccc2)nc(-c2ccc(N3c4ccccc4C(C)(C)c4ccccc43)cc2)n1,613c3c6d4ef16944,9
,,,Cc1ccccc1-c1cc(-c2ccc(N3c4ccccc4C(C)(C)c4ccccc43)cc2)nc(-c2ccccc2)n1,80fffa763feaabfb,14
,,,Cc1ccccc1-c1ccc(N(c2ccc(-c3ccccc3C)cc2)c2ccc(-c3ccccc3C)cc2)cc1,5311ceb5c321513e,10
,,,Cc1cccc(N(c2ccc(C3(c4ccc(N(c5cccc(C)c5)c5ccc6c(c5)C5(c7ccccc7-c7ccccc75)c5ccccc5-6)cc4)c4ccccc4-c4ccccc43)cc2)c2ccc3c(c2)C2(c4ccccc4-c4ccccc42)c2ccccc2-3)c1,7899e3574cc4c12c,9
,,,Cc1ccccc1[Si](c1ccccc1O)(c1ccccc1O)c1ccccc1O,6a86fd8df7f619e0,14
,,,Cc1ccccc1-c1nnc(-c2c3ccc(C(C)(C)C)cc3c(-c3nnc(-c4ccccc4C)o3)c3ccc(C(C)(C)C)cc23)o1,ede2dda5f67aa4b4,19
,,,Cc1cn(Cc2cc(OCc3ccccc3)cc(OCc3ccccc3)c2)c(=O)[nH]c1=O,351d41afbfa4df17,7
,,,Cc1cn(Cc2cc(OCc3ccccc3)cc(OCc3ccccc3)c2)c(=O)n(C)c1=O,29d6b45de8bdd403,2
"1-benzyl-3,5-dimethylpyrimidine-2,4(1h,3h)-dione",DTXSID00616428,253142-34-6,Cc1cn(Cc2ccccc2)c(=O)n(C)c1=O,5490a1c750a6716d,2
,,,Cc1cccccc2cc(C(c3ccccc3)(c3ccccc3)c3ccc(N(c4ccccc4)c4ccccc4)cc3)ccc2o1,cd5166b42c879fad,15
,,,Cc1n(C)cc[n+]1CCCS(=O)(=O)[O-],7a12263ec9ff21a3,6
,,,Cc1nc(C2=C(c3ccccc3)[Si](C)(C)c3ccccc32)c(C)nc1C1=C(c2ccccc2)[Si](C)(C)c2ccccc21,fd487648be184e41,3
,,,Cc1nc(-c2ccc(N3c4ccccc4Oc4ccccc43)cc2)cc(-c2ccc(N3c4ccccc4Oc4ccccc43)cc2)n1,c097f08b6cf7d57b,3
,,,Cc1ncccc1-c1cc(-n2c3ccccc3c3ccccc32)cc(-n2c3ccccc3c3ccccc32)c1,0aebf0e564f4fd76,4
,,,Cc1cn(Cc2cc(OCc3cc(OCc4ccccc4)cc(OCc4ccccc4)c3)cc(OCc3cc(OCc4ccccc4)cc(OCc4ccccc4)c3)c2)c(=O)[nH]c1=O,d9f3b51abb79ce92,3
,,,Cc1ccccc1N(c1ccc2c(c1)C(c1ccc(-c3ccccc3)cc1)(c1ccc(-c3ccccc3)cc1)c1cc(N(c3ccccc3C)c3ccccc3C)ccc1-2)c1ccccc1C,a82fb703ab732213,12
"1,2-bis(2-methyl-5-phenyl-3-thienyl)perfluorocyclopentene",DTXSID001026764,182003-69-6,Cc1sc(-c2ccccc2)cc1C1=C(c2cc(-c3ccccc3)sc2C)C(F)(F)C(F)(F)C1(F)F,719cce6ef09324fc,9
,,,Cc1nn(-c2ccccc2)c2c1c(=O)oc1ccc(-c3cc(-n4c5ccccc5c5ccccc54)cc(-n4c5ccccc5c5ccccc54)c3)cc12,1281af2f0d5e4799,9
,,,Cc1nn(-c2ccccc2)c2c1c(=O)oc1ccc(-c3cc(-n4c5ccccc5c5ccccc54)c(-n4c5ccccc5c5ccccc54)c(-n4c5ccccc5c5ccccc54)c3)cc12,4f3ac374bc6e0052,6
,,,Cc1cn(Cc2cc(OCc3cc(OCc4ccccc4)cc(OCc4ccccc4)c3)cc(OCc3cc(OCc4ccccc4)cc(OCc4ccccc4)c3)c2)c(=O)n(C)c1=O,2c7ada28400eef0a,7
"1,2-bis[2-methylbenzo[b]thiophen-3-yl]-3,3,4,4,5,5-hexafluoro-1-cyclopentene",DTXSID70464958,137814-07-4,Cc1sc2ccccc2c1C1=C(c2c(C)sc3ccccc23)C(F)(F)C(F)(F)C1(F)F,0e27ffd7ed31fd48,8
,,,Clc1c(Cl)c(CC2=CC=CC2)c(Cl)c(Cl)c1CC1=CC=CC1,cbc0ff54bce7001c,9
,,,Cc1sc(-c2ccc(-c3ccccc3)cc2-c2ccccc2)c(C)c1C1=C(c2c(C)sc(-c3ccc(-c4ccccc4)cc3-c3ccccc3)c2C)C(F)(F)C(F)(F)C1(F)F,3ce56153407dfcee,8
,,,Cc1sc(-c2ccc(C(C)(C)C)cc2)c(C)c1C1=C(c2c(C)sc(-c3ccc(C(C)(C)C)cc3)c2C)C(F)(F)C(F)(F)C1(F)F,e9d3f696c5070fc7,18
,,,Clc1cc(Cl)c(C(c2c(Cl)cc(Cl)cc2Cl)c2c(Cl)cc(-n3c4ccccc4c4ccccc43)cc2Cl)c(Cl)c1,7acac8cc46001ea7,4
,,,Clc1ccc(-n2cc(-c3nnc(-c4ccccc4)o3)c(-c3nnc(-c4ccccc4)o3)n2)cc1,9eeb0dd12467fc0b,4
,,,Clc1cc(Cl)c(C(c2c(Cl)cc(Cl)cc2Cl)c2c(Cl)cc(-n3ccc4ccccc43)cc2Cl)c(Cl)c1,398ff6c6b8833c79,7
,,,Clc1ccc(C2=NN(c3nc4ccccc4s3)C(c3ccc(N(c4ccccc4)c4ccccc4)cc3)C2)cc1,c95acba6cae15863,7
,,,Cn1c2c(-c3ccccc3)cc(-c3ccccc3)cc2c2cc(-c3ccccc3)cc(-c3ccccc3)c21,c18313b50a812d75,4
,,,Cc1sc2cc(-c3ccc(N(c4ccccc4)c4ccccc4)cc3)ccc2c1C1=C(c2c(C)sc3cc(-c4ccc(N(c5ccccc5)c5ccccc5)cc4)ccc23)C(F)(CF)C(F)(F)C1(F)F,8f6296391ae4469a,2
,,,Cc1ccccc1P(=O)(c1ccc(P(=O)(c2ccc(P(=O)(c3ccccc3C)c3ccccc3C)cc2)c2ccc(P(=O)(c3ccccc3C)c3ccccc3C)cc2)cc1)c1ccccc1C,d2a448b301ea438c,18
,,,Cn1c(-c2ccccc2)c(C2=C(c3c(-c4ccccc4)n(C)c4ccccc34)C(=O)N(c3c(F)c(F)c(F)c(F)c3F)C2=O)c2ccccc21,ddf334b67a687bfc,6
,,,Cn1cc(-c2ccc(-c3cn(C)c4ccccc34)c3nsnc23)c2ccccc21,6673b75dd619b4f0,6
,,,Clc1nc(-c2ccc(N(c3ccccc3)c3ccccc3)cc2)cc(-c2ccc(N(c3ccccc3)c3ccccc3)cc2)n1,e03586a0a0b4ad3a,9
,,,Cn1c2ccccc2c2cc(C3(c4ccc5c(c4)c4ccccc4n5C)c4cccnc4-c4ncccc43)ccc21,7770353ae3693ecb,7
,,,Cn1c2ccc(C(C)(C)C)cc2c2cc(C(C)(C)C)cc(P(=O)(c3ccccc3)c3ccccc3)c21,54e5c4f8bc172d8d,8
,,,FC(F)(F)c1cc(-n2c3ccccc3c3ccccc32)ccc1-c1ccc(-n2c3ccccc3c3ccccc32)cc1C(F)(F)F,b1099e41c8183309,6
,,,FC(F)(F)c1ccc(-c2nc3c4ccccc4c4ccccc4c3n2-c2cccc3ccccc23)cc1,a114860a8849b62f,8
,,,Fc1cc(-c2ccc3c(c2)C2(c4cc(-c5cc(F)c(F)c(F)c5)ccc4-3)c3cc(-c4cc(F)c(F)c(F)c4)ccc3-c3ccc(-c4cc(F)c(F)c(F)c4)cc32)cc(F)c1F,d6caa0bc09896ed6,6
,,,Fc1cc2nc(-c3ccc(N4c5ccccc5Oc5ccccc54)cc3)c(-c3ccc(N4c5ccccc5Oc5ccccc54)cc3)nc2cc1F,3fb563217c784d4b,2
,,,Fc1ccc(-c2c3ccccc3c(C3c4ccccc4-c4ccccc43)c3ccccc23)cc1,38ac9efca85f94ed,2
,,,Fc1cc(-c2nc(-c3ccccc3)nc(-c3ccccc3)n2)cc(F)c1-n1c2ccc(-n3c4ccccc4c4ccccc43)cc2c2cc(-n3c4ccccc4c4ccccc43)ccc21,f63aabf81c85615f,6
,,,FC(F)(F)c1cc(-c2ccc(N(c3ccc(-c4cc(C(F)(F)F)cc(C(F)(F)F)c4)cc3)c3ccc(-c4cc(C(F)(F)F)cc(C(F)(F)F)c4)cc3)cc2)cc(C(F)(F)F)c1,a22f36c2b2c6923e,11
,,,Fc1cc(-c2nc(-c3ccccc3)nc(-c3ccccc3)n2)ccc1-n1c2ccc(-n3c4ccccc4c4ccccc43)cc2c2cc(-n3c4ccccc4c4ccccc43)ccc21,a5424a17792bcf10,7
,,,Fc1ccc(-c2ccc(-c3nnc(-c4ccc(-c5ccc(F)cc5F)cc4)o3)cc2)c(F)c1,03aeb11c57b6339c,10
,,,Fc1ccc(-c2ccc(N(c3ccc(-c4ccc(F)cc4)cc3)c3ccc(-c4ccc(F)cc4)cc3)cc2)cc1,a2aa4652827e1414,7
,,,Fc1ccc(-c2ccc3c(c2)C(c2c4ccccc4cc4ccccc24)c2ccccc2-3)cc1,7b88176c608ed314,6
,,,Fc1ccc2nc(-c3ccc(N4c5ccccc5Oc5ccccc54)cc3)c(-c3ccc(N4c5ccccc5Oc5ccccc54)cc3)nc2c1,a667ee3ad081cdb7,2
,,,FC(F)(F)c1ccc(N(c2ccc(-c3ccc(N(c4ccc(C(F)(F)F)cc4)c4ccc5c(c4)C4(c6ccccc6-c6ccccc64)c4ccccc4-5)cc3)cc2)c2ccc3c(c2)C2(c4ccccc4-c4ccccc42)c2ccccc2-3)cc1,fb02be1a91b18eee,2
,,,Fc1ccc(-c2ccc(N(c3ccc(-c4ccc(F)cc4F)cc3)c3ccc(-c4ccc(F)cc4F)cc3)cc2)c(F)c1,14ca2a577ade28af,13
,,,Fc1ccc(-c2ccc3c(c2)C2(c4cc(-c5ccc(F)cc5)ccc4-3)c3cc(-c4ccc(F)cc4)ccc3-c3ccc(-c4ccc(F)cc4)cc32)cc1,f62e00ffebb0aa6a,7
,,,Fc1nc(F)c(F)c(C2(c3ccc(-n4c5ccccc5c5ccccc54)cc3)c3ccccc3-c3ccccc32)c1F,6e3fbba40ff73feb,4
,,,Fc1cccc(-c2ccc(N(c3ccc(-c4cccc(F)c4)cc3)c3ccc(-c4cccc(F)c4)cc3)cc2)c1,fb9febed9dfaf63d,19
,,,FC(F)(F)c1ccc2c(c1)C(c1ccc(N(c3ccccc3)c3ccc4c(c3)c3ccccc3n4-c3ccccc3)cc1)(c1ccc(N(c3ccccc3)C3C=c4c(n(-c5ccccc5)c5ccccc45)=CC3)cc1)c1cc(C(F)(F)F)ccc1-2,92bdf5d618698e23,5
,,,Fc1cccc(-c2nnc(-c3ccc(-c4ccccc4)cc3)n2-c2ccc(-c3nc4ccccc4n3-c3ccccc3)cc2)c1,cb42318bd8f36851,14
,,,Fc1nc(F)c(F)c(C2(c3ccc4c(c3)c3ccccc3n4-c3ccccc3)c3ccccc3-c3ccccc32)c1F,bdddb51c14c1c388,8
,,,Fc1ccc(-c2ccc3c(c2)C2(c4cc(-c5ccc(F)cc5F)ccc4-3)c3cc(-c4ccc(F)cc4F)ccc3-c3ccc(-c4ccc(F)cc4F)cc32)c(F)c1,534fd444c4f6b59a,20
,,,N#CC(C#N)=C(c1ccc(N(c2ccccc2)c2ccccc2)cc1)c1ccc(N(c2ccccc2)c2ccccc2)cc1,524b23ae2fe88d57,4
,,,Fc1cccc(-c2ccc3c(c2)C2(c4cc(-c5cccc(F)c5)ccc4-3)c3cc(-c4cccc(F)c4)ccc3-c3ccc(-c4cccc(F)c4)cc32)c1,663df7796687dacb,22
,,,N#CC(C#N)=C(c1cccc(N(c2ccccc2)c2ccccc2)c1)c1cccc(N(c2ccccc2)c2ccccc2)c1,7736847babc422af,8
,,,Fc1ccccc1-c1ccc2c(c1)C1(c3cc(-c4ccccc4F)ccc3-2)c2cc(-c3ccccc3F)ccc2-c2ccc(-c3ccccc3F)cc21,89125a275d3f5fc7,23
,,,N#CC(C#N)=C1c2ccccc2-c2c(C(=O)OCCCCCOC(=O)c3cccc4c3-c3ccccc3C4=C(C#N)C#N)cccc21,5b63be93868239f6,3
,,,N#CC(C#N)=C1c2ccccc2-c2c(C(=O)OCCOCCOC(=O)c3cccc4c3-c3ccccc3C4=C(C#N)C#N)cccc21,bd884bfc2c345f7a,6
,,,N#CC(C#N)=C1c2ccccc2-c2c(C(=O)OCCOC(=O)c3ccc(C(=O)OCCOC(=O)c4cccc5c4-c4ccccc4C5=C(C#N)C#N)cc3)cccc21,9ad25fce92c2354b,6
,,,N#CC(C#N)=C1c2ccccc2-c2c(C(=O)OCCOCCOCCOC(=O)c3cccc4c3-c3ccccc3C4=C(C#N)C#N)cccc21,e6d9c0b024e56509,6
,,,N#CC(C#N)=C1c2ccccc2-c2c(C(=O)OCCOc3ccc(OCCOC(=O)c4cccc5c4-c4ccccc4C5=C(C#N)C#N)cc3)cccc21,bec2108ff2ab60a4,4
,,,N#CC(C#N)=Cc1ccc2c(c1)C1(c3ccccc3-c3ccccc31)c1cc(N(c3ccccc3)c3ccccc3)ccc1-2,9240cc75a056df59,4
,,,N#COc1ccc(C(=C(Cl)Cl)c2ccc(OC#N)cc2)cc1,458bd69ec0076416,5
,,,N#CC(C#N)C1c2ccccc2-c2ccc(N(c3ccccc3)c3ccccc3)c3cccc1c23,e6ca89ecd6107dff,9
,,,N#CC(C#N)=C1c2ccccc2-c2c(C(=O)Sc3ccc(Sc4ccc(SC(=O)c5cccc6c5-c5ccccc5C6=C(C#N)C#N)cc4)cc3)cccc21,312bf1743f1b3c1a,5
,,,N#Cc1c(-c2ccccc2)cc(N2c3ccccc3Oc3ccccc32)cc1-c1ccccc1,c81b7cd7a4e0ae2d,4
,,,N#CC(C#N)=C1c2ccccc2-c2c(C(=O)OCCOc3ccc(S(=O)(=O)c4ccc(OCCOC(=O)c5cccc6c5-c5ccccc5C6=C(C#N)C#N)cc4)cc3)cccc21,9037c58ab2ffa4e6,2
,,,N#Cc1c(-c2ccc(N3c4ccccc4Oc4ccccc43)cc2)nc(-c2ccc(N3c4ccccc4Oc4ccccc43)cc2)c(C#N)c1-c1ccccc1,ded200187f1c81c9,3
,,,N#CC(C#N)=C1c2ccccc2-c2c(C(=O)OCCOc3ccc(C4(c5ccc(OCCOC(=O)c6cccc7c6-c6ccccc6C7=C(C#N)C#N)cc5)c5ccccc5-c5ccccc54)cc3)cccc21,34126e10cd32061e,2
,,,N#Cc1c(-c2ccccc2)nc(-c2ccccc2)c(C#N)c1-c1ccc(N2c3ccccc3Oc3ccccc32)cc1,792c1fc2b820066d,3
,,,N#Cc1c(-c2ccc(N3c4ccccc4Oc4ccccc43)cc2)nc(-c2ccc(N3c4ccccc4Oc4ccccc43)cc2)c(C#N)c1-c1ccc(N2c3ccccc3Oc3ccccc32)cc1,8808a66f96a12eb5,3
,,,N#Cc1c(-n2c3ccccc3c3ccccc32)cccc1-n1c2ccccc2c2ccccc21,cfa6c86c0cdc6a49,3
,,,N#Cc1cc(-c2ccccc2)c(N2c3ccccc3Oc3ccccc32)c(-c2ccccc2)c1,50e613934ad48e99,2
,,,N#Cc1c(-n2c3ccccc3c3ccccc32)c(F)c(-n2c3ccccc3c3ccccc32)c(F)c1-n1c2ccccc2c2ccccc21,639c69e1855fa42b,6
,,,N#Cc1cc(-n2c3ccccc3c3ccccc32)cc(-n2c3ccccc3c3ccccc32)c1,78056378c87444dc,3
,,,N#Cc1cc(-c2ccc(N3c4ccccc4Oc4ccccc43)cc2)nc(-c2ccc(N3c4ccccc4Oc4ccccc43)cc2)c1,63d479009dfe47d3,3
,,,N#Cc1c(-n2c3ccccc3c3ccccc32)c(F)c(-n2c3ccccc3c3ccccc32)c(-n2c3ccccc3c3ccccc32)c1-n1c2ccccc2c2ccccc21,4ab2b1800bda671d,4
,,,N#Cc1ccc(-c2c3ccccc3c(-c3ccc(N(c4ccccc4)c4ccccc4)cc3)c3nsnc23)cc1,766463195cca7dd7,2
,,,N#Cc1c(-n2c3ccccc3c3ccccc32)cc(-n2c3ccccc3c3ccccc32)cc1-n1c2ccccc2c2ccccc21,c662b9ebba3ac7f4,6
,,,N#Cc1ccc(-c2ccc(N(c3ccccc3)c3ccccc3)cc2)c2nsnc12,be5b7107d6035033,4
,,,N#Cc1ccc(-c2c3ccccc3c(-c3ccc(N4c5ccccc5C(c5ccccc5)(c5ccccc5)c5ccccc54)cc3)c3nsnc23)cc1,c06ca66f9e12fffd,1
,,,N#Cc1ccc(-c2cnc(-c3ccc(N(c4ccccc4)c4ccccc4)cc3)c3nsnc23)cc1,5f678bd6cb0ba3da,4
,,,N#CC(C#N)=Cc1ccc2c(c1)C1(c3cc(C=C(C#N)C#N)ccc3-c3ccc(N(c4ccccc4)c4ccccc4)cc31)c1cc(N(c3ccccc3)c3ccccc3)ccc1-2,05de15aa899bb492,8
,,,N#Cc1ccc(-c2cc(N3c4ccccc4Oc4ccccc43)cc(-c3ccc(C#N)cc3)c2C#N)cc1,a0da68c09701649a,5
,,,N#Cc1ccc(-n2c(-c3ccc4ccccc4c3)nc3c4ccccc4c4ccccc4c32)cc1,de6ab37dad7eb8ff,4
,,,N#Cc1ccc(-n2c(-c3cccc(C(=C(c4ccccc4)c4ccccc4)c4ccccc4)c3)nc3c4ccccc4c4ccccc4c32)cc1,d4f3cbd641ef5cbf,10
,,,N#Cc1ccc(-n2c3ccccc3c3ccccc32)cc1-n1c2ccccc2c2ccccc21,d3c8e9fefb13dff8,4
,,,N#Cc1ccc(N2c3ccccc3Oc3ccccc32)cc1-c1cc(N2c3ccccc3Oc3ccccc32)ccc1C#N,cbc9306a6953c106,2
"4-[(e)-{4-[di([1,1'-biphenyl]-4-yl)amino]phenyl}diazenyl]benzonitrile",DTXSID70800736,648901-07-9,N#Cc1ccc(/N=N/c2ccc(N(c3ccc(-c4ccccc4)cc3)c3ccc(-c4ccccc4)cc3)cc2)cc1,eed237ad561a6fd7,13
,,,N#Cc1ccc2c(c1)c1ccccc1n2-c1cccc(-n2c3ccccc3c3ccccc32)c1,b9dea41518307b31,7
,,,N#Cc1ccc2c(c1)c1ccccc1n2-c1ccc(-c2ccc(-n3c4ccccc4c4cc(C#N)ccc43)cc2)cc1,989e8c4dc2008fe6,10
,,,N#Cc1ccc(/N=N/c2ccc(N(c3ccc(-c4cc(C(F)(F)F)cc(C(F)(F)F)c4)cc3)c3ccc(-c4cc(C(F)(F)F)cc(C(F)(F)F)c4)cc3)cc2)cc1,963cce425490cd41,14
,,,N#Cc1nc(-c2ccc(N(c3ccccc3)c3ccccc3)cc2)c(-c2ccc(N(c3ccccc3)c3ccccc3)cc2)nc1C#N,f17beea2f3580a96,7
,,,Nc1ccc(-c2cc(-c3ccccc3)c3cc(N)ccc3n2)cc1,025b66571e2ff617,2
,,,N#Cc1nc(-n2c3ccccc3c3ccccc32)cc(-n2c3ccccc3c3ccccc32)n1,17eb6e0f894925fb,3
,,,Nc1ccc(-c2cc(-c3ccccc3)c3ccccc3n2)cc1,b954158a6e38fe29,2
,,,Nc1ccc2nc(-c3ccccc3)cc(-c3ccccc3)c2c1,62348d16560ddcc2,2
,,,Nc1ccc2nc(-c3ccccc3N)cc(-c3ccccc3)c2c1,b68f1fcc03812d74,2
,,,Nc1cccc(-c2cc(-c3ccccc3)c3cc(N)ccc3n2)c1,800ee509b253e5a6,4
,,,Nc1ccc(Oc2ccc(Oc3cccc(N)c3)cc2)cc1,c5b49c3a3668e5ba,12
,,,Nc1cccc(-c2cc(-c3ccccc3)c3ccccc3n2)c1,b2ff83b9e3c94fb8,4
,,,O=C(CCCCCCCC(=O)NC1CCCCNC1=O)NC1CCCCNC1=O,801044b122b321c7,3
,,,O=C(/C=C(\O)c1ccc(N2c3ccccc3Oc3ccccc32)cc1)c1ccc(N2c3ccccc3Oc3ccccc32)cc1,cc8f7c25355ed545,4
,,,O=C(O)C1(C(=O)O)c2ccccc2-c2ccccc21,3e5273fe06413b28,6
,,,O=C(O)c1cc(/N=N/c2ccc(O)cc2)ccc1O,5f22ff0a4fc3d7ca,8
"n,n'-(1,3-phenylene)bis[6-(phenylethynyl)pyridine-2-carboxamide]",DTXSID50829900,881843-66-9,O=C(Nc1cccc(NC(=O)c2cccc(C#Cc3ccccc3)n2)c1)c1cccc(C#Cc2ccccc2)n1,3c9f8852bdde623e,4
,,,O=C(Nc1ccc(C(c2ccc(NC(=O)c3cccc(C#Cc4ccccc4)n3)cc2)(C(F)(F)F)C(F)(F)F)cc1)c1cccc(C#Cc2ccccc2)n1,9dbd7ea40345ce06,8
,,,O=C(CCCCCCOc1ccc(-c2ccc(OCCCCCOC(=O)c3c4ccccc4cc4ccccc34)cc2)cc1)c1c2ccccc2cc2ccccc12,423c27ad0806dc4f,5
,,,O=C(OCCN(CCOC(=O)c1ccc(OC(F)=C(F)F)cc1)c1ccc(/N=N/c2ccc([N+](=O)[O-])cc2)cc1)c1ccc(OC(F)=C(F)F)cc1,c139d8853bab5013,7
,,,O=C(Oc1ccc(/N=N/c2ccccc2)cc1)C1CC(C(=O)Oc2ccc(/N=N/c3ccccc3)cc2)CC(C(=O)Oc2ccc(/N=N/c3ccccc3)cc2)C1,299e0192014f18e5,2
,,,O=C(Oc1ccc(/N=N/c2ccccc2)cc1)c1cc(C(=O)Oc2ccc(/N=N/c3ccccc3)cc2)cc(C(=O)Oc2ccc(/N=N/c3ccccc3)cc2)c1,da9602ec18bdf8bb,3
,,,O=C(c1ccc(N2c3ccccc3Oc3ccccc32)cc1)c1ccc2sc3ccccc3c2c1,691b1075b2d97c47,4
,,,O=C(Oc1ccc(C(c2ccc(OC(=O)c3ccc(=O)oc3)cc2)(C(F)(F)F)C(F)(F)F)cc1)c1ccc(=O)oc1,4a5ce20f97c20577,8
,,,O=C(c1ccc(N2c3ccccc3Oc3ccccc32)cc1)c1nc2ccccn2c1-c1ccccc1,bea4f56df009b246,6
,,,O=C(c1ccc(N2c3ccccc3Oc3ccccc32)cc1)c1cccc(C(=O)c2ccc(N3c4ccccc4Oc4ccccc43)cc2)n1,cdade300479c4aea,3
,,,O=C(c1ccc(C(=O)c2ccc(N(c3ccccc3)c3ccccc3)cc2)cc1)c1ccc(N(c2ccccc2)c2ccccc2)cc1,a412dec6cc640ffe,9
,,,O=C(c1ccc(N2c3ccccc3Sc3ccccc32)cc1)c1ccc2sc3ccccc3c2c1,c02677e01f3ef0d0,9
,,,O=C(c1ccc(N(c2ccccc2)c2ccccc2)cc1)c1cccc(C(=O)c2ccc(N(c3ccccc3)c3ccccc3)cc2)c1,02cc204cc0e17059,7
,,,O=C(c1ccc(N2c3ccccc3Sc3ccccc32)cc1)c1ccc(P(=O)(c2ccccc2)c2ccccc2)cc1,d856c009dd032fb9,9
,,,O=C(c1ccncc1)c1cc(-n2c3ccccc3c3ccccc32)ccc1-n1c2ccccc2c2ccccc21,30e96f60fad3578f,4
,,,O=C(c1ccc(N2c3ccccc3Sc3ccccc32)cc1)c1nc2ccccn2c1-c1ccccc1,a8c99725b8a48fda,11
,,,O=C(c1ccncc1)c1cc(-n2c3ccccc3c3ccccc32)cc(-n2c3ccccc3c3ccccc32)c1,4ac5bb8c9dc7f07b,8
,,,O=C1CCCC(=O)N1Nc1ccc([N+](=O)[O-])cc1,ccbf224d74e9e8b0,4
,,,O=C(c1ccc(N2c3ccccc3Oc3ccccc32)cc1)c1cc(C(=O)c2ccc(N3c4ccccc4Oc4ccccc43)cc2)cc(C(=O)c2ccc(N3c4ccccc4Oc4ccccc43)cc2)c1,e892de31efca5f8d,4
,,,O=C(c1ccc(NC(=O)c2cccc(C#Cc3ccccc3)n2)cc1)c1ccc(NC(=O)c2cccc(C#Cc3ccccc3)n2)cc1,4c20c557ae93a460,8
,,,O=C1c2cc(-n3c4ccccc4c4ccccc43)ccc2S(=O)(=O)c2ccc(-n3c4ccccc4c4ccccc43)cc21,8f44c64c251f8264,3
,,,O=C(c1ccccc1)c1ccc(-c2ccc(N3c4ccccc4C(c4ccccc4)(c4ccccc4)c4ccccc43)cc2)cc1,496b3312ab2d503c,10
,,,O=C(c1ccncc1)c1ccc(-n2c3ccccc3c3cc(-n4c5ccccc5c5ccccc54)ccc32)cc1,2d8c8dccba96aa66,12
,,,O=C1NC(=O)C(c2ccc(N(c3ccccc3)c3ccccc3)cc2)=C1c1ccc(N(c2ccccc2)c2ccccc2)cc1,0499bd7fd16bd96a,5
,,,O=C1C(c2ccc(N(c3ccccc3)c3ccccc3)cc2)=C(c2ccc(N(c3ccccc3)c3ccccc3)cc2)C(=O)N1c1ccccc1,e7730274acc34335,6
,,,O=C1c2ccccc2-c2ccc(N(c3ccccc3)c3c4ccccc4cc4ccccc34)c3cccc1c23,99fbce268a5b6a13,4
,,,O=C1c2cccc3c(N4CCOCC4)ccc(c23)C(=O)N1c1ccc(-c2nc3ccccc3[nH]2)cc1,795e61c5eee62d7b,6
,,,O=C1c2ccccc2S(=O)(=O)c2c1cccc2-c1ccc2c(c1)c1ccccc1n2-c1ccccc1,993a6f03abf5319d,4
,,,O=Cc1ccc2ccccc2c1-c1c(C=O)ccc2ccccc12,a634ec0bd2d984b0,6
,,,O=C(c1ccc2c(c1)C1(c3ccccc3-c3ccccc31)c1ccccc1-2)c1ccc2c(c1)C1(c3ccccc3-2)c2cc(-n3c4ccccc4c4ccccc43)ccc2-c2ccc(-n3c4ccccc4c4ccccc43)cc21,b9b8ba58aad96524,4
,,,O=C1c2ccccc2S(=O)(=O)c2cc(-c3ccc4c(c3)c3ccccc3n4-c3ccccc3)ccc21,fe394df37dcabbd0,8
,,,O=C1c2ccccc2-c2ccc(N(c3ccccc3)c3ccc4ccc5cccc6ccc3c4c56)c3cccc1c23,4b51002f04d47981,8
,,,O=C1c2ccccc2S(=O)(=O)c2cccc(-c3ccc4c(c3)c3ccccc3n4-c3ccccc3)c21,7e9c2e38b6860d61,8
,,,O=C1c2ccc(-c3ccc(N(c4ccccc4)c4ccccc4)cc3)cc2S(=O)(=O)c2cc(-c3ccc(N(c4ccccc4)c4ccccc4)cc3)ccc21,c116a710740712a0,9
,,,O=P(OCC1CCC2OC2C1)(OCC1CCC2OC2C1)OCC1CCC2OC2C1,726535d19abcadec,2
"oxo(phenyl)di(9,9'-spirobi[fluoren]-2-yl)-lambda~5~-phosphane",DTXSID60731181,824426-27-9,O=P(c1ccccc1)(c1ccc2c(c1)C1(c3ccccc3-c3ccccc31)c1ccccc1-2)c1ccc2c(c1)C1(c3ccccc3-c3ccccc31)c1ccccc1-2,3f1f4a89cbe6bdc4,5
,,,O=P(c1ccccc1)(c1ccc2c(c1)c1ccccc1n2-c1ccccc1)c1ccc2c(c1)c1ccccc1n2-c1ccccc1,5f7dd4c2abf3c7ed,15
,,,O=P(c1ccccc1)(c1cccc(-c2nc3c4ccccc4c4ccccc4c3n2-c2ccccc2)c1)c1cccc(-c2nc3c4ccccc4c4ccccc4c3n2-c2ccccc2)c1,6881a8dc8bf237f2,1
,,,O=P(=O)(=O)c1ccccc1Oc1ccc(-c2ccc(C3(c4ccc(-c5ccc(Oc6ccccc6P(=O)(=O)=O)cc5)cc4)c4ccccc4-c4ccccc43)cc2)cc1,ce407d99eb9b32f2,17
,,,O=P(c1ccccc1)(c1ccccc1)c1cc(-c2cc(-n3c4ccccc4c4ccccc43)cc(-n3c4ccccc4c4ccccc43)c2)cc(P(=O)(c2ccccc2)c2ccccc2)c1,4ee26643178cb5ec,10
,,,O=C1c2ccc(/C=C\c3ccc(N(c4ccc(/C=C/c5ccc6c(c5)C(=O)N(C5CCCCC5)C6=O)cc4)c4ccc(/C=C/c5ccc6c(c5)C(=O)N(C5CCCCC5)C6=O)cc4)cc3)cc2C(=O)N1C1CCCCC1,dc5b10dfb1834425,3
,,,O=P(=O)(=O)c1ccccc1Oc1ccc(-c2ccc(C3(c4ccc(-c5ccc(-n6c7ccccc7c7ccccc76)cc5)cc4)c4ccccc4-c4ccccc43)cc2)cc1,e85d206c8f035c3b,19
,,,O=P(c1ccccc1)(c1cc(-n2c3ccccc3c3ccccc32)cc(-n2c3ccccc3c3ccccc32)c1)c1cc(-n2c3ccccc3c3ccccc32)cc(-n2c3ccccc3c3ccccc32)c1,4d854c14f1e0b66b,12
,,,O=P(c1ccccc1)(c1ccccc1)c1cc(-n2c3ccccc3c3ccccc32)cc(-n2c3ccccc3c3ccccc32)c1,c9617ae96e026d0a,8
,,,O=C1c2ccc(/C=C\c3ccc(-c4cc(-c5ccc(/C=C/c6ccc7c(c6)C(=O)N(C6CCCCC6)C7=O)cc5)cc(-c5ccc(/C=C/c6ccc7c(c6)C(=O)N(C6CCCCC6)C7=O)cc5)n4)cc3)cc2C(=O)N1C1CCCCC1,11a0bf7cad0ff51a,4
,,,O=P(c1ccccc1)(c1ccccc1)c1cc(-c2cccc(-n3c4ccccc4c4ccccc43)c2)cc(P(=O)(c2ccccc2)c2ccccc2)c1,6300ad8014e5560a,7
,,,O=P(c1ccccc1)(c1ccccc1)c1cc(-n2c3ccccc3c3ccccc32)cc(P(=O)(c2ccccc2)c2ccccc2)c1,de2ad5f4f39989e4,9
,,,O=P(c1ccccc1)(c1ccccc1)c1cc(OCC2CO2)ccc1OCC1CO1,a189f834b1e7e401,19
,,,O=P(c1ccccc1)(c1ccccc1)c1ccc(-c2ccc(-c3ccc4ccc5cccc6ccc3c4c56)cc2)cc1,fc192a1a7b3cd65f,7
,,,O=P(c1ccccc1)(c1ccccc1)c1ccc(C(c2ccccc2)(c2ccccc2)c2ccccc2)cc1,486b8619959b77e9,4
,,,O=P(c1ccccc1)(c1ccc([Si](c2ccccc2)(c2ccccc2)c2ccc(-n3c4ccccc4c4ccccc43)cc2)cc1)c1ccc([Si](c2ccccc2)(c2ccccc2)c2ccc(-n3c4ccccc4c4ccccc43)cc2)cc1,20d8ae896de0ef4f,2
,,,O=P(c1ccccc1)(c1ccccc1)c1cc(-c2ccc(N(c3ccccc3)c3ccccc3)cc2)ccc1OCc1ccc(-c2ccc(N(c3ccccc3)c3ccccc3)cc2)cc1-c1ccc(N(c2ccccc2)c2ccccc2)cc1,538e924de4ca2029,3
,,,O=P(c1ccccc1)(c1ccccc1)c1ccc(C2(c3ccc(-n4c5ccccc5c5ccccc54)cc3)CCCCC2)cc1,7bd2636c0b21c381,9
3-(diphenylphosphoryl)-9-[4-(diphenylphosphoryl)phenyl]-9h-carbazole,DTXSID40857030,1226860-68-9,O=P(c1ccccc1)(c1ccccc1)c1ccc(-n2c3ccccc3c3cc(P(=O)(c4ccccc4)c4ccccc4)ccc32)cc1,8ee485c5d0a640b3,18
,,,O=P(c1ccccc1)(c1ccccc1)c1cc(-n2c3ccccc3c3ccccc32)ccc1Oc1ccc(-n2c3ccccc3c3ccccc32)cc1P(=O)(c1ccccc1)c1ccccc1,f9fc604856b94703,13
,,,O=P(c1ccccc1)(c1ccccc1)c1ccc(P(=O)(c2ccccc2)c2ccc(P(=O)(c3ccccc3)c3ccccc3)cc2)cc1,91293c90fa358223,2
,,,O=P(c1ccccc1)(c1ccccc1)c1ccc(P(=O)(c2ccc(P(=O)(c3ccccc3)c3ccccc3)cc2)c2ccc(P(=O)(c3ccccc3)c3ccccc3)cc2)cc1,fb9763161ae2cc99,2
,,,O=P(c1ccccc1)(c1ccccc1)c1ccc(C2=NN=C(c3cccc(-n4c5ccccc5c5ccccc54)c3)C2c2ccccc2)cc1,e3909d68123b69c4,13
,,,O=P(c1ccccc1)(c1ccccc1)c1ccc(C2(c3ccc(-c4ccc(N(c5ccccc5)c5ccccc5)cc4)cc3)c3ccccc3-c3ccccc32)cc1,005a3802a4890ff3,17
,,,O=P(c1ccccc1)(c1ccccc1)c1ccc(C2(c3ccc(-c4ccc(-n5c6ccccc6c6ccccc65)cc4)cc3)c3ccccc3-c3ccccc32)cc1,c01900b6268b2536,19
,,,O=P(c1ccccc1)(c1ccccc1)c1cc(-c2ccc(C3(c4ccc(-c5ccc(-n6c7ccccc7c7ccccc76)cc5)cc4)c4ccccc4-c4ccccc43)cc2)ccc1Oc1ccccc1P(=O)(=O)=O,ec5f31c85c575517,20
,,,O=P(c1ccccc1)(c1ccccc1)c1ccc2c(c1)C1(c3ccccc3-2)c2ccccc2-c2c1ccc1ccccc21,4ee4e58fb1b921e5,4
,,,O=P(c1ccccc1)(c1ccccc1)c1ccc(-n2c3ccc(P(=O)(c4ccccc4)c4ccccc4)cc3c3cc(P(=O)(c4ccccc4)c4ccccc4)ccc32)cc1,598b62224c7a3c35,20
,,,O=P(c1ccccc1)(c1ccccc1)c1ccc2c(c1)C1(c3ccccc3-c3ccccc31)c1cc(P(=O)(c3ccccc3)c3ccccc3)ccc1-2,e94f06d937e736ae,4
,,,O=P(c1ccccc1)(c1ccccc1)c1cccc(-c2ccc3ccc4cccc5ccc2c3c45)c1,a55026da97b42bbc,7
,,,O=P(c1ccccc1)(c1ccccc1)c1ccccc1-c1ccccc1-n1c2ccccc2c2ccccc21,e861166d09f43ad0,2
,,,O=P(c1ccccc1)(c1ccccc1)c1ccc2oc3ccc(-n4c5ccccc5c5ccccc54)cc3c2c1,9819b09972864edb,8
,,,O=P(c1ccccc1)(c1ccccc1)c1cccc(-c2nc3c4ccccc4c4ccccc4c3n2-c2ccccc2)c1,0c85fd304a977773,6
,,,O=P1(c2ccccc2)c2ccc(N3c4ccccc4Oc4ccccc43)cc2-c2cc(N3c4ccccc4Oc4ccccc43)ccc21,ccfe2de50dc5d8c2,1
,,,O=P(c1ccccc1)(c1ccccc1)c1cccc2c1Cc1c-2cccc1P(=O)(c1ccccc1)c1ccccc1,4e9c4129dd2f1ee3,9
,,,O=P1(c2ccccc2)c2cc(N3c4ccccc4Oc4ccccc43)ccc2-c2ccc(N3c4ccccc4Oc4ccccc43)cc21,3fef80b053d4a5f6,4
,,,O=P1(c2ccccc2)c2cc(N3c4ccccc4Sc4ccccc43)ccc2-c2ccc(N3c4ccccc4Sc4ccccc43)cc21,d0bc1e18ead1df18,5
,,,O=P1(c2ccccc2)c2ccc(N3c4ccccc4Sc4ccccc43)cc2-c2cc(N3c4ccccc4Sc4ccccc43)ccc21,df997ae35392c873,5
,,,O=S(=O)(c1ccc(N(c2ccccc2)c2ccccc2)cc1)c1ccc(-n2c3ccccc3c3ccccc32)cc1,5a976d3967f96544,5
,,,O=P(c1ccccc1)(c1ccccc1)c1ccc(C2(c3ccc(P(=O)(c4ccccc4)c4ccccc4)cc3)c3ccccc3-n3c4ccccc4c4cccc2c43)cc1,88c8baba3e8bedd6,18
,,,O=S(=O)(c1ccc(N2c3ccccc3Sc3ccccc32)cc1)c1ccccc1-n1c2ccccc2c2ccccc21,3500c7dfcc437584,4
,,,O=S(=O)(c1ccc(N2c3ccccc3Sc3ccccc32)cc1)c1ccc(-n2c3ccccc3c3ccccc32)cc1,0f48ce697c6174e1,6
,,,O=P(c1ccccc1)(c1ccccc1)c1ccc2c(c1)-c1ccccc1C2c1cccc(-n2c3ccccc3c3cc(P(=O)(c4ccccc4)c4ccccc4)ccc32)c1,73b0879432056b2e,8
,,,O=P(c1ccccc1)(c1ccccc1)c1ccc([Si](c2ccccc2)(c2ccccc2)c2ccc(-n3c4ccccc4c4ccccc43)cc2)cc1,0670b11712a5aa4e,21
"2,2'-sulfinyldi(9,9'-spirobi[fluorene])",DTXSID10731979,824426-28-0,O=S(c1ccc2c(c1)C1(c3ccccc3-c3ccccc31)c1ccccc1-2)c1ccc2c(c1)C1(c3ccccc3-c3ccccc31)c1ccccc1-2,043555b52835fbfa,5
,,,O=P(c1ccccc1)(c1ccccc1)c1ccccc1Oc1ccc(N(c2ccccc2)c2ccccc2)cc1P(=O)(c1ccccc1)c1ccccc1,4889f61a49a36865,9
,,,O=S1(=O)c2ccc(N(c3ccccc3)c3ccccc3)cc2-c2cc(N(c3ccccc3)c3ccccc3)ccc21,7a4ed3e34ebe94e3,3
,,,O=P(c1ccccc1)(c1ccccc1)c1ccc([Si](c2ccccc2)(c2ccccc2)c2ccc(P(=O)(c3ccccc3)c3ccccc3)cc2)cc1,31123a917154ec6d,20
,,,O=S1(=O)c2ccc(-n3c4ccccc4c4ccccc43)cc2C2(c3ccccc3-c3ccccc32)c2cc(-n3c4ccccc4c4ccccc43)ccc21,2f6e3424ac2f39d7,4
,,,O=S1(=O)c2ccccc2-c2cc(N3c4ccccc4Oc4cccc(-c5ccccc5)c43)ccc21,ef5b0a100ea8d4e4,2
,,,O=S1(=O)c2ccccc2N(c2ccccc2)c2cc(N3c4ccccc4Sc4ccccc43)ccc21,b957d39a3c006894,3
,,,O=P(c1ccccc1)(c1ccccc1)c1cc(-c2ccc(C3(c4ccc(-c5ccc(Oc6ccccc6P(=O)(c6ccccc6)c6ccccc6)c(P(=O)(c6ccccc6)c6ccccc6)c5)cc4)c4ccccc4-c4ccccc43)cc2)ccc1Oc1ccccc1P(c1ccccc1)c1ccccc1,b17bcb0a09302a1a,7
,,,O=S1(=O)c2ccccc2C2(c3ccccc3-c3ccccc32)c2cc(-n3c4ccccc4c4ccccc43)ccc21,e2651072ee76d897,4
,,,O=S(=O)(c1ccccc1)c1ccc(N2c3ccccc3C3(c4ccccc42)c2ccccc2N(c2ccc(S(=O)(=O)c4ccccc4)cc2)c2ccccc23)cc1,22665a777b414d66,6
,,,O=[N+]([O-])c1ccc(-n2cc(-c3nnc(-c4ccccc4)o3)c(-c3nnc(-c4ccccc4)o3)n2)cc1,05f509eed7592942,4
fananserin,DTXSID8046743,127625-29-0,O=S1(=O)c2cccc3cccc(c23)N1CCCN1CCN(c2ccc(F)cc2)CC1,91a24862b4abe843,12
,,,O=S1(=O)c2ccccc2N(c2ccccc2)c2ccc(-c3ccc(-c4nc5c6ccccc6c6ccccc6c5n4-c4ccccc4)cc3)cc21,42c2e9e605d1f379,6
,,,O=[N+]([O-])c1ccc(/N=N/c2ccc(N(c3ccc(-c4ccccc4)cc3)c3ccc(-c4ccccc4)cc3)cc2)cc1,609f9ef6228eceb3,12
,,,O=S1(=O)c2ccc(N3c4ccccc4C(c4ccccc4)(c4ccccc4)c4ccccc43)cc2-c2cc(N3c4ccccc4C(c4ccccc4)(c4ccccc4)c4ccccc43)ccc21,81d8232a12a420fe,4
,,,O=[N+]([O-])c1ccc(/N=N/c2ccc(N(CCO[Si](c3ccccc3)(c3ccccc3)c3ccccc3)CCO[Si](c3ccccc3)(c3ccccc3)c3ccccc3)cc2)c(Br)c1,24dadb69f340459c,3
,,,OC(COC(COC(Cn1c2ccccc2c2ccccc21)Cn1c2ccccc2c2ccccc21)Cn1c2ccccc2c2ccccc21)Cn1c2ccccc2c2ccccc21,bc5921353288f534,1
,,,OC(COc1ccc(OCC(O)CN(/N=C/n2c3ccccc3c3ccccc32)c2ccccc2)cc1)CN(/N=C/n1c2ccccc2c2ccccc21)c1ccccc1,c83bbb246694989a,3
,,,OC(COc1ccccc1OCC(O)CN(/N=C/n1c2ccccc2c2ccccc21)c1ccccc1)CN(/N=C/n1c2ccccc2c2ccccc21)c1ccccc1,69ba4dcb9633a2b9,1
,,,OC(COc1cccc(OCC(O)CN(/N=C/c2ccc(N(c3ccccc3)c3ccccc3)cc2)c2ccccc2)c1)CN(/N=C/c1ccc(N(c2ccccc2)c2ccccc2)cc1)c1ccccc1,b32d84a498d2b845,1
,,,OC(COc1cccc(OCC(O)CN(/N=C/n2c3ccccc3c3ccccc32)c2ccccc2)c1)CN(/N=C/n1c2ccccc2c2ccccc21)c1ccccc1,10648181e1a17620,8
9h-carbazole-9-hexanol,DTXSID60348713,128941-12-8,OCCCCCCn1c2ccccc2c2ccccc21,a81a7163cff0c4d7,17
,,,OCc1ccc(-c2c3ccccc3c(-c3ccccc3)c3ccccc23)cc1,b6532632ca63fef4,3
,,,OC(CSCCSCC(O)CN(/N=C/c1ccc(N(c2ccccc2)c2ccccc2)cc1)c1ccccc1)CN(/N=C/c1ccc(N(c2ccccc2)c2ccccc2)cc1)c1ccccc1,171f55d662a7aef0,1
,,,OC(COC(COC(COC(Cn1c2ccccc2c2ccccc21)Cn1c2ccccc2c2ccccc21)Cn1c2ccccc2c2ccccc21)Cn1c2ccccc2c2ccccc21)Cn1c2ccccc2c2ccccc21,7bd3326c39c5fdb7,4
,,,OC(COC1Cc2cc(/C=N/N(c3ccccc3)c3ccccc3)ccc2N(c2ccccc2)C1)CSc1ccc(-c2ccc(SCC(O)COC3Cc4cc(/C=N/N(c5ccccc5)c5ccccc5)ccc4N(c4ccccc4)C3)cc2)cc1,ba692fa27007af82,1
,,,OC(CSCCCCCCSCC(O)CN(/N=C/c1ccc(N(c2ccccc2)c2ccccc2)cc1)c1ccccc1)CN(/N=C/c1ccc(N(c2ccccc2)c2ccccc2)cc1)c1ccccc1,bd1626263099066b,3
,,,OC(CSCCCCSCC(O)CN(/N=C/c1ccc(N(c2ccccc2)c2ccccc2)cc1)c1ccccc1)CN(/N=C/c1ccc(N(c2ccccc2)c2ccccc2)cc1)c1ccccc1,f0b8d29b8956ad15,4
,,,Oc1ccc(-c2nc3ccc(Cl)cc3nc2-c2ccccc2)cc1,08299b8ba01202e5,2
,,,Oc1ccc(-c2nc3ccc(F)cc3nc2-c2ccccc2)cc1,736dce067eb0964e,2
,,,OC(CSCCCSCC(O)CN(/N=C/c1ccc(N(c2ccccc2)c2ccccc2)cc1)c1ccccc1)CN(/N=C/c1ccc(N(c2ccccc2)c2ccccc2)cc1)c1ccccc1,fc7c12a6cc272196,3
,,,OC(CSc1cccc(SCC(O)CN(/N=C/c2scc3c2OCCO3)c2ccccc2)c1)CN(/N=C/c1scc2c1OCCO2)c1ccccc1,b79bbba598067ecb,2
,,,OC(CSc1ccc(Sc2ccc(SCC(O)CN(/N=C/c3scc4c3OCCO4)c3ccccc3)cc2)cc1)CN(/N=C/C1=C2OCCOC2=CC1)c1ccccc1,b14fa1024318ace2,2
,,,Oc1ccc(C(c2ccc(O)cc2)c2cc3cccc4ccc5cccc2c5c43)cc1,47061c50522b02d7,5
,,,Oc1cc(O)c2cc1C(c1ccccc1)c1cc(c(O)cc1O)C(c1ccccc1)c1cc(c(O)cc1O)C(c1ccccc1)c1cc(c(O)cc1O)C2c1ccccc1,c545c2236f04070b,3
,,,Oc1ccc2c3c(ccc2c1)Oc1ccc2cc(O)ccc2c1C3c1ccc(-c2ccccc2)cc1,322bbd522330175a,4
"4-[3,6-bis(diphenylamino)-9h-carbazol-9-yl]phenol",DTXSID70740022,878675-01-5,Oc1ccc(-n2c3ccc(N(c4ccccc4)c4ccccc4)cc3c3cc(N(c4ccccc4)c4ccccc4)ccc32)cc1,6efd26f893b9a997,6
,,,OC(CSc1ccc(Sc2ccc(SCC(O)CN(/N=C/c3cc4c5c(c3)CCCN5CCC4)c3ccccc3)cc2)cc1)CN(/N=C/c1cc2c3c(c1)CCCN3CCC2)c1ccccc1,7ec9e3a5b8c47105,3
,,,Oc1cccc(-c2cccc([Si](c3cccc(-c4cccc(O)c4)c3)(c3cccc(-c4cccc(O)c4)c3)c3cccc(-c4cccc(O)c4)c3)c2)c1,de15b5f8c0cdfab7,2
,,,S=P(c1ccccc1)(c1ccccc1)c1ccc2oc3ccc(P(=S)(c4ccccc4)c4ccccc4)cc3c2c1,a31614c4af128429,9
,,,S=P(c1ccccc1)(c1ccccc1)c1ccc2sc3ccc(P(=S)(c4ccccc4)c4ccccc4)cc3c2c1,91be1d85d3e0dac7,10
,,,OC(CSc1ccc(Sc2ccc(SCC(O)CN(/N=C/c3ccc(N(c4ccccc4)c4ccccc4)cc3)c3ccccc3)cc2)cc1)CN(/N=C/c1ccc(N(c2ccccc2)c2ccccc2)cc1)c1ccccc1,d8946b7923a8faf9,1
,,,S=P(c1ccccc1)(c1ccccc1)c1ccc(C2(c3ccc(-n4c5ccccc5c5ccccc54)cc3)CCCCC2)cc1,c4e24ec54f4d9313,10
,,,OC(COC1Cc2cc(/C=N/N(c3ccccc3)c3ccccc3)ccc2N(c2ccccc2)C1)CSc1ccc(Sc2ccc(SCC(O)COC3Cc4cc(/C=N/N(c5ccccc5)c5ccccc5)ccc4N(c4ccccc4)C3)cc2)cc1,3bb2e4c60cf6b89e,3
,,,c1cc(-c2cc(-c3cc4ccccc4c4ccccc34)cc(-c3cccc(-n4c5ccccc5c5ccccc54)c3)n2)cc(N2Cc3ccccc3-c3ccccc32)c1,a881fb8b82ec5bfb,3
,,,S=P(c1ccccc1)(c1ccccc1)c1ccc(N(c2ccccc2)c2ccc(P(=S)(c3ccccc3)c3ccccc3)cc2)cc1,b39915baedf76265,14
,,,Oc1ccc(CC2c3cc(O)ccc3-c3c2c2c(c4c3C(Cc3ccc(O)cc3)c3cc(O)ccc3-4)C(Cc3ccc(O)cc3)c3cc(O)ccc3-2)cc1,73b11925370c3e58,14
,,,Oc1ccc(-c2ccc([Si](c3ccc(-c4ccc(O)cc4)cc3)(c3ccc(-c4ccc(O)cc4)cc3)c3ccc(-c4ccc(O)cc4)cc3)cc2)cc1,2f81ff35d12f545a,24
,,,c1cc(-c2cc(-c3cccc(-n4c5ccccc5c5ccccc54)c3)ncn2)cc(-n2c3ccccc3c3ccccc32)c1,ce22b54e90f3ae3d,7
,,,c1cc(-c2cc3sc4ccccc4c3cn2)cc(C2c3ccccc3-c3ccccc32)c1,6c531a35d0716ebd,8
,,,c1cc(-c2cc(-c3ccc(-n4c5ccccc5c5ccccc54)cc3)cc(-c3cccc(-n4c5ccccc5c5ccccc54)c3)n2)cc(-n2c3ccccc3c3ccccc32)c1,4fde85947a0a8333,3
,,,c1cc(-c2cc(-n3cccn3)cc(-n3cccn3)c2)cc(-n2c3ccccc3c3ccccc32)c1,97786ac5e9d50124,13
,,,c1cc(-c2cc(-n3cccn3)cc(-n3nccn3)c2)cc(-n2c3ccccc3c3ccccc32)c1,0e97cafae5d64c27,12
,,,Oc1ccc(-c2cccc([Si](c3cccc(-c4ccc(O)cc4)c3)(c3cccc(-c4ccc(O)cc4)c3)c3cccc(-c4ccc(O)cc4)c3)c2)cc1,6ab6c3bf5450a68f,23
,,,c1cc(-c2cc(-c3cccc(-n4c5ccccc5c5ccccc54)c3)nc(-c3cccc(-n4c5ccccc5c5ccccc54)c3)c2)cc(-n2c3ccccc3c3ccccc32)c1,8723c23d05399a2c,4
,,,c1cc(-c2cc(-c3ccc4c(c3)sc3ccccc34)cc(-c3cccc4c3sc3ccccc34)c2)cc(-n2c3ccccc3c3ccccc32)c1,592a3172ecf4ad59,10
,,,c1cc(-c2cc(-n3c4ccccc4c4ccccc43)cc(-n3c4ccccc4c4ccccc43)c2)cc(-c2cccc3c2sc2ccccc23)c1,d892cd75facca318,8
,,,c1cc(-c2cc(-c3cccc4c3sc3ccccc34)cc(-c3cccc4c3sc3ccccc34)c2)cc(-n2c3ccccc3c3ccccc32)c1,2d26ff3afaba0a2c,10
,,,c1cc(-c2ccc(-c3nc4ccccc4s3)cc2)nc(-c2cccc(-n3c4ccccc4c4ncccc43)n2)c1,4a3dcd03fc451c6f,11
,,,c1cc(-c2ccc(-n3c4ccccc4c4ccccc43)cc2)cc(-c2ccc(-n3c4ccccc4c4ccccc43)cc2)c1,26a1cd6e1c110a3e,9
,,,c1cc(-c2ccc(-n3c4ccccc4c4ccccc43)cc2)nc(-c2ccc(-n3c4ccccc4c4ccccc43)cc2)c1,d9af6371a1581ccb,8
,,,c1cc(-c2ccc3cccnc3n2)cc(-n2c3ccccc3c3ccccc32)c1,8ffc1f459abd01d3,8
,,,c1cc(-c2ccc3c4ccccc4c4ccccc4c3c2)cc(-c2cccc3c2sc2ccccc23)c1,08e5e94cadcafe54,8
,,,c1cc(-c2ccc(-n3c4ccccc4c4ccccc43)cc2)cc(-c2ccc3c4ccccc4c4ccccc4c3c2)c1,73bd0855d6873c40,12
,,,c1cc(-c2ccc3c4ccccc4c4ccccc4c3c2)cc(-n2c3ccccc3c3ccccc32)c1,a449bc0edd8d43de,8
"9,9'-[pyridine-2,6-diyldi(3,1-phenylene)]di(9h-carbazole)",DTXSID00732536,1013405-24-7,c1cc(-c2cccc(-c3cccc(-n4c5ccccc5c5ccccc54)c3)n2)cc(-n2c3ccccc3c3ccccc32)c1,e54492524ff588ea,2
,,,c1cc(-c2cccc(-c3cccc4c3sc3ccccc34)c2)cc(-c2cccc3c2sc2ccccc23)c1,5bb3843500ca5176,2
,,,c1cc(-c2cccc(-c3cccc4c3sc3ccccc34)c2)cc(-c2cccc(-c3cccc4c3sc3ccccc34)c2)c1,484468400e561392,2
,,,c1cc(-c2ccc3oc4ccc(-n5c6ccccc6c6ccccc65)cc4c3c2)cc(-c2ccc3oc4ccc(-n5c6ccccc6c6ccccc65)cc4c3c2)c1,f1baa16d3d381336,4
,,,c1cc(-c2ccc3cccnc3n2)cc(-c2c3ccccc3c(-c3cccc(-c4ccc5cccnc5n4)c3)c3ccccc23)c1,bc6b7258ba4aa661,12
,,,c1cc(-c2cccc(-c3nnc(-c4ccncc4)o3)c2)cc(-c2cccc(-c3nnc(-c4ccncc4)o3)c2)c1,2c9fbf927a0bfc3e,3
,,,c1cc(-c2cccc(-c3cccc4c3sc3ccccc34)c2)cc(-c2cccc(-n3c4ccccc4c4ccccc43)c2)c1,2ef0556661388349,4
"2,2'-(1,3-phenylene)di(9,9'-spirobi[fluorene])",DTXSID10847721,910646-68-3,c1cc(-c2ccc3c(c2)C2(c4ccccc4-c4ccccc42)c2ccccc2-3)cc(-c2ccc3c(c2)C2(c4ccccc4-c4ccccc42)c2ccccc2-3)c1,421df9b3c7f85fe9,11
,,,c1cc(-c2cccc(-c3nnc(-c4cccnc4)o3)c2)cc(-c2cccc(-c3nnc(-c4cccnc4)o3)c2)c1,567deba86b2fe586,7
,,,c1cc(-c2cccc(-c3cccc4ccccc34)n2)nc(-c2cccc(-n3c4ccccc4c4cnccc43)n2)c1,ef7569bc08dbab4b,8
,,,c1cc(-c2cccc(-n3c4ccccc4c4cccnc43)n2)nc(-c2cccc(-n3c4ccccc4c4cccnc43)n2)c1,43ea7980ee6f4694,1
,,,c1cc(-c2cccc(-n3c4ccccc4c4ccccc43)c2)cc(-c2cccc3c2sc2ccccc23)c1,73b90328897b2fb3,7
,,,c1cc(-c2cccc(-n3c4ccccc4c4ccccc43)c2)cc(-n2c3ccccc3c3ccccc32)c1,36de9a69d8b54772,10
,,,c1cc(-c2cccc(-n3c4ccccc4c4ccccc43)c2)cc(-c2ccc3c4ccccc4c4ccccc4c3c2)c1,997e4c1ca98bcaaa,13
,,,c1cc(-c2cccc(-n3c4ccccc4c4ncccc43)c2)cc(-n2c3ccccc3c3ccccc32)c1,7a6ff31a331a3651,14
,,,c1cc(-c2cccc(-n3c4ccccc4c4ncccc43)n2)cc(-c2cccc(-n3c4ccccc4c4ncccc43)n2)c1,799c07556a43a648,3
,,,c1cc(-c2cccc(-n3c4ccccc4c4ccccc43)c2)cc(-c2cccc(-n3c4ccccc4c4ccccc43)c2)c1,1826e41596eaee44,14
,,,c1cc(-c2cccc(-n3c4ccccc4c4cnccc43)n2)nc(-c2cccc(-n3c4ccccc4c4cnccc43)n2)c1,8e3eeb5fd6865e0d,11
,,,c1cc(-c2cccc3c2sc2ccccc23)cc(-n2c3ccccc3c3ccccc32)c1,2a7eddf04c506002,4
,,,c1cc(-c2cccc(-n3c4ccccc4c4ncccc43)c2)cc(-n2c3ccccc3c3ncccc32)c1,af35bd1fa5ff32ca,17
,,,c1cc(-c2cccc3c2sc2ccccc23)cc(-c2cccc3c2sc2ccccc23)c1,6a953a97a356161d,7
,,,c1cc(-c2cccc(-n3c4ccccc4c4ncccc43)n2)cc(-n2c3ccccc3c3ccccc32)c1,3ad4a73844f3ab77,17
,,,c1cc(-c2cccc(-n3c4ccccc4c4ncccc43)n2)nc(-c2cccc(-n3c4ccccc4c4ncccc43)n2)c1,0f6c276d6ce39db0,9
,,,c1cc(-c2ccnc(-c3cccc(-n4c5ccccc5c5ccccc54)c3)n2)cc(-n2c3ccccc3c3ccccc32)c1,b16544e0c6217182,2
,,,c1cc(-c2ccccc2-c2ccccc2-c2cccc(-n3c4ccccc4c4ccccc43)c2)cc(-n2c3ccccc3c3ccccc32)c1,769a81b94a4d9635,1
,,,c1cc(-c2ccccc2-c2cccc(-n3c4ccccc4c4cccnc43)c2)cc(-n2c3ccccc3c3ccccc32)c1,31d093a82234b230,2
,,,c1cc(-c2cnc3oc4ncccc4c3c2)cc(-n2c3ccccc3c3ccccc32)c1,066e09a6f9217979,7
,,,c1cc(-c2cncc(-c3cccc(-n4c5ccccc5c5ccccc54)c3)n2)cc(-n2c3ccccc3c3ccccc32)c1,3948455a257688cc,2
,,,c1cc(-c2ccccc2-c2cccc(-n3c4ccccc4c4cccnc43)c2)cc(-n2c3ccccc3c3cccnc32)c1,63a1f94610234676,6
,,,c1cc(-c2ccnc(-c3cccc(-n4c5ccccc5c5ccccc54)c3)c2)cc(-n2c3ccccc3c3ccccc32)c1,0bb296fc6a4866d3,11
,,,c1cc(-c2cncc(-n3c4ccccc4c4ncccc43)c2)cc(-n2c3ccccc3c3ccccc32)c1,f2a3507f93abfa96,13
,,,c1cc(-c2ccncc2)cc(-c2nc(-c3cccc(-c4ccncc4)c3)nc(-c3cccc(-c4ccncc4)c3)n2)c1,6cef8d3297f3efcf,11
,,,c1cc(-c2cncnc2)cc(-c2nc(-c3cccc(-c4cncnc4)c3)nc(-c3cccc(-c4cncnc4)c3)n2)c1,1978de461b01cb8a,10
,,,c1cc(-c2nc(-c3cccc(-c4cncc5ccccc45)c3)nc(-c3cccc(-c4cncc5ccccc45)c3)n2)cc(-c2cncc3ccccc23)c1,3c52cc52da547d5a,3
"9,9'-(1,3-phenylene)di(9h-carbazole)",DTXSID90621607,550378-78-4,c1cc(-n2c3ccccc3c3ccccc32)cc(-n2c3ccccc3c3ccccc32)c1,92cc3b1ca250ea96,3
,,,c1cc(-n2c3ccccc3c3c4ccccc4ccc32)cc(-n2c3ccccc3c3c4ccccc4ccc32)c1,5e6466f22a9e39d5,9
,,,c1cc(-c2noc(-c3cccc(-n4c5ccccc5c5ccccc54)c3)n2)cc(-n2c3ccccc3c3ccccc32)c1,393122796d29f907,11
,,,c1cc(-c2nc3c4ccccc4c4ccccc4c3n2-c2ccc(-n3c4ccccc4c4ccccc43)cc2)cc(-n2c3ccccc3c3ccccc32)c1,fb1f5f8d023fc87e,5
,,,c1cc(-c2nc3c4ccccc4c4ccccc4c3n2-c2cccc(-n3c4ccccc4c4ccccc43)c2)cc(-n2c3ccccc3c3ccccc32)c1,cfea4ce634dc8e39,4
,,,c1cc(-n2c3ccccc3c3cccnc32)cc(-n2c3ccccc3c3cccnc32)c1,d0877f3626247162,8
,,,c1cc(-n2c3ccccc3c3ccccc32)nc(-n2c3ccc(-n4c5ccccc5c5ccccc54)cc3c3cccnc32)c1,ec8b12f3646df258,4
"1,1'-(1,4-phenylene)dipyrene",DTXSID30634756,475460-77-6,c1cc2ccc3ccc(-c4ccc(-c5ccc6ccc7cccc8ccc5c6c78)cc4)c4ccc(c1)c2c34,7b6489059009715c,2
"1,1',1''-(benzene-1,3,5-triyl)tripyrene",DTXSID60609013,349666-25-7,c1cc2ccc3ccc(-c4cc(-c5ccc6ccc7cccc8ccc5c6c78)cc(-c5ccc6ccc7cccc8ccc5c6c78)c4)c4ccc(c1)c2c34,6a575760abd5d027,6
,,,c1cc(-n2c3ccccc3c3ccccc32)cc(C2(c3cccc(-n4c5ccccc5c5ccccc54)c3)c3ccccc3Sc3ccccc32)c1,a48ad8ea51519413,10
,,,c1cc(CC2(c3ccc(-c4c5ccccc5cc5ccccc45)cc3)c3ccccc3-c3ccccc32)cc(C2(c3ccc(-c4c5ccccc5cc5ccccc45)cc3)c3ccccc3-c3ccccc32)c1,114d7f63827ab532,1
,,,c1cc2ccc3ccc(-c4ccn(Cn5nccc5-c5ccc6ccc7cccc8ccc5c6c78)n4)c4ccc(c1)c2c34,3d2394bc0e0b7e04,8
,,,c1ccc(-c2c(-c3ccccc3)c(-c3ccccc3)c3c(c2-c2ccccc2)-c2cccc4c(N(c5ccccc5)c5ccccc5)ccc-3c24)cc1,a74b7b34be26d73c,2
,,,c1cc2ccc3ccc(-c4cc(-c5ccc6ccc7cccc8ccc5c6c78)c(-c5ccc6ccc7cccc8ccc5c6c78)cc4-c4ccc5ccc6cccc7ccc4c5c67)c4ccc(c1)c2c34,b7f3535807c0d2d7,4
9-[4-(10-phenylanthracen-9-yl)phenyl]-9h-carbazole,DTXSID00654860,910647-23-3,c1ccc(-c2c3ccccc3c(-c3ccc(-n4c5ccccc5c5ccccc54)cc3)c3ccccc23)cc1,5c13e7cc301d97b7,2
,,,c1ccc(-c2c3ccccc3c(-c3ccc4c(c3)Oc3ccccc3N4c3ccccc3)c3nsnc23)cc1,69c0132d17d2e72b,2
,,,c1ccc(-c2c3ccccc3c(-c3ccc4ccc5c(-c6ccccc6)ccc6ccc3c4c65)c3ccccc23)cc1,68ed33bd8cae647b,1
,,,c1ccc(-c2c3ccccc3c(-c3ccccc3)c3c4ccc5c6c(ccc(c23)c46)c2ccccc2n5-c2ccccc2)cc1,ab6259de799945d8,1
,,,c1ccc(-c2c3ccccc3c(-c3ccc(-n4c5ccccc5c5cc(N(c6ccccc6)c6ccccc6)ccc54)cc3)c3ccccc23)cc1,ceb039e37e7a1970,4
"2,2'-bis(10-phenylanthracen-9-yl)-9,9'-spirobi[fluorene]",DTXSID00727225,676168-64-2,c1ccc(-c2c3ccccc3c(-c3ccc4c(c3)C3(c5ccccc5-4)c4ccccc4-c4ccc(-c5c6ccccc6c(-c6ccccc6)c6ccccc56)cc43)c3ccccc23)cc1,b5fbd62582139fa1,2
,,,c1ccc(-c2c3ccccc3c(-c3ccccc3)c3cc(-n4c5ccccc5c5ccccc54)ccc23)cc1,bf883f2260541d12,2
,,,c1ccc(-c2c(-c3ccccc3)n(-c3ccc(-c4ccc(-n5c6ccccc6c6ccccc65)cc4)cc3)c3ccccc23)cc1,d25ec19f9f47843a,7
9-(9h-fluoren-9-yl)-10-phenylanthracene,DTXSID001277739,736158-86-4,c1ccc(-c2c3ccccc3c(C3c4ccccc4-c4ccccc43)c3ccccc23)cc1,7387453b6421474a,2
,,,c1ccc(-c2c(N(c3ccccc3)c3ccccc3)c(-n3c4ccccc4c4ccccc43)c(-n3c4ccccc4c4ccccc43)c(-n3c4ccccc4c4ccccc43)c2-n2c3ccccc3c3ccccc32)cc1,c8791ed02c456522,2
,,,c1ccc(-c2cc(-c3cc4ccccc4c4ccccc34)c(-c3ccccc3)c3c2-c2cccc4cccc-3c24)cc1,21dd65d8daa6e867,2
,,,c1ccc(-c2c3ccccc3c(-c3ccccc3)c3cc([Si](c4ccccc4)(c4ccccc4)c4ccccc4)ccc23)cc1,9ab202ba5821ae66,4
,,,c1ccc(-c2c3ccccc3c(-c3cccc(-c4cccc(-n5c6ccccc6c6cnccc65)n4)n3)c3ccccc23)cc1,b58b1c4130cc99bb,8
,,,c1ccc(-c2cc(-c3ccc(-c4nnc(-c5ccc(N(c6ccccc6)c6ccccc6)cc5)o4)cc3)c3ccccc3n2)cc1,0f043a6ea67c9a71,7
,,,c1ccc(-c2c3ccccc3c(-c3ccc(C4(c5cccc(C6(c7ccc(-c8c9ccccc9c(-c9ccccc9)c9ccccc89)cc7)c7ccccc7-c7ccccc76)c5)c5ccccc5-c5ccccc54)cc3)c3ccccc23)cc1,95642909172a9876,3
,,,c1ccc(-c2cc(-c3ccc(-c4ccc(N(c5ccccc5)c5ccccc5)cc4)cc3)cc(-c3ccccc3)n2)cc1,e542606ad4e4e843,13
,,,c1ccc(-c2cc(-c3ccc(-n4c5ccccc5c5c6oc7ccccc7c6ccc54)cc3)nc(-c3ccccc3)n2)cc1,941fea59610f5f87,13
,,,c1ccc(-c2c3ccccc3c(-c3cccc([Si](c4ccccc4)(c4ccccc4)c4cccc(-c5c6ccccc6c(-c6ccccc6)c6ccccc56)c4)c3)c3ccccc23)cc1,70d5a99a9bd7b476,7
,,,c1ccc(-c2cc(-c3ccc(N4c5ccccc5Oc5ccccc54)cc3)nc3ncnn23)cc1,b77a8edaacf27c61,4
,,,c1ccc(-c2cc(-c3ccc(-n4c5ccccc5c5c6sc7ccccc7c6ccc54)cc3)nc(-c3ccccc3)n2)cc1,ebd8f0f77b327557,11
,,,c1ccc(-c2cc(-c3ccc(N(c4ccccc4)c4ccccc4)cc3)cc(-c3ccccc3)n2)cc1,10d920688b6522bd,12
,,,c1ccc(-c2cc(-c3ccc4c(c3)C3(c5ccccc5-c5ccccc53)c3cc(-c5cc(-c6ccccn6)nc(-c6ccccn6)c5)ccc3-4)cc(-c3ccccn3)n2)nc1,0312ba2ff9a1d3aa,3
,,,c1ccc(-c2cc(-c3ccc4c(c3)Oc3cc(-c5cc(-c6ccccc6)c6ccccc6n5)ccc3N4c3ccccc3)nc3ccccc23)cc1,e195cc9f981d8be2,8
,,,c1ccc(-c2cc(-c3cccc(-n4c5ccccc5c5ccccc54)c3)nc(-c3cccc(-n4c5ccccc5c5ccccc54)c3)c2)cc1,70ca22c64808a1e6,3
,,,c1ccc(-c2cc(-c3cccc(-n4c5ccccc5c5ccccc54)c3)nc3c2ccc2c(-c4ccccc4)cc(-c4cccc(-n5c6ccccc6c6ccccc65)c4)nc23)cc1,864bf8b1e11c2eb0,1
,,,c1ccc(-c2cc(-c3cccc4ccccc34)c(-c3ccccc3)c3c2-c2cccc4cccc-3c24)cc1,0ea2313239257f26,2
"2~5~-(4,5-diphenylanthracen-9-yl)-1~1~,2~1~:2~3~,3~1~-terphenyl",DTXSID50731195,872714-32-4,c1ccc(-c2cc(-c3ccccc3)cc(-c3c4cccc(-c5ccccc5)c4cc4c(-c5ccccc5)cccc34)c2)cc1,73ac88d530634bc5,3
,,,c1ccc(-c2cc(-c3cccc(-c4cccc(-n5c6ccccc6c6ccccc65)c4)c3)nc(-c3cccc(-c4cccc(-n5c6ccccc6c6ccccc65)c4)c3)c2)cc1,b644b1701b1a7ab2,6
,,,c1ccc(-c2cc(-c3ccccc3)cc(-c3c4ccccc4c(-c4cc(-c5ccccc5)cc(-c5ccccc5)c4)c4ccccc34)c2)cc1,e82223fbd3ffad04,7
,,,c1ccc(-c2cc(-c3cccc(-n4c5ccc(-c6ccccc6)cc5c5cc(-c6ccccc6)ccc54)c3)nc(-c3cccc(-n4c5ccc(-c6ccccc6)cc5c5cc(-c6ccccc6)ccc54)c3)c2)cc1,e98d6bf99f71456d,5
,,,c1ccc(-c2cc(-c3cccc(N(c4ccccc4)c4ccccc4)c3)nc3c2ccc2c(-c4ccccc4)cc(-c4cccc(N(c5ccccc5)c5ccccc5)c4)nc23)cc1,53f95146386aaf9d,6
,,,c1ccc(-c2cc(-c3ccccc3)cc(-c3cc4c5ccccc5c(-c5cc(-c6ccccc6)cc(-c6ccccc6)c5)cc4c4ccccc34)c2)cc1,f152a9366751e4d1,9
,,,c1ccc(-c2cc(-c3ccccc3)cc(-c3ccc4ccc(-c5c6ccccc6c(-c6ccccc6)c6ccccc56)cc4c3)c2)cc1,d6196b8b1368cee6,7
,,,c1ccc(-c2cc(-c3ccccc3)cc(-c3ccc4ccc5c(-c6cc(-c7ccccc7)cc(-c7ccccc7)c6)ccc6ccc3c4c65)c2)cc1,45ea0be1f53e7df0,9
,,,c1ccc(-c2cc(-c3ccccc3)nc(-n3c4ccccc4c4ccc5c6ccccc6n(-c6ccc(-c7cccc8c7oc7ccccc78)cc6)c5c43)n2)cc1,fa1628cacdd20a42,6
,,,c1ccc(-c2cc(-c3ccccc3)nc(-n3c4ccccc4c4ccc5c6ccccc6n(-c6ccc(-c7cccc8c7sc7ccccc78)cc6)c5c43)n2)cc1,f7d6c37275c5ece5,4
,,,c1ccc(-c2cc(-c3ccccc3)nc(-n3c4ccccc4c4ccc5c6ccccc6n(-c6cccc(-c7cccc8c7sc7ccccc78)c6)c5c43)n2)cc1,c5984beb3eb88429,8
,,,c1ccc(-c2ccc(-c3cc(-c4cccc(-n5c6ccccc6c6ccccc65)c4)nc(-c4cccc(-n5c6ccccc6c6ccccc65)c4)c3)cc2)cc1,601433e18d429675,2
"1,1'-([1,1'-biphenyl]-4,4'-diyl)bis(2-phenyl-1h-indole)",DTXSID00732778,156411-52-8,c1ccc(-c2cc3ccccc3n2-c2ccc(-c3ccc(-n4c(-c5ccccc5)cc5ccccc54)cc3)cc2)cc1,5622091e376471cf,12
,,,c1ccc(-c2ccc(-c3cc4c(c5ccccc35)-c3ccccc3C43c4ccccc4-c4ccccc43)cc2)cc1,db46a08c35b1953d,2
,,,c1ccc(-c2ccc(-c3ccc(N(c4ccccc4)c4ccccc4)cc3)c3nsnc23)cc1,10b3f35157d07c05,8
,,,c1ccc(-c2ccc(-c3ccccc3-c3ccc4cc(-c5c6ccccc6c(-c6ccccc6)c6ccccc56)ccc4c3)cc2)cc1,ca2f77b68ffd944f,7
,,,c1ccc(-c2ccc(-n3c4ccccc4c4ccccc43)cc2)c(-c2ccc(-n3c4ccccc4c4ccccc43)cc2)c1,6ff04ad1c403bafb,4
,,,c1ccc(-c2ccc(-c3ccc4c(c3)C(c3ccccc3)(c3ccc(C5(c6ccccc6)c6cc(-c7ccc(-c8ccccc8)cc7)ccc6-c6ccc(-c7ccc(-c8ccccc8)cc7)cc65)s3)c3cc(-c5ccc(-c6ccccc6)cc5)ccc3-4)cc2)cc1,e1e26a32471d2361,4
,,,c1ccc(-c2ccc(-n3c4ccc(N(c5ccc6c(c5)c5ccccc5n6-c5ccccc5)c5cccc6ccccc56)cc4c4cc(N(c5ccc6c(c5)c5ccccc5n6-c5ccccc5)c5cccc6ccccc56)ccc43)cc2)cc1,74f6e610abb4b180,3
,,,c1ccc(-c2ccc(N(c3ccc(-c4cc5ccccc5s4)cc3)c3ccc(-c4cc5ccccc5s4)cc3)cc2)cc1,6c264885355bfe9b,8
,,,c1ccc(-c2ccc(C3(c4ccc(-c5ccccc5)cc4)c4cc(-n5c6ccccc6c6ccccc65)ccc4-c4ccc(-n5c6ccccc6c6ccccc65)cc43)cc2)cc1,624fdf2b77133904,13
,,,c1ccc(-c2ccc(C3(c4ccc(-c5ccccc5)cc4)c4cc(-c5ccc6c(c5)C5(c7ccccc7-c7ccccc75)c5ccccc5-6)ccc4-c4ccc(-c5ccc6c(c5)C5(c7ccccc7-c7ccccc75)c5ccccc5-6)cc43)cc2)cc1,6dc277fbfde92e2e,4
,,,c1ccc(-c2ccc(N(c3ccc(-c4ccccc4)cc3)c3ccc4c(c3)C(c3ccc(-c5ccccc5)cc3)(c3ccc(-c5ccccc5)cc3)c3cc(N(c5ccc(-c6ccccc6)cc5)c5ccc(-c6ccccc6)cc5)ccc3-4)cc2)cc1,a95dc03dff9c1cba,3
,,,c1ccc(-c2ccc(N(c3ccc(-c4ccccc4)cc3)c3ccc4c(c3)C3(Cc5ccccc5C3)c3ccccc3-4)cc2)cc1,62e782324e5d2e6c,13
,,,c1ccc(-c2ccc(N(c3ccc(C4(c5ccc(N(c6ccc(-c7ccccc7)cc6)c6ccc7c(c6)c6ccccc6n7-c6ccccc6)cc5)c5ccccc5-c5ccccc54)cc3)c3ccc4c(c3)c3ccccc3n4-c3ccccc3)cc2)cc1,b02ae2aa1ce3b7f7,2
,,,c1ccc(-c2ccc(N(c3ccccc3)c3ccc(N(c4ccccc4)c4ccc(C5(c6ccc(N(c7ccccc7)c7ccc8c(c7)c7ccccc7n8-c7ccc(-c8ccccc8)cc7)cc6)c6ccccc6-c6ccccc65)cc4)cc3)cc2)cc1,d1fe3954dcd8a546,1
,,,c1ccc(-c2ccc(N(c3ccccc3)c3ccc(C4(c5ccc(N(c6ccccc6)c6ccc(-c7ccccc7)cc6)cc5)CCCCC4)cc3)cc2)cc1,fe98479f6055cdce,10
,,,c1ccc(-c2ccc3c(c2)-c2ccccc2B2c4ccccc4-c4ccccc4N23)cc1,deca8cf7d2328ac0,4
,,,c1ccc(-c2ccc3c(c2)-c2ccccc2B2c4ccccc4-c4cc(-c5ccccc5)ccc4N23)cc1,5e8d6cd4757df98f,5
,,,c1ccc(-c2ccc3c(c2)C(c2c4ccccc4cc4ccccc24)c2ccccc2-3)cc1,c2ad67a19acff23e,9
,,,c1ccc(-c2ccc3c(c2)C2(c4ccccc4-3)c3ccccc3-c3ccc(-c4ccccc4)cc32)cc1,c471a52da1518efc,5
,,,c1ccc(-c2ccc3oc4cccc5c4c(c3c2)c2cccc3oc4ccc(-c6ccccc6)cc4c5c32)cc1,cd42759258654def,6
,,,c1ccc(-c2ccc3c(c2)-c2cc(-c4ccccc4)ccc2C3(c2ccc(N(c3ccccc3)c3ccc4c(c3)c3ccccc3n4-c3ccccc3)cc2)c2ccc(N(c3ccccc3)c3ccc4c(c3)c3ccccc3n4-c3ccccc3)cc2)cc1,3438932a4d6b356b,2
,,,c1ccc(-c2cccc(-c3cc(-c4cccc(-c5cccc(-c6ccccn6)n5)n4)cc(-c4cccc(-c5cccc(-c6ccccn6)n5)n4)c3)n2)nc1,7fd9dd2016ffdc1c,7
,,,c1ccc(-c2cccc3c2oc2cccc4c2c3c2cccc3oc5c(-c6ccccc6)cccc5c4c32)cc1,e641c12653706225,6
,,,c1ccc(-c2cccc(-c3cccc(-c4nc(-c5cccc(-c6cccc(-c7ccccn7)c6)c5)nc(-c5cccc(-c6cccc(-c7ccccn7)c6)c5)n4)c3)c2)nc1,c325ed6a800e9750,5
,,,c1ccc(-c2cccc(-c3cccc(-c4cc(-c5ccccc5)nc(-c5cccc(-n6c7ccc(-c8ccccc8)cc7c7cc(-c8ccccc8)ccc76)c5)c4)c3)c2)cc1,3d85ebe2d4c57afe,6
,,,c1ccc(-c2ccccc2-c2ccc(-n3c4ccccc4c4ccccc43)cc2)c(-c2ccc(-n3c4ccccc4c4ccccc43)cc2)c1,93136063587a5658,5
,,,c1ccc(-c2cccc(-c3ccccc3)c2-n2nc3cc(-c4cccc(-c5ccccn5)n4)cc(-c4cccc(-c5ccccn5)n4)c3n2)cc1,59c9ae46a4de4bc5,10
,,,c1ccc(-c2ccccc2-c2cccc3c(-c4ccccc4-c4ccccc4)c4cccc(-c5ccccc5-c5ccccc5)c4cc23)cc1,fec2610c105148a7,5
,,,c1ccc(-c2ccccc2-c2ccc3c(-c4ccc(-c5cccc6ccccc56)cc4)c4ccccc4c(-c4ccc(-c5cccc6ccccc56)cc4)c3c2)cc1,c713c8d89968907a,7
,,,c1ccc(-c2ccccc2-n2nc3cc(-c4cccc(-c5ccccn5)n4)cc(-c4cccc(-c5ccccn5)n4)c3n2)cc1,c440c8aa3ae03b32,7
,,,c1ccc(-c2nc(-c3ccc(N(c4ccccc4)c4ccccc4)cc3)c3ccccc3n2)cc1,7617eab4e0f8d67f,4
,,,c1ccc(-c2nc(-c3ccc(N4c5ccccc5Oc5ccccc54)cc3)nn2-c2ccc(N3c4ccccc4Oc4ccccc43)cc2)nc1,4679595d70c88c3e,2
,,,c1ccc(-c2nc(-c3ccc(N4c5ccccc5Oc5ccccc54)cc3)cc(-c3ccc(N4c5ccccc5Oc5ccccc54)cc3)n2)cc1,05856f41775cf1e8,3
,,,c1ccc(-c2nc(-c3ccc(-c4ccc(-n5c6ccccc6c6ccccc65)cc4)cc3)n(-c3ccccc3)c2-c2ccccc2)cc1,76594398facf2dd4,8
,,,c1ccc(-c2ccccc2N(c2ccc(-c3nc4cccnc4nc3-c3ccc(N(c4ccccc4-c4ccccc4)c4ccc5ccc6cccc7ccc4c5c67)cc3)cc2)c2ccc3ccc4cccc5ccc2c3c45)cc1,3bef06570241f8a0,1
,,,c1ccc(-c2nc(-c3ccccc3)nc(-c3ccc(-c4c5ccccc5c(-c5c6ccccc6c(-c6ccc(-n7c8ccccc8c8ccccc87)cc6)c6ccccc56)c5ccccc45)cc3)n2)cc1,2e55b74334f4588d,2
,,,c1ccc(-c2nc(-c3cccc(-n4c5ccccc5c5cc(-n6c7ccccc7c7ccccc76)ccc54)c3)no2)cc1,4d12b221ea658003,12
,,,c1ccc(-c2nc(-c3ccccc3)nc(-c3ccc(-n4c5c(c6ccccc64)CCc4c-5n(-c5ccccc5)c5ccccc45)cc3)n2)cc1,ff9407a78e808896,2
,,,c1ccc(-c2nc(-c3ccccc3)nc(-c3ccc(-c4cccc5c4C4(c6ccccc6-5)c5ccccc5N(c5ccccc5)c5ccccc54)cc3)n2)cc1,8badfd64f5dae57e,2
,,,c1ccc(-c2nc(-c3ccc(N4c5ccccc5Sc5ccccc54)cc3)nn2-c2ccc(N3c4ccccc4Sc4ccccc43)cc2)nc1,040d913e8226bc4b,10
,,,c1ccc(-c2nc(-c3ccccc3)nc(-c3cc(-c4ccccc4)c(-n4c5ccccc5c5cc(-n6c7ccccc7c7ccccc76)ccc54)c(-c4ccccc4)c3)n2)cc1,68c294b29acb9e4b,5
,,,c1ccc(-c2nc(-c3ccccc3)nc(-c3ccc(-n4c5ccccc5c5c6c(ccc54)-c4ccccc4C64c5ccccc5-c5ccccc54)cc3)n2)cc1,85c1a498d4ec0410,2
,,,c1ccc(-c2nc(-c3ccccc3)nc(-c3ccc(-n4c5ccccc5c5cc6c(cc54)C4(c5ccccc5-c5ccccc54)c4ccccc4-6)cc3)n2)cc1,97cd47ff0c0af621,2
,,,c1ccc(-c2nc(-c3ccccc3)nc(-c3ccc(-n4c5ccccc5c5ccc6c7ccccc7n(-c7ccccc7)c6c54)cc3)n2)cc1,de80e2e04954c5c3,2
,,,c1ccc(-c2nc(-c3ccccc3)nc(-c3ccc(-n4c5ccccc5c5cc6c7ccccc7n(-c7ccccc7)c6cc54)cc3)n2)cc1,8d33335d53912e14,4
"3-(4,6-diphenyl-1,3,5-triazin-2-yl)-9-phenyl-9h-carbazole",DTXSID301195192,1313391-57-9,c1ccc(-c2nc(-c3ccccc3)nc(-c3ccc4c(c3)c3ccccc3n4-c3ccccc3)n2)cc1,971a3177d562bc10,2
,,,c1ccc(-c2nc(-c3ccccc3)nc(-c3ccc(-n4c5ccccc5c5c6c(ccc54)-c4ccccc4C6(c4ccccc4)c4ccccc4)cc3)n2)cc1,2594176066477155,6
,,,c1ccc(-c2nc(-c3ccccc3)nc(-c3ccc(-n4c5ccc(-n6c7ccccc7c7ccccc76)cc5c5cc(-n6c7ccccc7c7ccccc76)ccc54)cc3)n2)cc1,0c2ce16de31a8240,6
,,,c1ccc(-c2nc(-c3ccccc3)nc(-c3ccc(-n4c5ccccc5c5ccc6c(c7ccccc7n6-c6ccccc6)c54)cc3)n2)cc1,5d82f2b0b760480f,4
,,,c1ccc(-c2nc(-c3ccccc3)nc(-c3cccc4c3C3(c5ccccc5-4)c4ccccc4N(c4ccccc4)c4ccccc43)n2)cc1,b26eda7beeb4b0a3,1
,,,c1ccc(-c2nc(-c3ccccc3)nc(-c3ccccc3-n3c4ccccc4c4ccccc43)n2)cc1,7a5a4da218c9f97e,2
,,,c1ccc(-c2nc(-c3ccccc3)nc(-c3cccc(-c4cccc5c4C4(c6ccccc6-5)c5ccccc5N(c5ccccc5)c5ccccc54)c3)n2)cc1,e528f8a15f77e6da,2
,,,c1ccc(-c2nc(-c3ccccc3)nc(-c3ccc(C4(c5ccc(-n6c7ccccc7c7ccccc76)cc5)CCCCC4)cc3)n2)cc1,d2ad05964dbdb13e,4
,,,c1ccc(-c2nc(-c3ccccc3)nc(-c3cccc(-n4c5ccccc5c5c6c(ccc54)-c4ccccc4C64c5ccccc5-c5ccccc54)c3)n2)cc1,4e02f6975c113027,4
,,,c1ccc(-c2nc(-c3ccccc3)nc(-c3ccc(-n4c5ccccc5c5cc(-c6ccc7c(c6)-c6ccccc6C76c7ccccc7-c7ccccc76)ccc54)cc3)n2)cc1,4a2d5c6969d1dc26,7
,,,c1ccc(-c2nc(-c3ccccc3)nc(-c3cccc(-n4c5ccccc5c5cc6c(cc54)C4(c5ccccc5-c5ccccc54)c4ccccc4-6)c3)n2)cc1,e002e7d430913771,4
,,,c1ccc(-c2nc(-c3ccccc3)nc(-c3ccccc3C3(c4ccccc4)c4ccccc4N(c4ccccc4)c4ccccc43)n2)cc1,778b872a98c024ad,2
,,,c1ccc(-c2nc(-c3ccccc3)nc(C3(c4ccc(-n5c6ccccc6c6ccccc65)cc4)c4ccccc4-c4ccccc43)n2)cc1,8b4b90ad16134cd9,4
,,,c1ccc(-c2nc(-c3ccccc3)nc(-n3c4ccccc4c4ccc5c6ccccc6n(-c6ccc(-c7cccc8c7oc7ccccc78)cc6)c5c43)n2)cc1,adb013f2663309ce,5
,,,c1ccc(-c2nc(-c3ccccn3)n(-c3ccc(-n4c5ccccc5c5ccccc54)cc3)n2)nc1,8622e2a479747e86,8
,,,c1ccc(-c2nc(-c3ccccc3)nc(-n3c4ccccc4c4ccc5c6ccccc6n(-c6ccc(-c7cccc8c7sc7ccccc78)cc6)c5c43)n2)cc1,2703f6c3fb648007,6
,,,c1ccc(-c2nc(-c3ccccc3-n3c4ccccc4c4ccccc43)nc(-c3ccccc3-n3c4ccccc4c4ccccc43)n2)cc1,4ae87c86ade0ef49,7
,,,c1ccc(-c2nc3c4ccccc4c4ccccc4c3n2-c2ccc(-c3c4ccccc4cc4ccccc34)cc2)cc1,d1ac6fa29f55ffbc,2
,,,c1ccc(-c2nc(-c3ccccc3)nc(-n3c4ccccc4c4ccc5c6ccccc6n(-c6cccc(-c7cccc8c7sc7ccccc78)c6)c5c43)n2)cc1,b13c369ee9d1e4b4,6
,,,c1ccc(-c2nc(-c3ccccc3)nc(C3(c4ccc5c(c4)c4ccccc4n5-c4ccccc4)c4ccccc4-c4ccccc43)n2)cc1,152d3f7c4cf20276,8
,,,c1ccc(-c2nc(-c3ccccn3)nn2-c2cccc(-n3c4ccccc4c4ccccc43)c2)cc1,fd98ef29a48f4b28,12
,,,c1ccc(-c2nc3c4ccccc4c4ccccc4c3n2-c2ccc(-c3c4ccccc4c(-c4ccc5ccccc5c4)c4ccccc34)cc2)cc1,432e9371b7078cfd,4
,,,c1ccc(-c2nc3c4ccccc4c4ccccc4c3n2-c2ccc(-n3c4ccccc4c4ccccc43)cc2)cc1,60e1f2043ea29df6,4
,,,c1ccc(-c2nc3c(-n4c5ccccc5c5ccccc54)ccc(-n4c5ccccc5c5ccccc54)c3nc2-c2ccccc2)cc1,2be6829acd2f5c7c,6
,,,c1ccc(-c2nc3c4ccccc4c4ccccc4c3n2-c2ccc(-c3ccc4ccc5cccc6ccc3c4c56)cc2)cc1,61bb06562c9e9cec,4
,,,c1ccc(-c2nc3cc(N4c5ccccc5C(c5ccccc5)(c5ccccc5)c5ccccc54)cnc3nc2-c2ccccc2)cc1,22b3d5be84b0a8e8,2
,,,c1ccc(-c2nc3cc(N4c5ccccc5Oc5ccccc54)cnc3nc2-c2ccccc2)cc1,0db4dbef9f1538dc,4
,,,c1ccc(-c2nc3c4ccccc4c4ccccc4c3n2-c2cccc(-n3c4ccccc4c4ccccc43)c2)cc1,a0d95c5f4d680153,7
,,,c1ccc(-c2nc3ccccc3n2-c2cccc(-n3c4ccccc4c4ccccc43)c2)cc1,4e5baa73b723c4ce,8
,,,c1ccc(-c2nc3ccccn3c2-c2ccc(-c3c(-c4ccccc4)nc4ccccn34)cc2)cc1,0e902695a6b06f61,6
,,,c1ccc(-c2nnc(-c3ccc(-n4cc(-c5nnc(-c6ccccc6)o5)c(-c5nnc(-c6ccccc6)o5)n4)cc3)o2)cc1,9e36d8a5d11599a9,5
,,,c1ccc(-c2nnc(-c3ccc(N4c5ccccc5Oc5ccccc54)cc3)c(-c3ccc(N4c5ccccc5Oc5ccccc54)cc3)n2)cc1,bfe996546603c28f,2
,,,c1ccc(-c2nc3ccccc3n2-c2ccc(-c3ccc4c(c3)c3ccccc3n4-c3ccccc3)cc2)cc1,7f50abbe4e93bb96,11
"3,3'-([1,1'-biphenyl]-4,4'-diyl)bis(2-phenylimidazo[1,2-a]pyridine)",DTXSID60733443,849637-43-0,c1ccc(-c2nc3ccccn3c2-c2ccc(-c3ccc(-c4c(-c5ccccc5)nc5ccccn45)cc3)cc2)cc1,0bde28b8956d40cf,8
,,,c1ccc(-c2nnc(-c3ccc([Si](c4ccccc4)(c4ccccc4)c4ccccc4)cc3)o2)cc1,c93ab595c653621a,4
,,,c1ccc(-c2nnc(-c3cn(-c4ccccc4)nc3-c3nnc(-c4ccccc4)o3)o2)cc1,38015e2a39fdb052,4
,,,c1ccc(-c2nnc(-c3cccc(-c4cccc(-c5cccc(-c6nnc(-c7ccccc7)o6)c5)c4)c3)o2)cc1,1a74020d89679180,4
,,,c1ccc(-c2nc3ccccc3nc2-c2ccc3c(c2)Oc2cc(-c4nc5ccccc5nc4-c4ccccc4)ccc2N3c2ccccc2)cc1,9653241012c31927,8
,,,c1ccc(-c2noc(-c3cccc(-n4c5ccccc5c5cc(-n6c7ccccc7c7ccccc76)ccc54)c3)n2)cc1,1d91f8120e6e8695,10
,,,c1ccc(-n2c(-c3cc(-c4cc(-n5c6ccccc6c6ccccc65)cc(-n5c6ccccc6c6ccccc65)c4)cc(-c4nc5ccccc5n4-c4ccccc4)c3)nc3ccccc32)cc1,dc832cae78739d44,3
,,,c1ccc(-n2c(-c3cc(-n4c5ccccc5c5ccccc54)cc(-n4c5ccccc5c5ccccc54)c3)nc3ccccc32)cc1,c1da569979ecc027,8
,,,c1ccc(-c2nnc(-c3ccc([Si](c4ccc(-c5nnc(-c6ccccc6)o5)cc4)(c4ccc(-c5nnc(-c6ccccc6)o5)cc4)c4ccc(-c5nnc(-c6ccccc6)o5)cc4)cc3)o2)cc1,532c783d77575724,9
,,,c1ccc(-n2c(-c3ccc(-n4c5ccccc5c5c6ccccc6c(-c6cccc7c6sc6ccccc67)cc54)cc3)nc3ccccc32)cc1,ddd88c7f93127f85,2
,,,c1ccc(-n2c(-c3ccc(-c4ccc5c(c4)c4ccccc4n5-c4ccccc4)cc3)nc3ccccc32)cc1,db1fe8c62d811f8e,12
,,,c1ccc(-n2c(-c3ccc(-n4c5ccccc5c5ccccc54)cc3)nc3c4ccccc4c4ccccc4c32)cc1,8a0dcfacef3f5404,4
,,,c1ccc(-n2c(-c3ccc(-n4nc5ccc6ccccc6c5n4)cc3)nc3ccccc32)cc1,03abd3b08113417d,4
,,,c1ccc(-n2c(-c3cccc(-c4cccc(-c5cccc(-c6nc7ccccc7n6-c6ccccc6)c5)n4)c3)nc3ccccc32)cc1,95fc84d39d78eb4e,2
,,,c1ccc(-n2c(-c3cccc(-c4cccc(-c5cccc(-c6nc7ccccc7n6-c6ccccc6)c5)c4)c3)nc3ccccc32)cc1,37b1f0c68ba1e13d,11
,,,c1ccc(-n2c(-c3cccc(-n4c5ccccc5c5ccccc54)c3)nc3ccccc32)cc1,fe4d5d0281f038e0,7
,,,c1ccc(-n2c3ccccc3c3cc(-c4c5ccccc5c(-c5cccc6ccccc56)c5ccccc45)ccc32)cc1,56d189aa0e3b3e15,4
,,,c1ccc(-n2c(-c3cccc(-n4c5ccccc5c5ccccc54)c3)nc3c4ccccc4c4ccccc4c32)cc1,1f6753c02182f95c,8
,,,c1ccc(-n2c3ccccc3c3cc(-c4ccc5c6ccccc6c6ccccc6c5c4)ccc32)cc1,68e26cfa8fe78be0,8
,,,c1ccc(-n2c3ccccc3c3cc(-c4ccc(-c5nc6ccccc6nc5-c5ccc(-c6ccc7c(c6)c6ccccc6n7-c6ccccc6)cc5)cc4)ccc32)cc1,6612fe0f41aee7d8,3
,,,c1ccc(-n2c(-c3cccc(-c4cccc(-c5nc6c7ccccc7c7ccccc7c6n5-c5ccccc5)c4)c3)nc3c4ccccc4c4ccccc4c32)cc1,c3eb588fe97a1550,8
,,,c1ccc(-n2c3ccccc3c3cc(-c4cccc(-n5c6ccccc6c6ncccc65)c4)ccc32)cc1,72274c4bc307d028,16
,,,c1ccc(-n2c3ccccc3c3cc(-c4ccn5nc(-c6ccc(-n7c8ccccc8c8ccccc87)cc6)nc5c4)ccc32)cc1,9a6b92d92cff6164,12
,,,c1ccc(-n2c3ccccc3c3cc(-c4cnc(-c5ccc6c(c5)c5ccccc5n6-c5ccccc5)nc4)ccc32)cc1,06bb5efc1277f10b,14
,,,c1ccc(-n2c3ccccc3c3ccccc32)c(-c2cc(-n3cccn3)cc(-n3nccn3)c2)c1,7bb4b163262aa419,8
,,,c1ccc(-n2c3ccccc3c3ccccc32)c(-c2cc(-n3cccn3)cc(-n3cccn3)c2)c1,4c2cc7ea25577778,8
,,,c1ccc(-n2c3ccccc3c3ccccc32)c(-c2ccc3cccnc3n2)c1,af38fcb6f9cbe7d5,4
,,,c1ccc(-n2c3ccccc3c3ccccc32)c(-c2ccccc2-n2c3ccccc3c3ccccc32)c1,7ae7d55f1f55dda2,2
,,,c1ccc(-n2c3ccccc3c3cc(C4(c5ccc6c(c5)c5ccccc5n6-c5ccccc5)c5ccccc5Sc5ccccc54)ccc32)cc1,e21fa04dbd0ec420,12
,,,c1ccc(-n2nc(-c3ccc(N4c5ccccc5Oc5ccccc54)cc3)nc2-c2ccccn2)cc1,9becd6e53851a7ad,2
,,,c1ccc(-n2c3ccccc3c3cc(C4(c5ccc6c(c5)c5ccccc5n6-c5ccccc5)c5cccnc5-c5ncccc54)ccc32)cc1,1e8b4a582f298a50,14
,,,c1ccc(-n2nc3ccc(N4Cc5cc6c(cc5C4)CN(c4ccc5nn(-c7ccccc7)nc5c4)C6)cc3n2)cc1,58f855dab13b67b2,2
,,,c1ccc(-n2c3ccccc3c3cc(N(c4ccc(C5(c6ccc(N(c7ccc8ccccc8c7)c7ccc8c(c7)c7ccccc7n8-c7ccccc7)cc6)c6ccccc6-c6ccccc65)cc4)c4ccc5ccccc5c4)ccc32)cc1,8095a93101e9ba2b,1
,,,c1ccc(-n2nc(-c3ccc(N4c5ccccc5Sc5ccccc54)cc3)nc2-c2ccccn2)cc1,53931d9c752635ed,6
,,,c1ccc(/C(=C(\c2ccccc2)c2ccc(-c3c4ccccc4cc4ccccc34)cc2)c2ccc(-c3c4ccccc4cc4ccccc34)cc2)cc1,66c2c43e0aa3066f,2
,,,c1ccc(-n2nc3cc(-c4cccc(-c5ccccn5)n4)cc(-c4cccc(-c5ccccn5)n4)c3n2)cc1,ed3847afa9803352,6
,,,c1ccc(/N=C(\c2ccccc2)c2ccc(/C(=N/c3ccccc3)c3ccccc3)cc2)cc1,4ab85ca74a6192be,6
,,,c1ccc(-n2c3ccccc3c3ccccc32)c(-c2nc(-c3ccccc3-n3c4ccccc4c4ccccc43)nc(-c3ccccc3-n3c4ccccc4c4ccccc43)n2)c1,de70b1f37bc5099f,2
,,,c1ccc(C(=C(c2ccc(-n3c4ccccc4c4ccccc43)cc2)c2ccc(-n3c4ccccc4c4ccccc43)cc2)c2ccccc2)cc1,0a7a0b991f036510,6
,,,c1ccc(/N=N/c2ccc(N(c3ccc(/N=N/c4ccccc4)cc3)c3ccc(/N=N/c4ccccc4)cc3)cc2)cc1,f5cbd9804efbd619,9
,,,c1ccc(/N=N/c2ccc(N(c3ccc(-c4ccccc4)cc3)c3ccc(-c4ccccc4)cc3)cc2)cc1,dcfd6848a7083a07,15
,,,c1ccc(C(=C(c2ccccc2)c2ccc(-c3ccc(-n4c5ccccc5c5ccccc54)cc3)cc2)c2ccccc2)cc1,c23891b36ac46e68,8
,,,c1ccc(C(=C(c2ccccc2)c2ccc([Si](c3ccccc3)(c3ccccc3)c3ccccc3)cc2)c2ccccc2)cc1,9c4d064ceb64ef78,8
,,,c1ccc(C(=C(c2ccccc2)c2ccc3c(c2)-c2ccccc2C32c3ccccc3-c3ccccc32)c2ccccc2)cc1,274086b8909e25a0,4
,,,c1ccc(C(=C(c2cccc(-c3cccc(N(c4ccccc4)c4ccccc4)c3)c2)c2cccc(-c3cccc(N(c4ccccc4)c4ccccc4)c3)c2)c2ccccc2)cc1,6da5d53945c6d5f4,2
,,,c1ccc(C(c2ccccc2)(c2ccccc2)c2ccc(C3(c4ccccc4)c4ccccc4-c4ccccc43)s2)cc1,bf922cd2ad2008f6,8
,,,c1ccc(C2(c3cccc(-n4c5ccccc5c5ccccc54)c3)c3ccccc3Sc3ccccc32)cc1,a71e297ce4d009f7,7
,,,c1ccc(C(=C(c2ccccc2)c2cccc(-c3nc4c5ccccc5c5ccccc5c4n3-c3ccccc3)c2)c2ccccc2)cc1,2a6608e494dc3b3d,11
,,,c1ccc(C(=C(c2ccccc2)c2cccc(-c3ccccc3-c3nnc(-c4ccccc4-c4cccc(C(=C(c5ccccc5)c5ccccc5)c5ccccc5)c4)o3)c2)c2ccccc2)cc1,4775dac6c0a25e96,1
,,,c1ccc(C(=C(c2ccccc2)c2ccc3c(c2)[Si](c2ccccc2)(c2ccccc2)c2cc(C(=C(c4ccccc4)c4ccccc4)c4ccccc4)ccc2-3)c2ccccc2)cc1,34007dad3b918646,6
,,,c1ccc(C2(c3ccccc3)c3cc(-c4ccc5ccc6cccc7ccc4c5c67)ccc3-c3ccc(-c4ccc5ccc6cccc7ccc4c5c67)cc32)cc1,0181b5d7428659c3,6
,,,c1ccc(C2(c3ccccc3)c3ccccc3N(c3cccc(-c4cccc5c4oc4ccccc45)c3)c3ccccc32)cc1,7a523129a0a0830e,8
,,,c1ccc(C2(c3ccccc3)c3ccccc3N(c3cccc(-c4cccc5c4sc4ccccc45)c3)c3ccccc32)cc1,8cb743792601ff52,6
,,,c1ccc(C2(c3ccccc3)c3cc(-c4ccc5ccccc5c4)ccc3-c3ccc(-c4ccc5ccccc5c4)cc32)cc1,14abaab75dc47680,17
,,,c1ccc(C2(c3ccccc3)c3ccccc3N(c3ccc(-c4ccc(N5c6ccccc6C(c6ccccc6)(c6ccccc6)c6ccccc65)cc4)cc3)c3ccccc32)cc1,ffdae40af948a08a,7
,,,c1ccc(C2=NN(c3nc4ccccc4s3)C(c3ccc(N(c4ccccc4)c4ccccc4)cc3)C2)cc1,ade9342a33873b2b,8
,,,c1ccc(C2=C(c3ccccc3)[Si](c3ccccc3)(c3ccc(Cn4c5ccccc5c5ccccc54)cc3)C(c3ccccc3)=C2c2ccccc2)cc1,b19f10d97dace9b8,8
,,,c1ccc(C2=C(c3ccccc3)[Si](c3ccc(Cn4c5ccccc5c5ccccc54)cc3)(c3ccc(Cn4c5ccccc5c5ccccc54)cc3)C(c3ccccc3)=C2c2ccccc2)cc1,326d888f5215a43f,4
,,,c1ccc(C2c3ccccc3-c3cc(N(c4ccccc4)c4ccc5c(c4)C4(c6ccccc6-c6ccccc64)c4ccccc4-5)ccc32)cc1,f5fcfe1019b918d5,4
,,,c1ccc(N(c2ccc(-c3c4ccccc4c(-c4ccc5ccccc5c4)c4ccccc34)cc2)c2ccc3ccccc3c2)cc1,8a68f109ff93e212,8
,,,c1ccc(C2=C(c3ccccc3)[Si]3(C(c4ccccc4)=C2c2ccccc2)C(c2ccc(-n4ccc5cccnc54)cc2)=C(c2ccccc2)C(c2ccccc2)=C3c2ccc(-n3ccc4cccnc43)cc2)cc1,49fd6cbdf34ecdd7,6
,,,c1ccc(Cn2c3ccccc3c3c2c2c4ccccc4n(Cc4ccccc4)c2c2c4ccccc4n(Cc4ccccc4)c32)cc1,eb3e8d3ff2a3ca99,15
,,,c1ccc(N(c2ccc(-c3cc4ccccc4s3)cc2)c2ccc(-c3cc4ccccc4s3)cc2)cc1,9819f700121a5286,5
,,,c1ccc(C2(c3ccc(N(c4ccc(C5(c6ccccc6)c6ccccc6-c6ccccc65)cc4)c4ccc(C5(c6ccccc6)c6ccccc6-c6ccccc65)cc4)cc3)c3ccccc3-c3ccccc32)cc1,d6e883911567ff79,18
,,,c1ccc(C2=NN(c3ccccc3)C(c3ccc(N(c4ccc(C5CC(c6ccccc6)=NN5c5ccccc5)cc4)c4ccc(C5CC(c6ccccc6)=NN5c5ccccc5)cc4)cc3)C2)cc1,a51ab7629e089438,16
"n-[4'-(pyren-1-yl)[1,1'-biphenyl]-4-yl]-n-(pyridin-2-yl)pyridin-2-amine",DTXSID50733659,816421-89-3,c1ccc(N(c2ccc(-c3ccc(-c4ccc5ccc6cccc7ccc4c5c67)cc3)cc2)c2ccccn2)nc1,20ae59b808dc5e3e,11
,,,c1ccc(N(CCCCOc2ccc3c(c2)Oc2cc(OCCCCn4c5ccccc5c5ccccc54)ccc2C32c3cc(N(c4ccccc4)c4ccccc4)ccc3-c3ccc(N(c4ccccc4)c4ccccc4)cc32)c2ccccc2)cc1,9262df38f7514637,7
"[1,1′-biphenyl]-4,4′-diamine, n4,n4′-diphenyl-n4,n4′-bis(spiro[cyclohexane-1,9′-[9h]fluoren]-2′-yl)-",DTXSID501113570,797056-51-0,c1ccc(N(c2ccc(-c3ccc(N(c4ccccc4)c4ccc5c(c4)C4(CCCCC4)c4ccccc4-5)cc3)cc2)c2ccc3c(c2)C2(CCCCC2)c2ccccc2-3)cc1,9d1d77d4b7f76839,1
,,,c1ccc(N(c2ccc(-c3ccc(-c4nc5c6ccccc6c6ccccc6c5n4-c4ccc(-c5ccc(N(c6ccccc6)c6cccc7ccccc67)cc5)cc4)cc3)cc2)c2cccc3ccccc23)cc1,25516af4c901616e,3
,,,c1ccc(N(c2ccc(-c3ccc(N(c4ccccc4)c4ccc5c(c4)C4(c6ccccc6-c6ccccc64)c4ccccc4-5)cc3)cc2)c2ccc3c(c2)C2(c4ccccc4-c4ccccc42)c2ccccc2-3)cc1,eef3b5fc37f8b113,1
n-[4-(pyren-1-yl)phenyl]-n-(pyridin-2-yl)pyridin-2-amine,DTXSID40729041,816421-86-0,c1ccc(N(c2ccc(-c3ccc4ccc5cccc6ccc3c4c56)cc2)c2ccccn2)nc1,d6fa285b877f4a01,7
,,,c1ccc(N(c2ccc(-c3ccc([Si](c4ccccc4)(c4ccccc4)c4ccccc4)cc3)cc2)c2ccc3ccccc3c2)cc1,72e6fddc4afeb5b2,16
,,,c1ccc(N(c2ccc(-n3c4ccccc4c4ccccc43)cc2)c2ccc3c(c2)C2(c4ccccc4-c4ccccc42)c2ccccc2-3)cc1,12fd2ab021db4284,8
,,,c1ccc(N(c2ccc(-c3nc4ccccc4nc3-c3ccc(N(c4ccccc4)c4ccc5ccc6cccc7ccc4c5c67)cc3)cc2)c2ccc3ccc4cccc5ccc2c3c45)cc1,2ed34415b41fd2cf,4
,,,c1ccc(N(c2ccc(-c3nc4cccnc4nc3-c3ccc(N(c4ccccc4)c4ccc5ccc6cccc7ccc4c5c67)cc3)cc2)c2ccc3ccc4cccc5ccc2c3c45)cc1,475509fff8ac1902,5
,,,c1ccc(N(c2ccc(-c3cccc(-c4ccc(N(c5ccccc5)c5cccc6ccccc56)cc4)c3)cc2)c2ccc(-c3cccc(-c4ccc(N(c5ccncc5)c5cccc6ccccc56)cc4)c3)cc2)cc1,69eed813092fb006,4
,,,c1ccc(N(c2ccc(C3(c4ccc(N(c5ccccc5)c5ccc6c(c5)c5ccccc5n6-c5ccccc5)cc4)c4ccccc4-c4ccccc43)cc2)c2ccc3c(c2)c2ccccc2n3-c2ccccc2)cc1,ed43a7ad331e0306,2
,,,c1ccc(N(c2ccc(C3(c4ccc(N(c5ccccc5)c5ccc6c(c5)c5ccccc5n6-c5ccc6ccccc6c5)cc4)c4ccccc4-c4ccccc43)cc2)c2ccc3c(c2)c2ccccc2n3-c2ccc3ccccc3c2)cc1,7ac2f43888dc2f86,2
,,,c1ccc(N(c2ccc(C3(c4ccccc4)c4ccccc4-c4ccccc43)cc2)c2ccc(C3(c4ccccc4)c4ccccc4-c4ccccc43)cc2)cc1,fbb8c58fa56289a3,15
,,,c1ccc(N(c2ccc3c(c2)C2(c4cc(N(c5ccccc5)c5cccc6ccccc56)ccc4-3)c3cccnc3-c3ncccc32)c2cccc3ccccc23)cc1,b9f438b5f9b54688,11
,,,c1ccc(N(c2ccc3c(c2)c2ccccc2n3-c2ccccc2)c2c(N(c3ccccc3)c3ccc4c(c3)c3ccccc3n4-c3ccccc3)c3ccccc3c3ccccc23)cc1,509ddc24e418d201,2
,,,c1ccc(N(c2ccc3ccccc3c2)c2c3ccccc3c3c4c(cccc24)-c2nc4ccccc4nc2-3)cc1,0fcdc2369ee585f9,8
,,,c1ccc(N(c2ccc3ccccc3c2)c2ccc3ccc4cccc5ccc2c3c45)cc1,b0ce7afb8af0f6f9,8
,,,c1ccc(N(c2cccc3ccccc23)c2ccc3ccc4cccc5ccc2c3c45)cc1,1d087ff570ddf551,8
,,,c1ccc(N(c2cccc(N(c3ccccc3)c3ccc4c(c3)c3ccccc3n4-c3ccccc3)c2)c2ccc3c(c2)c2ccccc2n3-c2ccccc2)cc1,ff655cf5fdeda60d,3
,,,c1ccc(N(c2ccc3c(c2)c2ccccc2n3-c2ccccc2)c2ccc3c(c2)c2cc([Si](c4ccccc4)(c4ccccc4)c4ccccc4)ccc2n3-c2ccccc2)cc1,3fa62e5d974f3840,11
,,,c1ccc(N(c2ccc3oc4ccc(N(c5ccccc5)c5cccc6c5sc5ccccc56)cc4c3c2)c2cccc3c2sc2ccccc23)cc1,d728ec015f196159,9
"n~6~,n~6~,n~12~,n~12~-tetraphenylchrysene-6,12-diamine",DTXSID80630425,279672-22-9,c1ccc(N(c2ccccc2)c2cc3c4ccccc4c(N(c4ccccc4)c4ccccc4)cc3c3ccccc23)cc1,8f5580eead80d649,3
,,,c1ccc(N(c2ccccc2)c2cc3ccccc3c3ccccc23)cc1,4db6a98c908bc428,2
,,,c1ccc(N(c2ccccc2)c2cc(-n3c4ccccc4c4ccccc43)cc(-n3c4ccccc4c4ccccc43)c2)cc1,f5ac2772f3c14778,6
,,,c1ccc(N(c2ccccc2)c2ccc(-c3c(-c4ccc(-n5c6ccccc6c6ccccc65)cc4)c4ccccc4c4ccccc34)cc2)cc1,92cb17baf58abc99,4
,,,c1ccc(N(c2ccccc2)c2ccc(-c3c4ccccc4cc4ccccc34)cc2)cc1,b55776808615d09e,2
,,,c1ccc(N(c2ccccc2)c2ccc(-c3c4ccccc4c(-c4ccc(-c5nc6ccccc6n5-c5ccccc5)cc4)c4ccccc34)cc2)cc1,836c5cba28c0b0f9,4
,,,c1ccc(N(c2ccccc2)c2ccc(-c3c4ccccc4nc4ccccc34)cc2)cc1,31f9cb5af71bb894,2
,,,c1ccc(N(c2ccccc2)c2ccc(-c3c4ccccc4c(-c4ccc(N(c5ccccc5)c5ccccc5)cc4)c4nsnc34)cc2)cc1,efd3d8c6b46fdb0f,3
,,,c1ccc(N(c2ccccc2)c2ccc(-c3c4c(c(-c5ccc(N(c6ccccc6)c6ccccc6)s5)c5nsnc35)N=S=N4)s2)cc1,9d3e49b943155e11,6
,,,c1ccc(N(c2ccccc2)c2ccc(-c3c4ccccc4c4c5c(cccc35)-c3cc(N(c5ccccc5)c5ccccc5)ccc3-4)cc2)cc1,afc8aee67d147b4e,4
,,,c1ccc(N(c2ccccc2)c2ccc(-c3cc4ccccc4c4ccccc34)cc2)cc1,bd21077f747efda2,2
,,,c1ccc(N(c2ccccc2)c2ccc(-c3c4ccccc4c(-c4ccc(-c5ccc(-c6nc7ccccc7n6-c6ccccc6)cc5)cc4)c4ccccc34)cc2)cc1,3ae374a8f9c57b78,7
,,,c1ccc(N(c2ccccc2)c2ccc(-c3c4c(c(-c5ccc(N(c6ccccc6)c6ccccc6)cc5)c5nsnc35)N=S=N4)cc2)cc1,0b1f4bc2ee715749,10
,,,c1ccc(N(c2ccccc2)c2ccc(-c3cc4c5ccccc5c(-c5ccc(N(c6ccccc6)c6ccccc6)cc5)cc4c4ccccc34)cc2)cc1,c8131098705c897f,3
"n,n-diphenyl-4'-(pyren-1-yl)[1,1'-biphenyl]-4-amine",DTXSID10732183,816421-92-8,c1ccc(N(c2ccccc2)c2ccc(-c3ccc(-c4ccc5ccc6cccc7ccc4c5c67)cc3)cc2)cc1,3a225b1bb927aeae,4
"n,n'-[2,1,3-benzothiadiazole-4,7-diyldi(4,1-phenylene)]bis(n-phenylaniline)",DTXSID20735746,333432-20-5,c1ccc(N(c2ccccc2)c2ccc(-c3ccc(-c4ccc(N(c5ccccc5)c5ccccc5)cc4)c4nsnc34)cc2)cc1,2bb1bfe74bbc962b,8
,,,c1ccc(N(c2ccccc2)c2ccc(-c3ccc(-c4nc5c6ccccc6ccc5n4-c4ccccc4)cc3)cc2)cc1,47e103db9eb410a0,7
,,,c1ccc(N(c2ccccc2)c2ccc(-c3ccc(-c4nc5ccccc5nc4-c4ccc(-c5ccc(N(c6ccccc6)c6ccccc6)cc5)cc4)cc3)cc2)cc1,f3571f98fe16f18d,4
,,,c1ccc(N(c2ccccc2)c2ccc(-c3ccc(-c4nc5c6ccccc6c6ccccc6c5n4-c4ccc(-c5nc6c7ccccc7c7ccccc7c6n5-c5ccccc5)cc4)cc3)cc2)cc1,90a3c40d72045312,2
,,,c1ccc(N(c2ccccc2)c2ccc(-c3ccc(-c4nnc(-c5ccc(-c6ccc(N(c7ccccc7)c7ccccc7)cc6)cc5)o4)cc3)cc2)cc1,31277b10f66b2f70,9
,,,c1ccc(N(c2ccccc2)c2ccc(-c3ccc(C4(c5ccc(-c6ccc(N(c7ccccc7)c7ccccc7)cc6)cc5)c5ccccc5-c5ccccc54)cc3)cc2)cc1,9089df90397663ab,13
"n,n'-[9h-carbazole-3,6-diyldi(4,1-phenylene)]bis(n-phenylaniline)",DTXSID10731499,885665-26-9,c1ccc(N(c2ccccc2)c2ccc(-c3ccc4[nH]c5ccc(-c6ccc(N(c7ccccc7)c7ccccc7)cc6)cc5c4c3)cc2)cc1,7766265b574761f7,9
,,,c1ccc(N(c2ccccc2)c2ccc(-c3ccc(N(c4ccccc4)c4ccc(Cc5ccc(N(c6ccccc6)c6ccc(-c7ccc(N(c8ccccc8)c8ccccc8)cc7)cc6)cc5)cc4)cc3)cc2)cc1,3e2383ef51313a8d,6
,,,c1ccc(N(c2ccccc2)c2ccc(-c3ccc4cccnc4n3)cc2)cc1,840b8d0a3ec1fb12,4
,,,c1ccc(N(c2ccccc2)c2ccc(-c3ccc4c(c3)C3(c5ccccc5-c5ccccc53)c3cc(-c5ccc(N(c6ccccc6)c6ccccc6)cc5)ccc3-4)cc2)cc1,b01fd72fe6353510,9
,,,c1ccc(N(c2ccccc2)c2ccc(-c3ccc4c(c3)C3(c5ccccc5-4)c4ccccc4-c4ccc(-c5ccc(N(c6ccccc6)c6ccccc6)cc5)cc43)cc2)cc1,9b534809abb7f0b5,13
,,,c1ccc(N(c2ccccc2)c2ccc(-c3cccc(-c4ccc(N(c5ccccc5)c5ccccc5)cc4)n3)cc2)cc1,64fa1531acbf9890,8
,,,c1ccc(N(c2ccccc2)c2ccc(-c3cccc(-c4nnc(-c5cccc(-c6ccc(N(c7ccccc7)c7ccccc7)cc6)c5)n4-c4cccc5ccccc45)c3)cc2)cc1,fcca180035e42b7c,3
,,,c1ccc(N(c2ccccc2)c2ccc(-c3nc4c5ccccc5c5ccccc5c4n3-c3ccccc3)cc2)cc1,ee6a40b13af90405,4
,,,c1ccc(N(c2ccccc2)c2ccc(-c3nnc(-c4cccc(-c5c6ccccc6c(-c6cccc(-c7nnc(-c8ccc(N(c9ccccc9)c9ccccc9)cc8)o7)c6)c6ccccc56)c4)o3)cc2)cc1,ec85899d59a9d419,1
,,,c1ccc(N(c2ccccc2)c2ccc(-c3ncc(-c4c5ccccc5c(-c5cnc(-c6ccc(N(c7ccccc7)c7ccccc7)cc6)nc5)c5nsnc45)cn3)cc2)cc1,4787e8b22cf2e41a,7
,,,c1ccc(N(c2ccccc2)c2ccc(C3(c4ccccc4)c4ccccc4-c4ccccc43)cc2)cc1,c0cc12be8ef35c3b,4
,,,c1ccc(N(c2ccccc2)c2ccc(C3(c4ccc(N(c5ccccc5)c5ccccc5)cc4)c4ccccc4-n4c5ccccc5c5cccc3c54)cc2)cc1,a8c29112b18e9c05,14
"n~4~,n~4~,n~7~,n~7~-tetraphenyl-2,1,3-benzothiadiazole-4,7-diamine",DTXSID20731869,756485-66-2,c1ccc(N(c2ccccc2)c2ccc(N(c3ccccc3)c3ccccc3)c3nsnc23)cc1,d37c3cad380f4f20,3
,,,c1ccc(N(c2ccccc2)c2ccc(N(c3ccccc3)c3ccc4c(c3)C3(c5ccccc5-c5ccccc53)c3ccccc3-4)cc2)cc1,bd9ce16887aafe7a,7
,,,c1ccc(N(c2ccccc2)c2ccc(N3c4ccccc4C(c4ccccc4)(c4ccccc4)c4ccccc43)cc2)cc1,3bb2fe052709081b,6
,,,c1ccc(N(c2ccccc2)c2ccc([Si](c3ccccc3)(c3ccccc3)c3ccccc3)cc2)cc1,5b17884c99cc5ce0,5
,,,c1ccc(N(c2ccccc2)c2ccc3c(c2)C2(c4cc(N(c5ccccc5)c5ccccc5)ccc4-3)c3cccnc3-c3ncccc32)cc1,640ae447214069c0,3
"n,n'-[(diphenylsilanediyl)di(4,1-phenylene)]bis(n-phenylaniline)",DTXSID00633594,205327-13-5,c1ccc(N(c2ccccc2)c2ccc([Si](c3ccccc3)(c3ccccc3)c3ccc(N(c4ccccc4)c4ccccc4)cc3)cc2)cc1,e39a7dbcf63455f9,10
,,,c1ccc(N(c2ccccc2)c2ccc([Si](c3ccccc3)(c3ccccc3)c3ccc(-c4cccnc4)cc3)cc2)cc1,262e84e02164c430,20
,,,c1ccc(N(c2ccccc2)c2ccc3c(c2)c2cc(N(c4ccccc4)c4ccccc4)ccc2n3-c2c3ccccc3cc3ccccc23)cc1,a44a4d0dc8e25684,6
,,,c1ccc(N(c2ccccc2)c2ccc([Si](c3ccccc3)(c3ccccc3)c3ccc(-c4nc5ccccc5n4-c4ccccc4)cc3)cc2)cc1,435c9d67c7dd00f2,21
,,,c1ccc(N(c2ccccc2)c2ccc3c(c2)C2=C(c4cc(N(c5ccccc5)c5ccccc5)ccc4C2(c2ccccc2)c2ccccc2)C3(c2ccccc2)c2ccccc2)cc1,2395704c1ae2e812,10
,,,c1ccc(N(c2ccccc2)c2ccc3c(c2)C2=C(c4cc(-n5c6ccccc6c6ccccc65)ccc4C2(c2ccccc2)c2ccccc2)C3(c2ccccc2)c2ccccc2)cc1,63ab0827e7d4bb4d,12
,,,c1ccc(N(c2ccccc2)c2ccc3c(cnn3-c3ccccc3)c2)cc1,97e5fa62a04c4f1c,4
,,,c1ccc(N(c2ccccc2)c2ccc3cnn(-c4ccccc4)c3c2)cc1,d54b139eca136711,4
,,,c1ccc(N(c2ccccc2)c2ccc3c(c2)c2cc(N(c4ccccc4)c4ccccc4)ccc2n3-c2cncc3ccccc23)cc1,75f26f970c13f6ef,8
,,,c1ccc(N(c2ccccc2)c2cccc(-c3ccc4cccnc4n3)c2)cc1,c294b20275b7d9d1,7
,,,c1ccc(N(c2ccccc2)c2ccc3c(c2)C(c2ccc(N(c4ccccc4)c4ccc5c(c4)c4ccccc4n5-c4ccccc4)cc2)(c2ccc(N(c4ccccc4)c4ccc5c(c4)c4ccccc4n5-c4ccccc4)cc2)c2cc(N(c4ccccc4)c4ccccc4)ccc2-3)cc1,164ce52afc3a087e,3
,,,c1ccc(N(c2ccccc2)c2cccc(-c3cc(-c4cccc(-n5c6ccccc6c6ccccc65)c4)nc(-c4cccc(-n5c6ccccc6c6ccccc65)c4)n3)c2)cc1,709ecc0fd12a35e2,6
,,,c1ccc(N(c2ccccc2)c2cccc(-c3ccccc3-c3ccccc3-c3cccc(N(c4ccccc4)c4ccccc4)c3)c2)cc1,4ffbec15cb7e8070,7
,,,c1ccc(N(c2ccccc2)c2cccc(-c3cncc(-c4cccc(-n5c6ccccc6c6ccccc65)c4)c3)c2)cc1,7830a16f217f621f,8
,,,c1ccc(N(c2ccccc2)c2cccc([Si](c3ccccc3)(c3ccccc3)c3cccc(-c4nc5ccccc5n4-c4ccccc4)c3)c2)cc1,0957afc2a5212fca,6
,,,c1ccc(N(c2ccccc2)c2cccc(-c3nnc(-c4cccc(-c5c6ccccc6c(-c6cccc(-c7nnc(-c8cccc(N(c9ccccc9)c9ccccc9)c8)o7)c6)c6ccccc56)c4)o3)c2)cc1,1b290eb52bd12970,2
"n~1~,n~1~,n~5~,n~5~-tetraphenylnaphthalene-1,5-diamine",DTXSID40609531,244281-00-3,c1ccc(N(c2ccccc2)c2cccc3c(N(c4ccccc4)c4ccccc4)cccc23)cc1,4e9d69304c36c15d,3
,,,c1ccc(N(c2ccccc2)c2ccccc2-c2ccc3cccnc3n2)cc1,ff2d5f1d2c84cdbf,4
,,,c1ccc(N2c3ccccc3-c3nc4ccccc4nc3-c3ccccc32)cc1,ff6681ad3abc1aa9,1
n-(pyren-1-yl)-n-(pyridin-2-yl)pyridin-2-amine,DTXSID90733658,693289-16-6,c1ccc(N(c2ccccn2)c2ccc3ccc4cccc5ccc2c3c45)nc1,8be8ab814ad256db,8
,,,c1ccc(N=C(c2ccc(N(c3ccccc3)c3ccccc3)cc2)c2ccc(N(c3ccccc3)c3ccccc3)cc2)cc1,89bbad13969735d9,4
,,,c1ccc(Oc2nc(-n3c4ccccc4c4ccccc43)nc(-n3c4ccccc4c4ccccc43)n2)cc1,488c8700c8b72e5f,2
,,,c1ccc(Oc2nc(-c3ccc(N4c5ccccc5Sc5ccccc54)cc3)nc(-c3ccc(N4c5ccccc5Sc5ccccc54)cc3)n2)cc1,be913be5aa10cbed,6
,,,c1ccc(Oc2nc(Oc3ccccc3)nc(-c3ccc(N4c5ccccc5Sc5ccccc54)cc3)n2)cc1,ae3eab0b26cbeff8,6
,,,c1ccc(N(c2ccccc2)c2cccc([Si](c3ccccc3)(c3ccccc3)c3cccc(-c4nnc(-c5cccc([Si](c6ccccc6)(c6ccccc6)c6cccc(N(c7ccccc7)c7ccccc7)c6)c5)o4)c3)c2)cc1,d3c5398c23c6b34b,3
"9,9'-[(diphenylsilanediyl)di(4,1-phenylene)]di(9h-carbazole)",DTXSID00722674,848464-60-8,c1ccc([Si](c2ccccc2)(c2ccc(-n3c4ccccc4c4ccccc43)cc2)c2ccc(-n3c4ccccc4c4ccccc43)cc2)cc1,7e83763fd9ab418c,12
"9,9'-[5-(triphenylsilyl)-1,3-phenylene]di(9h-carbazole)",DTXSID50699660,850221-63-5,c1ccc([Si](c2ccccc2)(c2ccccc2)c2cc(-n3c4ccccc4c4ccccc43)cc(-n3c4ccccc4c4ccccc43)c2)cc1,0ac04a176fe71691,8
,,,c1ccc([Si](c2ccccc2)(c2ccccc2)c2ccc(-c3nnc(-c4ccc([Si](c5ccccc5)(c5ccccc5)c5ccccc5)cc4)o3)cc2)cc1,4c2132a0c1fc7bf8,7
,,,c1ccc([Si](c2ccccc2)(c2ccccc2)c2ccc(-c3c4ccccc4c(-c4ccc([Si](c5ccccc5)(c5ccccc5)c5ccccc5)cc4)c4ccccc34)cc2)cc1,7bb66ef929051749,6
,,,c1ccc([Si](c2ccccc2)(c2cccc(-c3c4ccccc4cc4ccccc34)c2)c2cccc(-c3c4ccccc4cc4ccc5c(c34)C5)c2)cc1,9f728d8e5b16add7,11
,,,c1ccc([Si](c2ccccc2)(c2ccccc2)c2ccc3oc4ccc([Si](c5ccccc5)(c5ccccc5)c5ccccc5)cc4c3c2)cc1,d5937ab76be3c6a7,11
,,,c1ccc([Si](c2ccccc2)(c2ccccc2)n2c3ccc(-n4c5ccccc5c5ccccc54)cc3c3cc(-n4c5ccccc5c5ccccc54)ccc32)cc1,b3209b9036b0e34e,8
,,,c1ccc2c(-n3c4ccccc4c4ccccc43)cncc2c1,d7d8776d10a7c477,2
,,,c1ccc2c(-c3ccc(-c4cc(-c5ccc(-c6cccc7ccccc67)cc5)c(-c5ccc(-c6cccc7ccccc67)cc5)cc4-c4ccc(-c5cccc6ccccc56)cc4)cc3)cccc2c1,c76453f01c2189ea,4
,,,c1ccc([Si](c2ccccc2)(c2cccc(-c3ccc(-c4ccc5c(c4)C4(c6ccccc6-c6ccccc64)c4ccccc4-5)cc3)c2)c2cccc(-c3ccc(-c4ccc5c(c4)C4(c6ccccc6-c6ccccc64)c4ccccc4-5)cc3)c2)cc1,6573a154141d58a1,2
,,,c1ccc2c(-n3c4ccc(-n5c6ccccc6c6ccccc65)cc4c4cc(-n5c6ccccc6c6ccccc65)ccc43)csc2c1,2ba18be6da4c1bdd,8
,,,c1ccc([Si](c2ccccc2)(c2cc(C3c4ccccc4-c4ccccc43)cc(-n3c4ccccc4c4ccccc43)c2)c2cc(-n3c4ccccc4c4ccccc43)cc(-n3c4ccccc4c4ccccc43)c2)cc1,a95293d4a37b3b85,9
,,,c1ccc2c(c1)-c1ccc(-c3ccc4ccccc4c3)cc1C2c1c2ccccc2cc2ccccc12,13d12131e2d45f46,15
,,,c1ccc2c(c1)-c1ccc(-n3c4ccccc4c4ccccc43)cc1C21c2ccccc2-c2ccc(-n3c4ccccc4c4ccccc43)cc21,c28992ac12001b6d,6
,,,c1ccc2c(c1)-c1ccccc1C21c2cc(-c3c4ccccc4c(-c4ccc(-c5cccc6ccccc56)cc4)c4ccccc34)ccc2-c2c1ccc1ccccc21,8633518413e688b0,2
,,,c1ccc([Si](c2ccccc2)(c2cccc(-c3c4ccccc4c(-c4ccc5ccccc5c4)c4ccccc34)c2)c2cccc(-c3c4ccccc4c(-c4ccc5ccccc5c4)c4ccccc34)c2)cc1,56f503fb9dae9002,11
,,,c1ccc2c(c1)-c1ccccc1C21c2cc(-c3c4ccccc4c(-c4cccc5ccccc45)c4ccccc34)ccc2-c2c1ccc1ccccc21,277f954edfd97f3b,2
,,,c1ccc2c(c1)-c1ccccc1C21c2cc(-c3cc4ccccc4c4ccccc34)ccc2-c2ccc(-c3cc4ccccc4c4ccccc34)cc21,2c2538c0a88c42cb,3
,,,c1ccc2c(c1)-c1ccccc1C21c2cc(-c3ccc4ccc5cccc6ccc3c4c56)ccc2-c2ccc(-c3ccc4ccc5cccc6ccc3c4c56)cc21,5c06380046555e8e,3
,,,c1ccc2c(c1)-c1ccccc1C21c2ccccc2-c2c(-c3cccc4c3oc3ccccc34)cccc21,bacb1c29d0ba140e,2
,,,c1ccc2c(c1)-c1ccccc1C21c2cc(-n3c4ccccc4c4ccccc43)ccc2Sc2ccc(-n3c4ccccc4c4ccccc43)cc21,ee99f8ae642fb172,3
,,,c1ccc2c(c1)-c1ccccc1C21c2ccccc2-c2c1cc(-c1ccc(-c3cccc4ccccc34)cc1)c1ccccc21,b8c3d7bc2bb97aa2,2
,,,c1ccc2c(c1)-c1ccccc1C21c2cc(-c3ccc4ccccc4c3)ccc2-c2ccc(-c3ccc4ccccc4c3)cc21,6383a817816f683e,8
,,,c1ccc2c(c1)-c1ccccc1C21c2ccccc2-c2cc(-c3ccc4c(c3)-c3ccccc3C43c4ccccc4-c4ccccc43)ccc21,600f6ce6fb185641,4
,,,c1ccc2c(c1)-c1ccccc1C21c2ccccc2-c2ccc(-c3ccc4ccccc4c3)cc21,343f1213011c9912,4
,,,c1ccc2c(c1)-c1ccccc1C21c2ccccc2-c2ccc(-c3cccc4ccccc34)cc21,c379a1a9879bb76c,2
,,,c1ccc2c(c1)-c1ccccc1C21c2ccccc2-c2ccc(-c3ccc(-c4nnc(-c5ccc(-c6ccc7c(c6)C6(c8ccccc8-c8ccccc86)c6ccccc6-7)cc5)o4)cc3)cc21,c1dd6f1306bdcfa6,10
,,,c1ccc2c(c1)B1c3ccccc3-c3ccccc3N1c1ccccc1-2,01a7d20cffda14c4,2
,,,c1ccc2c(c1)Nc1ccccc1-c1nc3ccccc3nc1-2,76547991e7e69780,1
,,,c1ccc2c(c1)-c1ccccc1C21c2ccccc2-c2ccc(-c3ccc4c(c3)C3(c5ccccc5-c5ccccc53)c3cc(-c5ccc6c(c5)C5(c7ccccc7-c7ccccc75)c5ccccc5-6)ccc3-4)cc21,1971a113907b9937,9
,,,c1ccc2c(c1)-c1ccccc1C21c2ccccc2-c2ccc(-c3ccc4c(c3)C3(c5cc(-c6ccc7c(c6)C6(c8ccccc8-c8ccccc86)c6ccccc6-7)ccc5-4)c4cccnc4-c4ncccc43)cc21,7049138567947a41,10
,,,c1ccc2c(c1)-c1ccccc1C2CC(COC(COC(Cn1c2ccccc2c2ccccc21)Cn1c2ccccc2c2ccccc21)Cn1c2ccccc2c2ccccc21)OCC1CO1,da0fbd2efd05ec04,1
,,,c1ccc2c(c1)Oc1ccccc1N2c1ccc(-c2nc3ccncc3nc2-c2ccc(N3c4ccccc4Oc4ccccc43)cc2)cc1,58aa2f4ed6c59047,2
,,,c1ccc2c(c1)Oc1ccccc1N2c1ccc(-c2cncc(-c3ccc(N4c5ccccc5Oc5ccccc54)cc3)n2)cc1,204f73d065817c2a,3
,,,c1ccc2c(c1)Oc1ccccc1N2c1ccnc2c1ccc1c(N3c4ccccc4Oc4ccccc43)ccnc12,d0c15e74b5f78ae5,1
,,,c1ccc2c(c1)Oc1ccccc1N2c1ccc(-c2cc(-c3ccc(N4c5ccccc5Oc5ccccc54)cc3)n3ncnc3n2)cc1,15d2800e44a9ce1b,4
,,,c1ccc2c(c1)Oc1ccccc1N2c1ccc(-c2cc(-c3ccc(N4c5ccccc5Oc5ccccc54)cc3)ncn2)cc1,4123f5bb5f1322df,4
,,,c1ccc2c(c1)Sc1ccccc1N2c1c2ccccc2c(N2c3ccccc3Sc3ccccc32)c2ccccc12,4c52ec9d664798cb,1
,,,c1ccc2c(c1)Sc1ccc(-n3c4ccccc4c4ccccc43)cc1C21c2ccccc2-c2ccccc21,0c6b437af357b583,2
,,,c1ccc2c(c1)Oc1ccccc1N2c1ccc2ccc3ccc(N4c5ccccc5Oc5ccccc54)nc3c2n1,387a3c59c652200b,3
,,,c1ccc2c(c1)Oc1ccccc1N2c1ccc(-c2nnc(-c3ccc(N4c5ccccc5Oc5ccccc54)cc3)c(-c3ccc(N4c5ccccc5Oc5ccccc54)cc3)n2)cc1,5ec4553879266630,2
,,,c1ccc2c(c1)c1ccccc1c1cc(-c3ccc(-n4c5ccccc5c5ccccc54)cc3)ccc21,3330cba077880715,4
,,,c1ccc2c(c1)-n1ccc3cccc(c31)C2(c1ccc(-n2c3ccccc3c3ccccc32)cc1)c1ccc(-n2c3ccccc3c3ccccc32)cc1,0a984f3f19eeeb0a,9
"9,9',9''-(benzene-1,3,5-triyl)tri(9h-carbazole)",DTXSID00623490,148044-07-9,c1ccc2c(c1)c1ccccc1n2-c1cc(-n2c3ccccc3c3ccccc32)cc(-n2c3ccccc3c3ccccc32)c1,21f45206ed5f8a9f,4
,,,c1ccc2c(c1)c1ccccc1c1cc(-c3cc(-n4c5ccccc5c5ccccc54)cc(-n4c5ccccc5c5ccccc54)c3)ccc21,db459c476c453ce8,7
,,,c1ccc2c(c1)Sc1ccccc1N2c1ccc(-c2nc(-c3ccc(N4c5ccccc5Sc5ccccc54)cc3)nc(-c3ccc(N4c5ccccc5Sc5ccccc54)cc3)n2)cc1,e03258f98e3c2334,5
,,,c1ccc2c(c1)-n1ccc3cccc(c31)C2(c1ccc(-n2ccc3ccccc32)cc1)c1ccc(-n2ccc3ccccc32)cc1,622f04a36f91f298,17
,,,c1ccc2c(c1)-n1c3ccccc3c3cccc(c31)C2(c1ccc(-n2c3ccccc3c3ccccc32)cc1)c1ccc(-n2c3ccccc3c3ccccc32)cc1,9d20bf43427320c1,13
,,,c1ccc2c(c1)c1ccccc1c1c2nc(-c2ccc(-n3c4ccccc4c4ccccc43)cc2)n1-c1ccc(-n2c3ccccc3c3ccccc32)cc1,e30c8868502957c9,7
,,,c1ccc2c(c1)-n1c3ccccc3c3cccc(c31)C2(c1ccc(-n2ccc3ccccc32)cc1)c1ccc(-n2ccc3ccccc32)cc1,128e71a34b18ac1f,16
,,,c1ccc2c(c1)-c1ccccc1C21c2ccccc2-c2ccc(N(c3ccc(-c4ccc(N(c5ccc6c(c5)C5(c7ccccc7-c7ccccc75)c5ccccc5-6)c5cccc6ccccc56)cc4)cc3)c3cccc4ccccc34)cc21,356dcf4ed885aa3b,5
,,,c1ccc2c(c1)c1ccccc1n2-c1ccc(-n2c3ccccc3c3ccccc32)c2nsnc12,c8b216c751dbc4a2,3
,,,c1ccc2c(c1)c1ccccc1n2-c1ccc(-c2nnc(-c3ccc(-n4c5ccccc5c5ccccc54)cc3)o2)cc1,e9d27b6014f60740,3
,,,c1ccc2c(c1)c1ccccc1n2-c1ccc(-c2noc(-c3ccc(-n4c5ccccc5c5ccccc54)cc3)n2)cc1,0a8fbbf9bd1a3664,4
,,,c1ccc2c(c1)c1ccccc1n2-c1ccc(-c2ccc(-c3ccc(-n4c5ccccc5c5ccccc54)cc3)cc2)cc1,4149a4fc42fa0482,9
,,,c1ccc2c(c1)c1ccccc1n2-c1ccc(-c2ccc(-n3c4ccccc4c4ccccc43)s2)s1,41661dd61c993caf,9
,,,c1ccc2c(c1)c1ccccc1n2-c1ccc2oc3ccc(-n4c5ccccc5c5ccccc54)cc3c2c1,6ebb19440f9d79c8,3
,,,c1ccc2c(c1)c1ccccc1n2-c1ccc(-c2ccc3nc(-c4ccc(-n5c6ccccc6c6ccccc65)cc4)nn3c2)cc1,a2f5cff46ec1a3e1,8
,,,c1ccc2c(c1)c1ccccc1n2-c1ccc2sc3ccc(-n4c5ccccc5c5ccccc54)cc3c2c1,3544da105fa66a34,3
,,,c1ccc2c(c1)c1ccccc1n2-c1ccc(-c2ccn3nc(-c4ccc(-n5c6ccccc6c6ccccc65)cc4)nc3c2)cc1,db778387addefe66,8
,,,c1ccc2c(c1)c1ccccc1n2-c1ccc2c(c1)CN1CN2Cc2cc(-n3c4ccccc4c4ccccc43)ccc21,9eb70241c29a93af,6
,,,c1ccc2c(c1)c(C(c1cn(CC3CO3)c3ccccc13)c1cn(CC3CO3)c3ccccc13)cn2CC1CO1,f4a971f764e7722b,23
,,,c1ccc2c(c1)ccc1c2oc2cccc3c2c1c1cccc2oc4c5ccccc5ccc4c3c21,684029e95e92f646,2
"phenanthrene, 9,9',9''-(1,3,5-benzenetriyl)tris-",DTXSID40472969,151965-47-8,c1ccc2c(c1)cc(-c1cc(-c3cc4ccccc4c4ccccc34)cc(-c3cc4ccccc4c4ccccc34)c1)c1ccccc12,aeb28119c01c05af,3
,,,c1ccc2c(c1)c1ccccc1n2-c1ccc2c(c1)C1(CCCC1)c1cc(-n3c4ccccc4c4ccccc43)ccc1-2,e81ed1241992a9b2,10
"4-(9h-carbazol-9-yl)-n,n-bis[4-(9h-carbazol-9-yl)phenyl]aniline",DTXSID60433330,139092-78-7,c1ccc2c(c1)c1ccccc1n2-c1ccc(N(c2ccc(-n3c4ccccc4c4ccccc43)cc2)c2ccc(-n3c4ccccc4c4ccccc43)cc2)cc1,fd1b39a7c15f75e3,7
,,,c1ccc2c(c1)c1ccccc1n2-c1ccc2c(c1)c1cccnc1n2-c1ccc(-n2c3ccccc3c3ccccc32)nc1,b1b1f6411bc18b8c,12
,,,c1ccc2c(c1)c1ccccc1n2-c1ccc2c(c1)c1ccccc1n2-c1ccc(-n2c3ccccc3c3cccnc32)cc1,9ef87f46ffe3f1f4,12
,,,c1ccc2cc(-c3c4ccccc4c(-c4ccc5ccccc5c4)c4nsnc34)ccc2c1,e2dfcfbc68a5d0bb,3
,,,c1ccc2c3c4c(cccc4c(-c4ccc(-n5c6ccccc6c6ccccc65)cc4)c2c1)-c1cc(-n2c4ccccc4c4ccccc42)ccc1-3,3fe596738335412e,4
,,,c1ccc2cc(-c3c4ccccc4c(-c4ccc(-c5c6ccccc6c(-c6ccc7ccccc7c6)c6ccccc56)c5ccccc45)c4ccccc34)ccc2c1,15e6205db929b248,3
,,,c1ccc2c(c1)sc1ccc(-n3c4ccc(-n5c6ccccc6c6ccccc65)cc4c4cc(-n5c6ccccc6c6ccccc65)ccc43)cc12,00011b71a030f0f2,7
,,,c1ccc2cc(-c3cccc4c(-c5ccc6ccccc6c5)c5cccc(-c6ccc7ccccc7c6)c5cc34)ccc2c1,2b6ca1b78e56b57f,4
"1,1'-[5-(naphthalen-2-yl)-1,3-phenylene]dinaphthalene",DTXSID70573135,173678-08-5,c1ccc2cc(-c3cc(-c4cccc5ccccc45)cc(-c4cccc5ccccc45)c3)ccc2c1,9a62b20764f2d812,8
9-[4-(quinolin-2-yl)phenyl]-9h-carbazole,DTXSID70731995,901117-84-8,c1ccc2nc(-c3ccc(-n4c5ccccc5c5ccccc54)cc3)ccc2c1,62013d13213b07c5,4
,,,c1cnc2nc(-c3ccc(-n4c5ccccc5c5ccccc54)cc3)ccc2c1,cafe62ddeaa16277,3
,,,c1cnc2c(c1)C1(c3cc(-n4c5ccccc5c5ccccc54)ccc3-c3ccc(-n4c5ccccc5c5ccccc54)cc31)c1cccnc1-2,f380ea6f6d2d5994,3
,,,c1ccc2c(c1)c1ccccc1n2CCCCCc1ccc2c3ccccc3n(CCCCn3c4ccccc4c4ccccc43)c2c1,29ad4655c84b8a70,11
,,,c1ccc2cc(-c3c4ccccc4c(-c4ccc(-c5ccc(-c6c7ccccc7c(-c7ccc8ccccc8c7)c7ccccc67)c6ccccc56)c5ccccc45)c4ccccc34)ccc2c1,4ba8c7431e14bb3b,6
,,,c1ccc2cc(-n3c4ccc(cc4)n(-c4ccc5ccccc5c4)c4cccc(c4)n(-c4ccc5ccccc5c4)c4ccc(cc4)n(-c4ccc5ccccc5c4)c4cccc3c4)ccc2c1,e5f476aebd13ecc2,5
,,,c1cncc(-c2ccc3c(c2)C2(c4cc(-c5cccnc5)ccc4-3)c3ccccc3-c3c2ccc2ccccc32)c1,616b55625a9b51dc,14
,,,c1cncc(-c2cccc(-c3c4ccccc4c(-c4cccc(-c5cccnc5)c4)c4ccccc34)c2)c1,18326a8ecb04edb1,14
,,,c1cncc(-c2ccccc2-c2cccc(-n3c4ccccc4c4ccccc43)c2)c1,1ca9099dd48fb254,11
,,,c1cncc(-c2cccc(-c3cc(-c4cccc(-c5cccnc5)c4)cc(-c4cc(-c5cccc(-c6cccnc6)c5)cc(-c5cccc(-c6cccnc6)c5)c4)c3)c2)c1,07c0d19bc89a9a80,4
,,,c1csc(-c2cc(-c3cc(-c4cccs4)sc3-c3cccs3)c(-c3cccs3)s2)c1,dd2c12051acdcabb,8
,,,c1cncc(-c2cccc(-c3cccc(-c4nc(-c5cccc(-c6cccc(-c7cccnc7)c6)c5)nc(-c5cccc(-c6cccc(-c7cccnc7)c6)c5)n4)c3)c2)c1,e9d23473b5f3e299,3
,,,c1cncc(-n2c3ccc(-n4c5ccccc5c5ccccc54)cc3c3cc(-n4c5ccccc5c5ccccc54)ccc32)c1,e056278655f43879,8
bromobenzene,DTXSID5024637,108-86-1,Brc1ccccc1,bf1d1596cc531062,1
"1,2,5,6,9,10-hexabromocyclododecane",DTXSID4027527,3194-55-6,BrC1CCC(Br)C(Br)CCC(Br)C(Br)CCC1Br,1279321b0ec47fb8,3
teriflunomide,DTXSID80893457,163451-81-8,C/C(O)=C(\C#N)C(=O)Nc1ccc(C(F)(F)F)cc1,9ee445a1101632fa,2
,,,C#CC1(O)CCC2C3CCC4=CC(=O)CCC4C3CCC21CC,e9866661a08f2a91,2
(e)-crotonic acid,DTXSID30880973,107-93-7,C/C=C/C(=O)O,41d91008621e7727,1
"1,5,9-cyclododecatriene",DTXSID8027581,4904-61-4,C1=CCCC=CCCC=CCC1,659b1e70e72526ee,3
"4-(thiophen-2-yl)-n,n-bis[4-(thiophen-2-yl)phenyl]aniline",DTXSID00571346,142807-63-4,c1csc(-c2ccc(N(c3ccc(-c4cccs4)cc3)c3ccc(-c4cccs4)cc3)cc2)c1,0fff0583892acce2,5
congressane,DTXSID60177464,2292-79-7,C1C2CC3C4CC5CC(C14)C(C2)C3C5,8b547f47d621fe13,1
adamantane,DTXSID5022017,281-23-2,C1C2CC3CC1CC(C2)C3,55ee855dd070be52,1
decalin,DTXSID1024912,91-17-8,C1CCC2CCCCC2C1,dc149c1ecb496d10,1
"cyclododecene, (e)-",DTXSID20880669,1486-75-5,C1=CCCCCCCCCCC1,d68707df434b44d0,6
limonene,DTXSID2029612,138-86-3,C=C(C)C1CC=C(C)CC1,6e6acba41586c3ca,10
r-(-)-carvone,DTXSID7041413,6485-40-1,C=C(C)[C@@H]1CC=C(C)C(=O)C1,1523f9841f9731fd,6
(s)-limonene,DTXSID6047078,5989-54-8,C=C(C)[C@@H]1CC=C(C)CC1,2835299cdc149410,5
methylenebutanedioic acid,DTXSID2026608,97-65-4,C=C(CC(=O)O)C(=O)O,c4a128d7b8b3ae52,7
exemestane,DTXSID5023037,107868-30-4,C=C1C[C@@H]2[C@H](CC[C@]3(C)C(=O)CC[C@@H]23)[C@@]2(C)C=CC(=O)C=C12,cfcf3f030b8ed9e6,1
,,,c1csc(-c2ccc(-c3cc(-c4cc(-c5ccc(-c6cccs6)s5)sc4-c4ccc(-c5cccs5)s4)c(-c4ccc(-c5cccs5)s4)s3)s2)c1,0b361ee5f97947b3,7
acrylamide,DTXSID5020027,79-06-1,C=CC(N)=O,4084ac65f24c1b7d,3
linalool,DTXSID7025502,78-70-6,C=CC(C)(O)CCC=C(C)C,a04f40d0c306bc64,24
10-undecenoic acid,DTXSID8035001,112-38-9,C=CCCCCCCCCC(=O)O,0cb1776d5b718bb1,17
ergocalciferol,DTXSID5020233,50-14-6,C=C1CC[C@H](O)C/C1=C/C=C1\CCC[C@]2(C)[C@@H]([C@H](C)/C=C/[C@H](C)C(C)C)CC[C@@H]12,c497b98bf0b06013,8
"1-hydroxy-4-[(prop-2-en-1-yl)oxy]anthracene-9,10-dione",DTXSID10318067,79207-99-1,C=CCOc1ccc(O)c2c1C(=O)c1ccccc1C2=O,44363c0f2a742675,7
vitamin d3,DTXSID6026294,67-97-0,C=C1CC[C@H](O)C/C1=C/C=C1\CCC[C@]2(C)[C@@H]([C@H](C)CCCC(C)C)CC[C@@H]12,de2918d230a6a3b2,11
,,,C=CCOc1cccc2c1C(=O)c1c(O)cccc1C2=O,5451e9f29f3c4cbe,6
,,,C=CCOc1cccc2c1C(=O)c1ccccc1C2=O,dd0f8a76353fdd6a,5
eugenol,DTXSID9020617,97-53-0,C=CCc1ccc(O)c(OC)c1,cc966f23cd637eaf,6
acetonitrile,DTXSID7020009,75-05-8,CC#N,75eae3ff80c86a24,1
,,,C=CCc1cc(O)c2c(c1O)C(=O)c1ccccc1C2=O,6c836d23ecb03a38,6
,,,C=CCc1ccc2c(c1O)C(=O)c1c(O)cccc1C2,0194961a72cd9488,6
azadirachtin,DTXSID0037497,11141-17-6,C/C=C(\C)C(=O)O[C@H]1C[C@@H](OC(C)=O)[C@@]2(C(=O)OC)CO[C@H]3[C@@H](O)[C@@](C)([C@]45O[C@@]4(C)[C@H]4C[C@@H]5O[C@@H]5OC=C[C@@]54O)[C@H]4[C@]1(CO[C@]4(O)C(=O)OC)[C@@H]32,854c988ac624c096,4
4-oxopentanoic acid,DTXSID8021648,123-76-2,CC(=O)CCC(=O)O,f515242ad6fa095d,8
"1,4-bis[(prop-2-en-1-yl)oxy]anthracene-9,10-dione",DTXSID70318068,79207-97-9,C=CCOc1ccc(OCC=C)c2c1C(=O)c1ccccc1C2=O,7a8fda085db4c2b8,10
,,,CC(=O)C1CCC2C3CCC4=CC(=O)CCC4(C)C3CCC12C,120e378b1102527b,1
"l-phenylalanine, n-acetyl-",DTXSID20883539,2018-61-3,CC(=O)N[C@@H](Cc1ccccc1)C(=O)O,19d7b1ac646dc421,4
n-acetyl-p-toluidine,DTXSID6024414,103-89-9,CC(=O)Nc1ccc(C)cc1,252d863052a95455,2
,,,CC(=O)C(=O)[C@@](O)(C(C)=O)[C@](O)(C(C)=O)[C@](O)(C(C)=O)[C@H](O)C(O)C(C)=O,5ba1aba380c13925,1
acetic acid,DTXSID5024394,64-19-7,CC(=O)O,2c9baa16a44799e1,1
diacetamate,DTXSID2046256,2623-33-8,CC(=O)Nc1ccc(OC(C)=O)cc1,5ffda6fae2b5a310,2
n-acetyl-l-tyrosine,DTXSID7046045,537-55-3,CC(=O)N[C@@H](Cc1ccc(O)cc1)C(=O)O,b29970e8b3b4a558,10
,,,C=CCOc1cccc2c1C(=O)c1c(OCC=C)cccc1C2=O,122cded7af64ba70,16
"3,7-dihydro-3,7-dimethyl-1-(5-oxohexyl)-1h-purine-2,6-dione",DTXSID7023437,6493-05-6,CC(=O)CCCCn1c(=O)c2c(ncn2C)n(C)c1=O,ab7c461d2de6f3f9,9
,,,CC(=O)C=C(C)O[In](OC(C)=CC(C)=O)OC(C)=CC(C)=O,64c10b71dd0bea5f,1
,,,CC(=O)OC1(C(C)=O)CCC2C3C=C(C)C4=CC(=O)CCC4(C)C3CCC21C,df4ec587f4b1b5fd,3
fludrocortisone acetate,DTXSID2023062,514-36-3,CC(=O)OCC(=O)[C@@]1(O)CC[C@H]2[C@@H]3CCC4=CC(=O)CC[C@]4(C)[C@@]3(F)[C@@H](O)C[C@@]21C,3e028c3aeb63b733,1
,,,CC(=O)OCC(=O)C1(O)CCC2C3CCC4=CC(=O)CCC4(C)C3C(=O)CC21C,34e6818c12a0acfd,4
,,,CC(=O)OCC(=O)C1CCC2C3CCC4=CC(=O)CCC4(C)C3CCC12C,4033103310f3ed06,2
cortisone acetate,DTXSID0022858,50-04-4,CC(=O)OCC(=O)[C@@]1(O)CC[C@H]2[C@@H]3CCC4=CC(=O)CC[C@]4(C)[C@H]3C(=O)C[C@@]21C,b3008cb70343f4ec,2
"1-[4-(4-{[2-(2,4-dichlorophenyl)-2-(1h-imidazol-1-ylmethyl)-1,3-dioxolan-4-yl]methoxy}phenyl)piperazin-1-yl]ethanone",DTXSID20273956,79156-75-5,CC(=O)N1CCN(c2ccc(OCC3COC(Cn4ccnc4)(c4ccc(Cl)cc4Cl)O3)cc2)CC1,3702d8fb1f35a163,3
,,,c1csc(-c2ccc(-c3ccc(-c4cc(-c5cc(-c6ccc(-c7ccc(-c8cccs8)s7)s6)sc5-c5ccc(-c6ccc(-c7cccs7)s6)s5)c(-c5ccc(-c6ccc(-c7cccs7)s6)s5)s4)s3)s2)c1,7a17eac1c33bdce5,1
,,,CC(=O)OC[C@]12CCC(C)=C[C@H]1O[C@@H]1[C@H](O)[C@@H](OC(C)=O)[C@@]2(C)[C@@]12CO2,f3dd99cbbf4a5396,5
disperse red 82,DTXSID6044642,30124-94-8,CC(=O)OCCN(CCOC(C)=O)c1ccc(N=Nc2ccc([N+](=O)[O-])cc2C#N)cc1,eb5abc5ed306030b,2
alpha-d-glucopyranosyl pentaacetate,DTXSID10883462,604-68-2,CC(=O)OC[C@H]1O[C@H](OC(C)=O)[C@H](OC(C)=O)[C@@H](OC(C)=O)[C@@H]1OC(C)=O,7ca3d8d73e7792f2,5
c.i. disperse orange 30,DTXSID4063745,5261-31-4,CC(=O)OCCN(CCC#N)c1ccc(N=Nc2c(Cl)cc([N+](=O)[O-])cc2Cl)cc1,bdace9a50717061f,9
"2,3,4,6-tetra-o-acetyl-beta-d-glucopyranosyl acetate",DTXSID60861654,604-69-3,CC(=O)OC[C@H]1O[C@@H](OC(C)=O)[C@H](OC(C)=O)[C@@H](OC(C)=O)[C@@H]1OC(C)=O,2e3ba373e32b0ac7,10
"acetamide, n-[5-[bis[2-(acetyloxy)ethyl]amino]-2-[(2,4-dinitrophenyl)azo]phenyl]-",DTXSID9071470,68391-47-9,CC(=O)Nc1cc(N(CCOC(C)=O)CCOC(C)=O)ccc1N=Nc1ccc([N+](=O)[O-])cc1[N+](=O)[O-],58e3507ab26f7bba,10
cyproterone acetate,DTXSID5020366,427-51-0,CC(=O)O[C@]1(C(C)=O)CC[C@H]2[C@@H]3C=C(Cl)C4=CC(=O)[C@@H]5C[C@@H]5[C@]4(C)[C@H]3CC[C@@]21C,493a6440b259f98e,2
megestrol acetate,DTXSID9040683,595-33-5,CC(=O)O[C@]1(C(C)=O)CC[C@H]2[C@@H]3C=C(C)C4=CC(=O)CC[C@]4(C)[C@H]3CC[C@@]21C,b35cce3747f9103a,2
aspirin,DTXSID5020108,50-78-2,CC(=O)Oc1ccccc1C(=O)O,30642d2dd95f7df5,4
medroxyprogesterone acetate,DTXSID0025527,71-58-9,CC(=O)O[C@]1(C(C)=O)CC[C@H]2[C@@H]3C[C@H](C)C4=CC(=O)CC[C@]4(C)[C@H]3CC[C@@]21C,213de5ee879dbc2a,2
progesterone,DTXSID3022370,57-83-0,CC(=O)[C@H]1CC[C@H]2[C@@H]3CCC4=CC(=O)CC[C@]4(C)[C@H]3CC[C@]12C,6832a50e1734376d,3
,,,CC(=O)OC12COC1CC(O)C1(C)C(=O)C(O)C3=C(C)C(OC(=O)C(O)C(NC(=O)OC(C)(C)C)c4ccccc4)CC(O)(C(OC(=O)c4ccccc4)C21)C3(C)C,43eeec695b29783b,1
spironolactone,DTXSID6034186,52-01-7,CC(=O)S[C@@H]1CC2=CC(=O)CC[C@]2(C)[C@H]2CC[C@@]3(C)[C@@H](CC[C@@]34CCC(=O)O4)[C@H]12,00cbc984a99e1042,3
"cholest-5-en-3-ol (3.beta.)-, 3-acetate",DTXSID60889358,604-35-3,CC(=O)O[C@H]1CC[C@@]2(C)C(=CC[C@H]3[C@@H]4CC[C@H]([C@H](C)CCCC(C)C)[C@@]4(C)CC[C@@H]32)C1,50319dc6832a136f,9
anastrozole,DTXSID9022607,120511-73-1,CC(C)(C#N)c1cc(Cn2cncn2)cc(C(C)(C)C#N)c1,c51d5a453623c84d,15
climbazole,DTXSID6046555,38083-17-9,CC(C)(C)C(=O)C(Oc1ccc(Cl)cc1)n1ccnc1,3f2376859795b276,19
triadimefon,DTXSID3023897,43121-43-3,CC(C)(C)C(=O)C(Oc1ccc(Cl)cc1)n1cncn1,4975f72c9c50e695,10
tebuconazole,DTXSID9032113,107534-96-3,CC(C)(C)C(O)(CCc1ccc(Cl)cc1)Cn1cncn1,327167b6d1400032,4
acetic acid alpha-tocopherol,DTXSID20859032,7695-91-2,CC(=O)Oc1c(C)c(C)c2c(c1C)CCC(C)(CCCC(C)CCCC(C)CCCC(C)C)O2,0e0b3a3dc7a53ca5,6
(r)-fexofenadine,DTXSID601039498,139965-10-9,CC(C)(C(=O)O)c1ccc([C@H](O)CCCN2CCC(C(O)(c3ccccc3)c3ccccc3)CC2)cc1,f7f10bd89e0b38e7,1
,,,CC(C)(C)NC(=O)C1CN(C(=O)OC(C)(C)C)CCN1,4ace16daba2de77b,3
"4-(1,1-dimethylethyl)phenol",DTXSID1020221,98-54-4,CC(C)(C)c1ccc(O)cc1,69dca127b3ae589c,2
finasteride,DTXSID3020625,98319-26-7,CC(C)(C)NC(=O)[C@H]1CC[C@H]2[C@@H]3CC[C@H]4NC(=O)C=C[C@]4(C)[C@H]3CC[C@]12C,71ef1b60f6bdcb62,3
2-tert-butylphenol,DTXSID2026525,88-18-6,CC(C)(C)c1ccccc1O,22eb4a7cbf53222f,1
clofibric acid,DTXSID1040661,882-09-7,CC(C)(Oc1ccc(Cl)cc1)C(=O)O,6adb329a8d561320,4
"3,3',5,5'-tetrabromobisphenol a",DTXSID1026081,79-94-7,CC(C)(c1cc(Br)c(O)c(Br)c1)c1cc(Br)c(O)c(Br)c1,6f7a9575d2569f2d,3
,,,CC(C)(C)OC(=O)C1=Cc2c(ccc3ccccc23)OC1C(=O)OC(C)(C)C,5191c9b16eab8822,6
bisphenol a,DTXSID7020182,80-05-7,CC(C)(c1ccc(O)cc1)c1ccc(O)cc1,442a7ebc2cfbec37,6
2-hydroxy-1-[4-(2-hydroxyethoxy)phenyl]-2-methylpropan-1-one,DTXSID6044777,106797-53-9,CC(C)(O)C(=O)c1ccc(OCCO)cc1,75f26c598cca049b,18
"3,7-dimethyl-2,6-octadienal",DTXSID6024836,5392-40-5,CC(C)=CCCC(C)=CC=O,435aaad66c1ad7ce,19
,,,CC(C)(C)c1cc(O)c(C=NCCN=Cc2c(O)cc(C(C)(C)C)cc2C(C)(C)C)c(C(C)(C)C)c1,034ee47e5b0773e4,1
"3,7-dimethyl-2,6-octadienol",DTXSID7041380,624-15-7,CC(C)=CCCC(C)=CCO,49b822ff6955d076,18
farnesol,DTXSID3032389,4602-84-0,CC(C)=CCCC(C)=CCCC(C)=CCO,4420d704e103c9bc,16
acetone,DTXSID8021482,67-64-1,CC(C)=O,19443ac8dfaaa16c,1
"5,11,17,23-tetratert-butylpentacyclo(19.3.1.1(3,7).1(9,13).1(15,19))octacosa-1(25),3(28),4,6,9(27),10,12,15(26),16,18,21,23-dodecaene-25,26,27,28-tetrol",DTXSID70209528,60705-62-6,CC(C)(C)c1cc2c(O)c(c1)Cc1cc(C(C)(C)C)cc(c1O)Cc1cc(C(C)(C)C)cc(c1O)Cc1cc(C(C)(C)C)cc(c1O)C2,aa54d46583694b28,3
,,,CC(C)C(C)C=CC(C)C1CCC2C3=CC=C4CC(O)CCC4(C)C3CCC21C,95952bdd8dee41c9,3
all-trans-lycopene,DTXSID2046593,502-65-8,CC(C)=CCC/C(C)=C/C=C/C(C)=C/C=C/C(C)=C/C=C/C=C(C)/C=C/C=C(C)/C=C/C=C(\C)CCC=C(C)C,d494a2fb2e419af3,1
(e)-squalene,DTXSID0026044,111-02-4,CC(C)=CCC/C(C)=C/CC/C(C)=C/CC/C=C(\C)CC/C=C(\C)CCC=C(C)C,3a4242decc6b87d2,13
"1-nonanol, 8-methyl-, hydrogen phosphate",DTXSID2070920,67953-31-5,CC(C)CCCCCCCOP(=O)(O)OCCCCCCCC(C)C,c9d0d26c9197ed23,10
,,,CC(C)=CCCC1(C)C=Cc2c(O)c3c(c(CC=C(C)C)c2O1)OC12C(=CC4CC1C(C)(C)OC2(CC=C(C)C(=O)O)C4=O)C3=O,ea03515946aedc2d,5
diisooctyl sebacate,DTXSID3067287,27214-90-0,CC(C)CCCCCOC(=O)CCCCCCCCC(=O)OCCCCCC(C)C,5e014c2b0962e46a,5
cholesteryl benzoate,DTXSID10897509,604-32-0,CC(C)CCC[C@@H](C)[C@H]1CC[C@H]2[C@@H]3CC=C4C[C@@H](OC(=O)c5ccccc5)CC[C@]4(C)[C@H]3CC[C@]12C,c36f566e4ec210a5,2
cholesterol,DTXSID3022401,57-88-5,CC(C)CCC[C@@H](C)[C@H]1CC[C@H]2[C@@H]3CC=C4C[C@@H](O)CC[C@]4(C)[C@H]3CC[C@]12C,de40153a136c3289,9
l-leucine,DTXSID9023203,61-90-5,CC(C)C[C@H](N)C(=O)O,125769ebb20bc310,10
,,,CC(C)COCc1ccc2c(c1O)C(=O)c1ccccc1C2=O,b02d91080a8163e9,10
ibuprofen,DTXSID5020732,15687-27-1,CC(C)Cc1ccc(C(C)C(=O)O)cc1,3e29eea62f74ed15,15
"1,4-bis(n-isopropylamino)anthraquinone",DTXSID2041250,14233-37-5,CC(C)Nc1ccc(NC(C)C)c2c1C(=O)c1ccccc1C2=O,38197cb45dd134ae,3
4-tert-butylcalix[6]arene,DTXSID30319359,78092-53-2,CC(C)(C)c1cc2c(O)c(c1)Cc1cc(C(C)(C)C)cc(c1O)Cc1cc(C(C)(C)C)cc(c1O)Cc1cc(C(C)(C)C)cc(c1O)Cc1cc(C(C)(C)C)cc(c1O)Cc1cc(C(C)(C)C)cc(c1O)C2,db9b2f334bf80d01,1
isopropanol,DTXSID7020762,67-63-0,CC(C)O,332a9e09f8acc37e,1
"2,4-bis(isopropylamino)-6-chloro-1,3,5-triazine",DTXSID3021196,139-40-2,CC(C)Nc1nc(Cl)nc(NC(C)C)n1,9fe693b139477719,8
,,,CC(C)N1c2ccccc2C(C)(C)C12C=Nc1c(cc(N3CCc4ccccc43)c3ccccc13)O2,1565fcfb69bca60d,11
,,,CC(C)[C@H](NC(=O)OCc1ccccc1)C(=O)O,7c3c8ae822015244,10
,,,CC(C)c1cccc(O)c(=O)c1,250e0735da4dfca5,2
triacetyl α-cyclodextrin,DTXSID801313208,23661-37-2,CC(=O)OC[C@H]1O[C@@H]2O[C@H]3[C@H](OC(C)=O)[C@@H](OC(C)=O)[C@@H](O[C@H]4[C@H](OC(C)=O)[C@@H](OC(C)=O)[C@@H](O[C@H]5[C@H](OC(C)=O)[C@@H](OC(C)=O)[C@@H](O[C@H]6[C@H](OC(C)=O)[C@@H](OC(C)=O)[C@@H](O[C@H]7[C@H](OC(C)=O)[C@@H](OC(C)=O)[C@@H](O[C@H]1[C@H](OC(C)=O)[C@H]2OC(C)=O)O[C@@H]7COC(C)=O)O[C@@H]6COC(C)=O)O[C@@H]5COC(C)=O)O[C@@H]4COC(C)=O)O[C@@H]3COC(C)=O,cdda6db3823ed0c1,1
fenofibrate,DTXSID2029874,49562-28-9,CC(C)OC(=O)C(C)(C)Oc1ccc(C(=O)c2ccc(Cl)cc2)cc1,d0ea5947eed0309f,15
ergosterol,DTXSID90878679,57-87-4,CC(C)[C@@H](C)/C=C/[C@@H](C)[C@H]1CC[C@H]2C3=CC=C4C[C@@H](O)CC[C@]4(C)[C@H]3CC[C@]12C,c8bc7fbc817c98ae,8
acetamide,DTXSID7020005,60-35-5,CC(N)=O,b0f721d0c26d7309,1
lactic acid,DTXSID7023192,50-21-5,CC(O)C(=O)O,08fdf94da1cd35b2,1
"1,2-propylene glycol",DTXSID0021206,57-55-6,CC(O)CO,494335f60b3dc981,7
,,,CC(C=CC1=C(C)CCCC1(C)C)=CC=CC(C)=CC(=O)O,a623e52ef6d5701c,2
diclofop,DTXSID5041859,40843-25-2,CC(Oc1ccc(Oc2ccc(Cl)cc2Cl)cc1)C(=O)O,4757cdaac3a8a1e8,18
"3-[1-(2,6-dichloro-3-fluorophenyl)ethoxy]-5-[1-(piperidin-4-yl)-1h-pyrazol-4-yl]pyridin-2-amine",DTXSID10469200,877400-66-3,CC(Oc1cc(-c2cnn(C3CCNCC3)c2)cnc1N)c1c(Cl)ccc(F)c1Cl,37741c0b0df05060,4
triamcinolone acetonide,DTXSID6021371,76-25-5,CC1(C)O[C@@H]2C[C@H]3[C@@H]4CCC5=CC(=O)C=C[C@]5(C)[C@@]4(F)[C@@H](O)C[C@]3(C)[C@]2(C(=O)CO)O1,5b86176e1ccb52b4,2
atorvastatin,DTXSID8029868,134523-00-5,CC(C)c1c(C(=O)Nc2ccccc2)c(-c2ccccc2)c(-c2ccc(F)cc2)n1CC[C@@H](O)C[C@@H](O)CC(=O)O,39225f72b839ff4c,7
permethrin,DTXSID8022292,52645-53-1,CC1(C)C(C=C(Cl)Cl)C1C(=O)OCc1cccc(Oc2ccccc2)c1,dc2276b17566a315,13
penicillin v,DTXSID3023429,87-08-1,CC1(C)S[C@@H]2[C@H](NC(=O)COc3ccccc3)C(=O)N2[C@H]1C(=O)O,f436383a07e268bf,6
,,,C=C(C)C(=O)OCCCC[Si]12O[Si]3(CCCCOC(=O)C(=C)C)O[Si]4(CCCCOC(=O)C(=C)C)O[Si](CCCOC(=O)C(=C)C)(O1)O[Si]1(CCCOC(=O)C(=C)C)O[Si](CCCCOC(=O)C(=C)C)(O2)O[Si](CCCOC(=O)C(=C)C)(O3)O[Si](CCCOC(=O)C(=C)C)(O4)O1,f89e26de68489bc1,3
alpha-fenchone,DTXSID9025324,1195-79-5,CC12CCC(C1)C(C)(C)C2=O,6f1c3fdabfe63e21,2
"1,8-cineol",DTXSID4020616,470-82-6,CC12CCC(CC1)C(C)(C)O2,fb2574680a8da476,1
camphor,DTXSID5030955,76-22-2,CC12CCC(CC1=O)C2(C)C,a513f8f32ef7eff6,2
penicillin g,DTXSID5046934,61-33-6,CC1(C)S[C@@H]2[C@H](NC(=O)Cc3ccccc3)C(=O)N2[C@H]1C(=O)O,88858167d07bc7c3,7
,,,CC12CC(=CO)C(=O)CC1CCC1C2CCC2(C)C1CCC2(C)O,091e464d6452f373,4
,,,CC12CCC3c4ccc(O)cc4CCC3C1CCC2O,a2aa191350648c78,4
amoxicillin,DTXSID3037044,26787-78-0,CC1(C)S[C@@H]2[C@H](NC(=O)[C@H](N)c3ccc(O)cc3)C(=O)N2[C@H]1C(=O)O,a03a72fb31f18a68,11
,,,CC12CCC(=O)C=C1CCC1C2C(O)CC2(C)C1CCC2(O)C(=O)CO,2016657ea8578418,6
retinol,DTXSID3023556,68-26-8,CC1=C(/C=C/C(C)=C/C=C/C(C)=C/CO)C(C)(C)CCC1,411af9ee4b2f0c56,9
,,,CC1=C(C(=O)OCC2CCCCC2)C(c2ncc([N+](=O)[O-])n2C)C(C(=O)OCC2CCCCC2)=C(C)N1,9d311691b1486e1d,1
,,,CC1=C(C(=O)OC2CCCCC2)C(c2ncc([N+](=O)[O-])n2C)C(C(=O)OC2CCCCC2)=C(C)N1,d261436a5661b751,2
,,,CC(C)CC[Si]12O[Si]3(CC(C)C)O[Si]4(CC(C)C)O[Si](CC(C)C)(O1)O[Si]1(CC(C)C)O[Si](CC(C)C)(O2)O[Si](CC(C)C)(O3)O[Si](CC(C)C)(O4)O1,4842ccdc51c276a4,13
"3,3'-dihydroxy-beta-carotene-4,4'-dione",DTXSID00893777,472-61-7,CC1=C(/C=C/C(C)=C/C=C/C(C)=C/C=C/C=C(C)/C=C/C=C(C)/C=C/C2=C(C)C(=O)[C@@H](O)CC2(C)C)C(C)(C)C[C@H](O)C1=O,d2c0c56d1483ccea,1
,,,CC1=C(C(=O)OCCC2CCCCC2)C(c2ncc([N+](=O)[O-])n2C)C(C(=O)OCCC2CCCCC2)=C(C)N1,ba73180c7dc23f7c,2
glycyrrhizin,DTXSID8047006,1405-86-3,CC1(C)[C@@H](O[C@H]2O[C@H](C(=O)O)[C@@H](O)[C@H](O)[C@H]2O[C@@H]2O[C@H](C(=O)O)[C@@H](O)[C@H](O)[C@H]2O)CC[C@]2(C)[C@H]3C(=O)C=C4[C@@H]5C[C@@](C)(C(=O)O)CC[C@]5(C)CC[C@@]4(C)[C@]3(C)CC[C@@H]12,16850b9216fd0aac,1
capsanthin,DTXSID10905012,465-42-9,CC1=C(/C=C/C(C)=C/C=C/C(C)=C/C=C/C=C(C)/C=C/C=C(C)/C=C/C(=O)[C@]2(C)C[C@@H](O)CC2(C)C)C(C)(C)C[C@H](O)C1,3630fe154b97e26f,5
beta-carotene,DTXSID3020253,7235-40-7,CC1=C(/C=C/C(C)=C/C=C/C(C)=C/C=C/C=C(C)/C=C/C=C(C)/C=C/C2=C(C)CCCC2(C)C)C(C)(C)CCC1,42d3a6d693b27702,9
,,,CC1=C(C(=O)OCCCC2CCCCC2)C(c2ncc([N+](=O)[O-])n2C)C(C(=O)OCCCC2CCCCC2)=C(C)N1,c12aec91e64d74fd,7
,,,CC1=C(C(=O)OCc2ccccc2)C(c2ncc([N+](=O)[O-])n2C)C(C(=O)OCc2ccccc2)=C(C)N1,9e18d1384c31b90f,1
,,,CC1=C(C(=O)OCCCCC2CCCCC2)C(c2ncc([N+](=O)[O-])n2C)C(C(=O)OCCCCC2CCCCC2)=C(C)N1,797d9987ed621770,2
"1,4-naphthalenedione, 5-hydroxy-2-methyl-",DTXSID8075413,481-42-5,CC1=CC(=O)c2c(O)cccc2C1=O,8d884691bc36312e,1
menadione,DTXSID4021715,58-27-5,CC1=CC(=O)c2ccccc2C1=O,7b63f353b8036e52,1
alpha-pinene,DTXSID4026501,80-56-8,CC1=CCC2CC1C2(C)C,95c853aadfbccb8b,2
(+)-cis-verbenol,DTXSID50156506,13040-03-4,CC1=C[C@@H](O)[C@@H]2C[C@H]1C2(C)C,eb995746b74798e6,1
"4,5-dihydroxy-3,4,5-trimethyl-4,5,8,10,12,13,13a,13b-octahydro-2h-[1,6]dioxacycloundecino[2,3,4-gh]pyrrolizine-2,6(3h)-dione",DTXSID20859330,NOCAS_859330,CC1C(=O)OC2CCN3CC=C(COC(=O)C(C)(O)C1(C)O)C23,5a41a7f33e6d79cd,3
,,,CC1=C(C(=O)OCCCCc2ccccc2)C(c2ncc([N+](=O)[O-])n2C)C(C(=O)OCCCCc2ccccc2)=C(C)N1,adbe2875056b7dc8,6
,,,CC1=C(C(=O)OCCCCCc2ccccc2)C(c2ncc([N+](=O)[O-])n2C)C(C(=O)OCCCCCc2ccccc2)=C(C)N1,fd64ecf27b39be2c,5
,,,CC(C)CCCCC[Si]12O[Si]3(CCCCCC(C)C)O[Si]4(CCCCCC(C)C)O[Si](CCCCCC(C)C)(O1)O[Si]1(CCCCCC(C)C)O[Si](CCCCCC(C)C)(O2)O[Si](CCCCCC(C)C)(O3)O[Si](CCCCCC(C)C)(O4)O1,13985aa23520452e,1
menthol,DTXSID8029650,1490-04-6,CC1CCC(C(C)C)C(O)C1,9d478daf1f3a880a,1
,,,CC1CC2C3CCC4=CC(=O)C=CC4(C)C3(F)C(O)CC2(C)C1(O)C(=O)CO,680467c77060ff1a,3
,,,CC1=C(C(=O)OCCCc2ccccc2)C(c2ncc([N+](=O)[O-])n2C)C(C(=O)OCCCc2ccccc2)=C(C)N1,8461dc3fc04e0c05,8
,,,CC1=C(C(=O)OCCCc2ccc(C)cc2)C(c2ncc([N+](=O)[O-])n2C)C(C(=O)OCCCc2ccc(C)cc2)=C(C)N1,cd26d922b0ac9046,7
n-phenylpropanamide,DTXSID0060721,620-71-3,CCC(=O)Nc1ccccc1,4a3d3be3520d892c,3
,,,CC1=C(C(=O)OCCc2ccccc2)C(c2ncc([N+](=O)[O-])n2C)C(C(=O)OCCc2ccccc2)=C(C)N1,d1d04d4a2b0197c2,10
,,,CC=Cc1ccc2c(c1O)C(=O)c1c(ccc(C=CC)c1O)C2=O,c07c45ce7ee6c465,4
phytonadione,DTXSID8023472,84-80-0,CC1=C(C/C=C(\C)CCC[C@H](C)CCC[C@H](C)CCCC(C)C)C(=O)c2ccccc2C1=O,c1b47efd7c7ba0a3,4
"2-(3,4-dihydroxyphenyl)-5,7-dihydroxy-4-oxo-4h-1-benzopyran-3-yl 6-o-(6-deoxyhexopyranosyl)hexopyranoside",DTXSID70859300,NOCAS_859300,CC1OC(OCC2OC(Oc3c(-c4ccc(O)c(O)c4)oc4cc(O)cc(O)c4c3=O)C(O)C(O)C2O)C(O)C(O)C1O,ce30575c7436712a,1
c-methylcalix[4]resorcinarene,DTXSID40398195,65338-98-9,CC1c2cc(c(O)cc2O)C(C)c2cc(c(O)cc2O)C(C)c2cc(c(O)cc2O)C(C)c2cc1c(O)cc2O,0df64583ff90d759,3
,,,CCC(=O)OC1(C(=O)CCl)C(C)CC2C3CCC4=CC(=O)C=CC4(C)C3(F)C(O)CC21C,4c3bf343f07514e1,2
n-(2-((2-bromo-6-cyano-4-nitrophenyl)azo)-5-(diethylamino)phenyl)propionamide,DTXSID7062322,2309-94-6,CCC(=O)Nc1cc(N(CC)CC)ccc1N=Nc1c(Br)cc([N+](=O)[O-])cc1C#N,a6b1853fe9057a4d,7
3-methyl-3-pentanol,DTXSID0021755,77-74-7,CCC(C)(O)CC,4421e3d79ce9fe14,13
propanamide,DTXSID3058820,79-05-0,CCC(N)=O,77dc2a39608f98aa,3
testosterone propionate,DTXSID9036515,57-85-2,CCC(=O)O[C@H]1CC[C@H]2[C@@H]3CCC4=CC(=O)CC[C@]4(C)[C@H]3CC[C@]12C,3454ace0ab678fe9,8
ethosuximide,DTXSID7023019,77-67-8,CCC1(C)CC(=O)NC1=O,d8050bdf8904e4bc,6
"9-fluoro-11-hydroxy-16-methyl-3,20-dioxopregna-1,4-diene-17,21-diyl dipropanoate",DTXSID40859918,NOCAS_859918,CCC(=O)OCC(=O)C1(OC(=O)CC)C(C)CC2C3CCC4=CC(=O)C=CC4(C)C3(F)C(O)CC21C,b5d4300323dabcf2,3
,,,CCC(C)(COC(=O)C(=O)OC)COC(=O)C(=O)OC,41e33d700285dbaf,8
,,,CCC(=O)OCC(=O)C1(OC(=O)CC)C(C)CC2C3CCC4=CC(=O)C=CC4(C)C3(Cl)C(O)CC21C,402e1a9d382ebebc,3
"2-methyl-2-propyl-1,3-propanediol",DTXSID9058814,78-26-2,CCCC(C)(CO)CO,ab80a59ce3efca90,2
simvastatin,DTXSID0023581,79902-63-9,CCC(C)(C)C(=O)O[C@H]1C[C@@H](C)C=C2C=C[C@H](C)[C@H](CC[C@@H]3C[C@@H](O)CC(=O)O3)[C@H]21,bf22e514992371a5,2
butanamide,DTXSID8060248,541-35-5,CCCC(N)=O,7a1d597099a5698f,6
,,,CCC(C)(COC(=O)CC(=O)OC)COC(=O)CC(=O)OC,c46bfc8ebfec5e18,10
"(+/-)-2,3-dimethylhexane",DTXSID40862240,584-94-1,CCCC(C)C(C)C,df276a364657f1a6,13
3-hexanol,DTXSID70862314,623-37-0,CCCC(O)CC,c6cdfe614d24efa1,9
c.i. disperse red 167,DTXSID1067259,26850-12-4,CCC(=O)Nc1cc(N(CCOC(C)=O)CCOC(C)=O)ccc1N=Nc1ccc([N+](=O)[O-])cc1Cl,e56e371f7b201ecf,6
beclazone,DTXSID3048730,5534-09-8,CCC(=O)OCC(=O)[C@@]1(OC(=O)CC)[C@@H](C)C[C@H]2[C@@H]3CCC4=CC(=O)C=C[C@]4(C)[C@@]3(Cl)[C@@H](O)C[C@@]21C,54046a56c83e49a6,5
2-ethyl-1-hexanol,DTXSID5020605,104-76-7,CCCCC(CC)CO,e7a898fcc6413896,13
2-ethylhexanoic acid,DTXSID9025293,149-57-5,CCCCC(CC)C(=O)O,04b40e5ce687d214,18
2-hydroxyhexanoic acid,DTXSID90863686,6064-63-7,CCCCC(O)C(=O)O,79b428fe258b2a93,15
glycerol tributyrate,DTXSID4052267,60-01-5,CCCC(=O)OCC(COC(=O)CCC)OC(=O)CCC,20d5ae9d2157e29b,16
bis(2-ethylhexyl) phosphate,DTXSID1027134,298-07-7,CCCCC(CC)COP(=O)(O)OCC(CC)CCCC,5eaf15c6e5b81ded,6
cholesteryl butyrate,DTXSID101341216,521-13-1,CCCC(=O)O[C@H]1CC[C@@]2(C)C(=CC[C@H]3[C@@H]4CC[C@H]([C@H](C)CCCC(C)C)[C@@]4(C)CC[C@@H]32)C1,26d10d66e66b42e9,4
n-hexane,DTXSID0021917,110-54-3,CCCCCC,c175248e2f9e76e9,8
linoleic acid,DTXSID2025505,60-33-3,CCCCC/C=C\C/C=C\CCCCCCCC(=O)O,64ccc78ae5012de6,11
"ethyl 4,7,10,13,16,19-docosahexaenoate",DTXSID401282813,84494-72-4,CCC=CCC=CCC=CCC=CCC=CCC=CCCC(=O)OCC,452cc39b657e26d7,16
hexanoic acid,DTXSID7021607,142-62-1,CCCCCC(=O)O,def06407dc491b98,17
heptanoic acid,DTXSID2021600,111-14-8,CCCCCCC(=O)O,d71d945c6b67c3c9,20
"6-{[4-(dimethylamino)-3-hydroxy-6-methyloxan-2-yl]oxy}-14-ethyl-7,12,13-trihydroxy-4-[(5-hydroxy-4-methoxy-4,6-dimethyloxan-2-yl)oxy]-3,5,7,9,11,13-hexamethyl-1-oxacyclotetradecane-2,10-dione",DTXSID90859206,NOCAS_859206,CCC1OC(=O)C(C)C(OC2CC(C)(OC)C(O)C(C)O2)C(C)C(OC2OC(C)CC(N(C)C)C2O)C(C)(O)CC(C)C(=O)C(C)C(O)C1(C)O,2d0ad6859c0c1731,1
ethyl arachidonate,DTXSID301016455,1808-26-0,CCCCC/C=C\C/C=C\C/C=C\C/C=C\CCCC(=O)OCC,46e26a2e697c61ec,13
budesonide,DTXSID8020202,51333-22-3,CCCC1O[C@@H]2C[C@H]3[C@@H]4CCC5=CC(=O)C=C[C@]5(C)[C@H]4[C@@H](O)C[C@]3(C)[C@]2(C(=O)CO)O1,2cbe78c4ef4c9479,14
octane,DTXSID0026882,111-65-9,CCCCCCCC,7b25c529c8bf03a0,18
octanoic acid,DTXSID3021645,124-07-2,CCCCCCCC(=O)O,adf2236379aa7bb9,18
bis(2-ethylhexyl) decanedioate,DTXSID7025055,122-62-3,CCCCC(CC)COC(=O)CCCCCCCCC(=O)OCC(CC)CCCC,e87bde64455139a2,7
"hexanoic acid, 1,2,3-propanetriyl ester",DTXSID4060737,621-70-5,CCCCCC(=O)OCC(COC(=O)CCCCC)OC(=O)CCCCC,6510e932925ada2e,3
(z)-9-octadecenoic acid methyl ester,DTXSID5025811,112-62-9,CCCCCCCC/C=C\CCCCCCCC(=O)OC,b2cbe48979699f2a,3
oleic acid,DTXSID1025809,112-80-1,CCCCCCCC/C=C\CCCCCCCC(=O)O,8b45a12203801e9e,9
nonanoic acid,DTXSID3021641,112-05-0,CCCCCCCCC(=O)O,175b64056b330496,20
decane,DTXSID6024913,124-18-5,CCCCCCCCCC,f7c4326879182971,21
tricaprylin,DTXSID6021375,538-23-8,CCCCCCCC(=O)OCC(COC(=O)CCCCCCC)OC(=O)CCCCCCC,5edbf094f3f3d4bf,1
ethyl oleate,DTXSID3047633,111-62-6,CCCCCCCC/C=C\CCCCCCCC(=O)OCC,56c7f289570e1a8a,12
dodecane,DTXSID0026913,112-40-3,CCCCCCCCCCCC,a223c3a56559a4c6,14
dodecanoic acid,DTXSID5021590,143-07-7,CCCCCCCCCCCC(=O)O,4b49cfbba081e24d,12
,,,CCCCCCCCCC=CC=CC=CC=CC=CC(=O)OCC,4f6721ffdd3bdbd3,4
tetradecane,DTXSID1027267,629-59-4,CCCCCCCCCCCCCC,94ae061ab396a1a3,6
tetradecanoic acid,DTXSID6021666,544-63-8,CCCCCCCCCCCCCC(=O)O,4a6dffc35b888b70,3
butyl laurate,DTXSID4059336,106-18-3,CCCCCCCCCCCC(=O)OCCCC,b0161e10ad91ab72,14
c-pentylresorcin[4]arene,DTXSID101313421,120663-39-0,CCCCCC1c2cc(c(O)cc2O)C(CCCCC)c2cc(c(O)cc2O)C(CCCCC)c2cc(c(O)cc2O)C(CCCCC)c2cc1c(O)cc2O,de9aacb06078bcde,1
ethyl tetradecanoate,DTXSID6047654,124-06-1,CCCCCCCCCCCCCC(=O)OCC,507f69d1fbe52baf,8
hexadecane,DTXSID0027195,544-76-3,CCCCCCCCCCCCCCCC,876b5e607a34eaeb,6
hexadecanoic acid,DTXSID2021602,57-10-3,CCCCCCCCCCCCCCCC(=O)O,4f9862a73a029f4f,1
ethyl hexadecanoate,DTXSID2047511,628-97-7,CCCCCCCCCCCCCCCC(=O)OCC,07e017dc72a0c126,11
,,,CCCCCCCCC=CCCCCCCCC(=O)OCC(O)COC(=O)CCCCCCCC=CCCCCCCCC,e4113d27ab2aa380,4
heptadecane,DTXSID7047061,629-78-7,CCCCCCCCCCCCCCCCC,5a315ac0353bb8d8,9
ascorbyl palmitate,DTXSID3041611,137-66-6,CCCCCCCCCCCCCCCC(=O)OC[C@H](O)[C@H]1OC(=O)C(O)=C1O,303b42e7f2ae2d25,5
octadecane,DTXSID9047172,593-45-3,CCCCCCCCCCCCCCCCCC,51fbba9b602a7256,13
octadecanoic acid,DTXSID8021642,57-11-4,CCCCCCCCCCCCCCCCCC(=O)O,3cb41743bbdbf4d9,6
glyceryl trilaurate,DTXSID80904390,538-24-9,CCCCCCCCCCCC(=O)OCC(COC(=O)CCCCCCCCCCC)OC(=O)CCCCCCCCCCC,730aa59945c2e026,5
,,,CCCCCCCCCCCCCCCC(=O)OC(=O)/C=C(C)/C=C/C=C(C)/C=C/C1=C(C)CCCC1(C)C,cc4cf20a6b6e60e5,3
tricaprin,DTXSID1042651,621-71-6,CCCCCCCCCC(=O)OCC(COC(=O)CCCCCCCCC)OC(=O)CCCCCCCCC,112fd2a04cc3debf,15
nonadecan-2-one,DTXSID70212077,629-66-3,CCCCCCCCCCCCCCCCCC(C)=O,611c89fb58b9c8bd,5
ethyl stearate,DTXSID5059406,111-61-5,CCCCCCCCCCCCCCCCCC(=O)OCC,c80d84c8daee5149,10
nonadecanonitrile,DTXSID50873468,28623-46-3,CCCCCCCCCCCCCCCCCCC#N,b1bd510fed7a7ab3,2
2-methylnonadecane,DTXSID501010027,1560-86-7,CCCCCCCCCCCCCCCCCC(C)C,1882001b339ef747,8
butyl octadecanoate,DTXSID5027013,123-95-5,CCCCCCCCCCCCCCCCCC(=O)OCCCC,d18b6c95105213c6,9
nonadecane,DTXSID9047170,629-92-5,CCCCCCCCCCCCCCCCCCC,cf2294d5da790cd2,9
eicosane,DTXSID1025227,112-95-8,CCCCCCCCCCCCCCCCCCCC,55bd4dec66ac1184,2
eicosanoic acid,DTXSID1060134,506-30-9,CCCCCCCCCCCCCCCCCCCC(=O)O,d1e68a378041153c,5
docosane,DTXSID7047063,629-97-0,CCCCCCCCCCCCCCCCCCCCCC,5248fe1289a55ab2,9
"tetradecanoic acid, 1,2,3-propanetriyl ester",DTXSID701014651,555-45-3,CCCCCCCCCCCCCC(=O)OCC(COC(=O)CCCCCCCCCCCCC)OC(=O)CCCCCCCCCCCCC,8aeccc533aee8405,4
docosanoic acid,DTXSID3026930,112-85-6,CCCCCCCCCCCCCCCCCCCCCC(=O)O,0a9e287930372fd0,9
heneicosane,DTXSID9047097,629-94-7,CCCCCCCCCCCCCCCCCCCCC,98a5faac66ecab59,13
n-tetracosane,DTXSID8060955,646-31-1,CCCCCCCCCCCCCCCCCCCCCCCC,a2fb882da27cf31c,3
trilinolein c18:2,DTXSID1042653,537-40-6,CCCCC/C=C\C/C=C\CCCCCCCC(=O)OCC(COC(=O)CCCCCCC/C=C\C/C=C\CCCCC)OC(=O)CCCCCCC/C=C\C/C=C\CCCCC,313e3d8e6175c692,3
hexacosane,DTXSID7060883,630-01-3,CCCCCCCCCCCCCCCCCCCCCCCCCC,8cd878f89b8df8cb,2
nonacosane,DTXSID2060884,630-03-5,CCCCCCCCCCCCCCCCCCCCCCCCCCCCC,85be67472e8e18f4,3
octacosane,DTXSID6058639,630-02-4,CCCCCCCCCCCCCCCCCCCCCCCCCCCC,a933a037802583d7,5
pentacosane,DTXSID2060882,629-99-2,CCCCCCCCCCCCCCCCCCCCCCCCC,70704cc1ce74cb81,10
"docosanoic acid, hexadecyl ester",DTXSID9068376,42233-11-4,CCCCCCCCCCCCCCCCCCCCCC(=O)OCCCCCCCCCCCCCCCC,0094920c35cb660f,3
triacontane,DTXSID0060935,638-68-6,CCCCCCCCCCCCCCCCCCCCCCCCCCCCCC,636456c1c2ea7460,4
heptacosane,DTXSID6058637,593-49-7,CCCCCCCCCCCCCCCCCCCCCCCCCCC,485911837e7e6a78,9
dotriacontane,DTXSID5052202,544-85-4,CCCCCCCCCCCCCCCCCCCCCCCCCCCCCCCC,f5cab9b4094c5a65,2
1-eicosanol,DTXSID0027272,629-96-9,CCCCCCCCCCCCCCCCCCCCO,b52d5f9872ae8c4a,10
glyceryl trioleate,DTXSID3026988,122-32-7,CCCCCCCC/C=C\CCCCCCCC(=O)OCC(COC(=O)CCCCCCC/C=C\CCCCCCCC)OC(=O)CCCCCCC/C=C\CCCCCCCC,5fce8e3d85ed1666,4
tripalmitin,DTXSID8046169,555-44-2,CCCCCCCCCCCCCCCC(=O)OCC(COC(=O)CCCCCCCCCCCCCCC)OC(=O)CCCCCCCCCCCCCCC,5018a11d14310f83,6
1-octadecanethiol,DTXSID0062686,2885-00-9,CCCCCCCCCCCCCCCCCCS,5fe5290d1c79638a,9
1-octadecanol,DTXSID8026935,112-92-5,CCCCCCCCCCCCCCCCCCO,3cf66df8afb1ae0b,10
1-pentadecanol,DTXSID0027270,629-76-5,CCCCCCCCCCCCCCCO,8b5dacdebae1824b,10
tritriacontane,DTXSID5075444,630-05-7,CCCCCCCCCCCCCCCCCCCCCCCCCCCCCCCCC,cf2fe86dab4aff02,6
1-hexadecanol,DTXSID4027991,36653-82-4,CCCCCCCCCCCCCCCCO,0578cf64077eaea2,14
"n-hexadecyl-7-nitro-2,1,3-benzoxadiazol-4-amine",DTXSID20541243,101237-16-5,CCCCCCCCCCCCCCCCNc1ccc([N+](=O)[O-])c2nonc12,01ccc300a911cc74,4
1-tridecanol,DTXSID2021947,112-70-9,CCCCCCCCCCCCCO,dcbc3c00fa03d64f,13
hexatriacontane,DTXSID7060885,630-06-8,CCCCCCCCCCCCCCCCCCCCCCCCCCCCCCCCCCCC,3839e486d394df49,9
behenyl behenate,DTXSID0066242,17671-27-1,CCCCCCCCCCCCCCCCCCCCCCOC(=O)CCCCCCCCCCCCCCCCCCCCC,736888c9e1f4fae0,4
"1-dodecanamine, n-dodecyl-",DTXSID4062777,3007-31-6,CCCCCCCCCCCCNCCCCCCCCCCCC,6bf9adf1a761f7f7,5
"ditridecyl 2,2'-oxydiacetate",DTXSID90279021,6280-08-6,CCCCCCCCCCCCCOC(=O)COCC(=O)OCCCCCCCCCCCCC,69a4cbe705d78be0,4
,,,CCCCCCCCCCCCCCOC(=O)COCC(=O)OCCCCCCCCCCCCCC,b4b9523ac61f4759,2
,,,CC(=O)OCC1OC2OC3C(COC(C)=O)OC(OC4C(COC(C)=O)OC(OC5C(COC(C)=O)OC(OC6C(COC(C)=O)OC(OC7C(COC(C)=O)OC(OC8C(COC(C)=O)OC(OC1C(OC(C)=O)C2OC(C)=O)C(OC(C)=O)C8OC(C)=O)C(OC(C)=O)C7OC(C)=O)C(OC(C)=O)C6OC(C)=O)C(OC(C)=O)C5OC(C)=O)C(OC(C)=O)C4OC(C)=O)C(OC(C)=O)C3OC(C)=O,969484807966c213,4
"n,n-didodecyl-1-dodecanamine",DTXSID8047056,102-87-4,CCCCCCCCCCCCN(CCCCCCCCCCCC)CCCCCCCCCCCC,d0d86d4166858faf,2
lauryl gallate,DTXSID0048189,1166-52-5,CCCCCCCCCCCCOC(=O)c1cc(O)c(O)c(O)c1,74f8484a5d40adbe,5
tetraethylene glycol monododecyl ether,DTXSID3063752,5274-68-0,CCCCCCCCCCCCOCCOCCOCCOCCO,3e3541100e9a2ac4,5
1-undecanol,DTXSID0026915,112-42-5,CCCCCCCCCCCO,f365579bf79c6e97,17
"9,10-anthracenedione, 1,4-bis(octadecylamino)-",DTXSID50348363,65177-52-8,CCCCCCCCCCCCCCCCCCNc1ccc(NCCCCCCCCCCCCCCCCCC)c2c1C(=O)c1ccccc1C2=O,9e64964865c183b6,3
,,,CCCCCCCCCCCCCCCOC(=O)COCC(=O)OCCCCCCCCCCCCCCC,d515d636ac669f4c,9
1-decanol,DTXSID7021946,112-30-1,CCCCCCCCCCO,359d7fd70af690e5,10
didodecylphosphane,DTXSID40598572,13176-24-4,CCCCCCCCCCCCPCCCCCCCCCCCC,776dee7737cd724d,5
,,,CCCCCCCCCCCCOC(=O)COCC(=O)OCCCCCCCCCCCC,8a33bd4230ba482a,4
1-nonanol,DTXSID6022008,143-08-8,CCCCCCCCCO,40f5f8d36be976e6,12
,,,CCCCCCCCCCCCCCCCOC(=O)COCC(=O)OCCCCCCCCCCCCCCCC,ea6428a124fbb432,10
,,,CCCCCCCCCCOC(=O)c1cc(Cl)ccc1Cl,cd6aeb740144cbc1,3
,,,CCCCCCCCCCCCCCCCNc1ccc(NCCCCCCCCCCCCCCCC)c2c1C(=O)c1ccccc1C2=O,b912dedf9c8381d1,4
,,,CCCCCCCCCCCCNc1ccc(NCCCCCCCCCCCC)c2c1C(=O)c1ccccc1C2=O,cc83694110d828e9,6
,,,CCCCCCCCCOC(=O)CC(=O)OC,98fca6b4c9168360,13
,,,CCCCCCCCOC(=O)CC(=O)OC,e2b7beda33efcc94,10
,,,CCCCCCCCCCOC(=O)COCC(=O)OCCCCCCCCCC,e0130a52fbd077cc,4
"n,n'-dioctyloxamide",DTXSID10322826,7462-50-2,CCCCCCCCNC(=O)C(=O)NCCCCCCCC,77fb20dd03a9a871,8
,,,CCCCCCCCCCCCSC(C(=O)Nc1cc(C)c(O)c(C)c1C)c1ccccc1,1b6fed9ab2e715ff,9
"diundecyl 2,2'-oxydiacetate",DTXSID30279020,6280-07-5,CCCCCCCCCCCOC(=O)COCC(=O)OCCCCCCCCCCC,66d0a67650490f3a,6
,,,CCCCCCCCCOC(=O)COCC(=O)OCCCCCCCCC,fb1229b1c8b5997c,8
trioctylamine,DTXSID3047635,1116-76-3,CCCCCCCCN(CCCCCCCC)CCCCCCCC,0004927a89cc4b91,6
"1,4-bis(octylamino)-9,10-anthracenedione",DTXSID801277014,86302-54-7,CCCCCCCCNc1ccc(NCCCCCCCC)c2c1C(=O)c1ccccc1C2=O,6282509ce9b8211c,4
,,,CCCCCCCCOC(=O)c1cc(Cl)ccc1Cl,68996cd2ff08e7c8,9
"3,6,9,12,15-pentaoxatricosan-1-ol",DTXSID6075192,19327-40-3,CCCCCCCCOCCOCCOCCOCCOCCO,842e087fa03bd3af,1
glyceryl tristearate,DTXSID8047503,555-43-1,CCCCCCCCCCCCCCCCCC(=O)OCC(COC(=O)CCCCCCCCCCCCCCCCC)OC(=O)CCCCCCCCCCCCCCCCC,0a1573cdfbc5ae55,6
dicaprylyl ether,DTXSID20862324,629-82-3,CCCCCCCCOCCCCCCCC,fca7f080f4d61da7,10
,,,CCCCCCCOC(=O)CC(=O)OC,7cf82e0b2d710e96,14
"dioctyl 2,2'-oxydiacetate",DTXSID60984953,6634-34-0,CCCCCCCCOC(=O)COCC(=O)OCCCCCCCC,451466e341116978,10
1-hexanol,DTXSID8021931,111-27-3,CCCCCCO,1d01f436f352bc56,17
"n,n-bis(2-methylpropyl)-2-[octyl(phenyl)phosphoryl]acetamide",DTXSID301003212,83242-95-9,CCCCCCCCP(=O)(CC(=O)N(CC(C)C)CC(C)C)c1ccccc1,abac5b9362b650ca,3
"1,2-benzenedicarboxylic acid, dinonyl ester",DTXSID9047966,84-76-4,CCCCCCCCCOC(=O)c1ccccc1C(=O)OCCCCCCCCC,c2b88634f62d3b7a,13
"n,n-dihexyl-1-hexanamine",DTXSID8059263,102-86-3,CCCCCCN(CCCCCC)CCCCCC,1bfda3ec1f5babda,6
,,,CCCCCCOC(=O)CC(=O)OC,7cca3de36c455b07,14
"n,n'-dihexyloxamide",DTXSID70392303,3299-65-8,CCCCCCNC(=O)C(=O)NCCCCCC,15639aff864c8ca2,12
di-n-octyl phthalate,DTXSID1021956,117-84-0,CCCCCCCCOC(=O)c1ccccc1C(=O)OCCCCCCCC,f1d24678026435cc,10
"phosphine, trioctyl-",DTXSID9063582,4731-53-7,CCCCCCCCP(CCCCCCCC)CCCCCCCC,f5ff2ca8cb6b8997,5
,,,CCCCCCCOC(=O)COCC(=O)OCCCCCCC,2f46d1ff4f33560e,9
"dihexyl 2,2'-oxydiacetate",DTXSID30783839,32792-29-3,CCCCCCOC(=O)COCC(=O)OCCCCCC,87d87fc8c0a268e1,4
,,,CCCCCOC(=O)CC(=O)OC,19abfa4328c758e8,21
,,,CCCCCOC(=O)COCC(=O)OCCCCC,9e8b8ef225e4ac19,7
trioctylphosphine oxide,DTXSID1052537,78-50-2,CCCCCCCCP(=O)(CCCCCCCC)CCCCCCCC,a360f73ce3384f2c,9
,,,CCCCCOC(=O)Nc1nc(=O)n(C2OC(C)C(O)C2O)cc1F,2c43d7ae1e369102,3
1-butanol,DTXSID1021740,71-36-3,CCCCO,f8c4e31c4891b30e,9
3-iodoprop-1-ynyl n-butylcarbamate,DTXSID50432872,87977-28-4,CCCCNC(=O)OC#CCI,8941b8ad414163be,11
"phosphonic acid, ((diethylcarbamoyl)methyl)-, dihexyl ester",DTXSID10223980,7369-66-6,CCCCCCOP(=O)(CC(=O)N(CC)CC)OCCCCCC,d61287aee9b861e8,4
"n,n'-dibutyloxamide",DTXSID70326204,14040-75-6,CCCCNC(=O)C(=O)NCCCC,f1c10f3ebd70b78b,22
butyl acetate,DTXSID3021982,123-86-4,CCCCOC(C)=O,4fea599755d613d1,19
tetrahydrocannabinol,DTXSID6021327,1972-08-3,CCCCCc1cc(O)c2c(c1)OC(C)(C)[C@@H]1CCC(C)=C[C@@H]21,225bf6b03ea83e01,13
,,,CCCCOC(=O)c1cc(Cl)ccc1Cl,5c20e5b78019dda5,17
"acetic acid, oxydi-, dibutyl ester",DTXSID20216545,6634-18-0,CCCCOC(=O)COCC(=O)OCCCC,c58f311b8b827326,9
"9,10-anthracenedione, 1,4-bis(pentylamino)-",DTXSID8062573,2646-15-3,CCCCCNc1ccc(NCCCCC)c2c1C(=O)c1ccccc1C2=O,6644c6efe7af31eb,15
cannabinol,DTXSID3048996,521-35-7,CCCCCc1cc(O)c2c(c1)OC(C)(C)c1ccc(C)cc1-2,e0180f5ba2b4f239,18
c.i. disperse orange 33,DTXSID70872054,69472-19-1,CCCCN(CCC#N)c1ccc(N=Nc2ccc([N+](=O)[O-])cc2)cc1,d3ffb4ec97c986f0,13
c.i. disperse blue 354,DTXSID50868293,74239-96-6,CCCCCCN(CCCCCC)c1ccc(C=C2C(=C(C#N)C#N)c3ccccc3S2(=O)=O)c(C)c1,b8d22e24ea72ffc9,8
"2-(butoxymethyl)-1-hydroxyanthracene-9,10-dione",DTXSID60778233,174568-54-8,CCCCOCc1ccc2c(c1O)C(=O)c1ccccc1C2=O,f952f9c2bf55ed80,14
tributyl phosphate,DTXSID3021986,126-73-8,CCCCOP(=O)(OCCCC)OCCCC,27c0b54b11fbe5e4,12
"1,4-bis(butylamino)anthracene-9,10-dione",DTXSID5044605,17354-14-2,CCCCNc1ccc(NCCCC)c2c1C(=O)c1ccccc1C2=O,726a7d6c90c6d367,19
1-propanol,DTXSID2021739,71-23-8,CCCO,edd38f4ecb3b6933,3
dibutyl butylphosphonate,DTXSID6052536,78-46-6,CCCCOP(=O)(CCCC)OCCCC,78e2d5086dc1357c,19
chlorpropamide,DTXSID9020322,94-20-2,CCCNC(=O)NS(=O)(=O)c1ccc(Cl)cc1,e2d308c7c3a83f01,8
gallic acid n-propyl ester,DTXSID5021201,121-79-9,CCCOC(=O)c1cc(O)c(O)c(O)c1,1499efae6ab7fdec,10
,,,CCCOC(=O)c1cc(Cl)ccc1Cl,e6e61556dc3273e0,15
propylparaben,DTXSID4022527,94-13-3,CCCOC(=O)c1ccc(O)cc1,86508bfc64ce2c2d,11
,,,CCCCOCCOCCOC(=O)C(=O)OCCOCCOCCCC,d30e2d4596d44501,10
"n,n'-diethylcarbanilide",DTXSID8025040,85-98-3,CCN(C(=O)N(CC)c1ccccc1)c1ccccc1,00b8bcc2048bd433,5
,,,CCCCOCCOC(=O)C1(C(=O)OCCOCCCC)C=CN=C(c2ccccn2)C1,1556f8821249a3c1,10
,,,CCN(CC(O)CO)c1ccc(/N=N/c2ncc([N+](=O)[O-])s2)c(C)c1,b5f884997a2197d0,1
,,,CCCCOCCOCCOC(=O)C1(C(=O)OCCOCCOCCCC)C=CN=C(c2ccccn2)C1,f5f5066e5f1d2b2a,4
clindamycin,DTXSID2022836,18323-44-9,CCC[C@@H]1C[C@@H](C(=O)N[C@@H]([C@H]2O[C@H](SC)[C@H](O)[C@@H](O)[C@H]2O)[C@H](C)Cl)N(C)C1,bbf31ab32b9e584a,3
"1,4-bis(propylamino)-9,10-anthracenedione",DTXSID601271272,2475-40-3,CCCNc1ccc(NCCC)c2c1C(=O)c1ccccc1C2=O,ce36ca3dbd9899fa,17
"1-hydroxy-2-(propoxymethyl)anthracene-9,10-dione",DTXSID20778234,174568-53-7,CCCOCc1ccc2c(c1O)C(=O)c1ccccc1C2=O,e58c724e81facd30,21
,,,CCN(CC)c1ccc(C=Nc2cc(Cl)ccc2O)c(O)c1,a88346ae3c82c50f,1
,,,CCN(CC)c1ccc(C=Nc2cc(C)ccc2O)c(O)c1,03d101863e81b390,1
7-(diethylamino)-3-(5-methylbenzoxazol-2-yl)-2-benzopyrone,DTXSID20188112,34564-13-1,CCN(CC)c1ccc2cc(-c3nc4cc(C)ccc4o3)c(=O)oc2c1,b5cce823c6d37818,4
"2h-1-benzopyran-2-one, 3-(5-chloro-2-benzoxazolyl)-7-(diethylamino)-",DTXSID8067941,35773-43-4,CCN(CC)c1ccc2cc(-c3nc4cc(Cl)ccc4o3)c(=O)oc2c1,7033f67dfaaeb9bb,4
"2h-1-benzopyran-2-one, 3-(1h-benzimidazol-2-yl)-7-(diethylamino)-",DTXSID4067309,27425-55-4,CCN(CC)c1ccc2cc(-c3nc4ccccc4[nH]3)c(=O)oc2c1,63c111ee91fca973,5
procaine,DTXSID7045021,59-46-1,CCN(CC)CCOC(=O)c1ccc(N)cc1,64952f4742850732,24
c.i. disperse orange 25,DTXSID5051999,31482-56-1,CCN(CCC#N)c1ccc(N=Nc2ccc([N+](=O)[O-])cc2)cc1,ae478026ca9c073e,15
"n-(2-((2-bromo-4,6-dinitrophenyl)azo)-5-(diethylamino)-4-methoxyphenyl)acetamide",DTXSID6069117,56548-64-2,CCN(CC)c1cc(NC(C)=O)c(N=Nc2c(Br)cc([N+](=O)[O-])cc2[N+](=O)[O-])cc1OC,09524a8c8d4c7f40,7
,,,CCCN1C(=O)c2cccc3c(/N=N/c4ccc(N(CC)CC)cc4)ccc(c23)C1=O,ebe11237bee086ed,23
"n-(2-((2-cyano-4,6-dinitrophenyl)azo)-5-(diethylamino)phenyl)acetamide",DTXSID9066964,24170-60-3,CCN(CC)c1ccc(N=Nc2c(C#N)cc([N+](=O)[O-])cc2[N+](=O)[O-])c(NC(C)=O)c1,11c7ce8988f21cdb,11
,,,CCN(CCC#N)c1ccc(N=Nc2nc3ccc(Cl)c(Cl)c3s2)cc1,5edd9abcde2aa2a4,14
"propanenitrile, 3-[[4-[2-(5,6-dichloro-2-benzothiazolyl)diazenyl]-3-methylphenyl]ethylamino]-",DTXSID90885409,28080-90-2,CCN(CCC#N)c1ccc(N=Nc2nc3cc(Cl)c(Cl)cc3s2)c(C)c1,c1adcdfdbcadcf51,12
"1,4-bis(ethylamino)anthraquinone",DTXSID6041559,6994-46-3,CCNc1ccc(NCC)c2c1C(=O)c1ccccc1C2=O,61151ff75645a273,6
simazine,DTXSID4021268,122-34-9,CCNc1nc(Cl)nc(NCC)n1,548f4dce1d2e5347,9
2-({4-[(2-cyanoethyl)(ethyl)amino]phenyl}diazenyl)-5-nitrobenzonitrile,DTXSID5044601,16889-10-4,CCN(CCC#N)c1ccc(N=Nc2ccc([N+](=O)[O-])cc2C#N)cc1,0a17b0ea3e90a59c,19
atrazine,DTXSID9020112,1912-24-9,CCNc1nc(Cl)nc(NC(C)C)n1,07bb64277855a202,13
ametryn,DTXSID1023869,834-12-8,CCNc1nc(NC(C)C)nc(SC)n1,eb929b856f2aaad1,16
c.i. disperse red 1,DTXSID6062678,2872-52-8,CCN(CCO)c1ccc(N=Nc2ccc([N+](=O)[O-])cc2)cc1,ab31df8add4cba9d,20
c.i. disperse red 13,DTXSID5038915,3180-81-2,CCN(CCO)c1ccc(N=Nc2ccc([N+](=O)[O-])cc2Cl)cc1,753d6595c88a66f8,11
atraton,DTXSID0037493,1610-17-9,CCNc1nc(NC(C)C)nc(OC)n1,9cd6a17c659bbe91,20
,,,CCOC(=O)C(=O)OCCOCCOC(=O)C(=O)OCC,d1dab5020746287d,7
felodipine,DTXSID4023042,72509-76-3,CCOC(=O)C1=C(C)NC(C)=C(C(=O)OC)C1c1cccc(Cl)c1Cl,dc046625f4cb5cac,9
n-acetyl-l-tyrosine ethyl ester,DTXSID20877256,840-97-1,CCOC(=O)[C@H](Cc1ccc(O)cc1)NC(C)=O,ec0cf51d3f40d3a2,10
,,,CCOC(=O)[C@H](Cc1ccccc1)NC(C)=O,9a94cae7111c4ab1,7
,,,CCOC(=O)C(=O)OCCOCCOCCOCCOC(=O)C(=O)OCC,09532c31188af773,5
levamlodipine,DTXSID50904504,103129-82-4,CCOC(=O)C1=C(COCCN)NC(C)=C(C(=O)OC)[C@@H]1c1ccccc1Cl,3efe9cb280c0494d,4
"methanamine, 1,1-diethoxy-n,n-dimethyl-",DTXSID5061584,1188-33-6,CCOC(OCC)N(C)C,69f52205495b0cc9,17
3-ethoxy-4-hydroxybenzaldehyde,DTXSID5021968,121-32-4,CCOc1cc(C=O)ccc1O,c448f09a6f6a1dd2,4
loratadine,DTXSID2023224,79794-75-5,CCOC(=O)N1CCC(=C2c3ccc(Cl)cc3CCc3cccnc32)CC1,f3f90a1e937465c8,9
diethyl phthalate,DTXSID7021780,84-66-2,CCOC(=O)c1ccccc1C(=O)OCC,a9e1e115dcdf37f5,20
"2-(ethoxymethyl)-1-hydroxyanthracene-9,10-dione",DTXSID70557814,101451-69-8,CCOCc1ccc2c(c1O)C(=O)c1ccccc1C2=O,914379884c15eac7,8
lacidipine,DTXSID1046429,103890-78-4,CCOC(=O)C1=C(C)NC(C)=C(C(=O)OCC)C1c1ccccc1/C=C/C(=O)OC(C)(C)C,f6969cf5c70cee0e,5
4-ethoxy-3-methoxybenzaldehyde,DTXSID3059509,120-25-2,CCOc1ccc(C=O)cc1OC,f0395e5d3c97ded8,4
,,,CCOCCOCCOC(=O)C(=O)OCCOCCOCC,a8c22f99f26eb6f7,7
,,,CCOC(=O)C1=C(C)NC(C)=C(C(=O)OCC)C1c1ccccc1C=CC(=O)OC(C)(C)C,9ea8a7ecc4789c3b,7
"benzenesulfonamide, 4-[(4-ethoxyphenyl)amino]-n,n-dimethyl-3-nitro-",DTXSID00867271,67338-59-4,CCOc1ccc(Nc2ccc(S(=O)(=O)N(C)C)cc2[N+](=O)[O-])cc1,6689825d9984b307,13
,,,CCOc1ccccc1OCCNC(C)Cc1ccc(OC)c(S(N)(=O)=O)c1,49f87ccfb63f60c5,1
,,,CCOC(=O)CN1C(=O)c2cccc3c(/N=N/c4cc5ccccc5cc4O)ccc(c23)C1=O,8f52050021c0d7e2,17
,,,CC(=O)OC[C@H]1O[C@@H]2O[C@H]3[C@H](OC(C)=O)[C@@H](OC(C)=O)[C@@H](O[C@H]4[C@H](OC(C)=O)[C@@H](OC(C)=O)[C@@H](O[C@H]5[C@H](OC(C)=O)[C@@H](OC(C)=O)[C@@H](O[C@H]6[C@H](OC(C)=O)[C@@H](OC(C)=O)[C@@H](O[C@H]7[C@H](OC(C)=O)[C@@H](OC(C)=O)[C@@H](O[C@H]8[C@H](OC(C)=O)[C@@H](OC(C)=O)[C@@H](O[C@H]9[C@H](OC(C)=O)[C@@H](OC(C)=O)[C@@H](O[C@H]1[C@H](OC(C)=O)[C@H]2OC(C)=O)O[C@@H]9COC(C)=O)O[C@@H]8COC(C)=O)O[C@@H]7COC(C)=O)O[C@@H]6COC(C)=O)O[C@@H]5COC(C)=O)O[C@@H]4COC(C)=O)O[C@@H]3COC(C)=O,7c741139dcd427b9,1
stigmasterol,DTXSID801015733,83-48-7,CC[C@H](/C=C/[C@@H](C)[C@H]1CC[C@H]2[C@@H]3CC=C4C[C@@H](O)CC[C@]4(C)[C@H]3CC[C@]12C)C(C)C,c3922fecdb6c8ff7,4
"1-amino-2-ethyl-9,10-anthraquinone",DTXSID70284956,6937-81-1,CCc1ccc2c(c1N)C(=O)c1ccccc1C2=O,b9b226b26bd6ccd8,3
,,,CCc1ccc2c(c1O)C(=O)c1ccccc1C2,0257fdcb1cfd5586,3
lovastatin,DTXSID5020784,75330-75-5,CC[C@H](C)C(=O)O[C@H]1C[C@@H](C)C=C2C=C[C@H](C)[C@H](CC[C@@H]3C[C@@H](O)CC(=O)O3)[C@H]21,13c3f5d726554a60,4
"1-ethyl-1,2-dihydro-6-hydroxy-4-methyl-5-((2-nitrophenyl)azo)-2-oxonicotinonitrile",DTXSID6068513,49744-25-4,CCn1c(O)c(N=Nc2ccccc2[N+](=O)[O-])c(C)c(C#N)c1=O,d6b7a201f6dd6334,4
,,,CCOC(=O)CN1C(=O)c2cccc3c(/N=N/c4ccc(N(CC)CC)cc4C)ccc(c23)C1=O,4ad2cc8bec4ebd8d,16
"2,5-cyclohexadien-1-one, 4-[[4-(dimethylamino)phenyl]imino]-",DTXSID0062210,2150-58-5,CN(C)c1ccc(N=C2C=CC(=O)C=C2)cc1,7977445afc106451,1
,,,CCOCCOCCOC(=O)C1(C(=O)OCCOCCOCC)C=CN=C(c2ccccn2)C1,15d2700d49f3f101,9
,,,CCn1c(O)c(N=Nc2ccccc2C[N+](=O)[O-])c(C)c(C#N)c1=O,38ef9d02b1a7a4c6,5
c.i. solvent yellow 2,DTXSID5020491,60-11-7,CN(C)c1ccc(N=Nc2ccccc2)cc1,98f1632a49bd7e72,3
diazepam,DTXSID4020406,439-14-5,CN1C(=O)CN=C(c2ccccc2)c2cc(Cl)ccc21,d3ea316bd6592343,2
chlormezanone,DTXSID3022798,80-77-3,CN1C(=O)CCS(=O)(=O)C1c1ccc(Cl)cc1,d98d0b8f91f63c29,6
,,,CN(C)c1ccc(N=Nc2ccc(N=NC(C)(C)C)cc2)cc1,27ede36d30f66c20,5
,,,CN1CCC(c2ccc(F)cc2)C(CO)C1,02664bab58620880,1
clozapine,DTXSID5022855,5786-21-0,CN1CCN(C2=Nc3cc(Cl)ccc3Nc3ccccc32)CC1,51b201eed1075ec7,6
"8-chloro-11-(4-methyl-1-piperazinyl)-10h-dibenzo[b,e][1,4]diazepine",DTXSID401020663,1333667-72-3,CN1CCN(C2=c3ccccc3=Nc3ccc(Cl)cc3N2)CC1,a7a5513f4f141737,4
,,,CCOc1cc(N=Nc2c([N+](=O)[O-])cc([N+](=O)[O-])cc2[N+](=O)[O-])c(NC(C)=O)cc1N(CCOC(C)=O)CCOC(C)=O,349f87df66118c52,7
c.i. disperse blue 79,DTXSID5044524,12239-34-8,CCOc1cc(N=Nc2c(Br)cc([N+](=O)[O-])cc2[N+](=O)[O-])c(NC(C)=O)cc1N(CCOC(C)=O)CCOC(C)=O,7ff1ed9a50732e14,8
"9,10-anthracenedione, 1,4-bis(methylamino)-",DTXSID7062451,2475-44-7,CNc1ccc(NC)c2c1C(=O)c1ccccc1C2=O,3cd1e239a3398ab3,1
1-(methylamino)anthraquinone,DTXSID2052570,82-38-2,CNc1cccc2c1C(=O)c1ccccc1C2=O,6eeb3ac849bfa0b6,1
sertraline,DTXSID6023577,79617-96-2,CN[C@H]1CC[C@@H](c2ccc(Cl)c(Cl)c2)c2ccccc21,fa0f17aff4771ea9,8
pholcodine,DTXSID70198923,509-67-1,CN1CC[C@]23c4c5ccc(OCCN6CCOCC6)c4O[C@H]2[C@@H](O)C=C[C@H]3[C@H]1C5,790b28e9e79f51ae,4
monensin,DTXSID4048561,17090-79-8,CC[C@@]1([C@@H]2O[C@@H]([C@H]3O[C@@](O)(CO)[C@H](C)C[C@@H]3C)C[C@@H]2C)CC[C@H]([C@]2(C)CC[C@]3(C[C@H](O)[C@@H](C)[C@@H]([C@@H](C)[C@@H](OC)[C@H](C)C(=O)O)O3)O2)O1,d31abce033ad403d,3
erythromycin,DTXSID4022991,114-07-8,CC[C@H]1OC(=O)[C@H](C)[C@@H](O[C@H]2C[C@@](C)(OC)[C@@H](O)[C@H](C)O2)[C@H](C)[C@@H](O[C@@H]2O[C@H](C)C[C@H](N(C)C)[C@H]2O)[C@](C)(O)C[C@@H](C)C(=O)[C@H](C)[C@@H](O)[C@]1(C)O,389cee94d0446914,2
"3h-naphtho[2,1-b]pyran-2,3-dicarboxylic acid, dimethyl ester",DTXSID60441551,189107-50-4,COC(=O)C1=Cc2c(ccc3ccccc23)OC1C(=O)OC,6776761423528318,4
"benzoic acid, 3,4,5-trihydroxy-, methyl ester",DTXSID3059189,99-24-1,COC(=O)c1cc(O)c(O)c(O)c1,b4036cf7dc1d3236,2
,,,COC(=O)C1=Cc2ccccc2OC1C(=O)OC,9abfd8c1cdb81358,4
"2h-1-benzopyran-2,3-dicarboxylic acid, 6-bromo-, dimethyl ester",DTXSID00464906,428517-44-6,COC(=O)C1=Cc2cc(Br)ccc2OC1C(=O)OC,5bd421057d9d44c5,4
methyl p-nitrobenzoate,DTXSID3022085,619-50-1,COC(=O)c1ccc([N+](=O)[O-])cc1,36177294ad0cf8ed,1
methyl salicylate,DTXSID5025659,119-36-8,COC(=O)c1ccccc1O,55d5ce140ec2611d,1
"benzoic acid, 3-nitro-, methyl ester",DTXSID5060691,618-95-1,COC(=O)c1cccc([N+](=O)[O-])c1,b84d535ab663219e,2
"benzoic acid, 2-nitro-, methyl ester",DTXSID7060548,606-27-9,COC(=O)c1ccccc1[N+](=O)[O-],80f83c13f1cb7824,2
dimethyl decanedioate,DTXSID1026740,106-79-6,COC(=O)CCCCCCCCC(=O)OC,1bfe794cb388cf7b,4
gemifloxacin,DTXSID3048495,175463-14-6,CO/N=C1\CN(c2nc3c(cc2F)c(=O)c(C(=O)O)cn3C2CC2)CC1CN,4d93f18f32120939,7
sorafenib,DTXSID7041128,284461-73-0,CNC(=O)c1cc(Oc2ccc(NC(=O)Nc3ccc(Cl)c(C(F)(F)F)c3)cc2)ccn1,c82764f278dcdd53,9
(+-)-diclofop-methyl,DTXSID0032605,51338-27-3,COC(=O)C(C)Oc1ccc(Oc2ccc(Cl)cc2Cl)cc1,ac7ebcbe904a51e5,14
azithromycin,DTXSID8030760,83905-01-5,CC[C@H]1OC(=O)[C@H](C)[C@@H](O[C@H]2C[C@@](C)(OC)[C@@H](O)[C@H](C)O2)[C@H](C)[C@@H](O[C@@H]2O[C@H](C)C[C@H](N(C)C)[C@H]2O)[C@](C)(O)C[C@@H](C)CN(C)[C@H](C)[C@@H](O)[C@]1(C)O,152cdf1466af8145,2
clarithromycin,DTXSID3022829,81103-11-9,CC[C@H]1OC(=O)[C@H](C)[C@@H](O[C@H]2C[C@@](C)(OC)[C@@H](O)[C@H](C)O2)[C@H](C)[C@@H](O[C@@H]2O[C@H](C)C[C@H](N(C)C)[C@H]2O)[C@](C)(OC)C[C@@H](C)C(=O)[C@H](C)[C@@H](O)[C@]1(C)O,0b06d05e1e4ba82f,1
c.i. disperse blue 60,DTXSID5065271,12217-80-0,COCCCn1c(=O)c2c(N)c3c(=O)c4ccccc4c(=O)c3c(N)c2c1=O,2f690231c4c9c601,5
griseofulvin,DTXSID8020674,126-07-8,COC1=CC(=O)C[C@@H](C)[C@]12Oc1c(Cl)c(OC)cc(OC)c1C2=O,9d419178f59c97f1,6
"1-hydroxy-2-(methoxymethyl)anthracene-9,10-dione",DTXSID80778235,174568-52-6,COCc1ccc2c(c1O)C(=O)c1ccccc1C2=O,cc44db381178efc6,5
,,,COCCN(CCOC)C(=O)COCC(=O)N(CCOC)CCOC,fb9603469b856d4e,2
linuron,DTXSID2024163,330-55-2,CON(C)C(=O)Nc1ccc(Cl)c(Cl)c1,fbe46b0e6e087a3c,4
(+)-pinitol,DTXSID50883108,10284-63-6,CO[C@H]1[C@H](O)[C@@H](O)[C@@H](O)[C@H](O)[C@@H]1O,2360d06841c3bdbe,8
lacosamide,DTXSID1057666,175481-36-4,COC[C@@H](NC(C)=O)C(=O)NCc1ccccc1,2414b5dc411d8e6d,9
,,,CO/N=C(C(\O)=N\[C@@H]1C(=O)N2C(C(=O)OC(C)OC(C)=O)=C(COC(=N)O)CS[C@H]12)/c1ccco1,edd44d8c98be2b93,8
syringic acid,DTXSID0060191,530-57-4,COc1cc(C(=O)O)cc(OC)c1O,9aa3faf68d60b100,3
vanillic acid,DTXSID6059522,121-34-6,COc1cc(C(=O)O)ccc1O,216d2bb8519ce7cb,2
4-hydroxy-3-methoxybenzaldehyde,DTXSID0021969,121-33-5,COc1cc(C=O)ccc1O,c08e444658d6e635,2
sinapic acid,DTXSID40862129,530-59-6,COc1cc(C=CC(=O)O)cc(OC)c1O,1de5395aee10af2e,5
"9,10-anthracenedione, 1,4-diamino-2-methoxy-",DTXSID1062677,2872-48-2,COc1cc(N)c2c(c1N)C(=O)c1ccccc1C2=O,f33d4146953130ee,1
,,,COCCOCCOC(=O)C(=O)OCCOCCOC,36f54dec99bb9721,11
"4h-dibenzo[de,g]quinoline-2,9-diol, 5,6,6a,7-tetrahydro-1,10-dimethoxy-6-methyl-, (6as)-",DTXSID40883394,476-70-0,COc1cc2c(cc1O)C[C@H]1c3c(cc(O)c(OC)c3-2)CCN1C,f58e19a8e7b1a6f5,9
4-anisic acid,DTXSID4059205,100-09-4,COc1ccc(C(=O)O)cc1,a4631940f115e9f8,2
2'-hydroxy-4'-methoxyacetophenone,DTXSID1022059,552-41-0,COc1ccc(C(C)=O)c(O)c1,8aee95e767c29e8d,1
xanthohumol,DTXSID00893171,6754-58-1,COc1cc(O)c(CC=C(C)C)c(O)c1C(=O)/C=C/c1ccc(O)cc1,e98b845fffdd3bd3,6
p-methyoxybenzamide,DTXSID40879434,3424-93-9,COc1ccc(C(N)=O)cc1,c12e07b40d141cb4,4
4-methoxybenzaldehyde,DTXSID2026997,123-11-5,COc1ccc(C=O)cc1,254f5bb8d93ab1a2,2
"benzeneacetic acid, 4-methoxy-",DTXSID1059288,104-01-8,COc1ccc(CC(=O)O)cc1,f6e080108e1e9488,4
capsaicin,DTXSID9020241,404-86-4,COc1cc(CNC(=O)CCCC/C=C/C(C)C)ccc1O,9a6e0577ac6133b3,9
"1,4-dimethoxyanthraquinone",DTXSID80295558,6119-74-0,COc1ccc(OC)c2c1C(=O)c1ccccc1C2=O,cb25dd9cd27a6648,2
hydroquinone dimethyl ether,DTXSID0022014,150-78-7,COc1ccc(OC)cc1,3e2d23d4257bc769,2
5-methoxyindole,DTXSID80143424,1006-94-6,COc1ccc2[nH]ccc2c1,d368d76bbb3e0b15,2
methoxychlor,DTXSID9020827,72-43-5,COc1ccc(C(c2ccc(OC)cc2)C(Cl)(Cl)Cl)cc1,c80ca06ad1dfa090,7
"7-methoxy-1,2,3,4-tetrahydronaphthalen-1-one",DTXSID30218494,6836-19-7,COc1ccc2c(c1)C(=O)CCC2,b40465d8c828f153,4
,,,COC(C(C)C(=O)O)C(C)C1OC2(CCC(C)(C3CCC(C)(C4OC(C5OC(O)(CO)C(C)CC5C)CC4C)O3)O2)CC(O)C1C,47151f43bacedf12,2
6-methoxy-alpha-tetralone,DTXSID6057617,1078-19-9,COc1ccc2c(c1)CCCC2=O,f1926e5544a7e73f,4
galanthamine,DTXSID2045606,357-70-0,COc1ccc2c3c1O[C@H]1C[C@@H](O)C=C[C@@]31CCN(C)C2,2de27f3690b8bf69,2
,,,COCCOC(=O)C1=C(C)NC(C)=C(C(=O)OCC=Cc2ccccc2)C1c1cccc([N+](=O)[O-])c1,d598556e48a285a3,8
codeine,DTXSID2020341,76-57-3,COc1ccc2c3c1O[C@H]1[C@@H](O)C=C[C@H]4[C@@H](C2)N(C)CC[C@@]341,37dd40aabb4e4204,4
,,,COc1ccc2c3c1O[C@H]1[C@@H](OP(=O)(O)O)C=C[C@H]4[C@@H](C2)N(C)CC[C@@]341,8c41ba8d480cbae1,1
"2h-1-benzopyran-2-one, 7-methoxy-",DTXSID5060196,531-59-9,COc1ccc2ccc(=O)oc2c1,696c57073553e48f,2
2-methoxynaphthalene,DTXSID7044392,93-04-9,COc1ccc2ccccc2c1,c07a8cd9f8f1deb9,2
"benzoic acid, 3-methoxy-",DTXSID2060410,586-38-9,COc1cccc(C(=O)O)c1,b3e07dccdbde3fea,4
2-hydroxy-3-methoxybenzaldehyde,DTXSID5022011,148-53-8,COc1cccc(C=O)c1O,5a2b5c9697184a20,2
3-methoxybenzamide,DTXSID00206848,5813-86-5,COc1cccc(C(N)=O)c1,24d66c78b4aa0c63,7
"1(2h)-naphthalenone, 3,4-dihydro-5-methoxy-",DTXSID70187514,33892-75-0,COc1cccc2c1CCCC2=O,96aaa3f01780fc21,2
anisole,DTXSID4041608,100-66-3,COc1ccccc1,2ecd64657440832d,1
3-methoxyphenylacetic acid,DTXSID70170865,1798-09-0,COc1cccc(CC(=O)O)c1,062423eeb1ad9907,7
2-methoxybenzoic acid,DTXSID3060376,579-75-9,COc1ccccc1C(=O)O,5d0c8b19a747a052,2
2-methoxyphenol,DTXSID0023113,90-05-1,COc1ccccc1O,5c7389f1ca3c5d59,1
"1,2-dimethoxybenzene",DTXSID7047065,91-16-7,COc1ccccc1OC,e07fa076c2f2da45,2
"benzeneacetic acid, 2-methoxy-",DTXSID0059083,93-25-4,COc1ccccc1CC(=O)O,7593e4e8421b6146,4
1-methoxy-2-nitrobenzene,DTXSID3020962,91-23-6,COc1ccccc1[N+](=O)[O-],67700e8bc3792ff4,2
nobiletin,DTXSID30197275,478-01-3,COc1ccc(-c2cc(=O)c3c(OC)c(OC)c(OC)c(OC)c3o2)cc1OC,66d11a76c855fda5,10
,,,CO[C@H]([C@H](C)[C@H]1O[C@@]2(CC[C@@](C)([C@H]3CC[C@@](C)([C@@H]4O[C@@H]([C@H]5O[C@@](O)(CO)[C@H](C)C[C@@H]5C)C[C@@H]4C)O3)O2)C[C@H](O)[C@H]1C)[C@H](C)C(=O)O,0b47b01aee12d4b5,1
artemisinin,DTXSID2040652,63968-64-9,C[C@@H]1CC[C@H]2[C@@H](C)C(=O)O[C@@H]3O[C@@]4(C)CC[C@@H]1[C@]32OO4,8f25e1e4c7c3b27e,1
prometon,DTXSID6022341,1610-18-0,COc1nc(NC(C)C)nc(NC(C)C)n1,0dece577b52bee6f,13
"(1r,4s,4as,6r,8as)-4,8a,9,9-tetramethyloctahydro-1,6-methanonaphthalen-1(2h)-ol",DTXSID9052266,5986-55-0,C[C@H]1CC[C@@]2(O)C(C)(C)[C@@H]3CC[C@@]2(C)[C@H]1C3,aee86b5e1ded6aca,2
prometryn,DTXSID4024272,7287-19-6,CSc1nc(NC(C)C)nc(NC(C)C)n1,3113239c537e0898,11
testosterone,DTXSID8022371,58-22-0,C[C@]12CC[C@H]3[C@@H](CCC4=CC(=O)CC[C@@]43C)[C@@H]1CC[C@@H]2O,c5c0066875ee67d0,2
hexamethylbenzene,DTXSID3058957,87-85-4,Cc1c(C)c(C)c(C)c(C)c1C,6b3377b8f143fbcc,1
prednisone,DTXSID4021185,53-03-2,C[C@]12C=CC(=O)C=C1CC[C@@H]1[C@@H]2C(=O)C[C@@]2(C)[C@H]1CC[C@]2(O)C(=O)CO,0e40b084098efd1d,5
prednisolone,DTXSID9021184,50-24-8,C[C@]12C=CC(=O)C=C1CC[C@@H]1[C@@H]2[C@@H](O)C[C@@]2(C)[C@H]1CC[C@]2(O)C(=O)CO,9d28b66c0cbad6e4,3
c.i. disperse blue 79:1,DTXSID8027539,3618-72-2,COc1cc(N=Nc2c(Br)cc([N+](=O)[O-])cc2[N+](=O)[O-])c(NC(C)=O)cc1N(CCOC(C)=O)CCOC(C)=O,3c850254f0b47d12,9
"2,4,6-trinitrotoluene",DTXSID7024372,118-96-7,Cc1c([N+](=O)[O-])cc([N+](=O)[O-])cc1[N+](=O)[O-],e0314b2c9ad3b965,1
ampyrone,DTXSID8048860,83-07-8,Cc1c(N)c(=O)n(-c2ccccc2)n1C,eda94fad5bfc53f9,2
tolfenamic acid,DTXSID1045409,13710-19-5,Cc1c(Cl)cccc1Nc1ccccc1C(=O)O,26e22dbc24d4cc94,4
4-methylumbelliferone,DTXSID8025670,90-33-5,Cc1cc(=O)oc2cc(O)ccc12,939e1f45dac51ad7,2
"2,4,6-trimethylphenol",DTXSID7022049,527-60-6,Cc1cc(C)c(O)c(C)c1,4b1f14a3db7ec3c0,1
"2,3,5-trimethylphenol",DTXSID3047184,697-82-5,Cc1cc(C)c(C)c(O)c1,f0d59dab3031f275,3
"1-amino-2,4-dimethylanthracene-9,10-dione",DTXSID30706366,344780-86-5,Cc1cc(C)c2c(c1N)C(=O)c1ccccc1C2=O,20fb187d56d1d237,1
,,,Cc1cc(C)c2c(c1O)C(=O)c1ccccc1C2,8fca4142027837c5,1
"3,3'-dimethylbenzidine",DTXSID5024059,119-93-7,Cc1cc(-c2ccc(N)c(C)c2)ccc1N,84261986fbd62502,4
dutasteride,DTXSID8046452,164656-23-9,C[C@]12C=CC(=O)N[C@@H]1CC[C@@H]1[C@@H]2CC[C@]2(C)[C@@H](C(=O)Nc3cc(C(F)(F)F)ccc3C(F)(F)F)CC[C@@H]12,034b34b1402f0660,3
"xanthen-9-one, 1-hydroxy-3-methyl-",DTXSID40192397,39156-34-8,Cc1cc(O)c2c(=O)c3ccccc3oc2c1,25d6b98563b9b4a6,2
"9h-thioxanthen-9-one, 1-hydroxy-3-methyl-",DTXSID10478771,583826-13-5,Cc1cc(O)c2c(=O)c3ccccc3sc2c1,3dec6e470b31f955,1
sulfamethazine,DTXSID6021290,57-68-1,Cc1cc(C)nc(NS(=O)(=O)c2ccc(N)cc2)n1,ae251bae883a4b9a,2
hydrocortisone,DTXSID7020714,50-23-7,C[C@]12CCC(=O)C=C1CC[C@@H]1[C@@H]2[C@@H](O)C[C@@]2(C)[C@H]1CC[C@]2(O)C(=O)CO,19ae398a15f1f553,6
"9h-thioxanthen-9-one, 1,4-dihydroxy-3-methyl-",DTXSID30478773,583826-14-6,Cc1cc(O)c2c(=O)c3ccccc3sc2c1O,bb838d6b7539552d,2
"2,3-dimethylnaphthalene",DTXSID2060383,581-40-8,Cc1cc2ccccc2cc1C,34f85a969938b33f,1
,,,Cc1cc2c(c(N)c1C)C(=O)c1ccccc1C2=O,bf94630f960bc422,1
emodin,DTXSID5025231,518-82-1,Cc1cc(O)c2c(c1)C(=O)c1cc(O)cc(O)c1C2=O,a61b4c7b9e9c4010,2
4-phenyltoluene,DTXSID4047177,644-08-6,Cc1ccc(-c2ccccc2)cc1,b005fe551d7b943f,2
4-methylbenzoic acid,DTXSID6021618,99-94-5,Cc1ccc(C(=O)O)cc1,f71f6302b7a9e226,2
"2,5-dimethylaniline",DTXSID3026306,95-78-3,Cc1ccc(C)c(N)c1,3e4e5cc383dbc531,1
"2,5-dimethylphenol",DTXSID6025145,95-87-4,Cc1ccc(C)c(O)c1,10a88f5047d04e95,3
metaxalone,DTXSID3023269,1665-48-1,Cc1cc(C)cc(OCC2CNC(=O)O2)c1,2606bc06ecbeb2cb,5
thymol,DTXSID6034972,89-83-8,Cc1ccc(C(C)C)c(O)c1,499c583aefce780c,8
p-cresol,DTXSID7021869,106-44-5,Cc1ccc(O)cc1,2cd3eb524ab49f1c,1
"3,4-dimethylphenol",DTXSID4024062,95-65-8,Cc1ccc(O)cc1C,6a9a2c11d443f817,1
diiodomethyl 4-methylphenyl sulfone,DTXSID3032541,20018-09-1,Cc1ccc(S(=O)(=O)C(I)I)cc1,29e7fd93edd22f46,3
4-methylbenzenesulfonic acid,DTXSID0026701,104-15-4,Cc1ccc(S(=O)(=O)O)cc1,14bbc78cc9e8ab7f,3
4-toluenesulfonamide,DTXSID8029105,70-55-3,Cc1ccc(S(N)(=O)=O)cc1,4ebe443439bcb60b,2
c.i. disperse yellow 7,DTXSID9064217,6300-37-4,Cc1cc(N=Nc2ccc(N=Nc3ccccc3)cc2)ccc1O,e29da0829fe286cd,9
1-amino-2-methylanthraquinone,DTXSID7020057,82-28-0,Cc1ccc2c(c1N)C(=O)c1ccccc1C2=O,3fdbc6d17b3914c7,1
,,,Cc1cc(O)c2c(c1)C(=O)c1cc(OC3OC(C)C(O)C(O)C3O)cc(O)c1C2=O,bc33ae4c2634cf12,3
,,,Cc1ccc2c(c1O)C(=O)c1ccccc1C2,cf92ecf14e0f9bf6,1
"2,6-dimethylnaphthalene",DTXSID0029187,581-42-0,Cc1ccc2cc(C)ccc2c1,0856dea4e6baa2a7,1
1-hydroxy-2-methylanthraquinone,DTXSID80211733,6268-09-3,Cc1ccc2c(c1O)C(=O)c1ccccc1C2=O,e0a370635c29808c,1
troeger's base,DTXSID30200950,529-81-7,Cc1ccc2c(c1)CN1CN2Cc2cc(C)ccc21,f36e11fa7d9a9927,2
"2h-1-benzopyran-2-one, 7-methyl-",DTXSID0062424,2445-83-2,Cc1ccc2ccc(=O)oc2c1,06535f34246125dc,1
"2,7-dimethylnaphthalene",DTXSID7060386,582-16-1,Cc1ccc2ccc(C)cc2c1,b89e635335765ad7,1
2-methylanthracene,DTXSID8060616,613-12-7,Cc1ccc2cc3ccccc3cc2c1,cafe514f74e24ae9,1
2-methylnaphthalene,DTXSID4020878,91-57-6,Cc1ccc2ccccc2c1,7125948b9e39e00a,1
6-methyl coumarin,DTXSID9025588,92-48-8,Cc1ccc2oc(=O)ccc2c1,b3d5649984e04996,1
"2,6-dimethylphenol",DTXSID9024063,576-26-1,Cc1cccc(C)c1O,1e3f22e6c3941186,1
3-methylbenzoic acid,DTXSID1021617,99-04-7,Cc1cccc(C(=O)O)c1,a0f8d1eca99baf7b,3
"2,3-dimethylphenol",DTXSID6025143,526-75-0,Cc1cccc(O)c1C,e27bb70c1b5187e6,2
3-nitrotoluene,DTXSID5021831,99-08-1,Cc1cccc([N+](=O)[O-])c1,316d6b9cf62b1b17,2
1-methylnaphthalene,DTXSID9020877,90-12-0,Cc1cccc2ccccc12,a9bbdfed8acf2fe3,1
2-chlorotoluene,DTXSID8023977,95-49-8,Cc1ccccc1Cl,e85132307fbf1581,1
2-methylaniline,DTXSID1026164,95-53-4,Cc1ccccc1N,66947f9331a04315,1
2-methylbenzoic acid,DTXSID6026161,118-90-1,Cc1ccccc1C(=O)O,5642939b666c5a0e,2
alpha-vitamin e,DTXSID0026339,59-02-9,Cc1c(C)c2c(c(C)c1O)CC[C@@](C)(CCC[C@H](C)CCC[C@H](C)CCCC(C)C)O2,4cfb394c34db217c,1
3-methyl-1-phenyl-4-(2-phenyldiazenyl)-1h-pyrazol-5-ol,DTXSID60859859,1242853-39-9,Cc1nn(-c2ccccc2)c(O)c1N=Nc1ccccc1,f5ebebd3d2e8907a,1
alprazolam,DTXSID4022577,28981-97-7,Cc1nnc2n1-c1ccc(Cl)cc1C(c1ccccc1)=NC2,2b92206713870751,2
thymidine,DTXSID5023661,50-89-5,Cc1cn([C@H]2C[C@H](O)[C@@H](CO)O2)c(=O)[nH]c1=O,e454fb6c6121ace5,12
hexachloroethane,DTXSID7020689,67-72-1,ClC(Cl)(Cl)C(Cl)(Cl)Cl,bc5302d5fa162ebc,1
trityl chloride,DTXSID3052511,76-83-5,ClC(c1ccccc1)(c1ccccc1)c1ccccc1,170fa09eb818b43f,2
lindane,DTXSID2020686,58-89-9,Cl[C@H]1[C@H](Cl)[C@@H](Cl)[C@@H](Cl)[C@H](Cl)[C@H]1Cl,62716558bca62197,1
"3,4,5,6,9,9-hexachloro-1a,2,2a,3,6,6a,7,7a-octahydro-2,7:3,6-dimethanonaphtho[2,3-b]oxirene",DTXSID3048150,128-10-9,ClC1=C(Cl)C2(Cl)C3C4CC(C5OC45)C3C1(Cl)C2(Cl)Cl,a8113f1000853085,2
hexachlorobenzene,DTXSID2020682,118-74-1,Clc1c(Cl)c(Cl)c(Cl)c(Cl)c1Cl,ee56250da0488477,1
"2,2',3,4,4',5,5'-heptachlorobiphenyl",DTXSID6038299,35065-29-3,Clc1cc(Cl)c(-c2cc(Cl)c(Cl)c(Cl)c2Cl)cc1Cl,3272c374a4b9a0e7,2
"2,4',5-trichlorobiphenyl",DTXSID9073410,16606-02-3,Clc1ccc(-c2cc(Cl)ccc2Cl)cc1,9bafd3e546cd3fcd,2
"2,2',3,3',4,4'-hexachlorobiphenyl",DTXSID50858932,38380-07-3,Clc1ccc(-c2ccc(Cl)c(Cl)c2Cl)c(Cl)c1Cl,dfda35901cbc4fc5,2
metronidazole benzoate,DTXSID60157221,13182-89-3,Cc1ncc([N+](=O)[O-])n1CCOC(=O)c1ccccc1,0850b77c421d6694,13
"3,3',4,4'-tetrachlorobiphenyl",DTXSID5022514,32598-13-3,Clc1ccc(-c2ccc(Cl)c(Cl)c2)cc1Cl,bea78bde53dce38a,4
"4,4'-dichlorobiphenyl",DTXSID0022515,2050-68-2,Clc1ccc(-c2ccc(Cl)cc2)cc1,dcf28dea368eed67,2
4-chlorobiphenyl,DTXSID3040300,2051-62-9,Clc1ccc(-c2ccccc2)cc1,642803241a29f87d,2
ddt,DTXSID4020375,50-29-3,Clc1ccc(C(c2ccc(Cl)cc2)C(Cl)(Cl)Cl)cc1,2827389486bc2c03,2
d-delta-tocopherol,DTXSID1046263,119-13-1,Cc1cc(O)cc2c1O[C@](C)(CCC[C@H](C)CCC[C@H](C)CCCC(C)C)CC2,92914c5163fde7b8,7
chlorobenzene,DTXSID4020298,108-90-7,Clc1ccccc1,e6372479c0158c6b,1
"2,2',4,5,5'-pentachlorobiphenyl",DTXSID8038304,37680-73-2,Clc1ccc(Cl)c(-c2cc(Cl)c(Cl)cc2Cl)c1,193161c40cdb64c9,2
2-chlorobiphenyl,DTXSID6040298,2051-60-7,Clc1ccccc1-c1ccccc1,3c86620d05d78f8f,2
"2,2'-dichlorobiphenyl",DTXSID4044533,13029-08-8,Clc1ccccc1-c1ccccc1Cl,c9d9925cd31cd63f,2
"1,2-dichlorobenzene",DTXSID6020430,95-50-1,Clc1ccccc1Cl,ca59a38e0c0fb7d4,1
2-chloropyrimidine,DTXSID70169214,1722-12-9,Clc1ncccn1,a30b201829797e6e,1
"2,3',4',5-tetrachlorobiphenyl",DTXSID3038309,32598-11-1,Clc1ccc(Cl)c(-c2ccc(Cl)c(Cl)c2)c1,48e02800f29313e8,4
,,,Cn1ccnc1S,77b42a11a097cc71,1
theobromine,DTXSID9026132,83-67-0,Cn1cnc2c1c(=O)[nH]c(=O)n2C,78f662136d769c6d,1
mitotane,DTXSID9020372,53-19-0,Clc1ccc(C(c2ccccc2Cl)C(Cl)Cl)cc1,3f21bf7be3a08792,11
tris(pentafluorophenyl)phosphine,DTXSID70154988,1259-35-4,Fc1c(F)c(F)c(P(c2c(F)c(F)c(F)c(F)c2F)c2c(F)c(F)c(F)c(F)c2F)c(F)c1F,8ad496efd336b2e7,2
iodoform,DTXSID4020743,75-47-8,IC(I)I,cc2d1550005987e0,1
"benzene, iodo-",DTXSID8060452,591-50-4,Ic1ccccc1,5753bec38d38069d,1
"phosphine, tris(4-fluorophenyl)-",DTXSID80171565,18437-78-0,Fc1ccc(P(c2ccc(F)cc2)c2ccc(F)cc2)cc1,81b8561011772d05,2
chlorothalonil,DTXSID0020319,1897-45-6,N#Cc1c(Cl)c(Cl)c(Cl)c(C#N)c1Cl,f84500426171c596,1
2-(thiocyanomethylthio)benzothiazole,DTXSID6032647,21564-17-0,N#CSCSc1nc2ccccc2s1,cdc7c345d5b5df6e,4
2-naphthalenecarbonitrile,DTXSID7060621,613-46-7,N#Cc1ccc2ccccc2c1,0e1ab550c024fec9,1
benzonitrile,DTXSID7021491,100-47-0,N#Cc1ccccc1,19026dd75e554897,1
,,,NC(=O)/N=N/C(N)=O,dcdbd95a7f315497,1
2-oxo-1-pyrrolidineacetamide,DTXSID5044491,7491-74-9,NC(=O)CN1CCCC1=O,271aeb1f71d3e8da,4
triphenyltin chloride,DTXSID2040733,639-58-7,Cl[Sn](c1ccccc1)(c1ccccc1)c1ccccc1,775e341d77a0d080,16
tris[4-(trifluoromethyl)phenyl]phosphane,DTXSID20928398,13406-29-6,FC(F)(F)c1ccc(P(c2ccc(C(F)(F)F)cc2)c2ccc(C(F)(F)F)cc2)cc1,5c3a0b80fb108c58,7
,,,NC(=O)c1nc(F)c[nH]c1=O,cd848ba49128fc7c,3
urea,DTXSID4021426,57-13-6,NC(N)=O,46fa6bad0a6aa63b,1
,,,Fc1c(F)c(F)c(-c2c3nc(c(-c4c(F)c(F)c(F)c(F)c4F)c4ccc([nH]4)c(-c4c(F)c(F)c(F)c(F)c4F)c4nc(c(-c5c(F)c(F)c(F)c(F)c5F)c5ccc2[nH]5)C=C4)C=C3)c(F)c1F,c19c79c02de18902,1
glycine,DTXSID9020667,56-40-6,NCC(=O)O,b3354ee91ee64ef6,2
"4-oxo-4-{[2,5,7,8-tetramethyl-2-(4,8,12-trimethyltridecyl)-3,4-dihydro-2h-1-benzopyran-6-yl]oxy}butanoic acid",DTXSID90859862,17407-37-3,Cc1c(C)c2c(c(C)c1OC(=O)CCC(=O)O)CCC(C)(CCCC(C)CCCC(C)CCCC(C)C)O2,aff2d3218b96fe54,6
,,,NS(=O)(=O)c1cc2c(cc1Cl)NC=NS2(=O)=O,1e4e30454eabee25,3
gabapentin,DTXSID0020074,60142-96-3,NCC1(CC(=O)O)CCCCC1,53b1a84ecd498469,8
"9,10-anthracenedione, 1,4-diamino-2,3-dichloro-",DTXSID1058844,81-42-5,Nc1c(Cl)c(Cl)c(N)c2c1C(=O)c1ccccc1C2=O,9f6c6420ccf161ff,1
l-phenylalanine,DTXSID4040763,63-91-2,N[C@@H](Cc1ccccc1)C(=O)O,9262b34db38976ac,9
,,,NC1=CC=C(c2ccccc2)C(N)(N=Nc2ccccn2)N1,d0c73e63bc8fa09d,3
"3,4-dichloroaniline",DTXSID7021815,95-76-1,Nc1ccc(Cl)c(Cl)c1,ac12cd1dcf1e2bd3,1
"1,4-diaminoanthraquinone",DTXSID2041252,128-95-0,Nc1ccc(N)c2c1C(=O)c1ccccc1C2=O,879a2fa224b0ec28,1
c.i. disperse red 60,DTXSID2025210,17418-58-5,Nc1c(Oc2ccccc2)cc(O)c2c1C(=O)c1ccccc1C2=O,4d1deeed4772ed21,2
c.i. disperse blue 1,DTXSID7020188,2475-45-8,Nc1ccc(N)c2c1C(=O)c1c(N)ccc(N)c1C2=O,cfb87eeba575d3a2,1
"4,4'-diaminobiphenyl methane",DTXSID6022422,101-77-9,Nc1ccc(Cc2ccc(N)cc2)cc1,80fdbcbea5e4dbb0,2
,,,Nc1ccc(N=Nc2c(O)ccc3ccccc23)cc1,911d8c3ec74177e7,1
,,,NC(N)=Nc1nc(CSCC/C(N)=N/S(N)(=O)=O)cs1,1ff1df68472bdf64,5
c.i. disperse orange 3,DTXSID7061061,730-40-5,Nc1ccc(N=Nc2ccc([N+](=O)[O-])cc2)cc1,fa8e7df23b769145,3
"9,10-anthracenedione, 1-amino-4-hydroxy-",DTXSID1059440,116-85-8,Nc1ccc(O)c2c1C(=O)c1ccccc1C2=O,7a0e4b1116ca3bc7,1
,,,N#CCCNCCc1ccc(N=Nc2nc3cc(Cl)c(Cl)cc3s2)cc1,260eac6bd4b629f3,7
"9,10-anthracenedione, 1,5-diamino-2-bromo-4,8-dihydroxy-",DTXSID9067300,27312-17-0,Nc1ccc(O)c2c1C(=O)c1c(O)cc(Br)c(N)c1C2=O,f59e8a98a67ca23d,1
4-nitrobenzenamine,DTXSID8020961,100-01-6,Nc1ccc([N+](=O)[O-])cc1,397d9ecf44e5b71d,1
2-aminofluorene,DTXSID1049223,153-78-6,Nc1ccc2c(c1)Cc1ccccc1-2,7d4b8f18719cd9a4,1
"1,5-naphthalenediamine",DTXSID3020916,2243-62-1,Nc1cccc2c(N)cccc12,ca0fcb7fbe76f821,1
"9,10-anthracenedione, 1-amino-4,5-dihydroxy-8-(phenylamino)-",DTXSID6066579,20241-77-4,Nc1ccc(O)c2c1C(=O)c1c(Nc3ccccc3)ccc(O)c1C2=O,78677634c206bad5,2
anthranilic acid,DTXSID8020094,118-92-3,Nc1ccccc1C(=O)O,d7a5473d8cb5954a,1
2-aminopyrazine,DTXSID80198510,5049-61-6,Nc1cnccn1,d4a90d8e00e44f86,1
1-aminoanthraquinone,DTXSID2052572,82-45-1,Nc1cccc2c1C(=O)c1ccccc1C2=O,6d6712a8e96318ff,1
water,DTXSID6026296,7732-18-5,O,5055178aa07042f7,1
sulfabenzamide,DTXSID7045287,127-71-9,Nc1ccc(S(=O)(=O)NC(=O)c2ccccc2)cc1,66e43b299a217e9c,4
"1,3-benzenediamine, 4-[2-(1-naphthalenyl)diazenyl]-",DTXSID0064339,6416-57-5,Nc1ccc(N=Nc2cccc3ccccc23)c(N)c1,645345404d1aae6c,9
"1,3-diphenyl-1,3-propanedione",DTXSID3041247,120-46-7,O=C(CC(=O)c1ccccc1)c1ccccc1,e70f32cf7b707f52,2
"ethanol, 2,2'-[[4-[(4-aminophenyl)azo]phenyl]imino]bis-",DTXSID7066645,20721-50-0,Nc1ccc(N=Nc2ccc(N(CCO)CCO)cc2)cc1,78a013ebc11e85ea,3
d-fructose,DTXSID5023081,57-48-7,O=C(CO)[C@@H](O)[C@H](O)[C@H](O)CO,e8e05a42a97fdc5d,7
piperine,DTXSID3021805,94-62-2,O=C(/C=C/C=C/c1ccc2c(c1)OCO2)N1CCCCC1,29eab5949606eaa6,3
triclocarban,DTXSID4026214,101-20-2,O=C(Nc1ccc(Cl)cc1)Nc1ccc(Cl)c(Cl)c1,aad91cd78e777211,2
(2e)-3-(4-hydroxyphenyl)-2-propenoic acid,DTXSID30901076,501-98-4,O=C(O)/C=C/c1ccc(O)cc1,e57a2ce5ee1cf615,4
e-cinnamic acid,DTXSID5022489,140-10-3,O=C(O)/C=C/c1ccccc1,35f812fea08dbe7e,2
trans-m-coumaric acid,DTXSID001336224,14755-02-3,O=C(O)/C=C/c1cccc(O)c1,6746c068e5a726c3,7
carbobenzoxy-l-tyrosine,DTXSID301313627,1164-16-5,O=C(N[C@@H](Cc1ccc(O)cc1)C(=O)O)OCc1ccccc1,d8fb12ee36147288,4
maleic acid,DTXSID8021517,110-16-7,O=C(O)/C=C\C(=O)O,0775633509d28f42,4
cinnamic acid,DTXSID40110056,621-82-9,O=C(O)C=Cc1ccccc1,905f03feb02358ea,2
carbobenzoxyphenylalanine,DTXSID30151276,1161-13-3,O=C(N[C@@H](Cc1ccccc1)C(=O)O)OCc1ccccc1,b78d44284baef641,5
mandelic acid,DTXSID6023234,90-64-2,O=C(O)C(O)c1ccccc1,392d8ebe0cc2400e,4
(2e)-3-(2-hydroxyphenyl)-2-propenoic acid,DTXSID10883240,614-60-8,O=C(O)/C=C/c1ccccc1O,cddab7dec9d80e10,11
nonanedioic acid,DTXSID8021640,123-99-9,O=C(O)CCCCCCCC(=O)O,154c132e69f23714,1
phenoxyacetic acid,DTXSID9025873,122-59-8,O=C(O)COc1ccccc1,0695bd5fedfd5dff,6
perfluoropentanoic acid,DTXSID6062599,2706-90-3,O=C(O)C(F)(F)C(F)(F)C(F)(F)C(F)(F)F,0abc32ec427dfa55,13
"2,4-dichlorophenoxyacetic acid",DTXSID0020442,94-75-7,O=C(O)COc1ccc(Cl)cc1Cl,7edcf380af570e33,8
phenylacetic acid,DTXSID2021656,103-82-2,O=C(O)Cc1ccccc1,fae74b642c71cb25,3
rivaroxaban,DTXSID3057723,366789-02-8,O=C(NC[C@H]1CN(c2ccc(N3CCOCC3=O)cc2)C(=O)O1)c1ccc(Cl)s1,3398cb0203f9d60d,6
tridecanedioic acid,DTXSID9021683,505-52-2,O=C(O)CCCCCCCCCCCC(=O)O,f1bf4bd9de6622aa,3
"2,5-dihydroxybenzoic acid",DTXSID4060078,490-79-9,O=C(O)c1cc(O)ccc1O,a5b08904691d3729,2
"3,5-dinitrobenzoic acid",DTXSID7059195,99-34-3,O=C(O)c1cc([N+](=O)[O-])cc([N+](=O)[O-])c1,d37640ec9d3bb98a,1
4-(trifluoromethyl)benzoic acid,DTXSID0060018,455-24-3,O=C(O)c1ccc(C(F)(F)F)cc1,453ad7c6e48e5c38,2
4-hydroxybenzoic acid,DTXSID3026647,99-96-7,O=C(O)c1ccc(O)cc1,abad3209c4d4cb0f,2
4-nitrobenzoic acid,DTXSID3020966,62-23-7,O=C(O)c1ccc([N+](=O)[O-])cc1,205b2f070924e856,1
"3,4-dihydroxybenzoic acid",DTXSID4021212,99-50-3,O=C(O)c1ccc(O)c(O)c1,a9ad29ddcfc3efd9,4
"benzoic acid, 2-hydroxy-5-sulfo-",DTXSID7059145,97-05-2,O=C(O)c1cc(S(=O)(=O)O)ccc1O,4672a4e20e3f7daf,4
3-hydroxybenzoic acid,DTXSID6021610,99-06-9,O=C(O)c1cccc(O)c1,cdfd8c933003a68d,4
3-nitrobenzoic acid,DTXSID0025737,121-92-6,O=C(O)c1cccc([N+](=O)[O-])c1,25f397b9a33ba854,2
3-(trifluoromethyl)benzoic acid,DTXSID2041460,454-92-2,O=C(O)c1cccc(C(F)(F)F)c1,587fbc41ce995b89,4
diclofenac,DTXSID6022923,15307-86-5,O=C(O)Cc1ccccc1Nc1c(Cl)cccc1Cl,80c93e7cb4302cfd,6
2-(trifluoromethyl)benzoic acid,DTXSID90870537,433-97-6,O=C(O)c1ccccc1C(F)(F)F,150368c4863d6971,4
2-nitrobenzoic acid,DTXSID5025738,552-16-9,O=C(O)c1ccccc1[N+](=O)[O-],a0a014f2e5b39fac,2
phthalic acid,DTXSID8021484,88-99-3,O=C(O)c1ccccc1C(=O)O,39092471a1a6916a,6
pyrazinoic acid,DTXSID30243367,98-97-5,O=C(O)c1cnccn1,ffffddbb8c289461,2
clofenamic acid,DTXSID90195575,4295-55-0,O=C(O)c1ccccc1Nc1cccc(Cl)c1Cl,a9cad12b768ed013,4
carbobenzoxyproline,DTXSID40150856,1148-11-4,O=C(O)[C@@H]1CCCN1C(=O)OCc1ccccc1,59b9c4ace58dec1d,11
cetirizine,DTXSID4022787,83881-51-0,O=C(O)COCCN1CCN(C(c2ccccc2)c2ccc(Cl)cc2)CC1,ee8ba923d14c7a3f,5
n-[(benzyloxy)carbonyl]-l-aspartic acid,DTXSID9027368,1152-61-0,O=C(O)C[C@H](NC(=O)OCc1ccccc1)C(=O)O,6564b3e606e77b3a,17
dichlone,DTXSID7020425,117-80-6,O=C1C(Cl)=C(Cl)C(=O)c2ccccc21,8430083f0a6ff913,1
"1,4-benzoquinone",DTXSID6020145,106-51-4,O=C1C=CC(=O)C=C1,01447b243978a520,1
juglone,DTXSID0031504,481-39-0,O=C1C=CC(=O)c2c(O)cccc21,dfeb2a99e26c8275,1
"1,4-naphthoquinone",DTXSID5040704,130-15-4,O=C1C=CC(=O)c2ccccc21,80d95037b4362304,1
digitoxin,DTXSID0022933,71-63-6,C[C@H]1O[C@@H](O[C@H]2[C@@H](O)C[C@H](O[C@H]3[C@@H](O)C[C@H](O[C@H]4CC[C@@]5(C)[C@H](CC[C@@H]6[C@@H]5CC[C@]5(C)[C@@H](C7=CC(=O)OC7)CC[C@]65O)C4)O[C@@H]3C)O[C@@H]2C)C[C@H](O)[C@@H]1O,d5b45752ae43adbd,5
cyclohexanone,DTXSID6020359,108-94-1,O=C1CCCCC1,f4207ee8b2581257,1
,,,O=C(OCC(F)(F)C(F)(F)F)c1cc(Cl)ccc1Cl,fd25ca7543f8e265,10
benzophenonetetracarboxylic dianhydride,DTXSID3029233,2421-28-5,O=C(c1ccc2c(c1)C(=O)OC2=O)c1ccc2c(c1)C(=O)OC2=O,c6e371e28035c5b4,6
caprolactam,DTXSID4020240,105-60-2,O=C1CCCCCN1,a86b82b6360c8ea3,2
,,,O=C(OC(F)(F)CCC(F)(F)F)c1cc(Cl)ccc1Cl,06c7c83edb3b3dbe,15
6-hydroxyflavanone,DTXSID1022429,4250-77-5,O=C1CC(c2ccccc2)Oc2ccc(O)cc21,63219e90f67208a2,8
oxymatrine,DTXSID40937482,16837-52-8,O=C1CCC[C@@H]2[C@H]3CCC[N+]4([O-])CCC[C@@H](CN12)[C@@H]34,61dc009316c46d9f,2
,,,O=C(OC(F)(F)C(F)(F)C(F)(F)C(F)(F)C(F)(F)CCC(F)(F)F)c1cc(Cl)ccc1Cl,dcaeb218688e0ae1,5
(-)-epigallocatechin gallate,DTXSID1029889,989-51-5,O=C(O[C@@H]1Cc2c(O)cc(O)cc2O[C@@H]1c1cc(O)c(O)c(O)c1)c1cc(O)c(O)c(O)c1,d2d707470242aee8,3
phthalic anhydride,DTXSID2021159,85-44-9,O=C1OC(=O)c2ccccc21,e99488f85662b9a7,1
,,,O=C(OCC(F)(F)C(F)(F)C(F)(F)C(F)(F)C(F)(F)C(F)(F)C(F)(F)F)c1cc(Cl)ccc1Cl,16c15298a9f64c45,3
1-oxacyclododecan-2-one,DTXSID4061915,1725-03-7,O=C1CCCCCCCCCCO1,34cc6f46b94412d8,11
"1,8-dihydroxy-4,5-dinitroanthraquinone",DTXSID0025076,81-55-0,O=C1c2c(O)ccc([N+](=O)[O-])c2C(=O)c2c([N+](=O)[O-])ccc(O)c21,d130dbff05cde225,1
l-ascorbic acid,DTXSID5020106,50-81-7,O=C1O[C@H]([C@@H](O)CO)C(O)=C1O,cd13850f98a00198,6
isoascorbic acid,DTXSID6026537,89-65-6,O=C1O[C@H]([C@H](O)CO)C(O)=C1O,0b8795e8c6e303c4,7
anthralin,DTXSID7024538,1143-38-0,O=C1c2c(O)cccc2Cc2cccc(O)c21,b51ec4832d880fd9,1
oxazepam,DTXSID1021087,604-75-1,O=C1Nc2ccc(Cl)cc2C(c2ccccc2)=NC1O,c60da28fc11e926d,4
danthron,DTXSID9020328,117-10-2,O=C1c2cccc(O)c2C(=O)c2c(O)cccc21,a267ce6a991b2f7e,1
pentadecan-15-olide,DTXSID6044359,106-02-5,O=C1CCCCCCCCCCCCCCO1,948c2ee37adb24f6,8
naringenin,DTXSID1022392,480-41-1,O=C1C[C@@H](c2ccc(O)cc2)Oc2cc(O)cc(O)c21,37b660c6aa004d71,6
1-hydroxyanthraquinone,DTXSID1020722,129-43-1,O=C1c2ccccc2C(=O)c2c(O)cccc21,b2d11a287db9f290,1
"1,4-dihydroxyanthracene-9,10-dione",DTXSID8044464,81-64-1,O=C1c2ccccc2C(=O)c2c(O)ccc(O)c21,09ad519ff09d74f1,1
anthraquinone,DTXSID3020095,84-65-1,O=C1c2ccccc2C(=O)c2ccccc21,4db2dd4cb74737d8,1
alizarin,DTXSID5045960,72-48-0,O=C1c2ccccc2C(=O)c2c1ccc(O)c2O,b4e318e0c34b0b6f,1
1-nitroanthraquinone,DTXSID3052569,82-34-8,O=C1c2ccccc2C(=O)c2c1cccc2[N+](=O)[O-],578af6753327d8ca,1
"1-hydroxy-4-nitroanthracene-9,10-dione",DTXSID001001693,81-65-2,O=C1c2ccccc2C(=O)c2c([N+](=O)[O-])ccc(O)c21,d1827c9915c12c79,1
"benzaldehyde, 4-bromo-",DTXSID5061534,1122-91-4,O=Cc1ccc(Br)cc1,82ea52e9fb819c88,1
"1-naphthalenecarboxaldehyde, 2-hydroxy-",DTXSID9061041,708-06-5,O=Cc1c(O)ccc2ccccc12,d9301a563b5d2a93,1
p-hydroxybenzaldehyde,DTXSID8059552,123-08-0,O=Cc1ccc(O)cc1,a74b178d1371c586,2
benzaldehyde,DTXSID8039241,100-52-7,O=Cc1ccccc1,0de05f84567c0966,1
disperse blue 77,DTXSID1066578,20241-76-3,O=C1c2c(O)ccc(Nc3ccccc3)c2C(=O)c2c([N+](=O)[O-])ccc(O)c21,83465812b59064b3,2
3-hydroxybenzaldehyde,DTXSID7059220,100-83-4,O=Cc1cccc(O)c1,a4a07e3cbf87cd34,3
2-nitroso-1-naphthalenol,DTXSID4059625,132-53-6,O=Nc1ccc2ccccc2c1O,ecea77bce236de4a,1
protocatechualdehyde,DTXSID4074512,139-85-5,O=Cc1ccc(O)c(O)c1,82fd6f2c68c9b98b,4
9-nitroanthracene,DTXSID5025730,602-60-8,O=[N+]([O-])c1c2ccccc2cc2ccccc12,560a04ed71fbd58a,1
"hexahydro-1,3,5-trinitro-1,3,5-triazine",DTXSID9024142,121-82-4,O=[N+]([O-])N1CN([N+](=O)[O-])CN([N+](=O)[O-])C1,5ba719ba8ca5d761,2
d-xylose,DTXSID0023745,58-86-6,O=C[C@H](O)[C@@H](O)[C@H](O)CO,05bc765803eef05d,10
"2,5-dinitrophenol",DTXSID9022021,329-71-5,O=[N+]([O-])c1ccc([N+](=O)[O-])c(O)c1,2a99f5ad3550ea82,1
3-nitrophenol,DTXSID2025765,554-84-7,O=[N+]([O-])c1cccc(O)c1,f1a27638bafd10dc,2
"1,3-dinitrobenzene",DTXSID9024065,99-65-0,O=[N+]([O-])c1cccc([N+](=O)[O-])c1,71436bc838977c93,1
5-fluorouracil,DTXSID2020634,51-21-8,O=c1[nH]cc(F)c(=O)[nH]1,91db264dadae2fdb,1
c.i. solvent yellow 114,DTXSID6044729,7576-65-0,O=C1c2ccccc2C(=O)C1c1nc2ccccc2cc1O,b81d03e74d48ab5c,4
"4h-1-benzopyran-4-one, 3-hydroxy-2-phenyl-",DTXSID4060365,577-85-5,O=c1c(O)c(-c2ccccc2)oc2ccccc12,703717c77cc52079,2
mesuaxanthone-b,DTXSID90415169,5042-03-5,O=c1c2ccc(O)c(O)c2oc2cccc(O)c12,1f656c8d149c187d,1
"1,6-dihydroxyxanthone",DTXSID60420523,5042-08-0,O=c1c2ccc(O)cc2oc2cccc(O)c12,a96830ab52197936,2
1-hydroxy-9h-thioxanthen-9-one,DTXSID60233675,84682-31-5,O=c1c2ccccc2sc2cccc(O)c12,29e9d8ec516c1535,1
thioxanthen-9-one,DTXSID8060082,492-22-8,O=c1c2ccccc2sc2ccccc12,d64a8422b7aad4d9,1
c.i. pigment red 1,DTXSID1052325,6410-10-2,O=[N+]([O-])c1ccc(N=Nc2c(O)ccc3ccccc23)cc1,6f55f743201a0dc5,4
"7,8-dihydroxyflavone",DTXSID00191568,38183-03-8,O=c1cc(-c2ccccc2)oc2c(O)c(O)ccc12,e475ac8cfad517ca,4
7-hydroxyflavone,DTXSID3022328,6665-86-7,O=c1cc(-c2ccccc2)oc2cc(O)ccc12,0f47034adfa26ffb,4
"2h-1-benzopyran-2-one, 4-hydroxy-",DTXSID8061472,1076-38-6,O=c1cc(O)c2ccccc2o1,42992131425a71a2,1
esculetin,DTXSID3075383,305-01-1,O=c1ccc2cc(O)c(O)cc2o1,46bbc9217570a1af,2
"2-phenyl-4h-1,3-benzoxazin-4-one",DTXSID101302953,3084-52-4,O=c1nc(-c2ccccc2)oc2ccccc12,44ad4d9a6bc53108,1
cyclohexanol,DTXSID4021894,108-93-0,OC1CCCCC1,3a5cc2ae0423cdb1,2
phenyl dihydrogen orthoborate,DTXSID60196973,4688-74-8,OB(O)Oc1ccccc1,e4c6b104dbb9e214,1
glycerol,DTXSID9020663,56-81-5,OCC(O)CO,e3d882228893a8fa,7
dicofol,DTXSID4020450,115-32-2,OC(c1ccc(Cl)cc1)(c1ccc(Cl)cc1)C(Cl)(Cl)Cl,c22c9177184cff36,4
ethylene glycol,DTXSID8020597,107-21-1,OCCO,4a0fe7b7555fa3f2,3
"1,2,3,4-tetrahydronaphthalen-1-ol",DTXSID7027174,529-33-9,OC1CCCc2ccccc21,af5157c7d36f403b,8
"1,10-decanediol",DTXSID3059420,112-47-0,OCCCCCCCCCCO,b43a2d00c6e8b529,2
c.i. disperse orange 1,DTXSID7062536,2581-69-3,O=[N+]([O-])c1ccc(N=Nc2ccc(Nc3ccccc3)cc2)cc1,233601e170cc9671,11
triphenyl phosphate,DTXSID1021952,115-86-6,O=P(Oc1ccccc1)(Oc1ccccc1)Oc1ccccc1,eaa671821eca1576,12
diethylene glycol,DTXSID8020462,111-46-6,OCCOCCO,21ea5f2c5c33454f,13
3-phenyl-1-propanol,DTXSID6041638,122-97-4,OCCCc1ccccc1,6d56271d90df4785,14
c.i.disperse yellow 42,DTXSID8052148,5124-25-4,O=[N+]([O-])c1cc(S(=O)(=O)Nc2ccccc2)ccc1Nc1ccccc1,416361f465b46f40,9
pentachlorophenol,DTXSID7021106,87-86-5,Oc1c(Cl)c(Cl)c(Cl)c(Cl)c1Cl,d5b6f5c950a4b371,1
benzyl alcohol,DTXSID5020152,100-51-6,OCc1ccccc1,b80bcac963bf82b4,2
"2,4,6-trichlorophenol",DTXSID5021386,88-06-2,Oc1c(Cl)cc(Cl)cc1Cl,19d0602f2def31cb,1
"2,4-dichloro-1-naphthol",DTXSID4062141,2050-76-2,Oc1c(Cl)cc(Cl)c2ccccc12,4a4db9c396a6f212,1
"2,3,4,5-tetrachlorophenol",DTXSID0022220,4901-51-3,Oc1cc(Cl)c(Cl)c(Cl)c1Cl,df0bb047813e6a74,1
d-​glucopyranose,DTXSID501015215,2280-44-6,OC[C@H]1OC(O)[C@H](O)[C@@H](O)[C@@H]1O,92844c3f0a600e5f,5
c.i. disperse blue 27,DTXSID3025209,15791-78-3,O=C1c2c(O)ccc(Nc3ccc(CCO)cc3)c2C(=O)c2c([N+](=O)[O-])ccc(O)c21,9a6714d4a95a2952,10
"2,2'-((4-((2-chloro-4-nitrophenyl)azo)phenyl)imino)bisethanol",DTXSID7062794,3025-41-0,O=[N+]([O-])c1ccc(N=Nc2ccc(N(CCO)CCO)cc2)c(Cl)c1,c3cd9815860ebfcb,6
4-chlorophenol,DTXSID1021871,106-48-9,Oc1ccc(Cl)cc1,8b9419dba5c8330a,1
"2,4-dichlorophenol",DTXSID1020439,120-83-2,Oc1ccc(Cl)cc1Cl,754ea90e44ecd058,1
triethylene glycol,DTXSID4021393,112-27-6,OCCOCCOCCO,79131fb4ab024dd0,10
4-phenylphenol,DTXSID7021152,92-69-3,Oc1ccc(-c2ccccc2)cc1,a63fa4f738f25209,2
hydroquinone,DTXSID7020716,123-31-9,Oc1ccc(O)cc1,d15053f3b5978b8a,2
resorcinol,DTXSID2021238,108-46-3,Oc1cccc(O)c1,c203971315fd792b,1
2-naphthalenol,DTXSID5027061,135-19-3,Oc1ccc2ccccc2c1,f7db5dc786cfd07b,2
8-hydroxyquinoline,DTXSID5020730,148-24-3,Oc1cccc2cccnc12,818f6dc2c05aa101,1
phenol,DTXSID5021124,108-95-2,Oc1ccccc1,d0970c5643b1ab1d,1
"1,​2-​benzenediol",DTXSID3020257,120-80-9,Oc1ccccc1O,ba4513f6e9eb47fc,1
,,,Oc1ccncn1,2b73b18af8b07306,1
,,,Sc1ncccn1,4eb33c11a1bbc814,1
acenaphthene,DTXSID3021774,83-32-9,c1cc2c3c(cccc3c1)CC2,b58bfe54e7455991,1
tetraethylene glycol,DTXSID9026922,112-60-7,OCCOCCOCCOCCO,9c5cf3616db08798,8
calix[4]arene,DTXSID20340197,74568-07-3,Oc1c2cccc1Cc1cccc(c1O)Cc1cccc(c1O)Cc1cccc(c1O)C2,094114666618ae72,1
"benzo[g,h,i]perylene",DTXSID5023908,191-24-2,c1cc2ccc3ccc4ccc5cccc6c(c1)c2c3c4c56,af270ffafa80bb26,1
pyrene,DTXSID3024289,129-00-0,c1cc2ccc3cccc4ccc(c1)c2c34,04c1c46d9a32817b,1
biphenyl,DTXSID4020161,92-52-4,c1ccc(-c2ccccc2)cc1,1f333a510eae815a,2
perylene,DTXSID4047753,198-55-0,c1cc2cccc3c4cccc5cccc(c(c1)c23)c54,ef493a6461125162,1
diphenylmethane,DTXSID1041891,101-81-5,c1ccc(Cc2ccccc2)cc1,0c2eb5f0dc38e4c1,2
benzhydrylbenzene,DTXSID3060164,519-73-3,c1ccc(C(c2ccccc2)c2ccccc2)cc1,48547ef24e0cdfaa,2
bibenzyl,DTXSID8041668,103-29-7,c1ccc(CCc2ccccc2)cc1,aa3ed389c8343373,3
"1,1':3',1''-terphenyl",DTXSID2029117,92-06-8,c1ccc(-c2cccc(-c3ccccc3)c2)cc1,a9d7b688c732ecad,3
azobenzene,DTXSID8020123,103-33-3,c1ccc(N=Nc2ccccc2)cc1,17b0ad2351f2f0f5,1
sucrose,DTXSID2021288,57-50-1,OC[C@H]1O[C@@](CO)(O[C@H]2O[C@H](CO)[C@@H](O)[C@H](O)[C@H]2O)[C@@H](O)[C@@H]1O,f40e87d6cdfcf55a,2
indole,DTXSID0020737,120-72-9,c1ccc2[nH]ccc2c1,a2313606e3ca27c5,1
fluorene,DTXSID8024105,86-73-7,c1ccc2c(c1)Cc1ccccc1-2,00e0d4b7ff5db3d3,1
fluoranthene,DTXSID3024104,206-44-0,c1ccc2c(c1)-c1cccc3cccc-2c13,870994ab6c6cb298,1
triphenylamine,DTXSID4022076,603-34-9,c1ccc(N(c2ccccc2)c2ccccc2)cc1,0c8c7c57d4a94990,2
tetralin,DTXSID1026118,119-64-2,c1ccc2c(c1)CCCC2,d7b51d8a1891233b,3
carbazole,DTXSID4020248,86-74-8,c1ccc2c(c1)[nH]c1ccccc12,ef6b6f2f7385d575,1
triphenylphosphine,DTXSID5026251,603-35-0,c1ccc(P(c2ccccc2)c2ccccc2)cc1,bd5750f3d68ce8f0,2
triphenylene,DTXSID9059757,217-59-4,c1ccc2c(c1)c1ccccc1c1ccccc21,b7e3005ae394fb98,1
phenanthrene,DTXSID6024254,85-01-8,c1ccc2c(c1)ccc1ccccc12,31628044eb3986f0,1
chrysene,DTXSID0022432,218-01-9,c1ccc2c(c1)ccc1c3ccccc3ccc21,6a6dcfb2a11e9868,1
dibenzofuran,DTXSID2021993,132-64-9,c1ccc2c(c1)oc1ccccc12,e1efb0cdd30c4e49,1
dibenzothiophene,DTXSID0047741,132-65-0,c1ccc2c(c1)sc1ccccc12,c215ca7b409adcd8,1
anthracene,DTXSID0023878,120-12-7,c1ccc2cc3ccccc3cc2c1,14e20c17d2ac3339,1
hexafluorocyclobutene,DTXSID2073229,697-11-0,FC1=C(F)C(F)(F)C1(F)F,0d50e6f49c7b445c,1
acridine,DTXSID8059766,260-94-6,c1ccc2nc3ccccc3cc2c1,7b21134730b43af9,1
2-butynoic acid,DTXSID4060444,590-93-2,CC#CC(=O)O,0b2d3c9057c9b07a,1
7h-benzo(c)carbazole,DTXSID00174477,205-25-4,c1ccc2c(c1)ccc1[nH]c3ccccc3c12,8ffbabf20406b8ee,1
"1h-benzimidazole, 1-ethyl-2-methyl-",DTXSID9064009,5805-76-5,CCn1c(C)nc2ccccc21,ad285c830ef6bf3e,2
1-tert-butyl-3-nitrobenzene,DTXSID90177699,23132-52-7,CC(C)(C)c1cccc([N+](=O)[O-])c1,a06f241b3f28cb19,2
2-hydroxyethyl acrylate,DTXSID2022123,818-61-1,C=CC(=O)OCCO,15e028107885548f,6
"3-chloro-1,1,1-trifluoropropane",DTXSID5042033,460-35-5,FC(F)(F)CCCl,70ff6378730c4062,3
2-hexanethiol,DTXSID00333966,1679-06-7,CCCCC(C)S,65a2fbae033a92bc,13
"1,2-cyclohexanedione",DTXSID6061101,765-87-7,O=C1CCCCC1=O,0c29034b70e121a2,4
chloral hydrate,DTXSID7020261,302-17-0,OC(O)C(Cl)(Cl)Cl,a0d188c6a724d640,2
cianidanol,DTXSID3022322,154-23-4,Oc1cc(O)c2c(c1)O[C@H](c1ccc(O)c(O)c1)[C@@H](O)C2,18a4040f94c2c43d,13
1-bromopropane,DTXSID6021874,106-94-5,CCCBr,6afa1c8cf1f8441e,3
n-(2-methoxyphenyl)acetamide,DTXSID0052623,93-26-5,COc1ccccc1NC(C)=O,d5558ac15843f25d,1
"ethyl 1,3-benzodioxole-5-carboxylate",DTXSID7052440,6951-08-2,CCOC(=O)c1ccc2c(c1)OCO2,03191a9030267b1f,5
pentafluorobenzonitrile,DTXSID9061126,773-82-0,N#Cc1c(F)c(F)c(F)c(F)c1F,c7c951caef4e2395,1
ethyl 3-aminobenzoate,DTXSID1044011,582-33-2,CCOC(=O)c1cccc(N)c1,45ce2ef68cf8fe07,6
"4,4'-dibromobenzophenone",DTXSID00192919,3988-03-2,O=C(c1ccc(Br)cc1)c1ccc(Br)cc1,9da14420334b4bf1,2
c.i. disperse orange 13,DTXSID1064166,6253-10-7,Oc1ccc(N=Nc2ccc(N=Nc3ccccc3)c3ccccc23)cc1,65fd1912a46db2ac,9
"propane, 2-(ethenyloxy)-2-methyl-",DTXSID0061290,926-02-3,C=COC(C)(C)C,70a2d87c4e00b619,2
2-octene,DTXSID0059407,111-67-1,CC=CCCCCC,52d943747cc23d60,18
"2-methyl-1,4-benzenediamine",DTXSID6029123,95-70-5,Cc1cc(N)ccc1N,d28fde841fdd01ea,1
empagliflozin,DTXSID601026093,864070-44-0,OC[C@H]1O[C@@H](c2ccc(Cl)c(Cc3ccc(O[C@H]4CCOC4)cc3)c2)[C@H](O)[C@@H](O)[C@@H]1O,feb35a6ac6ba35c1,3
"benzene, 1-chloro-4-(1-methylethyl)-",DTXSID0062559,2621-46-7,CC(C)c1ccc(Cl)cc1,79701000acf74f4d,1
ethyl isobutyrate,DTXSID7047728,97-62-1,CCOC(=O)C(C)C,ef8f3edb293bdba7,8
"1,2‐diethyl ethanedithioate",DTXSID30870697,615-85-0,CCOC(=S)C(=S)OCC,615241c2718b4bc0,4
n-methylpyrrolidine,DTXSID8042210,120-94-5,CN1CCCC1,1a17703379d9fec5,2
"quinoline, 2-chloro-",DTXSID8060612,612-62-4,Clc1ccc2ccccc2n1,3bc5e00c65e909c3,1
,,,FC(F)(F)c1cc(-c2c3nc(c(-c4cc(C(F)(F)F)cc(C(F)(F)F)c4)c4ccc([nH]4)c(-c4cc(C(F)(F)F)cc(C(F)(F)F)c4)c4nc(c(-c5cc(C(F)(F)F)cc(C(F)(F)F)c5)c5ccc2[nH]5)C=C4)C=C3)cc(C(F)(F)F)c1,dab43bf5bd67ca47,4
"benzene-1,2-dithiol",DTXSID20871274,17534-15-5,Sc1ccccc1S,3dfb500d868cdae4,2
"1,3-butadiene",DTXSID3020203,106-99-0,C=CC=C,e76c0542695dd714,3
"benzenemethanol, .alpha.,.alpha.-diphenyl-",DTXSID0058803,76-84-6,OC(c1ccccc1)(c1ccccc1)c1ccccc1,149840f84138c6a5,3
isopentyl alcohol,DTXSID3025469,123-51-3,CC(C)CCO,44e560a4d4004fa5,10
"succinic acid, dipropyl ester",DTXSID80239018,925-15-5,CCCOC(=O)CCC(=O)OCCC,d2dcb51f9db39264,21
4-anilinophenol,DTXSID5037739,122-37-2,Oc1ccc(Nc2ccccc2)cc1,5f645252fecc4a06,4
"cyclohexane, 1,1'-(1,5-pentanediyl)bis-",DTXSID10203328,54833-31-7,C1CCC(CCCCCC2CCCCC2)CC1,10347742f115111c,3
tetrafluoroethylene,DTXSID6021325,116-14-3,FC(F)=C(F)F,f7f190d01a297c62,1
1-tetradecene,DTXSID4027367,1120-36-1,C=CCCCCCCCCCCCC,58e68c563ea95dad,12
4-methylnonane,DTXSID60864766,17301-94-9,CCCCCC(C)CCC,de9e633df38d8d07,14
methylhydroquinone,DTXSID4020876,95-71-6,Cc1cc(O)ccc1O,bc200844c607343b,2
allylamine,DTXSID8024440,107-11-9,C=CCN,d271b71343fc6b83,4
"2,2-dichloroacetamide",DTXSID8021561,683-72-7,NC(=O)C(Cl)Cl,07a3e7cd0bc79628,1
dalapon,DTXSID2021575,75-99-0,CC(Cl)(Cl)C(=O)O,05c0796a8db607ad,2
dibenzo-24-crown-8,DTXSID50161817,14174-09-5,c1ccc2c(c1)OCCOCCOCCOc1ccccc1OCCOCCOCCO2,ef077d81da46181c,1
"perfluoro-1,2-dimethylcyclohexane",DTXSID20870500,306-98-9,FC(F)(F)C1(F)C(F)(F)C(F)(F)C(F)(F)C(F)(F)C1(F)C(F)(F)F,15957885770a94ba,3
"1,1-difluoro-2,2-dibromoethane",DTXSID50465100,359-19-3,FC(F)C(Br)Br,fc47d2a51d13bca1,3
4-nonylphenol,DTXSID5033836,104-40-5,CCCCCCCCCc1ccc(O)cc1,2772873fa3610230,3
tris(2-chloroethyl) phosphate,DTXSID5021411,115-96-8,O=P(OCCCl)(OCCCl)OCCCl,5fb9f3c35445620a,8
5-methylquinoline,DTXSID40227431,7661-55-4,Cc1cccc2ncccc12,d5b67e03a8066f5d,1
1-fluoro-4-nitrobenzene,DTXSID9022025,350-46-9,O=[N+]([O-])c1ccc(F)cc1,b7e74a36eda894ae,1
"benzene, 1,3,5-trimethyl-2-nitro-",DTXSID8060533,603-71-4,Cc1cc(C)c([N+](=O)[O-])c(C)c1,bca8408d27427d5c,2
"cyclohexane, eicosyl-",DTXSID1075064,4443-55-4,CCCCCCCCCCCCCCCCCCCCC1CCCCC1,44e05997ca879786,3
"3,4-dimethylbiphenyl",DTXSID00196139,4433-11-8,Cc1ccc(-c2ccccc2)cc1C,b6e2a2e37ad2058c,2
"formamide, n-methyl-n-phenyl-",DTXSID0059089,93-61-8,CN(C=O)c1ccccc1,9e1b0f47d44cffe3,2
"1,3-dioxane",DTXSID3025174,505-22-6,C1COCOC1,83e0376fcec24593,1
4-octyne,DTXSID6074338,1942-45-6,CCCC#CCCC,09e6ab2c504620f0,7
2-methoxybenzaldehyde,DTXSID1051690,135-02-4,COc1ccccc1C=O,2e0b566b22259fed,2
2-ethoxyethyl acrylate,DTXSID3051545,106-74-1,C=CC(=O)OCCOCC,917dfae78e3bbd82,17
"1,3,5-hexatriene",DTXSID3062283,2235-12-3,C=CC=CC=C,dfc7d1ceb81583a3,4
"1,4-benzenedicarboxaldehyde",DTXSID6060769,623-27-8,O=Cc1ccc(C=O)cc1,c63ad8b5d68d204e,2
3-nitrobenzoyl chloride,DTXSID9025740,121-90-4,O=C(Cl)c1cccc([N+](=O)[O-])c1,b5441aa05267ea65,2
"n,n,3-trimethylaniline",DTXSID9051618,121-72-2,Cc1cccc(N(C)C)c1,77f36f91a61bebed,2
"4-ethyl-2,6-dimethylpyridine",DTXSID50190405,36917-36-9,CCc1cc(C)nc(C)c1,7689aee281407af7,1
3-chloro-o-cresol,DTXSID80186295,3260-87-5,Cc1c(O)cccc1Cl,011d6bd6bc83a850,2
"benzene, 1,4-diethoxy-",DTXSID9059549,122-95-2,CCOc1ccc(OCC)cc1,610329e073b0e98f,10
benzenesulfonyl chloride,DTXSID1026619,98-09-9,O=S(=O)(Cl)c1ccccc1,86f61761054d9efe,1
4-chloro-2-methylquinoline,DTXSID10195572,4295-06-1,Cc1cc(Cl)c2ccccc2n1,5d4e5172f825d40e,1
"2,3-dihydrobenzofuran",DTXSID2022040,496-16-2,c1ccc2c(c1)CCO2,9b0f4e24bcd5ba3e,1
2-isopropyl-p-cresol,DTXSID2052104,4427-56-9,Cc1ccc(O)c(C(C)C)c1,105a2042f532f83e,6
"cyclopropane, methyl-",DTXSID5060481,594-11-6,CC1CC1,1343d08fbf548679,1
2-methylquinoxaline,DTXSID50222831,7251-61-8,Cc1cnc2ccccc2n1,d3472b881cd9e1b1,1
"butane, 2,2-dichloro-",DTXSID2063391,4279-22-5,CCC(C)(Cl)Cl,23820cde77233956,3
3-methyldecane,DTXSID60871213,13151-34-3,CCCCCCCC(C)CC,b012a665ff3753a1,16
formyl fluoride,DTXSID6073946,1493-02-3,O=CF,b9d81fd3b94297b0,1
trimethyl phosphite,DTXSID4026979,121-45-9,COP(OC)OC,7445ba078bea8b9d,5
m-xylene,DTXSID6026298,108-38-3,Cc1cccc(C)c1,aa5fcca99bf41e59,1
"propane, 2-bromo-2-methyl-",DTXSID5060144,507-19-7,CC(C)(C)Br,dacda337c56e308c,1
"3,5-dimethylaniline",DTXSID8026309,108-69-0,Cc1cc(C)cc(N)c1,6d2fc1415d9fbff7,1
1-nonene,DTXSID2059562,124-11-8,C=CCCCCCCC,b27135404dd02e56,15
"octa-2,6-diene",DTXSID70871108,4974-27-0,CC=CCCC=CC,23af7db2d5681377,13
"benzaldehyde, 2-hydroxy-5-methyl-",DTXSID7060625,613-84-3,Cc1ccc(O)c(C=O)c1,3d28b49f1e22c941,1
"benzene, 1-bromo-4-ethoxy-",DTXSID6060426,588-96-5,CCOc1ccc(Br)cc1,9c124d7a3c75a795,3
,,,C1=CC=CC=CC=C1,c093e717496708a9,1
"silane, chlorotriethoxy-",DTXSID3063548,4667-99-6,CCO[Si](Cl)(OCC)OCC,fdc9a6f678c5296c,8
"benzene, 1,1'-ethenylidenebis-",DTXSID5060190,530-48-3,C=C(c1ccccc1)c1ccccc1,dbd6a12d3e7f8836,2
"2,2-diphenylpropane",DTXSID8047892,778-22-3,CC(C)(c1ccccc1)c1ccccc1,1dd12b1b34692818,2
"1,1,1,3,3,3-hexachloro-2-propanone",DTXSID7021601,116-16-5,O=C(C(Cl)(Cl)Cl)C(Cl)(Cl)Cl,66eaaf1968056733,2
benzophenone,DTXSID0021961,119-61-9,O=C(c1ccccc1)c1ccccc1,92cf72bcfbca8305,2
"1-pentyne, 4-methyl-",DTXSID00221778,7154-75-8,C#CCC(C)C,d5f6078316eb968e,3
ethylene glycol monoethyl ether acetate,DTXSID9021928,111-15-9,CCOCCOC(C)=O,97f9b546a6a18b21,14
"2-methylhexa-1,5-diene",DTXSID00193502,4049-81-4,C=CCCC(=C)C,6fee79e4ded37d97,15
n-ethyl-n-butylamine,DTXSID6025276,13360-63-9,CCCCNCC,2a1497dd69817a90,18
1-tetradecanol,DTXSID9026926,112-72-1,CCCCCCCCCCCCCCO,7565fb24c29102e5,10
sulfolane,DTXSID3027037,126-33-0,O=S1(=O)CCCC1,533c93747ee6ab44,2
acetoxime,DTXSID6020010,127-06-0,CC(C)=NO,470399924ae67695,1
heptachlor,DTXSID3020679,76-44-8,ClC1=C(Cl)C2(Cl)C3C(Cl)C=CC3C1(Cl)C2(Cl)Cl,c6230f9b9b481f36,2
1-nitro-2-(trifluoromethyl)benzene,DTXSID4025793,384-22-5,O=[N+]([O-])c1ccccc1C(F)(F)F,7604d483962be6ef,2
"1,2,3,4-tetrabromo-5,6-dimethylbenzene",DTXSID701031116,2810-69-7,Cc1c(C)c(Br)c(Br)c(Br)c1Br,cc4a69a474033b01,1
methylcyclohexane,DTXSID0047749,108-87-2,CC1CCCCC1,067ca2532a6e50dc,2
cyclopentanone,DTXSID3029154,120-92-3,O=C1CCCC1,03af36c9230e790a,2
"acetic acid, chloro-, phenyl ester",DTXSID5060722,620-73-5,O=C(CCl)Oc1ccccc1,06daf24dfce3a9f7,4
"2,3,6-trichloroanisole",DTXSID60198432,50375-10-5,COc1c(Cl)ccc(Cl)c1Cl,61b6d76a8bb4905e,2
"3,4'-dimethyl-1,1'-biphenyl",DTXSID50224335,7383-90-6,Cc1ccc(-c2cccc(C)c2)cc1,ca8e93203bd3d897,7
"heptane, 1,7-dibromo-",DTXSID6063519,4549-31-9,BrCCCCCCCBr,d25265e0315e81c4,16
"cyclopropanemethanol, .alpha.-methyl-",DTXSID20870767,765-42-4,CC(O)C1CC1,48abe045fbad75a4,8
"propionic acid, 3-(2-ethylbutoxy)-",DTXSID20144677,10213-74-8,CCC(CC)COCCC(=O)O,74a695ef71311ad4,13
dichlorofluoromethane,DTXSID7052498,75-43-4,FC(Cl)Cl,6484d46cce85b679,1
trichloronitromethane,DTXSID0020315,76-06-2,O=[N+]([O-])C(Cl)(Cl)Cl,16bc3a55601d2efe,1
"cyclopropane, (1-methylethyl)-",DTXSID20189907,3638-35-5,CC(C)C1CC1,bacece6e1bc9e2e8,3
"1,1,3,3,3-pentafluoro-1,2,2-trichloropropane",DTXSID50166766,1599-41-3,FC(F)(F)C(Cl)(Cl)C(F)(F)Cl,8164e01283852569,3
"benzene, 1-bromo-4-iodo-",DTXSID5060433,589-87-7,Brc1ccc(I)cc1,0ea9bca29a9e9b80,1
2-aminopyridine,DTXSID0024505,504-29-0,Nc1ccccn1,da0ef9d50c31c374,1
"1,4-diisopropylbenzene",DTXSID2026652,100-18-5,CC(C)c1ccc(C(C)C)cc1,82d688d67a057708,2
"silane, chloro(dichloromethyl)dimethyl-",DTXSID4066331,18171-59-0,C[Si](C)(Cl)C(Cl)Cl,314300026e229892,3
"6,7,9,10,12,13,15,16,23,24,26,27,29,30-tetradecahydrodibenzo[b,n][1,4,7,10,13,16,19,22,25]nonaoxacycloheptacosine",DTXSID20976758,61260-08-0,c1ccc2c(c1)OCCOCCOCCOCCOc1ccccc1OCCOCCOCCO2,5237ddbd5058be9f,4
"1-butanamine, n-methyl-",DTXSID9059389,110-68-9,CCCCNC,3891954b210eb9c2,17
cyclopentanol,DTXSID1033371,96-41-3,OC1CCCC1,4df179eabb0fc4f6,4
diisobutyl ketone,DTXSID4025080,108-83-8,CC(C)CC(=O)CC(C)C,1135ea7e81d358f1,15
(1-butenyl)benzene,DTXSID70920529,824-90-8,CCC=Cc1ccccc1,89ae7238fb9e25a5,7
propyl benzoate,DTXSID4044878,2315-68-6,CCCOC(=O)c1ccccc1,7895d2837e419dd7,8
"1h-imidazole, 4,5-dihydro-2-methyl-",DTXSID2060204,534-26-9,CC1=NCCN1,a0f2d74be0efde0f,2
"2-propanone, 1,3-diphenyl-",DTXSID5059244,102-04-5,O=C(Cc1ccccc1)Cc1ccccc1,5bea2e578d61aaf3,4
"1,2-dichloroperfluorocyclohexene",DTXSID30187297,336-19-6,FC1(F)C(Cl)=C(Cl)C(F)(F)C(F)(F)C1(F)F,b0e68aa154d54e91,2
"silane, tetrachloro-",DTXSID0029711,10026-04-7,Cl[Si](Cl)(Cl)Cl,4faae30a3c40a50e,1
1-hexyne,DTXSID30870753,693-02-7,C#CCCCC,45ce8f58332040bf,7
safrole,DTXSID0021254,94-59-7,C=CCc1ccc2c(c1)OCO2,144af1f1e3a780a7,6
clomazone,DTXSID1032355,81777-89-1,CC1(C)CON(Cc2ccccc2Cl)C1=O,9b4cafb972dc6b58,8
4-chlorobenzenemethanol,DTXSID7073937,873-76-7,OCc1ccc(Cl)cc1,3e09ffc11e7e66fb,2
4-methoxyphenol,DTXSID4020828,150-76-5,COc1ccc(O)cc1,448885cfcfea9b01,2
"naphthalene, 1,2,3,4-tetrahydro-5-methyl-",DTXSID50182365,2809-64-5,Cc1cccc2c1CCCC2,e93463064f4568b6,4
"2,3-dichlorooctafluorobutane",DTXSID90870512,355-20-4,FC(F)(F)C(F)(Cl)C(F)(Cl)C(F)(F)F,8897553b2f11f115,9
"benzene, 1-chloro-4-iodo-",DTXSID1060928,637-87-6,Clc1ccc(I)cc1,e8c73e8e2bb5d60a,1
1-nitronaphthalene,DTXSID7020978,86-57-7,O=[N+]([O-])c1cccc2ccccc12,0b33a89886f42526,2
"acetamide, n-3-pyridinyl- (9ci)",DTXSID60207371,5867-45-8,CC(=O)Nc1cccnc1,ba39f766fc375365,2
"1,4-butanedithiol",DTXSID0061589,1191-08-8,SCCCCS,41c0a3b025a72a0b,10
2-octanol,DTXSID0027014,123-96-6,CCCCCCC(C)O,d32069ca50df1270,12
"1,1'-bi(cyclohexyl)-2-one",DTXSID8047424,90-42-6,O=C1CCCCC1C1CCCCC1,d1c14b23f5ba1521,2
"1,4-dimethylcyclohexane",DTXSID5075284,589-90-2,CC1CCC(C)CC1,99e6b70848e0686d,2
"1,2,3-trimethylcyclohexane",DTXSID10862732,1678-97-3,CC1CCCC(C)C1C,70fb16eb76c186ce,2
1-(bromomethyl)-2-methylbenzene,DTXSID00870422,89-92-9,Cc1ccccc1CBr,4d235934239e9032,2
"2,6-diethylaniline",DTXSID6027218,579-66-8,CCc1cccc(CC)c1N,9ec0c91c37e9aa07,5
"3,3'-dichlorobiphenyl",DTXSID70872817,2050-67-1,Clc1cccc(-c2cccc(Cl)c2)c1,f74be1bae696846a,4
2-chloro-4-methylaniline,DTXSID3022083,615-65-6,Cc1ccc(N)c(Cl)c1,88c6f5d374ce844d,2
2-bromotoluene,DTXSID2024660,95-46-5,Cc1ccccc1Br,9c2185188a44e159,1
"pentane, 2,2-dimethyl-",DTXSID5060439,590-35-2,CCCC(C)(C)C,3199b2f7542dc758,3
1-methyl-4-(prop-1-en-2-yl)benzene,DTXSID7047564,1195-32-0,C=C(C)c1ccc(C)cc1,61cc34fd1190125e,3
"n,n-dibutylaniline",DTXSID8060618,613-29-6,CCCCN(CCCC)c1ccccc1,a223624b851df178,21
methyl nicotinate,DTXSID7044471,93-60-7,COC(=O)c1cccnc1,aa2d929846cd2969,2
"thiophene, 2-nitro-",DTXSID9060570,609-40-5,O=[N+]([O-])c1cccs1,e2fbf53cd98f01d5,1
"benzene, 1,2,3-trimethoxy-",DTXSID1060899,634-36-6,COc1cccc(OC)c1OC,74650f3b27759918,3
"2,4-dimethylthiolane 1,1-dioxide",DTXSID20870828,1003-78-7,CC1CC(C)S(=O)(=O)C1,a3a31fc491d64382,8
bromotrichloromethane,DTXSID7023930,75-62-7,ClC(Cl)(Cl)Br,1415cde781efc9f6,1
3-phenylpropanal,DTXSID0047610,104-53-0,O=CCCc1ccccc1,7a15f26d96e9ccb8,8
"acetic acid, 1,7,7-trimethyl-bicyclo[2.2.1]hept-2-yl ester",DTXSID80859098,92618-89-8,CC(=O)OC1CC2CCC1(C)C2(C)C,3e0196ee5c7aeed7,8
cadaverine,DTXSID5075448,462-94-2,NCCCCCN,3eb305b73290b634,15
dodecan-2-ol,DTXSID70864232,10203-28-8,CCCCCCCCCCC(C)O,140f6a866b0bd5aa,11
"thiophene, 3-nitro-",DTXSID10231621,822-84-4,O=[N+]([O-])c1ccsc1,0c2fc1a0363a3d18,1
"1,1,3,3-tetramethylcyclopentane",DTXSID50198901,50876-33-0,CC1(C)CCC(C)(C)C1,49cd81ad271a4e04,2
dibenzo-30-crown-10,DTXSID30169851,17455-25-3,c1ccc2c(c1)OCCOCCOCCOCCOc1ccccc1OCCOCCOCCOCCO2,6c340624697f6339,6
"5,6,7,8-tetrahydroisoquinoline",DTXSID40190050,36556-06-6,c1cc2c(cn1)CCCC2,29e54330b9121ae0,4
"3,3-dimethylpentane-2,4-dione",DTXSID20185348,3142-58-3,CC(=O)C(C)(C)C(C)=O,624702b4b4b451c3,2
"silicic acid (h4sio4), tetrakis(1-methylethyl) ester",DTXSID3062100,1992-48-9,CC(C)O[Si](OC(C)C)(OC(C)C)OC(C)C,91ed52a42c204477,8
1-naphthylamine,DTXSID7020920,134-32-7,Nc1cccc2ccccc12,26a184bb11182408,1
1-heptene,DTXSID2060466,592-76-7,C=CCCCCC,3541a7219f469249,20
methyl carbamate,DTXSID8020834,598-55-0,COC(N)=O,45ea3dd1af08b95e,1
4-methylbenzaldehyde,DTXSID9041520,104-87-0,Cc1ccc(C=O)cc1,4a856e75caf63dd7,2
"2,5,8-trimethyl-2-(4,8,12-trimethyltridecyl)-3,4-dihydro-2h-1-benzopyran-6-ol",DTXSID50873423,48223-98-9,Cc1cc(O)c(C)c2c1OC(C)(CCCC(C)CCCC(C)CCCC(C)C)CC2,2d6a99f911afafd9,7
3-phenyl-2-propen-1-ol,DTXSID9041491,104-54-1,OCC=Cc1ccccc1,a2c4e44d6687a765,9
chlorodibromomethane,DTXSID1020300,124-48-1,ClC(Br)Br,c0ed207fa4c5005b,1
p-tolylacetonitrile,DTXSID90183674,2947-61-7,Cc1ccc(CC#N)cc1,01e1241a30ce11a3,2
4-isopropylpyridine,DTXSID7061013,696-30-0,CC(C)c1ccncc1,c369c1366675622c,1
tetracyanoethylene,DTXSID7049425,670-54-2,N#CC(C#N)=C(C#N)C#N,c446443e97fbb6f8,1
"cyclopentane, pentyl-",DTXSID6074708,3741-00-2,CCCCCC1CCCC1,f15812d84cf34a1a,13
tripropylamine,DTXSID9021849,102-69-2,CCCN(CCC)CCC,9b38811c3df4cf8e,17
2-[2-(2-butoxyethoxy)ethoxy]ethanol,DTXSID7021520,143-22-6,CCCCOCCOCCOCCO,ab0fa17c2e0d79b9,1
butylcyclohexane,DTXSID0061876,1678-93-9,CCCCC1CCCCC1,852760cb3793271f,4
n-ethylperfluorooctane sulfonamide,DTXSID1032646,4151-50-2,CCNS(=O)(=O)C(F)(F)C(F)(F)C(F)(F)C(F)(F)C(F)(F)C(F)(F)C(F)(F)C(F)(F)F,8c8d88c9524939ef,11
"3,4-dichlorophenol",DTXSID7025005,95-77-2,Oc1ccc(Cl)c(Cl)c1,b2887f28a6885bda,2
"3,4,5-trichlorotoluene",DTXSID30275300,21472-86-6,Cc1cc(Cl)c(Cl)c(Cl)c1,7faf68f2beff1d64,1
5-methyl-2-(1-methylethyl)cyclohexanone,DTXSID80859154,10458-14-7,CC1CCC(C(C)C)C(=O)C1,b800f883f3a40973,10
"7,7-dimethyltricyclo[2.2.1.02,6]heptane-1-carboxylic acid",DTXSID30871725,512-60-7,CC1(C)C2CC3C(C2)C31C(=O)O,37741253f3f400a1,2
"1,4-dinitrobenzene",DTXSID0021836,100-25-4,O=[N+]([O-])c1ccc([N+](=O)[O-])cc1,3468650a50612be4,1
"2,4-dichloro-1-nitrobenzene",DTXSID3024998,611-06-3,O=[N+]([O-])c1ccc(Cl)cc1Cl,09507ad9e853625a,2
n-dodecylbenzene,DTXSID7026994,123-01-3,CCCCCCCCCCCCc1ccccc1,3d1bb16b722fc603,7
ethyl undec-10-enoate,DTXSID4044828,692-86-4,C=CCCCCCCCCC(=O)OCC,a3af7932a86b26a6,20
"1,1,2,2-tetrafluoroethane",DTXSID60883371,359-35-3,FC(F)C(F)F,b099c6fae0de70b3,1
5-ethyl-m-xylene,DTXSID1061316,934-74-7,CCc1cc(C)cc(C)c1,c0ea30bfc16eb7be,3
"1,1'-(3-methyl-1-propene-1,3-diyl)bis-benzene",DTXSID40871195,7614-93-9,CC(C=Cc1ccccc1)c1ccccc1,fc170e6a0b27e2f4,10
cyanic acid,DTXSID3074812,420-05-3,N#CO,0aefc99a5c62bd5d,1
piperidine,DTXSID6021165,110-89-4,C1CCNCC1,10a0fec19f062845,1
4-methyl-3-heptanol,DTXSID0041519,14979-39-6,CCCC(C)C(O)CC,c38f6d21a13bc5cf,7
phenyl phosphorus dichloride,DTXSID4027282,644-97-3,ClP(Cl)c1ccccc1,ba18614646c09901,2
"2,3-dichloropropanoic acid",DTXSID10870615,565-64-0,O=C(O)C(Cl)CCl,019d3e4823ba53a3,9
"4,4'-dibromo-1,1'-biphenyl",DTXSID1059072,92-86-4,Brc1ccc(-c2ccc(Br)cc2)cc1,46f3d7531ee650d0,2
"2-butanethiol, 2-methyl-",DTXSID5061877,1679-09-0,CCC(C)(C)S,082e52c9729753d3,4
"benzene, 1-iodo-4-methyl-",DTXSID4060785,624-31-7,Cc1ccc(I)cc1,70143893bd8b63b6,1
"3,4-dihydrocoumarin",DTXSID2020474,119-84-6,O=C1CCc2ccccc2O1,389b6736a6865361,2
"8-quinolinol, 2-methyl-",DTXSID3061184,826-81-3,Cc1ccc2cccc(O)c2n1,465c68e91b705e0e,1
bis(2-chloro-1-methylethyl) ether,DTXSID4020167,108-60-1,CC(CCl)OC(C)CCl,82dc2844ab4bfca6,18
"2,2-dichloro-1-phenylethanone",DTXSID1051939,2648-61-5,O=C(c1ccccc1)C(Cl)Cl,4dddd406c3ba633d,3
cyclohexylbenzene,DTXSID3061188,827-52-1,c1ccc(C2CCCCC2)cc1,dcf745c61d56c7b9,1
2-bromomesitylene,DTXSID4060363,576-83-0,Cc1cc(C)c(Br)c(C)c1,c07a805b98b2f620,1
diisobutyl sulfone,DTXSID70146868,10495-45-1,CC(C)CS(=O)(=O)CC(C)C,209dc3ba3fb3208e,15
"acetamide, n-acetyl-n-methyl-",DTXSID6061492,1113-68-4,CC(=O)N(C)C(C)=O,80202a6486ddebc7,1
"benzene, 1-chloro-4-(phenylmethyl)-",DTXSID1073238,831-81-2,Clc1ccc(Cc2ccccc2)cc1,0c0deceaea1c3165,2
"2-chloro-3,4-dimethylphenol",DTXSID70289522,10283-15-5,Cc1ccc(O)c(Cl)c1C,129325b928d9091f,1
"1,2,4-trichlorobenzene",DTXSID0021965,120-82-1,Clc1ccc(Cl)c(Cl)c1,5cdcaef6832b004c,1
4-biphenylyl isocyanate,DTXSID30394186,92-95-5,O=C=Nc1ccc(-c2ccccc2)cc1,9fa0829bd0dfbce1,2
4-pentylphenol,DTXSID9044164,14938-35-3,CCCCCc1ccc(O)cc1,73749d44dfde164f,17
"diethyl n,n-dimethylphosphoramidate",DTXSID10870973,2404-03-7,CCOP(=O)(OCC)N(C)C,f390375fb6092d91,11
"2,5-dimethylpyrrole",DTXSID40211552,625-84-3,Cc1ccc(C)[nH]1,349c4028b5584faf,1
"1-pentene, 3,3-dimethyl-",DTXSID9075450,3404-73-7,C=CC(C)(C)CC,a0a0d238e1c08091,7
chloral,DTXSID7024744,75-87-6,O=CC(Cl)(Cl)Cl,b6d7df1cdaf446cc,1
ubidecarenone,DTXSID6046054,303-98-0,COC1=C(OC)C(=O)C(C/C=C(\C)CC/C=C(\C)CC/C=C(\C)CC/C=C(\C)CC/C=C(\C)CC/C=C(\C)CC/C=C(\C)CC/C=C(\C)CC/C=C(\C)CCC=C(C)C)=C(C)C1=O,25c2a022f69e2759,8
"2,3,4,5,6-pentachlorotoluene",DTXSID10870791,877-11-2,Cc1c(Cl)c(Cl)c(Cl)c(Cl)c1Cl,07c1003cef99ca9c,1
"ethane, 1,2-diiodo-",DTXSID8060791,624-73-7,ICCI,4475f9ce1357db76,3
"2-ethyl-1,3-hexanediol",DTXSID4025292,94-96-2,CCCC(O)C(CC)CO,dc055d20e33636bd,9
methyl decanoate,DTXSID4026842,110-42-9,CCCCCCCCCC(=O)OC,6e3ea5f98456b625,15
dimethyl glutarate,DTXSID3025122,1119-40-0,COC(=O)CCCC(=O)OC,3e7ee905134dee57,2
"4,4'-bipyridine",DTXSID2027200,553-26-4,c1cc(-c2ccncc2)ccn1,3c213f0d201fd941,2
veratraldehyde,DTXSID7026285,120-14-9,COc1ccc(C=O)cc1OC,3c7c339165ca6ea5,5
methacrylaldehyde,DTXSID0052540,78-85-3,C=C(C)C=O,3cd3661208b0b481,2
tert-butylbenzene,DTXSID3047138,98-06-6,CC(C)(C)c1ccccc1,ad54e1cf626c830d,1
benzenemethanethiol,DTXSID6026664,100-53-8,SCc1ccccc1,4727a11ae3f680ed,3
"n,n,n',n'-tetramethylethylenediamine",DTXSID5026122,110-18-9,CN(C)CCN(C)C,3b20f2f93823c504,10
"2,4-dimethylphenol",DTXSID2021864,105-67-9,Cc1ccc(O)c(C)c1,cfccd60de0318b1c,3
"1,1,1,2,2,3-hexachloropropane",DTXSID70871340,24425-97-6,ClCC(Cl)(Cl)C(Cl)(Cl)Cl,1fbbbf0db83152de,3
butyl vinyl ether,DTXSID5051575,111-34-2,C=COCCCC,f120b8b5d4e4ea4a,13
"n,n-diethyl-p-bromoaniline",DTXSID3062152,2052-06-4,CCN(CC)c1ccc(Br)cc1,c3f44904ca3f0bdd,4
"1,5-cyclooctadiene",DTXSID0026888,111-78-4,C1=CCCC=CCC1,8e5f02d3c6079716,3
alpha-terpineol,DTXSID5026625,98-55-5,CC1=CCC(C(C)(C)O)CC1,3e60cd3aa462834f,10
"formic acid, hexyl ester",DTXSID8060870,629-33-4,CCCCCCOC=O,4e904ae682940911,21
3-ethylpyridine,DTXSID6060212,536-78-7,CCc1cccnc1,b35f19a18e5bc4b3,2
"piperidine, 1-methyl-",DTXSID8060822,626-67-5,CN1CCCCC1,648299d2c9c0bea9,2
stearylbenzene,DTXSID7063477,4445-07-2,CCCCCCCCCCCCCCCCCCc1ccccc1,dfa37ad80826b8ca,6
"2-bromo-4,6-dichloroaniline",DTXSID00373620,697-86-9,Nc1c(Cl)cc(Cl)cc1Br,1c2b42fc048da9f2,1
diethyl sulfide,DTXSID5027146,352-93-2,CCSCC,3291e4510e4e08f6,5
ethylene glycol dibutyl ether,DTXSID5074268,112-48-1,CCCCOCCOCCCC,ccdec1e0dde2d90d,20
"benzenamine, 3-bromo-4-methyl- (9ci)",DTXSID00228161,7745-91-7,Cc1ccc(N)cc1Br,1ad9b92d5eaf6c15,1
2-aminobenzonitrile,DTXSID9051824,1885-29-6,N#Cc1ccccc1N,55bedc7358d727f0,1
1-iodopropane,DTXSID501015653,107-08-4,CCCI,152c9c014537bc64,3
"2,4,6-trimethylbenzaldehyde",DTXSID5052125,487-68-3,Cc1cc(C)c(C=O)c(C)c1,06e49ed74d0be3d5,2
4-benzylmorpholine,DTXSID90290317,10316-00-4,c1ccc(CN2CCOCC2)cc1,41ac6002ac4ed3a0,4
2-chlorobenzyl chloride,DTXSID3027241,611-19-8,ClCc1ccccc1Cl,9feb5c2070fc2b06,2
"1,2-benzenediamine, n,n,n',n'-tetramethyl-",DTXSID5061035,704-01-8,CN(C)c1ccccc1N(C)C,a39b95006eb33d0e,2
hexaethylbenzene,DTXSID8060537,604-88-6,CCc1c(CC)c(CC)c(CC)c(CC)c1CC,6244e0ec4cd936c9,1
octamethyltrisiloxane,DTXSID9040710,107-51-7,C[Si](C)(C)O[Si](C)(C)O[Si](C)(C)C,b6aa959d325f13eb,6
(ethanesulfonyl)ethane,DTXSID30870657,597-35-3,CCS(=O)(=O)CC,0b0ea9600450fcb4,7
"1,2-dimethyl-4-ethylbenzene",DTXSID6061317,934-80-5,CCc1ccc(C)c(C)c1,7c15ac267c19e8b3,2
"3,4-dimethylquinoline",DTXSID80179102,2436-92-2,Cc1cnc2ccccc2c1C,d7d3e28b2d625df3,1
1-hexene,DTXSID4025402,592-41-6,C=CCCCC,fb589318fc51c0bf,17
1-indanone,DTXSID1058892,83-33-0,O=C1CCc2ccccc21,c068a6736c18e703,1
"2,6-octadiene, 4,5-dimethyl-",DTXSID60334075,18476-57-8,CC=CC(C)C(C)C=CC,c14a6a88f525709a,9
bromochloroacetic acid,DTXSID4024642,5589-96-8,O=C(O)C(Cl)Br,ccda2868f0fe345a,6
hydroxyacetone,DTXSID8051590,116-09-6,CC(=O)CO,1bad98733f8ec23b,3
"1,1':4',1''-terphenyl",DTXSID6029121,92-94-4,c1ccc(-c2ccc(-c3ccccc3)cc2)cc1,b0f8294b367d5f81,3
3-methylbenzyl alcohol,DTXSID4039497,587-03-1,Cc1cccc(CO)c1,0f2ad8d3183d1d3b,5
"piperidine, 2-methyl-",DTXSID90861728,109-05-7,CC1CCCCN1,4cdd4da217e0480a,3
2-bromoaniline,DTXSID5060645,615-36-1,Nc1ccccc1Br,aaa77bb46d3d83af,1
3-chloro-2-(chloromethyl)-1-propene,DTXSID3022166,1871-57-4,C=C(CCl)CCl,abf8325d49bc1ea1,4
"phenol, 2-isopropyl-6-methyl-",DTXSID70186027,3228-04-4,Cc1cccc(C(C)C)c1O,3199e0b10834d778,5
5-hexenoic acid,DTXSID30166305,1577-22-6,C=CCCCC(=O)O,8483a022fa44bad5,20
"benzenesulfonothioic acid, 4-chloro-, s-phenyl ester",DTXSID40333768,1142-97-8,O=S(=O)(Sc1ccccc1)c1ccc(Cl)cc1,1b890bde0665481b,3
"5-bromo-1,2,4-trimethylbenzene",DTXSID90203144,5469-19-2,Cc1cc(C)c(Br)cc1C,0f18e33832b87af8,1
"benzoic acid, 2-phenylhydrazide",DTXSID50201262,532-96-7,O=C(NNc1ccccc1)c1ccccc1,9c85cfb9885838b7,4
glycine ethyl ester,DTXSID90196648,459-73-4,CCOC(=O)CN,ca2a29922e5205ab,4
"1,2,3,4,5,6,7,8-octahydrophenanthrene",DTXSID50201363,5325-97-3,c1cc2c(c3c1CCCC3)CCCC2,e886786da685e648,5
"1,3-diethylbenzene",DTXSID1022003,141-93-5,CCc1cccc(CC)c1,f7a64f7e41cf95ae,3
1-hexadecyne,DTXSID2060880,629-74-3,C#CCCCCCCCCCCCCCC,d624e2b94181e167,13
2-methylpentane,DTXSID4029143,107-83-5,CCCC(C)C,bc8589155be9608d,8
(+/-)-(methylsulfinyl)benzene,DTXSID40870860,1193-82-4,CS(=O)c1ccccc1,f89220c46c2d1a65,2
2-naphthalenethiol,DTXSID1059028,91-60-1,Sc1ccc2ccccc2c1,84e94b7869ffd039,1
"1h-benzimidazole, 2,5-dimethyl- (9ci)",DTXSID20170779,1792-41-2,Cc1ccc2nc(C)[nH]c2c1,fd81d46829069359,1
ethanethiol,DTXSID9026394,75-08-1,CCS,4f93fa6777791668,1
methyl iodide,DTXSID0024187,74-88-4,CI,3e96b2d7cce89594,1
4-aminoacetanilide,DTXSID7024455,122-80-5,CC(=O)Nc1ccc(N)cc1,45d2709f06760c12,1
"[1,1'-bicyclopentyl]-2-one",DTXSID70863467,4884-24-6,O=C1CCCC1C1CCCC1,b0bc79fd08f86316,12
piperazine,DTXSID1021164,110-85-0,C1CNCCN1,cd08ca6400f4adb6,1
"1,2-dibromopropane",DTXSID60870403,78-75-1,CC(Br)CBr,d6bd6d0c50482a53,6
"1,3-dimethylbutyl acetate",DTXSID6051562,108-84-9,CC(=O)OC(C)CC(C)C,753200128711114e,13
"phenol, 2,6-dipropyl-",DTXSID10216458,6626-32-0,CCCc1cccc(CCC)c1O,fdaf5ea84b944dee,16
1-methyl-3-ethylcyclopentane,DTXSID40870986,3726-47-4,CCC1CCC(C)C1,a2e174d7e83b2dca,13
triethyl phosphite,DTXSID2026991,122-52-1,CCOP(OCC)OCC,24187d641be09e69,11
"3,4-dichlorotoluene",DTXSID2021814,95-75-0,Cc1ccc(Cl)c(Cl)c1,0901d721ebfdad4b,2
"2,3,4-trinitrotoluene",DTXSID60208944,602-29-9,Cc1ccc([N+](=O)[O-])c([N+](=O)[O-])c1[N+](=O)[O-],ddf694ed850db470,2
2-methylanisole,DTXSID9060368,578-58-5,COc1ccccc1C,ccbcfb5abbb124a1,1
acibenzolar-s-methyl,DTXSID1032519,135158-54-2,CSC(=O)c1cccc2nnsc12,aa269d34e22ef5d4,2
3-(2-propenoxy)-1-propene,DTXSID8060321,557-40-4,C=CCOCC=C,19304b89f22d24ad,17
"2,6-dichloro-4-ethoxyaniline",DTXSID80311484,51225-20-8,CCOc1cc(Cl)c(N)c(Cl)c1,efd9c737814a070a,3
"2,5-dimethylthiophene",DTXSID2074295,638-02-8,Cc1ccc(C)s1,b6b526e6250343b8,1
"2,3-dichloronitrobenzene",DTXSID8024997,3209-22-1,O=[N+]([O-])c1cccc(Cl)c1Cl,a2ee5cba131078b1,2
4-cyanoquinoline,DTXSID70296998,2973-27-5,N#Cc1ccnc2ccccc12,1ae808b88f760d58,1
3-benzoylpyridine,DTXSID90202591,5424-19-1,O=C(c1ccccc1)c1cccnc1,a131d173a5337b8b,4
alpha-bromotoluene,DTXSID8024658,100-39-0,BrCc1ccccc1,ebbaf1541f46186e,1
1-iodooctadecane,DTXSID7060881,629-93-6,CCCCCCCCCCCCCCCCCCI,fcdbb4d7255c52c0,7
3-hexene,DTXSID9073202,592-47-2,CCC=CCC,861442d75cdd2f8b,7
"benzene, 1-iodo-4-methoxy-",DTXSID7061015,696-62-8,COc1ccc(I)cc1,e61d545c7143f163,1
acrylic acid,DTXSID0039229,79-10-7,C=CC(=O)O,959772e40ccf23e3,2
"3,5-dinitrotoluene",DTXSID40210803,618-85-9,Cc1cc([N+](=O)[O-])cc([N+](=O)[O-])c1,41b606fa328747b5,1
4-chloro-3-nitrotoluene,DTXSID9058995,89-60-1,Cc1ccc(Cl)c([N+](=O)[O-])c1,62541e1a29781c71,2
"1,6-heptadiyne",DTXSID2062373,2396-63-6,C#CCCCC#C,c104b09f0243890e,5
1-phenyl-1-cyclohexene,DTXSID10870771,771-98-2,C1=C(c2ccccc2)CCCC1,90a2f563b357f083,4
squalane,DTXSID0046513,111-01-3,CC(C)CCCC(C)CCCC(C)CCCCC(C)CCCC(C)CCCC(C)C,ebfa996159114205,8
"2,3-dichloro-1-propene",DTXSID6025012,78-88-6,C=C(Cl)CCl,5d1820a06334a43e,3
undecylamine,DTXSID3022249,7307-55-3,CCCCCCCCCCCN,8dd3935da026d144,17
"4,6-dichloro-1,3-benzenediol",DTXSID8021563,137-19-9,Oc1cc(O)c(Cl)cc1Cl,05e34fc585824a08,1
n-methylaniline,DTXSID9021841,100-61-8,CNc1ccccc1,993ee359da060014,1
furfurylamine,DTXSID6052295,617-89-0,NCc1ccco1,b9ef1230ea075587,4
"thiophene, 2,3,4-trimethyl-",DTXSID2073277,1795-04-6,Cc1csc(C)c1C,910b548174c762d7,1
"2-butyne-1,4-diol",DTXSID4021921,110-65-6,OCC#CCO,34af403b1300a8bb,4
pentyl ether,DTXSID4022105,693-65-2,CCCCCOCCCCC,bf5599ff7b01c3d9,18
3-dimethylaminophenol,DTXSID0025101,99-07-0,CN(C)c1cccc(O)c1,e2d1ed4f1d1d668a,2
"1,3-diphenylurea",DTXSID2025183,102-07-8,O=C(Nc1ccccc1)Nc1ccccc1,ca05dd95fc3daa68,1
2-tolunitrile,DTXSID6022050,529-19-1,Cc1ccccc1C#N,263b2e1f1b7f471c,1
,,,CC(=O)S,2e0a5b6a3dd32b26,1
4-isopropylbenzyl alcohol,DTXSID0021626,536-60-7,CC(C)c1ccc(CO)cc1,4e3ba90c124c9c6c,4
3-ethylpentane,DTXSID8073211,617-78-7,CCC(CC)CC,0e883c7c7aa6358d,9
"ether, isopropyl methyl",DTXSID50208534,598-53-8,COC(C)C,70786a6851db7581,3
3-fluoroanisole,DTXSID90196567,456-49-5,COc1cccc(F)c1,22325a31c34c0171,2
cyclopropane,DTXSID4058786,75-19-4,C1CC1,046183f5344b778b,1
thioxanthine,DTXSID20180732,261-31-4,c1ccc2c(c1)Cc1ccccc1S2,8558f1a4aea47531,1
4-ethylstyrene,DTXSID70188081,3454-07-7,C=Cc1ccc(CC)cc1,1f1f51d9f85b3e6f,2
"1,1'-oxybis(cyclohexane)",DTXSID70196843,4645-15-2,C1CCC(OC2CCCCC2)CC1,636712caa9da1e93,1
2-chloro-8-methylquinoline,DTXSID40615753,4225-85-8,Cc1cccc2ccc(Cl)nc12,ffbb5a8296556505,1
perfluorobutane,DTXSID5059876,355-25-9,FC(F)(F)C(F)(F)C(F)(F)C(F)(F)F,b778ad9591565fcc,3
"2,4,6-tris(tert-butyl)phenol",DTXSID2021311,732-26-3,CC(C)(C)c1cc(C(C)(C)C)c(O)c(C(C)(C)C)c1,9862fc7fbad13e24,3
ethyl acrylate,DTXSID4020583,140-88-5,C=CC(=O)OCC,b387a8a05c935276,6
octahydro-2h-inden-2-one,DTXSID10871142,NOCAS_871142,O=C1CC2CCCCC2C1,4c400609d239f2ff,4
1-chloro-2-methyl-3-nitrobenzene,DTXSID1041263,83-42-1,Cc1c(Cl)cccc1[N+](=O)[O-],708adcbfeb249583,2
"2,2-difluoroethanol",DTXSID90189459,359-13-7,OCC(F)F,7dfac85c38392fa3,4
propyl heptanoate,DTXSID90228397,7778-87-2,CCCCCCC(=O)OCCC,9868ee4e4f55872a,23
"1,1-diphenylpropane",DTXSID10865187,1530-03-6,CCC(c1ccccc1)c1ccccc1,66e8beb3fe89400b,4
"pentane, 2,3-dichloro-",DTXSID20870666,600-11-3,CCC(Cl)C(C)Cl,49d4e0b1e9c3b8ff,14
heptyl octanoate,DTXSID80195382,4265-97-8,CCCCCCCOC(=O)CCCCCCC,45581bdac8b372cf,22
"octane, 1-iodo-",DTXSID4060868,629-27-6,CCCCCCCCI,3652f2e71dc0ba74,15
2-methoxybenzonitrile,DTXSID10216291,6609-56-9,COc1ccccc1C#N,b476d6d161791b42,1
3-nitrophenetole,DTXSID40211153,621-52-3,CCOc1cccc([N+](=O)[O-])c1,3a60db6178266c32,6
2-methyl-3-hexene,DTXSID70871022,42154-69-8,CCC=CC(C)C,b6daa6dcb061ca24,9
4-nitrosodiphenylamine,DTXSID1021031,156-10-5,O=Nc1ccc(Nc2ccccc2)cc1,d8fa0fe338d0585e,4
ethylenediamine,DTXSID5021881,107-15-3,NCCN,d33729215de172fe,4
"1-(2,4-dihydroxyphenyl)hexan-1-one",DTXSID50871883,3144-54-5,CCCCCC(=O)c1ccc(O)cc1O,2da2c8b221223c32,9
3-methylcyclohex-3-en-1-one,DTXSID50185735,31883-98-4,CC1=CCCC(=O)C1,9b5c8505876b29e0,2
"2,3-xylidine",DTXSID3026304,87-59-2,Cc1cccc(N)c1C,dca387ccc18f271b,1
"1,5-heptadiene, 2,6-dimethyl-",DTXSID6064458,6709-39-3,C=C(C)CCC=C(C)C,df6df44bf9686acc,11
p-ethoxybenzaldehyde,DTXSID7022251,10031-82-0,CCOc1ccc(C=O)cc1,5668b87f63f1932f,6
"methyl 2,4-dimethylbenzoate",DTXSID20178290,23617-71-2,COC(=O)c1ccc(C)cc1C,6478ed791c13bb0c,5
"butane-1,2,3,4-tetrol",DTXSID70859289,7541-59-5,OCC(O)C(O)CO,77836893f21bad5f,13
"2-naphthalenecarboxylic acid, methyl ester",DTXSID50179336,2459-25-8,COC(=O)c1ccc2ccccc2c1,d4dd63d068329b43,2
"benzenamine, n,n,2,6-tetramethyl-",DTXSID5061114,769-06-2,Cc1cccc(C)c1N(C)C,3fc6cae4ec990959,2
"piperidine, 1-phenyl-",DTXSID4063294,4096-20-2,c1ccc(N2CCCCC2)cc1,b1b3e276a7769703,4
4-chlorobenzaldehyde,DTXSID2021860,104-88-1,O=Cc1ccc(Cl)cc1,28137fffdc88c590,1
cyclopropanamine,DTXSID9061099,765-30-0,NC1CC1,afd9af1e16cb2663,1
1-ethyl-3-nitrobenzene,DTXSID00223979,7369-50-8,CCc1cccc([N+](=O)[O-])c1,35f798ccc619fc8e,2
3-ethylphenol,DTXSID0022480,620-17-7,CCc1cccc(O)c1,a843155d0d97d620,4
"2,5-furandione, dihydro-3-methyl-",DTXSID10871900,4100-80-5,CC1CC(=O)OC1=O,2218940e878c2826,2
"1,4-dihydronaphthalene",DTXSID9060607,612-17-9,C1=CCc2ccccc2C1,2bcc4c0aa230981b,1
1-​heptadecene,DTXSID00873236,6765-39-5,C=CCCCCCCCCCCCCCCC,599a13257a28afc9,15
"2,6-dimethyltetraline",DTXSID60335007,7524-63-2,Cc1ccc2c(c1)CCC(C)C2,224f4bd1562d8d7a,8
2-methylbenzothiazole,DTXSID8049208,120-75-2,Cc1nc2ccccc2s1,4aeb07054f15299f,1
"benzoyl chloride, 3-methyl-",DTXSID0061905,1711-06-4,Cc1cccc(C(=O)Cl)c1,4f6bfe149c283a0d,3
"methanone, di-2-thienyl-",DTXSID50220670,704-38-1,O=C(c1cccs1)c1cccs1,1b9608d6801eaa53,6
"2,2-dichloro-1,1,1-trifluoroethane",DTXSID7020712,306-83-2,FC(F)(F)C(Cl)Cl,2f24506c3ea82ec3,1
methyl nitrate,DTXSID4073205,598-58-3,CO[N+](=O)[O-],d6700164f380cdcb,1
1-methylpyrrole,DTXSID3052648,96-54-8,Cn1cccc1,9cded97a195ae11c,1
pentachloroethane,DTXSID7021104,76-01-7,ClC(Cl)C(Cl)(Cl)Cl,a4d46a781ed916ad,1
dimethyl(2-naphthyl)amine,DTXSID20179101,2436-85-3,CN(C)c1ccc2ccccc2c1,c5ebc6363e0bb25a,1
"3,5-dichlorotoluene",DTXSID30179854,25186-47-4,Cc1cc(Cl)cc(Cl)c1,b3ea1b81d49a045e,1
"2,3-dimethylanisole",DTXSID60183646,2944-49-2,COc1cccc(C)c1C,c597c23cc5fb3293,1
"2-chloro-1,1,1-trifluoroethane",DTXSID5020289,75-88-7,FC(F)(F)CCl,908f0bf2e9b4a327,1
2-tolualdehyde,DTXSID1022051,529-20-4,Cc1ccccc1C=O,8a9043c035fdbaee,2
1-naphthoic acid,DTXSID50861668,86-55-5,O=C(O)c1cccc2ccccc12,aa551478bda3fd28,4
2-methylnonane,DTXSID80873239,871-83-0,CCCCCCCC(C)C,54ada498127153a2,14
"ethane, 1,1,2-tribromo-",DTXSID4058817,78-74-0,BrCC(Br)Br,86ed4dddc0f86719,3
methyl butyrate,DTXSID5047083,623-42-7,CCCC(=O)OC,f7b28d56c55b6e72,7
thionyl fluoride,DTXSID1064821,7783-42-8,O=S(F)F,d4a2fc42ab97a27a,1
2-iodopropane,DTXSID4058788,75-30-9,CC(C)I,628218d4e526f7d4,1
cyclobutanecarboxylic acid,DTXSID3057725,3721-95-7,O=C(O)C1CCC1,18c6843531044073,3
"2-methyl-1,3-benzenediol",DTXSID0025571,608-25-3,Cc1c(O)cccc1O,994d41b17921d305,2
"dibenz[a,c]anthracene",DTXSID9049245,215-58-7,c1ccc2cc3c4ccccc4c4ccccc4c3cc2c1,b4de4d487ed63ef2,1
"3,3-dimethyl-1-butanol",DTXSID3060796,624-95-3,CC(C)(C)CCO,661caf85aec04760,4
methyl hexadecanoate,DTXSID4029149,112-39-0,CCCCCCCCCCCCCCCC(=O)OC,d1ab77185efd66d6,17
bis(2-ethylhexyl)hexanedioate,DTXSID0020606,103-23-1,CCCCC(CC)COC(=O)CCCCC(=O)OCC(CC)CCCC,48f50597d2bd978c,5
3-phenylhexane,DTXSID4041492,4468-42-2,CCCC(CC)c1ccccc1,ef465455ad935ce2,11
5-ethyl-2-methylpyridine,DTXSID7021861,104-90-5,CCc1ccc(C)nc1,7dff2d82a2108cc5,2
coronene,DTXSID5047740,191-07-1,c1cc2ccc3ccc4ccc5ccc6ccc1c1c2c3c4c5c61,2fff961ff95e72fc,1
3-methylbutanal,DTXSID1021619,590-86-3,CC(C)CC=O,5c8ad023003891e9,7
2-methylphenethyl alcohol,DTXSID1047071,19819-98-8,Cc1ccccc1CCO,fae7706d81113f27,12
"phenol, 3-bromo-",DTXSID9060449,591-20-8,Oc1cccc(Br)c1,666e70ce7db38eb9,2
stilbene,DTXSID6060424,588-59-0,C(=Cc1ccccc1)c1ccccc1,bcffb4bab58179a8,5
dibromofluoromethane,DTXSID2074320,1868-53-7,FC(Br)Br,f6afec0b44be230a,1
"benzene, 1,2-difluoro-",DTXSID2075390,367-11-3,Fc1ccccc1F,bb9302af7240c6b2,1
3-bromobenzotrifluoride,DTXSID1059947,401-78-5,FC(F)(F)c1cccc(Br)c1,dd42a892bed03f7c,2
2-nitrotoluene,DTXSID4025791,88-72-2,Cc1ccccc1[N+](=O)[O-],7df42bf3fda5b5f2,2
2-furancarbonyl chloride,DTXSID7060176,527-69-5,O=C(Cl)c1ccco1,3bffc409776d0b38,2
bis(chloroethyl) ether,DTXSID9020168,111-44-4,ClCCOCCCl,bdd499f421456924,14
ethyl 2-naphthoate,DTXSID10184143,3007-91-8,CCOC(=O)c1ccc2ccccc2c1,4d05077c5ae06bc1,6
ethylidenecyclopentane,DTXSID70175739,2146-37-4,CC=C1CCCC1,62b492cbaaa51161,2
undecan-6-ol,DTXSID60178370,23708-56-7,CCCCCC(O)CCCCC,85b08a79c6d8873a,5
"cyclohexane, (1-methylethyl)-",DTXSID2061012,696-29-7,CC(C)C1CCCCC1,9092d676d31eecf8,2
"2,3-dimethylheptane",DTXSID30871008,3074-71-3,CCCCC(C)C(C)C,b6c08e7acd338123,14
"benzene, 1,3-bis(chloromethyl)-",DTXSID4060814,626-16-4,ClCc1cccc(CCl)c1,fd0081469acaa7c4,3
3-isopropylphenol,DTXSID0044571,618-45-1,CC(C)c1cccc(O)c1,ca4f793c2a947581,4
ethyl hydroperoxide,DTXSID70184402,3031-74-1,CCOO,ef4d5f6ff41a4a65,3
"1,2-diphenylhydrazine",DTXSID7020710,122-66-7,c1ccc(NNc2ccccc2)cc1,ce11e74046c6f416,2
"1,3,5-triisopropylbenzene",DTXSID4041232,717-74-8,CC(C)c1cc(C(C)C)cc(C(C)C)c1,1590f7ed5ad7efc8,2
"heptane, 1-iodo-",DTXSID2063393,4282-40-0,CCCCCCCI,d2f8a6135d20376c,20
1-isopropyl-2-methylbenzene,DTXSID1052165,527-84-4,Cc1ccccc1C(C)C,8d058ab09f09411e,1
"1,2-dibromoethane",DTXSID3020415,106-93-4,BrCCBr,c1b91bf313420e46,3
"1,4-dichlorobenzene",DTXSID1020431,106-46-7,Clc1ccc(Cl)cc1,722d62049c088524,1
chloroform,DTXSID1020306,67-66-3,ClC(Cl)Cl,ec0e4288da22a772,1
"benzene, 2,4-dimethyl-1-(1-methylethyl)-",DTXSID6075065,4706-89-2,Cc1ccc(C(C)C)c(C)c1,53bed6801952ac63,2
"ethanone, 1-(3,4-dimethylphenyl)-",DTXSID0063109,3637-01-2,CC(=O)c1ccc(C)c(C)c1,39ac67c31b0cec5f,2
"2,2,3-trimethylcyclopent-3-ene-1-carboxylic acid",DTXSID30871169,6709-22-4,CC1=CCC(C(=O)O)C1(C)C,de321982b5d13deb,7
pentane,DTXSID2025846,109-66-0,CCCCC,adfc3e60d7d85c8e,5
tetramethyl orthosilicate,DTXSID3027291,681-84-5,CO[Si](OC)(OC)OC,3780fce730cbe271,2
n-methyldiethanolamine,DTXSID8025591,105-59-9,CN(CCO)CCO,3a49941526dd66c9,13
"nonane, 1-fluoro-",DTXSID90196789,463-18-3,CCCCCCCCCF,31f2cb00a3bcb621,18
phenylacetaldehyde,DTXSID3021483,122-78-1,O=CCc1ccccc1,52b636eaf7dfdfc1,3
"2,6-di(butan-2-yl)phenol",DTXSID0044440,5510-99-6,CCC(C)c1cccc(C(C)CC)c1O,3e0281a51dca57f3,17
"propane, 1,1'-sulfonylbis-",DTXSID6060501,598-03-8,CCCS(=O)(=O)CCC,ff8f73e14d6a0afe,17
"1-naphthalenol, 5,6,7,8-tetrahydro-",DTXSID8074570,529-35-1,Oc1cccc2c1CCCC2,603c6cedf36f28e9,4
"2,5-dimethylhexane",DTXSID4073201,592-13-2,CC(C)CCC(C)C,917d66742f312594,10
2-propylphenol,DTXSID9047702,644-35-9,CCCc1ccccc1O,b31682bef5e0b982,12
"butanoic acid, octyl ester",DTXSID9059387,110-39-4,CCCCCCCCOC(=O)CCC,440da6656d387eed,19
"2-butanamine, 2-methyl-",DTXSID5060485,594-39-8,CCC(C)(C)N,ce21fa051e81d74a,3
octatriacontane,DTXSID5064592,7194-85-6,CCCCCCCCCCCCCCCCCCCCCCCCCCCCCCCCCCCCCC,689c0083e9c11a10,2
1-bromohexadecane,DTXSID2049397,112-82-3,CCCCCCCCCCCCCCCCBr,ecd4365a10b514c0,10
heptadecanoic acid,DTXSID5021596,506-12-7,CCCCCCCCCCCCCCCCC(=O)O,39db5f43c0c45880,1
tricosane,DTXSID7047699,638-67-5,CCCCCCCCCCCCCCCCCCCCCCC,66a8f1db6342d438,11
dodecyl acetate,DTXSID7047641,112-66-3,CCCCCCCCCCCCOC(C)=O,607c064dfc242644,19
"pyrimidine, 2,4-dimethyl-",DTXSID10162385,14331-54-5,Cc1ccnc(C)n1,55d52f005121c4e5,2
"1-bromo-2,4-dichlorobenzene",DTXSID10152408,1193-72-2,Clc1ccc(Br)c(Cl)c1,774257083604070d,1
1-chloropropene,DTXSID5020318,590-21-6,CC=CCl,f061e2d3e2257878,2
(octahydro-2h-quinolizin-1-yl)methanol,DTXSID10304925,10159-79-2,OCC1CCCN2CCCCC12,3fff698b793dcdbb,4
2-butenoic acid,DTXSID7027544,3724-65-0,CC=CC(=O)O,cec4d854a439620d,3
"2,4,4-trimethyl-1-pentene",DTXSID4026765,107-39-1,C=C(C)CC(C)(C)C,888ed3eac8ea540f,2
"2,5-dichlorotoluene",DTXSID2066484,19398-61-9,Cc1cc(Cl)ccc1Cl,31e0ef2b83c90cd4,1
4-aminophenol,DTXSID3024499,123-30-8,Nc1ccc(O)cc1,235a915a384fc9aa,1
"1-pentene, 3-ethyl-2-methyl-",DTXSID60173481,19780-66-6,C=C(C)C(CC)CC,52238a3be54096f5,8
"2,4-diaminoazobenzene",DTXSID4043856,495-54-5,Nc1ccc(N=Nc2ccccc2)c(N)c1,4d50603be62336d1,6
7-tridecanone,DTXSID8022034,462-18-0,CCCCCCC(=O)CCCCCC,be2529104cc2c681,10
3-methyl-2-heptanol,DTXSID90871367,31367-46-1,CCCCC(C)C(C)O,7d3fff0ab2b6f868,14
"benzonitrile, m-bromo-",DTXSID00219771,6952-59-6,N#Cc1cccc(Br)c1,1d4feb2e3ef4516a,1
5-bromoacenaphthene,DTXSID40174512,2051-98-1,Brc1ccc2c3c(cccc13)CC2,1d6c4f5bdaebc741,1
1-(4-methoxyphenyl)-2-phenyldiazene,DTXSID00870967,2396-60-3,COc1ccc(N=Nc2ccccc2)cc1,874e3fb986f29c77,6
phenethyl bromide,DTXSID1033876,103-63-9,BrCCc1ccccc1,da2baa5dcb641284,3
"1,1,1,2-tetrachloroethane",DTXSID2021317,630-20-6,ClCC(Cl)(Cl)Cl,8c73bf14c7a4e4b3,1
1-bromopentane,DTXSID3049203,110-53-2,CCCCCBr,806d3ae3736c234c,12
"2,3,3-trichloroacrylic acid",DTXSID90177093,2257-35-4,O=C(O)C(Cl)=C(Cl)Cl,6fcbf68da091b9c7,2
"2,5-dichlorophenol",DTXSID7025003,583-78-8,Oc1cc(Cl)ccc1Cl,609c03b7a4129d01,1
"2-butenedioic acid (2z)-, bis(1-methylethyl) ester",DTXSID7064942,10099-70-4,CC(C)OC(=O)C=CC(=O)OC(C)C,510e931ae9537b83,7
cyclopentyl acetate,DTXSID20239370,933-05-1,CC(=O)OC1CCCC1,6647b929b7be6ea4,4
"2,3,3-trimethylpentane",DTXSID2060333,560-21-4,CCC(C)(C)C(C)C,4a166d343732f095,9
"2,3-dimethylbutanoic acid",DTXSID70871229,14287-61-7,CC(C)C(C)C(=O)O,514df935384ac562,10
trifluoroacetic acid,DTXSID9041578,76-05-1,O=C(O)C(F)(F)F,43a0a0d815b5d7cb,1
auramine,DTXSID7043821,492-80-8,CN(C)c1ccc(C(=N)c2ccc(N(C)C)cc2)cc1,6817e70d53bd3941,2
"nitric acid, 1-methylethyl ester",DTXSID5061908,1712-64-7,CC(C)O[N+](=O)[O-],ea7b3b037175d5d9,3
"1,3,5-trioxane",DTXSID4021925,110-88-3,C1OCOCO1,1092d75de40eb3cf,1
"1,3-dioxolan-2-one",DTXSID2026600,96-49-1,O=C1OCCO1,ea7f0de15448be81,1
tetraethylmethane,DTXSID1073941,1067-20-5,CCC(CC)(CC)CC,a58a42eb26242c98,6
"n,n-dimethylacetamide",DTXSID5020499,127-19-5,CC(=O)N(C)C,ffdcff2ded279656,1
5-chloroquinoline,DTXSID20212901,635-27-8,Clc1cccc2ncccc12,d650115bc3bf29ed,1
pyrazine,DTXSID8049410,290-37-9,c1cnccn1,feebfb6014337e07,1
1-phenylnonane,DTXSID7040786,1081-77-2,CCCCCCCCCc1ccccc1,beaa892d64bbfb49,17
hexanamide,DTXSID6020696,628-02-4,CCCCCC(N)=O,6d4aeb3a23ef52de,19
2-phenylbenzothiazole,DTXSID80236946,883-93-2,c1ccc(-c2nc3ccccc3s2)cc1,4ba70cf5437c108e,1
"2,3-dimethylbutan-2-ol",DTXSID60208126,594-60-5,CC(C)C(C)(C)O,fbefb02302066a39,6
isobutyl isobutyrate,DTXSID6026612,97-85-8,CC(C)COC(=O)C(C)C,13edf73ae86eb716,16
"1,3-dichloro-2-propanol",DTXSID6025010,96-23-1,OC(CCl)CCl,415706887304a146,4
"methyl octadeca-9,12-dienoate",DTXSID80859199,2462-85-3,CCCCCC=CCC=CCCCCCCCC(=O)OC,f4e96fbee9f09c4e,8
"benzene, propoxy-",DTXSID1060760,622-85-5,CCCOc1ccccc1,9dd0f2120d10159a,6
1-pentyne,DTXSID7060835,627-19-0,C#CCCC,67d0ea991f68b781,3
2-methylpyrimidine,DTXSID00871111,5053-43-0,Cc1ncccn1,42b3c7b6780b016a,1
phenyl 2-thienyl ketone,DTXSID30159191,135-00-2,O=C(c1ccccc1)c1cccs1,b8d5a487f250f090,4
"benzene, 1,1'-sulfonylbis[4-methyl-",DTXSID5060518,599-66-6,Cc1ccc(S(=O)(=O)c2ccc(C)cc2)cc1,7aeb84528dc90d91,7
"2,4-dimethyl-3-pentanol",DTXSID9022075,600-36-2,CC(C)C(O)C(C)C,706c4a322e1ece09,9
alpha-ketovaleric acid,DTXSID3021647,1821-02-9,CCCC(=O)C(=O)O,6d8964240becd856,11
"1,3-dimethylcyclopentane",DTXSID10871849,2453-00-1,CC1CCC(C)C1,ecb80009126f3d0d,4
"n,n-dimethylbutylamine",DTXSID8047472,927-62-8,CCCCN(C)C,01005fce08ea2b08,13
"benzene, 1-ethoxy-3-fluoro-",DTXSID70196621,458-03-7,CCOc1cccc(F)c1,d4a6bd404d38052a,5
1-bromodecane,DTXSID9051581,112-29-8,CCCCCCCCCCBr,8db7b96c8426375a,11
dinoseb,DTXSID3020207,88-85-7,CCC(C)c1cc([N+](=O)[O-])cc([N+](=O)[O-])c1O,b49180bc92017589,8
"2,2'-bioxirane",DTXSID0041307,1464-53-5,C1OC1C1CO1,0773f0b4985813fd,3
2-hexyloxyethanol,DTXSID1026908,112-25-4,CCCCCCOCCO,12cf2b5789c96e0e,11
"propane, 1-iodo-2-methyl-",DTXSID9060154,513-38-2,CC(C)CI,fa45342d47cdc07a,3
3-methylbenzonitrile,DTXSID6026167,620-22-4,Cc1cccc(C#N)c1,611c2004dd2a60c7,2
cycloheptanol,DTXSID5074713,502-41-0,OC1CCCCCC1,21da50bdcbd43d04,7
"1,4-butylene glycol diacetate",DTXSID70879240,628-67-1,CC(=O)OCCCCOC(C)=O,a53fbb9db2ea6455,7
pentamethylphenol,DTXSID8062654,2819-86-5,Cc1c(C)c(C)c(O)c(C)c1C,7af865e9bd923ecd,3
1-methylcyclohexene,DTXSID3060451,591-49-1,CC1=CCCCC1,9d9674577fd57240,2
"1,2-dinitrobenzene",DTXSID4024066,528-29-0,O=[N+]([O-])c1ccccc1[N+](=O)[O-],33c0021bd37f2e69,2
nitrocyclohexane,DTXSID6061529,1122-60-7,O=[N+]([O-])C1CCCCC1,6095381f76ab1dc5,2
"1,3-dioxolane",DTXSID4027284,646-06-0,C1COCO1,1d336e79acb703cf,1
"benzaldehyde, 3-chloro-",DTXSID1074591,587-04-2,O=Cc1cccc(Cl)c1,e765a5a68e993478,2
"benzoyl chloride, 2-chloro-",DTXSID9060572,609-65-4,O=C(Cl)c1ccccc1Cl,0f8d0c0cddccf584,4
hexachlorocyclopentadiene,DTXSID2020688,77-47-4,ClC1=C(Cl)C(Cl)(Cl)C(Cl)=C1Cl,a006e5d6e82ad2ae,1
"propane, 1,1,1,3,3,3-hexachloro-",DTXSID3074600,3607-78-1,ClC(Cl)(Cl)CC(Cl)(Cl)Cl,e7a599dab3f609a6,2
isohexylamine,DTXSID60277195,5344-20-7,CC(C)CCCN,b546414219daa289,15
"alpha,alpha,alpha-trifluoro-o-tolunitrile",DTXSID3022031,447-60-9,N#Cc1ccccc1C(F)(F)F,bc23162967547eff,1
isopropylamine,DTXSID2025682,75-31-0,CC(C)N,ee6ec4f60d655cc1,1
perfluoronaphthalene,DTXSID60185221,313-72-4,Fc1c(F)c(F)c2c(F)c(F)c(F)c(F)c2c1F,147e1bc684a63d0f,1
"1,2,3,4-tetrahydro-6,7-dimethylnaphthalene",DTXSID40148112,1076-61-5,Cc1cc2c(cc1C)CCCC2,e632585b4fc015f9,3
2-butoxyethanol,DTXSID1024097,111-76-2,CCCCOCCO,bc8a5071f5e0e349,12
2-​hexene,DTXSID10860334,592-43-8,CC=CCCC,ffc6d264ea3bd9b4,12
"1-bromo-2,6-dichlorobenzene",DTXSID00173006,19393-92-1,Clc1cccc(Cl)c1Br,8f7f77814ea60d97,1
octyl hexanoate,DTXSID40197620,4887-30-3,CCCCCCCCOC(=O)CCCCC,31ad80f01bd58ad7,12
"1,3-dioxane, 2-phenyl-",DTXSID9061122,772-01-0,c1ccc(C2OCCCO2)cc1,5b725846c9af3a63,3
"octanoic acid, pentyl ester",DTXSID5060932,638-25-5,CCCCCCCC(=O)OCCCCC,198f57ac8636b543,16
"1,3-benzenedicarboxaldehyde",DTXSID30870718,626-19-7,O=Cc1cccc(C=O)c1,dc373992f76a1445,3
"propane, 1,1,1,2,3,3,3-heptachloro-",DTXSID7063211,3849-33-0,ClC(C(Cl)(Cl)Cl)C(Cl)(Cl)Cl,e976248489cdc82d,1
methyl n-methylanthranilate,DTXSID1052581,85-91-6,CNc1ccccc1C(=O)OC,d47e4f1d781bf84d,1
"2-pentanone, 4,4-dimethyl-",DTXSID4073914,590-50-1,CC(=O)CC(C)(C)C,ede9a7dfb4aa985e,3
ethyl chloroacetate,DTXSID4026715,105-39-5,CCOC(=O)CCl,44b76925ba8a4812,8
benzhydrylamine,DTXSID00238346,91-00-9,NC(c1ccccc1)c1ccccc1,0ac47057dcb27e10,4
propyl salicylate,DTXSID3046790,607-90-9,CCCOC(=O)c1ccccc1O,793385e82b730886,5
8-methylquinoline,DTXSID8020888,611-32-5,Cc1cccc2cccnc12,11955b76259fbdb6,1
2-methylthiophene,DTXSID3060291,554-14-3,Cc1cccs1,fe14e1ba474ed192,1
propyl acetate,DTXSID6021901,109-60-4,CCCOC(C)=O,2ad5ccddc2a75737,8
(chloromethyl)cyclopropane,DTXSID40207854,5911-08-0,ClCC1CC1,09c0423c038aaae5,3
1-methyl-4-[(4-methylphenyl)methyl]benzene,DTXSID90197852,4957-14-6,Cc1ccc(Cc2ccc(C)cc2)cc1,0557130332aebebb,6
"benzene, 1-bromo-3-nitro-",DTXSID3060409,585-79-5,O=[N+]([O-])c1cccc(Br)c1,ceeda0b1f294bcda,1
3-phenyl-2-propenoyl chloride,DTXSID3059264,102-92-1,O=C(Cl)C=Cc1ccccc1,89c70367e55b7e59,2
"1,3-hexadien-5-yne",DTXSID0074689,10420-90-3,C#CC=CC=C,f43beae6b7986ec6,3
propyl hexanoate,DTXSID3060823,626-77-7,CCCCCC(=O)OCCC,5466250478747a2f,22
"phenol, 2,4-bis(1,1-dimethylethyl)-6-methyl-",DTXSID3060667,616-55-7,Cc1cc(C(C)(C)C)cc(C(C)(C)C)c1O,52aa7fa2f40b2a2f,2
(dichlorofluoromethyl)benzene,DTXSID7060099,498-67-9,FC(Cl)(Cl)c1ccccc1,0b3e0a61cf37696c,1
2-ethenylfuran,DTXSID8073261,1487-18-9,C=Cc1ccco1,15dec838487432f6,2
"1,3,5-trimethoxybenzene",DTXSID0045963,621-23-8,COc1cc(OC)cc(OC)c1,86d84e505d40199b,2
triethyl methanetricarboxylate,DTXSID50211866,6279-86-3,CCOC(=O)C(C(=O)OCC)C(=O)OCC,995965e9ed857610,22
pentanoic acid,DTXSID7021655,109-52-4,CCCCC(=O)O,ff01e5d2ec17270f,13
"1,7,7-trimethylnorbornene",DTXSID20870545,464-17-5,CC12C=CC(CC1)C2(C)C,65dd7f80add960d2,2
"benzeneacetonitrile, .alpha.-oxo-",DTXSID2060626,613-90-1,N#CC(=O)c1ccccc1,dbd9f9695fd107a2,1
ethyl diphenylcarbamate,DTXSID80209054,603-52-1,CCOC(=O)N(c1ccccc1)c1ccccc1,37dd28e1cc288047,6
(3-chloropropoxy)benzene,DTXSID20187483,3384-04-1,ClCCCOc1ccccc1,ef7fe28cad5895bd,14
"cyclobutane, methylene-",DTXSID2061519,1120-56-5,C=C1CCC1,77dea12ee953bc43,1
2-ethylphenol,DTXSID1022479,90-00-6,CCc1ccccc1O,284f2de5a4485cc0,5
"propane, 1,3-dibromo-2,2-bis(bromomethyl)-",DTXSID1062916,3229-00-3,BrCC(CBr)(CBr)CBr,3aad4eb12a32d0c8,2
"ethane, 1,2-dibromo-1,1-dichloro-",DTXSID8058790,75-81-0,ClC(Cl)(Br)CBr,41225f9a6a86e967,3
methyl crotonate,DTXSID30862315,18707-60-3,CC=CC(=O)OC,0c9d9b48ad78f9d5,3
ethyl methyl sulfide,DTXSID3060794,624-89-5,CCSC,e18c34133670bbcf,3
diethyl carbonate,DTXSID3025041,105-58-8,CCOC(=O)OCC,a2bd82727123b069,5
"2,2,2-trifluoroethanol",DTXSID0021751,75-89-8,OCC(F)(F)F,f395f0e6de81a275,2
heptyl hexanoate,DTXSID10220050,6976-72-3,CCCCCCCOC(=O)CCCCC,8686f2e07e19909d,17
methyl hexanoate,DTXSID0047616,106-70-7,CCCCCC(=O)OC,dca33eaa09e731d5,21
"fluorosulfuric acid, methyl ester",DTXSID8073180,421-20-5,COS(=O)(=O)F,6796ac39ca830393,2
butyl salicylate,DTXSID8062153,2052-14-4,CCCCOC(=O)c1ccccc1O,21390efac05ad528,9
3-hydroxyacetophenone,DTXSID5059533,121-71-1,CC(=O)c1cccc(O)c1,b7373a352da1ea60,4
m-iodotoluene,DTXSID5060809,625-95-6,Cc1cccc(I)c1,6e35a9b599e9c9e3,2
heptadecylbenzene,DTXSID9065815,14752-75-1,CCCCCCCCCCCCCCCCCc1ccccc1,df848d4ee72d1081,10
propyl propionate,DTXSID4042337,106-36-5,CCCOC(=O)CC,07fd98a59d39bcb1,14
"1-naphthalenamine, n-methyl-",DTXSID0062262,2216-68-4,CNc1cccc2ccccc12,27cfa5f88d6d39dc,1
"benzoic acid, 4-hydroxy-3-methoxy-, methyl ester",DTXSID5074345,3943-74-6,COC(=O)c1ccc(O)c(OC)c1,07f36ba5e8e72e95,2
"1,1-diphenylbutane",DTXSID3061053,719-79-9,CCCC(c1ccccc1)c1ccccc1,3f25334c37ad7b7e,7
n-(3-methylphenyl)-1-phenylmethanimine,DTXSID40871150,5877-58-7,Cc1cccc(N=Cc2ccccc2)c1,e67c70021a58f0a2,10
ethyl nicotinate,DTXSID9046526,614-18-6,CCOC(=O)c1cccnc1,8a6e69aebdb3b746,6
1-cyano-4-methylbenzene,DTXSID6026169,104-85-8,Cc1ccc(C#N)cc1,280a14982dbd3c23,1
undecan-5-ol,DTXSID50871383,37493-70-2,CCCCCCC(O)CCCC,9f053c77e5338777,16
"2,4-dichloroaniline",DTXSID1024966,554-00-7,Nc1ccc(Cl)cc1Cl,5b405d43e1ea54ba,1
(+-)-lipoic acid,DTXSID7025508,1077-28-7,O=C(O)CCCCC1CCSS1,35b8a80ac14de32d,16
"2,4-dimethylaniline",DTXSID8026305,95-68-1,Cc1ccc(N)c(C)c1,e8a470266222cb3c,1
"2,5-dibromotoluene",DTXSID1050389,615-59-8,Cc1cc(Br)ccc1Br,f6084cfab1b5faee,1
"benzenamine, n,n-dimethyl-3-nitro-",DTXSID5060699,619-31-8,CN(C)c1cccc([N+](=O)[O-])c1,46ac895f52f932d0,1
ethylbenzene,DTXSID3020596,100-41-4,CCc1ccccc1,29f61f707145e89c,1
(+/-)-3-butyn-2-ol,DTXSID3022297,2028-63-9,C#CC(C)O,a7545deb5952cb00,2
pentan-1-amine,DTXSID0021919,110-58-7,CCCCCN,2bdeb811e8fd2d45,15
undecane,DTXSID9021689,1120-21-4,CCCCCCCCCCC,47569e63b7c24310,17
"heptane, 1,1'-thiobis-",DTXSID3060879,629-65-2,CCCCCCCSCCCCCCC,8a24c937e22d6244,13
2-(butan-2-yl)phenol,DTXSID2022331,89-72-5,CCC(C)c1ccccc1O,eb847ccafe94d1c2,9
"peroxide, diethyl",DTXSID8073922,628-37-5,CCOOCC,559298c454689db2,9
octachlorodibenzo-p-dioxin,DTXSID4025799,3268-87-9,Clc1c(Cl)c(Cl)c2c(c1Cl)Oc1c(Cl)c(Cl)c(Cl)c(Cl)c1O2,03b38a5a287dd331,1
"1,3-butadiene, 1,2,3,4-tetrachloro-",DTXSID6073948,1637-31-6,ClC=C(Cl)C(Cl)=CCl,b9e4689a0e032c02,3
hexylamine,DTXSID3021930,111-26-2,CCCCCCN,ba9054413c035dda,17
"2,3-butanediol, 2,3-dimethyl-",DTXSID3058793,76-09-5,CC(C)(O)C(C)(C)O,a84774a342ba8390,6
1-dodecanamine,DTXSID3021984,124-22-1,CCCCCCCCCCCCN,891c16c55d9fb41e,13
2-phenylpentane,DTXSID10870993,2719-52-0,CCCC(C)c1ccccc1,9453bd6db373ec82,9
"4-chloro-3,5-dimethyl-1h-pyrazole",DTXSID20350099,15953-73-8,Cc1n[nH]c(C)c1Cl,b7657ac3868c8583,1
"1-penten-3-one, 2-methyl-",DTXSID1073448,25044-01-3,C=C(C)C(=O)CC,ff21799ec0fc92ec,6
dichloroacetylene,DTXSID7020429,7572-29-4,ClC#CCl,3265e1e48fe9ed9d,1
"1-naphthalenecarboxylic acid, 3,4-dihydro-",DTXSID60342493,3333-23-1,O=C(O)C1=CCCc2ccccc21,9240a15cb7e5e9ca,4
1-amino-2-propanol,DTXSID9021764,78-96-6,CC(O)CN,86d399c9ec916281,3
3-methylenepentane,DTXSID0061080,760-21-4,C=C(CC)CC,c9d060495eeff5bd,5
heptyl heptanoate,DTXSID80211450,624-09-9,CCCCCCCOC(=O)CCCCCC,12ce88ca1aef23fa,8
"propane, 1,2,3-tribromo-",DTXSID9059129,96-11-7,BrCC(Br)CBr,95e21c751778e965,7
"benzoic acid, 3-iodo-, methyl ester",DTXSID1060689,618-91-7,COC(=O)c1cccc(I)c1,8797ad67e9a94d6f,2
"1,2,3-triaminobenzene",DTXSID30870677,608-32-2,Nc1cccc(N)c1N,eb0d962336fbb488,1
"1,2-dimethylcyclohexane",DTXSID50858730,583-57-3,CC1CCCCC1C,a5c1cf9acc950e50,2
"1,3-diisopropylbenzene",DTXSID8026640,99-62-7,CC(C)c1cccc(C(C)C)c1,f9df128165eec1e8,3
"1,1,-diphenylheptane",DTXSID90871847,1530-05-8,CCCCCCC(c1ccccc1)c1ccccc1,0fee648eaadeeaab,16
"quinoline, 6-chloro-",DTXSID3060611,612-57-7,Clc1ccc2ncccc2c1,989f3c58ed18f45f,1
benzoyl bromide,DTXSID7060677,618-32-6,O=C(Br)c1ccccc1,71e4b6dd9abc8609,1
propanoyl chloride,DTXSID4058819,79-03-8,CCC(=O)Cl,0a9bc0566ef53efb,3
2-nitropropane,DTXSID6020981,79-46-9,CC(C)[N+](=O)[O-],fcf9e2509294afde,1
"2-butyne, 1,1,1,4,4,4-hexafluoro-",DTXSID3061003,692-50-2,FC(F)(F)C#CC(F)(F)F,232c907b1054020d,2
3-chloro-4-methylphenol,DTXSID9060655,615-62-3,Cc1ccc(O)cc1Cl,8452b6f6a9b698bf,2
"2-methyl-1,1'-biphenyl",DTXSID10881160,643-58-3,Cc1ccccc1-c1ccccc1,37571062a3636dfe,1
2-fluoroethanol,DTXSID0059902,371-62-0,OCCF,e14a3fd9b09c558c,4
"heptanoic acid, 1,1'-anhydride",DTXSID301014661,626-27-7,CCCCCCC(=O)OC(=O)CCCCCC,b30b0e9f2216569d,10
benzhydrol,DTXSID2059015,91-01-0,OC(c1ccccc1)c1ccccc1,14c4fee58fa342c7,2
2-chloro-4-methylpyridine,DTXSID30190241,3678-62-4,Cc1ccnc(Cl)c1,0f1e3eeeb64aff02,1
"thiophene, 2,3,5-tribromo-",DTXSID8062862,3141-24-0,Brc1cc(Br)c(Br)s1,4522163bf73dd396,1
1-bromoheptadecane,DTXSID0049280,3508-00-7,CCCCCCCCCCCCCCCCCBr,197cbf86884f5380,6
1-eicosene,DTXSID1029257,3452-07-1,C=CCCCCCCCCCCCCCCCCCC,1123446fd5e7c40d,8
"1,2-dibromobenzene",DTXSID0022064,583-53-9,Brc1ccccc1Br,3eeed57c1581d0ba,1
bromodichloromethane,DTXSID1020198,75-27-4,ClC(Cl)Br,183f7d9cc570bf3e,1
2-ethyl-m-xylene,DTXSID1062675,2870-04-4,CCc1c(C)cccc1C,79b374683511a1aa,1
1-dodecyne,DTXSID4061094,765-03-7,C#CCCCCCCCCCC,127a6e5df778d445,19
benzoyl chloride,DTXSID9026631,98-88-4,O=C(Cl)c1ccccc1,4c0f2eb3d4b0a12c,1
3-bromotoluene,DTXSID3024659,591-17-3,Cc1cccc(Br)c1,a7c1bcd866d9c17b,2
4-bromophenol,DTXSID3051543,106-41-2,Oc1ccc(Br)cc1,6e46f9523943a95c,1
triphenyl phosphite,DTXSID0026252,101-02-0,c1ccc(OP(Oc2ccccc2)Oc2ccccc2)cc1,a5225cce17c8eec0,6
"1,2-dichloro-3,3,3-trifluoroprop-1-ene",DTXSID70334561,431-27-6,FC(F)(F)C(Cl)=CCl,2794139c580ff7a9,2
hexachloropropene,DTXSID7062039,1888-71-7,ClC(Cl)=C(Cl)C(Cl)(Cl)Cl,a944be5b621ba6bc,1
m-cresyl acetate,DTXSID7046041,122-46-3,CC(=O)Oc1cccc(C)c1,cd989427847bdd2b,4
"heptadecane, 2-methyl-",DTXSID3073266,1560-89-0,CCCCCCCCCCCCCCCC(C)C,e009f6ade0de83a5,9
tetraphenylethene,DTXSID1060895,632-51-9,c1ccc(C(=C(c2ccccc2)c2ccccc2)c2ccccc2)cc1,92e453b92a5c5364,2
methyl 4-methoxybenzoate,DTXSID7047645,121-98-2,COC(=O)c1ccc(OC)cc1,60e32c247f8c8b89,2
"1,2,4-tribromobenzene",DTXSID5024346,615-54-3,Brc1ccc(Br)c(Br)c1,798175a63f4b1192,1
"1,3-dimethylnaphthalene",DTXSID9060360,575-41-7,Cc1cc(C)c2ccccc2c1,2211447ea5a9d6e9,1
bromine,DTXSID1035238,7726-95-6,BrBr,78d946b973c1e6e4,1
"1,4-benzenedicarbonyl dichloride",DTXSID7026653,100-20-9,O=C(Cl)c1ccc(C(=O)Cl)cc1,df63cdb5ca9cb80c,2
"phenol, 3,5-dibromo-",DTXSID70211646,626-41-5,Oc1cc(Br)cc(Br)c1,e4b52a0d257b4c4d,1
chloramben,DTXSID2020262,133-90-4,Nc1cc(Cl)cc(C(=O)O)c1Cl,d58bb7597fa75dc4,4
sarin,DTXSID0042371,107-44-8,CC(C)OP(C)(=O)F,e638ea3843ac8f2d,5
acetal,DTXSID6030607,105-57-7,CCOC(C)OCC,5c9021b29219a75b,10
pentadecylamine,DTXSID8062529,2570-26-5,CCCCCCCCCCCCCCCN,6cef068e3c32efc9,10
5-methylhex-2-ene,DTXSID6063014,3404-62-4,CC=CCC(C)C,6521616c9cc67323,11
thianthrene,DTXSID6059071,92-85-3,c1ccc2c(c1)Sc1ccccc1S2,0bf4f36a89d007e8,1
dimethyl carbonate,DTXSID9029192,616-38-6,COC(=O)OC,6c0b794c610375c0,1
2-butylphenol,DTXSID0062898,3180-09-4,CCCCc1ccccc1O,f76d8412f62b08a3,15
2-methyl-3(2h)-furanone,DTXSID40423911,41763-99-9,CC1OC=CC1=O,40e58ea3c3967d73,2
"propane, 1,1'-[methylenebis(oxy)]bis-",DTXSID1060132,505-84-0,CCCOCOCCC,5876f55d552da3d5,8
2-methylhex-3-yne,DTXSID30871381,36566-80-0,CCC#CC(C)C,b734bcc7deaf79f0,3
,,,c1ccc(C2=C(c3ccccc3)C(c3ccccc3)C(c3ccccc3)O2)cc1,87bd886faa84f994,8
4-isopropylphenol,DTXSID5042299,99-89-8,CC(C)c1ccc(O)cc1,ee0ba5fc9093f038,2
1-propene,DTXSID5021205,115-07-1,C=CC,450801cd614edf7f,1
n-propyl nitrate,DTXSID2060834,627-13-4,CCCO[N+](=O)[O-],6b51f3c01a5215ad,8
ethyl cyanoacetate,DTXSID9026718,105-56-6,CCOC(=O)CC#N,d5aceffd71989675,6
"1-propene, 2-bromo-",DTXSID8060325,557-93-7,C=C(C)Br,1de7593b5cc1f6d4,1
nitromethane,DTXSID2020977,75-52-5,C[N+](=O)[O-],49d6b8b7bed70b1c,1
2-butyn-1-ol,DTXSID8022115,764-01-2,CC#CCO,58df25e11ce08f87,1
"1,2-chloroiodoethane",DTXSID60211458,624-70-4,ClCCI,77a627fa36244dd5,3
"2-cyclopenten-1-one, 3-phenyl-",DTXSID6063193,3810-26-2,O=C1C=C(c2ccccc2)CC1,f8aab3a46e83c419,2
"hexane, 2,2-dimethyl-",DTXSID9073200,590-73-8,CCCCC(C)(C)C,91744193c78e49cd,7
"1,2,3,4-tetrachlorobenzene",DTXSID6026088,634-66-2,Clc1ccc(Cl)c(Cl)c1Cl,7d1ae00264f6d26c,1
3-octanol,DTXSID10862252,589-98-0,CCCCCC(O)CC,7edd77ee0cb1e59e,21
"ethanol, 2-(ethylphenylamino)-",DTXSID3059056,92-50-2,CCN(CCO)c1ccccc1,6b23314bbbf81c02,15
bis(trimethylsilyl)acetylene,DTXSID3065798,14630-40-1,C[Si](C)(C)C#C[Si](C)(C)C,0d0519bae8da5d2c,3
"butanoic acid, propyl ester",DTXSID6059318,105-66-8,CCCOC(=O)CCC,cd42e61a30fa72b2,18
"1,3-dimethyl-1,3-diphenylurea",DTXSID3044964,611-92-7,CN(C(=O)N(C)c1ccccc1)c1ccccc1,957727e1939e9d25,2
"3,3'-dichlorobenzidine",DTXSID6020432,91-94-1,Nc1ccc(-c2ccc(N)c(Cl)c2)cc1Cl,8f4b92392b8ea5ea,4
1-cyanoethyl acetate,DTXSID60290945,15657-96-2,CC(=O)OC(C)C#N,dd6da56d7dc4dabb,6
cyclooctane,DTXSID9075377,292-64-8,C1CCCCCCC1,8284d7bbc884c7eb,2
octadecyne,DTXSID90212079,629-89-0,C#CCCCCCCCCCCCCCCCC,78d552f92341588f,12
1-nonylnaphthalene,DTXSID201031054,26438-26-6,CCCCCCCCCc1cccc2ccccc12,a32d984ffffdb688,10
styrene glycol,DTXSID8042422,93-56-1,OCC(O)c1ccccc1,90a7bf25553a6304,11
acetic anhydride,DTXSID0024395,108-24-7,CC(=O)OC(C)=O,4f6005f5630da402,1
"2,2,3-trimethylpentane",DTXSID60862202,564-02-3,CCC(C)C(C)(C)C,548a9722075a4df4,5
methyl o-benzoylbenzoate,DTXSID2060549,606-28-0,COC(=O)c1ccccc1C(=O)c1ccccc1,ef618dabcd263fef,6
n-chlorosuccinimide,DTXSID2042199,128-09-6,O=C1CCC(=O)N1Cl,2674cb6f402fd4b6,1
"2,4,5-trimethylaniline",DTXSID9021398,137-17-7,Cc1cc(C)c(N)cc1C,c67197fc1f9e2770,1
norbornylene,DTXSID2022042,498-66-8,C1=CC2CCC1C2,3ed1bb630f5bd8dd,1
acetaldehyde oxime,DTXSID2020004,107-29-9,CC=NO,08b14f809018e9d6,2
"2,4,5-trinitrotoluene",DTXSID40209853,610-25-3,Cc1cc([N+](=O)[O-])c([N+](=O)[O-])cc1[N+](=O)[O-],355d8c1d0a13d9c3,4
acenaphthylene,DTXSID3023845,208-96-8,C1=Cc2cccc3cccc1c23,2d1656e46e8ccd49,1
thiophene,DTXSID8026145,110-02-1,c1ccsc1,b0081a72f2b9e8fc,1
"3,3'-bipyridine",DTXSID80206821,581-46-4,c1cncc(-c2cccnc2)c1,157e8716648fbbc4,4
m-chlorotoluene,DTXSID4052841,108-41-8,Cc1cccc(Cl)c1,06c7ae2a1e4ec36b,2
,,,CC1=Nc2ccc(C)cc2C1C,7bb51eb94348945e,4
"ethene, 1,1'-oxybis-",DTXSID5074555,109-93-3,C=COC=C,a05adcdec0fccee5,3
2-chloro-5-methylphenol,DTXSID1046558,615-74-7,Cc1ccc(Cl)c(O)c1,f1aacdb34a89fddb,1
dichlorodifluoromethane,DTXSID6020436,75-71-8,FC(F)(Cl)Cl,fc9907e80fec8bee,1
dimethylnitramine,DTXSID6020519,4164-28-7,CN(C)[N+](=O)[O-],597d7bc7bc0ad2c9,1
5-methoxy-o-toluidine,DTXSID20198897,50868-72-9,COc1ccc(C)c(N)c1,a676e2b594352a2c,2
1-ethyl-4-methylcyclohexane,DTXSID00190733,3728-56-1,CCC1CCC(C)CC1,3b33d65c7a661b28,3
methacryloyl chloride,DTXSID6061280,920-46-7,C=C(C)C(=O)Cl,1b2f54c09ffa8e57,2
2-heptene,DTXSID0074718,592-77-8,CC=CCCCC,644d7de2591149de,13
methyl chlorosulphate,DTXSID10230937,812-01-1,COS(=O)(=O)Cl,9ab75a0720b9d1ea,2
n-methyl-2-pyrrolidone,DTXSID6020856,872-50-4,CN1CCCC1=O,205d3027655efe73,2
"naphthalene, 2-bromo-",DTXSID3060378,580-13-2,Brc1ccc2ccccc2c1,652015d76bbbeba6,1
"4,4'-dibromodiphenyl ether",DTXSID9024015,2050-47-7,Brc1ccc(Oc2ccc(Br)cc2)cc1,26cd89adead1225e,2
methyl n-nonanoate,DTXSID8061921,1731-84-6,CCCCCCCCC(=O)OC,78b17c3c00944850,9
2-methylbenzyl alcohol,DTXSID8059001,89-95-2,Cc1ccccc1CO,1003f4e4378f0a4f,5
"pentane, 3-bromo-",DTXSID2061987,1809-10-5,CCC(Br)CC,634188de77f60a45,7
8-chloronaphthalen-2-ol,DTXSID10871364,29921-50-4,Oc1ccc2cccc(Cl)c2c1,50f15907db8f3502,2
"butanamide, 3-methyl-",DTXSID3060249,541-46-8,CC(C)CC(N)=O,ab142e3fc15cc9af,7
"formic acid, butyl ester",DTXSID2060468,592-84-7,CCCCOC=O,aeef45a7e47c7f72,13
6-dodecanol,DTXSID60871172,6836-38-0,CCCCCCC(O)CCCCC,b4ce1eb366972f8c,14
"4,4'-oxydianiline",DTXSID0021094,101-80-4,Nc1ccc(Oc2ccc(N)cc2)cc1,4d07fdd2befbdbfe,2
picene,DTXSID8073895,213-46-7,c1ccc2c(c1)ccc1c2ccc2c3ccccc3ccc21,225ccc7d56b7bf63,1
difluoromethane,DTXSID6029597,75-10-5,FCF,68d969eed79d75e6,1
butylcyclopentane,DTXSID00174351,2040-95-1,CCCCC1CCCC1,84ebe83072ef8490,13
diethyl disulphide,DTXSID3051464,110-81-6,CCSSCC,31e160464665e4c2,8
"toluene 2,4-diisocyanate",DTXSID7026156,584-84-9,Cc1ccc(N=C=O)cc1N=C=O,ffaa120b723bc4c8,2
n-methylbenzamide,DTXSID5025570,613-93-4,CNC(=O)c1ccccc1,78701866a23bcde0,2
"1,1-difluoroethane",DTXSID0024050,75-37-6,CC(F)F,c6e715c4ff54266f,1
"2,6-dinitrotoluene",DTXSID5020528,606-20-2,Cc1c([N+](=O)[O-])cccc1[N+](=O)[O-],4651e278972e983c,1
"2-propanone, 1-chloro-1,1,3,3,3-pentafluoro-",DTXSID6073152,79-53-8,O=C(C(F)(F)F)C(F)(F)Cl,1478d4df71192c14,2
4-chlorotoluene,DTXSID8024814,106-43-4,Cc1ccc(Cl)cc1,d1e836e5d9729ced,1
"2,4,6-tribromotoluene",DTXSID60212566,6320-40-7,Cc1c(Br)cc(Br)cc1Br,deb968786b493434,1
tetradecylamine,DTXSID9040768,2016-42-4,CCCCCCCCCCCCCCN,4d760650cc0b7443,9
isoflurane,DTXSID3020752,26675-46-7,FC(F)OC(Cl)C(F)(F)F,a11119e8da6f7d0c,4
1-propoxy-2-propanol,DTXSID5029217,1569-01-3,CCCOCC(C)O,0a634a29e6f644b0,13
isoeugenol,DTXSID7022413,97-54-1,CC=Cc1ccc(O)c(OC)c1,000db19af18e148a,4
"naphthalene, 5-ethyl-1,2,3,4-tetrahydro-",DTXSID80871391,42775-75-7,CCc1cccc2c1CCCC2,0aacf440d47df980,9
trichloromethyl trichloroacetate,DTXSID20871153,6135-29-1,O=C(OC(Cl)(Cl)Cl)C(Cl)(Cl)Cl,c09b522cd1569f20,1
"1,3,5-triazine, hexahydro-1,3,5-triphenyl-",DTXSID5059032,91-78-1,c1ccc(N2CN(c3ccccc3)CN(c3ccccc3)C2)cc1,86e15bd43baf5492,6
n-methylacetamide,DTXSID0047167,79-16-3,CNC(C)=O,2a80d19ff5d81bbe,1
dimethyl ether,DTXSID8026937,115-10-6,COC,cc29b500003988ff,1
1-heptyne,DTXSID5060857,628-71-7,C#CCCCCC,3cc8830917cc1355,15
pentachlorobenzene,DTXSID7024247,608-93-5,Clc1cc(Cl)c(Cl)c(Cl)c1Cl,114d9dfc6859cb1f,1
heptylamine,DTXSID7020681,111-68-2,CCCCCCCN,60af3ffe43eccfa6,21
9-fluorenone,DTXSID6049307,486-25-9,O=C1c2ccccc2-c2ccccc21,cd2c8268eaa9fe61,1
5-​undecene,DTXSID90860877,4941-53-1,CCCCC=CCCCCC,1840a62bef4a553d,13
2-(propan-2-yl)pyridine,DTXSID10862353,644-98-4,CC(C)c1ccccn1,b255a200c5229a2e,2
3-fluorophenol,DTXSID70190684,372-20-3,Oc1cccc(F)c1,f0db2ca43a78dbd0,1
3-aminobenzonitrile,DTXSID90176905,2237-30-1,N#Cc1cccc(N)c1,e99747b573fb0af7,1
"1-heptene, 2-methyl-",DTXSID0074009,15870-10-7,C=C(C)CCCCC,a8afcc642c587243,19
thionyl chloride,DTXSID3064778,7719-09-7,O=S(Cl)Cl,45507bb085a2fda0,1
o-bromoethylbenzene,DTXSID20173402,1973-22-4,CCc1ccccc1Br,dd6583e28a412ba4,3
dichlorvos,DTXSID5020449,62-73-7,COP(=O)(OC)OC=C(Cl)Cl,399bcb1d5e5e4da7,4
isopropyl acetate,DTXSID2025478,108-21-4,CC(=O)OC(C)C,280c45857f4140b0,3
"benzene, 1-bromo-3-chloro-",DTXSID6059360,108-37-2,Clc1cccc(Br)c1,4209951503acc499,1
diisopropyl-n-nitrosamine,DTXSID20208844,601-77-4,CC(C)N(N=O)C(C)C,9792af40908a3a95,4
2-biphenylamine,DTXSID3030189,90-41-5,Nc1ccccc1-c1ccccc1,5298df577d9b2bf8,2
"ethyl 2,4-dioxovalerate",DTXSID10210476,615-79-2,CCOC(=O)C(=O)CC(C)=O,25860ce0c53f8b7e,12
1-butylnaphthalene,DTXSID801030880,1634-09-9,CCCCc1cccc2ccccc12,8ad55fc531f3e0bb,14
"benzene, 1,1'-ethylidenebis(4-chloro-",DTXSID1063069,3547-04-4,CC(c1ccc(Cl)cc1)c1ccc(Cl)cc1,2d2a5ad14d16df2c,2
7-methylindole,DTXSID60239374,933-67-5,Cc1cccc2cc[nH]c12,c071251bf41487a6,1
"1,1,2-trimethylcyclohexane",DTXSID50871181,7094-26-0,CC1CCCCC1(C)C,0f67ad235f177506,3
butanedioyl dichloride,DTXSID6060260,543-20-4,O=C(Cl)CCC(=O)Cl,96f05a316e6591ad,6
benzyl fluoride,DTXSID8059847,350-50-5,FCc1ccccc1,7fdb62149e1695dc,1
1-chloropropan-2-one,DTXSID0021547,78-95-5,CC(=O)CCl,1c7301010760f99f,3
"1h-indole, 2,3-dimethyl-",DTXSID6059027,91-55-4,Cc1[nH]c2ccccc2c1C,d5a51913d3ca7b07,1
2-nonylnaphthalene,DTXSID70210876,61886-67-7,CCCCCCCCCc1ccc2ccccc2c1,d023f93148708fba,8
dibutyl but-2-enedioate,DTXSID50859186,82807-35-0,CCCCOC(=O)C=CC(=O)OCCCC,456b0a63a6dfec18,23
3-octene,DTXSID40862260,592-98-3,CCC=CCCCC,61af69e4156fa043,17
xylitol,DTXSID7042514,87-99-0,OCC(O)C(O)C(O)CO,087bfc5538028783,5
butyl heptanoate,DTXSID9063906,5454-28-4,CCCCCCC(=O)OCCCC,492745dabb563d5b,23
"1,5-dimethylnaphthalene",DTXSID0060351,571-61-9,Cc1cccc2c(C)cccc12,f29829bc827262f8,1
"propane, 1-chloro-2,2-difluoro-",DTXSID40194811,420-99-5,CC(F)(F)CCl,682f2bd588442bdc,3
pentane-3-thiol,DTXSID70210598,616-31-9,CCC(S)CC,889c39f7c9e18702,10
decanoyl chloride,DTXSID4059413,112-13-0,CCCCCCCCCC(=O)Cl,0e3805c9eba56826,15
"pentanoic acid, hexyl ester",DTXSID3061502,1117-59-5,CCCCCCOC(=O)CCCC,6b1fdb8b678a6127,21
2-[2-(hexyloxy)ethoxy]ethanol,DTXSID4026921,112-59-4,CCCCCCOCCOCCO,047e84c4655a151a,8
3-cyclohexene-1-carboxaldehyde,DTXSID1026661,100-50-5,O=CC1CC=CCC1,137566a4f811b1f6,10
tri-o-cresyl phosphate,DTXSID6032192,78-30-8,Cc1ccccc1OP(=O)(Oc1ccccc1C)Oc1ccccc1C,9865a30394907834,18
1-chloro-4-vinylbenzene,DTXSID4061464,1073-67-2,C=Cc1ccc(Cl)cc1,5ff7dd1f29d2cd9f,1
"1,4-dimethyl-2-nitrobenzene",DTXSID2025137,89-58-7,Cc1ccc(C)c([N+](=O)[O-])c1,12146738d328c0e1,2
"1-butanol, 2-amino-",DTXSID60859935,96-20-8,CCC(N)CO,f931440f6c109cd9,5
3-methylpentane,DTXSID8052647,96-14-0,CCC(C)CC,bf195376c525dc38,8
n-ethylaniline,DTXSID1025271,103-69-5,CCNc1ccccc1,3e5bd335976ac585,3
"2,3,4-trichloroaniline",DTXSID2022098,634-67-3,Nc1ccc(Cl)c(Cl)c1Cl,8334fb2919bcaeb9,1
dimethylamine,DTXSID5024057,124-40-3,CNC,76b28e8d010087b6,1
propargyl alcohol,DTXSID5021883,107-19-7,C#CCO,1a16274e6547a036,1
diethylene glycol monobutyl ether acetate,DTXSID9027021,124-17-4,CCCCOCCOCCOC(C)=O,7418b0bf07e8c271,7
1-butanethiol,DTXSID6026824,109-79-5,CCCCS,414356108a141a0f,9
"4-penten-2-one, 4-methyl-",DTXSID4073966,3744-02-3,C=C(C)CC(C)=O,86a65351039e3b75,6
"benzene, 1,2-dichloro-3-methyl-",DTXSID0067717,32768-54-0,Cc1cccc(Cl)c1Cl,658ebcf0046a9f03,1
butanenitrile,DTXSID1026823,109-74-0,CCCC#N,a764753833868232,3
1-methylcyclopentanol,DTXSID50163295,1462-03-9,CC1(O)CCCC1,586102917aa89fbd,2
"benzene, 1-chloro-4-ethoxy-",DTXSID2060757,622-61-7,CCOc1ccc(Cl)cc1,722d3c046a00882e,3
"cyclopropane, ethyl-",DTXSID4061593,1191-96-4,CCC1CC1,d29453efb87f5677,3
chlorosulfuric acid,DTXSID1029706,7790-94-5,O=S(=O)(O)Cl,d721d96ffb975139,1
glutaric acid,DTXSID2021654,110-94-1,O=C(O)CCCC(=O)O,54ea33d106c49d4f,10
,,,CC(=O)C1=CCSC1,3eef1398fc9c3612,2
"1,3-dimethyl-4-ethylbenzene",DTXSID0061246,874-41-9,CCc1ccc(C)cc1C,82bd745c2f100ce5,5
"1-propene, 2-chloro-1,1,3,3,3-pentafluoro-",DTXSID7073305,2804-50-4,FC(F)=C(Cl)C(F)(F)F,9ecb44b462898cc8,1
benzoyl fluoride,DTXSID5060019,455-32-3,O=C(F)c1ccccc1,04fbf672d82ef1c9,1
5-decene,DTXSID00864063,19689-19-1,CCCCC=CCCCC,76f4d3dd1a8f98f5,23
chlorodifluoromethane,DTXSID6020301,75-45-6,FC(F)Cl,5f4db8b6653251d6,1
"2,6-dimethyl morpholine",DTXSID6022002,141-91-3,CC1CNCC(C)O1,1be65d80795eb97a,4
"benzene, (1,1-dimethylethoxy)-",DTXSID30216839,6669-13-2,CC(C)(C)Oc1ccccc1,f2039164b2af018d,2
"2,5-pyrrolidinedione, 1-methyl-",DTXSID40149902,1121-07-9,CN1C(=O)CCC1=O,a38f802097c1b8f5,1
"1,3-difluoro-5-nitrobenzene",DTXSID30177193,2265-94-3,O=[N+]([O-])c1cc(F)cc(F)c1,4ef9fa8851c64415,1
p-nitroanisole,DTXSID9059208,100-17-4,COc1ccc([N+](=O)[O-])cc1,234ab6a359550630,1
4-​decanol,DTXSID00870927,2051-31-2,CCCCCCC(O)CCC,d64ac1be77c253f7,8
crotonaldehyde,DTXSID8024864,4170-30-3,CC=CC=O,35ca386661f313c4,4
benzyl chloride,DTXSID0020153,100-44-7,ClCc1ccccc1,b3720ae4538d56b0,1
tetradecamethylhexasiloxane,DTXSID3059349,107-52-8,C[Si](C)(C)O[Si](C)(C)O[Si](C)(C)O[Si](C)(C)O[Si](C)(C)O[Si](C)(C)C,834744c6bf4528eb,10
2-ethylhexyl diphenyl phosphate,DTXSID1025300,1241-94-7,CCCCC(CC)COP(=O)(Oc1ccccc1)Oc1ccccc1,f6042a69b99c9194,9
"urea, n,n'-diethyl (9ci)",DTXSID90211365,623-76-7,CCNC(=O)NCC,5ead5094251ae278,3
2-amino-2-methylpropan-1-ol,DTXSID8027032,124-68-5,CC(C)(N)CO,755d114f7e82478f,5
isopropyl mercaptan,DTXSID1025481,75-33-2,CC(C)S,6b363d5f4f156328,1
"3,4-dichloronitrobenzene",DTXSID8024999,99-54-7,O=[N+]([O-])c1ccc(Cl)c(Cl)c1,9a1d765146965dd9,1
"1,4-pentadiene",DTXSID8060456,591-93-5,C=CCC=C,a08222b46cf36f03,4
"1,4-dichloro-2-iodobenzene",DTXSID80183840,29682-41-5,Clc1ccc(Cl)c(I)c1,7f38479c2ca84545,1
"pentanoic acid, 4-methyl-",DTXSID8060951,646-07-1,CC(C)CCC(=O)O,8e2aab5d452abd3e,14
"1,2,2,3-tetrachlorotetrafluoropropane",DTXSID30865482,677-68-9,FC(F)(Cl)C(Cl)(Cl)C(F)(F)Cl,411aa57185617905,6
hexamethyldisiloxane,DTXSID4026769,107-46-0,C[Si](C)(C)O[Si](C)(C)C,607149c4133a311e,1
isopropenyl acetate,DTXSID3031492,108-22-5,C=C(C)OC(C)=O,e413cdb56bfe329a,2
trichloroethenylsilane,DTXSID8026430,75-94-5,C=C[Si](Cl)(Cl)Cl,9dfc6f81512fd6cb,1
"dibutyl 2,3-dihydroxybutanedioate",DTXSID20871572,344268-32-2,CCCCOC(=O)C(O)C(O)C(=O)OCCCC,5a27774ab1488578,7
"1,2-butadiene",DTXSID5027225,590-19-2,C=C=CC,5a687b01c26afa91,1
"1,6-dibromohexane",DTXSID4044452,629-03-8,BrCCCCCCBr,c97ffff9bbb75c78,18
"1,1'-(propane-1,2-diyl)dicyclohexane",DTXSID10871389,41851-34-7,CC(CC1CCCCC1)C1CCCCC1,5fa7f8639da942bd,13
3-chloro-4-fluoroaniline,DTXSID0038754,367-21-5,Nc1ccc(F)c(Cl)c1,1ca8c2dfd2d4815f,1
"ethanone, 1-(3,4-dimethoxyphenyl)-",DTXSID4061549,1131-62-0,COc1ccc(C(C)=O)cc1OC,ee9e15bc3d348ab3,4
3-chlorophenol,DTXSID4024800,108-43-0,Oc1cccc(Cl)c1,87abcca50ff2b937,2
trichloroacetic acid,DTXSID1021378,76-03-9,O=C(O)C(Cl)(Cl)Cl,78f1e04506886891,1
methyl acetate,DTXSID4021767,79-20-9,COC(C)=O,41c825bd68d13423,1
2-ethoxynaphthalene,DTXSID2049684,93-18-5,CCOc1ccc2ccccc2c1,3e709da983df8327,5
"2,4,5-trichloronitrobenzene",DTXSID5026203,89-69-0,O=[N+]([O-])c1cc(Cl)c(Cl)cc1Cl,856d32f10bd1be60,2
1-(tert-butyl)naphthalene,DTXSID20168954,17085-91-5,CC(C)(C)c1cccc2ccccc12,094009f3f479844f,1
3-methoxyphenol,DTXSID0022012,150-19-6,COc1cccc(O)c1,8e11ded04c66372b,3
methyl nitrite,DTXSID8060795,624-91-9,CON=O,f85056c8633bd02d,1
3-ethyl-5-methylphenol,DTXSID60220101,698-71-5,CCc1cc(C)cc(O)c1,bef754645c1bf21a,8
octadec-9-enoic acid,DTXSID7048118,2027-47-6,CCCCCCCCC=CCCCCCCCC(=O)O,5398c55ae87a37aa,8
"1,2,4-trimethylcyclohexane",DTXSID60862883,2234-75-5,CC1CCC(C)C(C)C1,cca715615fcc8054,3
"1,4-dioxane",DTXSID4020533,123-91-1,C1COCCO1,df5389b3327dddc7,1
diethylene glycol diethyl ether,DTXSID3025047,112-36-7,CCOCCOCCOCC,79eaf6399cbd25c6,17
"cyclopentane, decyl-",DTXSID6074700,1795-21-7,CCCCCCCCCCC1CCCC1,666673e9fe6b81d4,16
3-ethyl-3-methylglutaric acid,DTXSID20201613,5345-01-7,CCC(C)(CC(=O)O)CC(=O)O,9bc1c7a63e9b44a9,14
1-phenylacetone,DTXSID1059280,103-79-7,CC(=O)Cc1ccccc1,ef0aa50322712501,3
1-methoxy-2-propanol,DTXSID8024284,107-98-2,COCC(C)O,56a824acd1ccecf8,9
"1,1,2-trifluoroethane",DTXSID8073182,430-66-0,FCC(F)F,2797737ae399822b,2
"p,p'-ddd",DTXSID4020373,72-54-8,Clc1ccc(C(c2ccc(Cl)cc2)C(Cl)Cl)cc1,b49d8e5be8f972bb,6
2-nitrobenzyl alcohol,DTXSID40210101,612-25-9,O=[N+]([O-])c1ccccc1CO,ce138fb0d88ccb93,5
octanoic anhydride,DTXSID70211363,623-66-5,CCCCCCCC(=O)OC(=O)CCCCCCC,9bca2206316ea32d,16
allyl cyanide,DTXSID6021905,109-75-1,C=CCC#N,24fe3cf6ac090319,3
"3,4,5-trichlorophenol",DTXSID4026212,609-19-8,Oc1cc(Cl)c(Cl)c(Cl)c1,e5f43f7339062373,1
1-decanethiol,DTXSID7059727,143-10-2,CCCCCCCCCCS,937df1e94f9cf44a,17
"2,4,6-trimethylpyridine",DTXSID1051561,108-75-8,Cc1cc(C)nc(C)c1,2d28d717d929a84c,1
"acetic acid, 2,2,2-trichloro-, methyl ester",DTXSID0060517,598-99-2,COC(=O)C(Cl)(Cl)Cl,8e59356a2d6d69e2,1
3-chloroaniline,DTXSID0024761,108-42-9,Nc1cccc(Cl)c1,e509ca37a25734c4,1
"2,7-dimethyl-2,6-octadiene",DTXSID40333960,16736-42-8,CC(C)=CCCC=C(C)C,3e8fd9fed0818ca8,8
methacrylic acid,DTXSID3025542,79-41-4,C=C(C)C(=O)O,ea54aa4249d88bc0,2
"1,2-bis(chloromethyl)benzene",DTXSID7052284,612-12-4,ClCc1ccccc1CCl,e5dfbc9d25309dc0,3
4-bromobenzophenone,DTXSID0075366,90-90-4,O=C(c1ccccc1)c1ccc(Br)cc1,e206bc17372e8447,2
"formic acid, propyl ester",DTXSID3059391,110-74-7,CCCOC=O,d04631b9cab73c5b,7
2-(t-butyl)-pyridine,DTXSID00208160,5944-41-2,CC(C)(C)c1ccccn1,4c8ff51ca2302e1c,2
cyclobutane,DTXSID2059772,287-23-0,C1CCC1,ea50055225bdea0d,1
ethyl 2-benzylideneacetoacetate,DTXSID70920524,620-80-4,CCOC(=O)C(=Cc1ccccc1)C(C)=O,619d6b37a5a3c7d1,8
"1,2,4-triaminobenzene",DTXSID70210472,615-71-4,Nc1ccc(N)c(N)c1,76c5c62b8bb15e8c,1
"benzene, 2-bromo-1,4-dimethyl-",DTXSID9060289,553-94-6,Cc1ccc(C)c(Br)c1,b3555a1cd0cfc029,2
"2,3,4,4a,9,9a-hexahydro-1h-carbazole",DTXSID60938936,1775-86-6,c1ccc2c(c1)NC1CCCCC21,137f9ebe453f7b4c,8
3-methyl-1-nitrobutane,DTXSID90211769,627-67-8,CC(C)CC[N+](=O)[O-],3c974565744120b7,9
2-phenylethanol,DTXSID9026342,60-12-8,OCCc1ccccc1,3eb0e801f878a759,6
"2,6-dimethoxyphenol",DTXSID2052607,91-10-1,COc1cccc(OC)c1O,179413b54dcb47ee,2
"3,3-dimethyl-2-butanone",DTXSID5021752,75-97-8,CC(=O)C(C)(C)C,38ba97be5ee2895b,2
3-chloro-1-propanol,DTXSID9024809,627-30-5,OCCCCl,8383eb522cc027da,11
"1,3-dimethyl-5-nitrobenzene",DTXSID7025136,99-12-7,Cc1cc(C)cc([N+](=O)[O-])c1,479f0df5d4c3ba20,3
"butane, 2,2,3-tribromo-",DTXSID70871446,62127-47-3,CC(Br)C(C)(Br)Br,4a5b679343056406,6
"heptanoic acid, pentyl ester",DTXSID3064724,7493-82-5,CCCCCCC(=O)OCCCCC,21d88488d53ffeaf,11
,,,CC12CCC3c4ccc(O)cc4CCC3C1CCC2=O,6dc3414d1afe3b1e,5
(+/-)-2-(4-chloro-2-methylphenoxy)propionic acid,DTXSID9024194,93-65-2,Cc1cc(Cl)ccc1OC(C)C(=O)O,fa06b39982b642e5,8
"benzaldehyde, 3,5-dichloro-",DTXSID2064997,10203-08-4,O=Cc1cc(Cl)cc(Cl)c1,b2ed67b6e55fc9ba,1
4-bromo-m-toluidine,DTXSID10219383,6933-10-4,Cc1cc(N)ccc1Br,b307a5519e0e6316,1
tridecanoic acid,DTXSID4021684,638-53-9,CCCCCCCCCCCCC(=O)O,b6b477077883e99d,19
"1,2-dimethylcyclopentene",DTXSID50227306,765-47-9,CC1=C(C)CCC1,13480984ed8ee239,1
nonadecylcyclohexane,DTXSID70176882,22349-03-7,CCCCCCCCCCCCCCCCCCCC1CCCCC1,e0a90c4ab77f9270,3
"cyclopentane, hexyl-",DTXSID90196224,4457-00-5,CCCCCCC1CCCC1,07be0712fc13b9e8,17
3-methylpyridine,DTXSID9021897,108-99-6,Cc1cccnc1,e65ef59efde1c5ca,1
2-ethylhexyl acetate,DTXSID8026694,103-09-3,CCCCC(CC)COC(C)=O,d914822d4f3912f9,18
5-methyl-3-heptanol,DTXSID90871286,18720-65-5,CCC(C)CC(O)CC,3a8d07a08824132d,8
cyclohexylamine,DTXSID1023996,108-91-8,NC1CCCCC1,600ceb3a8d96cbd3,2
"decane, 1-fluoro-",DTXSID5059826,334-56-5,CCCCCCCCCCF,56cee299bf82f412,22
1-octene,DTXSID6025804,111-66-0,C=CCCCCCC,b11460bb82db5564,23
n-ethylmorpholine,DTXSID5025312,100-74-3,CCN1CCOCC1,d054d6c4b6abdc6c,3
diethyl oxalate,DTXSID2044472,95-92-1,CCOC(=O)C(=O)OCC,937b6a05f6a8b738,10
"benzoic acid, 4-fluoro-, ethyl ester",DTXSID6060006,451-46-7,CCOC(=O)c1ccc(F)cc1,a8449df82a14a361,3
octyl acetate,DTXSID8044202,112-14-1,CCCCCCCCOC(C)=O,0c00f04fa7893c59,19
4-fluorophenetole,DTXSID90196643,459-26-7,CCOc1ccc(F)cc1,e5535734ca6a5ae5,3
"butane, 1,1'-[methylenebis(oxy)]bis-",DTXSID3062528,2568-90-3,CCCCOCOCCCC,6a89b82f054c26ef,12
"2-chloro-1,3-dimethylbenzene",DTXSID40218061,6781-98-2,Cc1cccc(C)c1Cl,bd434a0ca7bbe491,1
dehydroacetic acid,DTXSID6020014,520-45-6,CC(=O)C1C(=O)C=C(C)OC1=O,73fdd16b23ae1075,2
12-hydroxyoctadec-9-enoic acid,DTXSID20859274,7431-95-0,CCCCCCC(O)CC=CCCCCCCCC(=O)O,4b3bf096ea1ee2ac,4
"acetamide, n-methyl-n-(2-methylphenyl)-",DTXSID0060353,573-26-2,CC(=O)N(C)c1ccccc1C,8d843b9ce659841a,4
4-bromoisoquinoline,DTXSID00165284,1532-97-4,Brc1cncc2ccccc12,9239b2e669780135,1
methyl valerate,DTXSID9060784,624-24-8,CCCCC(=O)OC,e3bd94e253f00ca7,13
"acetamide, 2,2,2-trifluoro-",DTXSID1059868,354-38-1,NC(=O)C(F)(F)F,7afe3991692f0520,1
4-chloro-3-nitrobenzotrifluoride,DTXSID2024799,121-17-5,O=[N+]([O-])c1cc(C(F)(F)F)ccc1Cl,afc23b1abc577514,4
"1,1,1-trifluoroethane",DTXSID9042047,420-46-2,CC(F)(F)F,0625d89658c63106,1
"hexane, 1-fluoro-",DTXSID4059910,373-14-8,CCCCCCF,b777fc1066dc27a9,22
1-bromooctane,DTXSID3021938,111-83-1,CCCCCCCCBr,a3a90c3ac46c159f,21
vinyl chloride,DTXSID8021434,75-01-4,C=CCl,0e34324a9bc3a654,1
"benzene, 1-bromo-3-iodo-",DTXSID9060447,591-18-4,Brc1cccc(I)c1,13a1c405579879de,1
cyclobutanone,DTXSID9061592,1191-95-3,O=C1CCC1,e4655a213763a28d,1
2-phenylbut-3-yn-2-ol,DTXSID7021990,127-66-2,C#CC(C)(O)c1ccccc1,9369fc90bbc1039a,6
ethyl itaconate,DTXSID5062390,2409-52-1,C=C(CC(=O)OCC)C(=O)OCC,bcc056b3e2bbe4d1,21
"9,12-octadecadienoic acid",DTXSID2075059,2197-37-7,CCCCCC=CCC=CCCCCCCCC(=O)O,30d2053557865dca,7
4-isopropylcatechol,DTXSID20175643,2138-43-4,CC(C)c1ccc(O)c(O)c1,9442c2b481617496,4
styrene oxide,DTXSID2021286,96-09-3,c1ccc(C2CO2)cc1,f78709c16465f53f,2
"1,7,7-trimethyltricyclo[2.2.1.02,6]heptane",DTXSID90858714,508-32-7,CC1(C)C2CC3C(C2)C31C,95d6990a429913d5,1
"1,1,1-trichloro-2,2,2-trifluoroethane",DTXSID5027148,354-58-5,FC(F)(F)C(Cl)(Cl)Cl,2850939e327aa633,3
"3-methylbuta-1,2-diene",DTXSID00208529,598-25-4,C=C=C(C)C,dff5ef122bf4c730,1
"2,5-dimethyl-3-hexyne-2,5-diol",DTXSID2027096,142-30-3,CC(C)(O)C#CC(C)(C)O,4329a41e36ee0ab7,5
p-isopropyl-alpha-methylstyrene,DTXSID90178580,2388-14-9,C=C(C)c1ccc(C(C)C)cc1,24175691c4b4a98a,4
4-(2-methylbutan-2-yl)phenol,DTXSID8021771,80-46-6,CCC(C)(C)c1ccc(O)cc1,7b1647734c7edb56,8
"1,3-dimethylcyclohexane",DTXSID10858731,591-21-9,CC1CCCC(C)C1,061fb0ab32a1ccd8,3
pyrazole,DTXSID2059774,288-13-1,c1cn[nH]c1,73f947a34b1a596a,1
vinyl acetate,DTXSID3021431,108-05-4,C=COC(C)=O,91279a6f23903932,2
2-hexanone,DTXSID0022068,591-78-6,CCCCC(C)=O,1bc4455fead4efae,16
"ethanone, 1-phenyl-, oxime",DTXSID7060627,613-91-2,CC(=NO)c1ccccc1,1e944deafc026ddd,4
2-ethoxyethanol,DTXSID7024087,110-80-5,CCOCCO,57c74d16270ce864,11
"2,6-dimethylpyrazine",DTXSID5047619,108-50-9,Cc1cncc(C)n1,8d506ad2f1974a51,1
3-(trifluoromethyl)phenol,DTXSID7052658,98-17-9,Oc1cccc(C(F)(F)F)c1,128aa898b17ecfdd,3
"benzenamine, 4-chloro-2-methoxy-",DTXSID5059088,93-50-5,COc1cc(Cl)ccc1N,1e5ed10137b89162,1
"2,4'-dichloroacetophenone",DTXSID50239540,937-20-2,O=C(CCl)c1ccc(Cl)cc1,c2ad12f40d1e7eb4,3
"benzene, 1-ethenyl-2-methoxy-",DTXSID9060605,612-15-7,C=Cc1ccccc1OC,5f37df0a6593791d,3
4-chloroacetanilide,DTXSID0060228,539-03-7,CC(=O)Nc1ccc(Cl)cc1,d709e5d79639139a,1
2'-aminoacetophenone,DTXSID4052213,551-93-9,CC(=O)c1ccccc1N,868a3eb027d0684f,1
"pyrimidine, 5-methyl-",DTXSID2062115,2036-41-1,Cc1cncnc1,c805e6bb1d011776,1
"butanoic acid, 2-bromo-3-methyl-",DTXSID30870617,565-74-2,CC(C)C(Br)C(=O)O,a0edd427d04f07bd,11
"naphthalene, 2-butyl-",DTXSID30150401,1134-62-9,CCCCc1ccc2ccccc2c1,ee617517dead534a,14
3-methylcyclohexanol,DTXSID80870642,591-23-1,CC1CCCC(O)C1,a6ecce1ac64cd2cd,5
methylcyclopentane,DTXSID3025590,96-37-7,CC1CCCC1,47d16e770f6f2a67,1
alpha-methoxyacetophenone,DTXSID90193778,4079-52-1,COCC(=O)c1ccccc1,2e7d747133255686,6
4-bromotoluene,DTXSID7024661,106-38-7,Cc1ccc(Br)cc1,8be2e6583fd28087,1
"butanamide, n,n-dimethyl-",DTXSID5061081,760-79-2,CCCC(=O)N(C)C,83b965ac2f450fa2,8
benzyl methyl sulfide,DTXSID1061106,766-92-7,CSCc1ccccc1,8542eaab72fe365a,3
2-ethylbutyric acid,DTXSID2041418,88-09-5,CCC(CC)C(=O)O,eec8062fa2d00b2e,11
"4-methyl-1,3-dioxane",DTXSID90871827,1120-97-4,CC1CCOCO1,4a986d746ddcaeea,3
"1,1,2-trimethylcyclopentane",DTXSID50871065,4259-00-1,CC1CCCC1(C)C,29a4e43fb715d2c4,4
"1h-indole, 2-methyl-",DTXSID5059117,95-20-5,Cc1cc2ccccc2[nH]1,0fcb31bde61b0e28,1
"disiloxane, 1,3-dichloro-1,1,3,3-tetramethyl-",DTXSID6062381,2401-73-2,C[Si](C)(Cl)O[Si](C)(C)Cl,d53cd39d293d12d9,4
3-methylstyrene,DTXSID9051454,100-80-1,C=Cc1cccc(C)c1,7437f26bd69fb51f,3
cyclodecane,DTXSID7059779,293-96-9,C1CCCCCCCCC1,408591e6a4b63daa,7
"ethanol, 2-(ethylthio)-",DTXSID3059393,110-77-0,CCSCCO,53466b4c3e22518d,14
ethyl nonanoate,DTXSID1047651,123-29-5,CCCCCCCCC(=O)OCC,7a83f617b9a568f5,18
"1,3-difluorobenzene",DTXSID50190682,372-18-9,Fc1cccc(F)c1,eff7ddcd66c1f0bb,1
"benzene, 1-bromo-2-methoxy-",DTXSID4060367,578-57-4,COc1ccccc1Br,dce7cd120cf01ff3,1
"4,4'-dichlorodiphenyl ether",DTXSID90179198,2444-89-5,Clc1ccc(Oc2ccc(Cl)cc2)cc1,9c002e9444feb8c7,2
"3,3-dimethylacrylic acid",DTXSID2047145,541-47-9,CC(C)=CC(=O)O,023c82d228291d55,2
"2,4,6-tribromophenol",DTXSID6021959,118-79-6,Oc1c(Br)cc(Br)cc1Br,6ea9b18b33eaebde,1
,,,O=C(C=Cc1ccco1)c1ccccc1,0fef1b6d5ebb4065,7
tetrahydropyran,DTXSID3059719,142-68-7,C1CCOCC1,036c55b9d9bf0904,1
4-fluorobenzonitrile,DTXSID6061600,1194-02-1,N#Cc1ccc(F)cc1,3d9639e673d22147,1
"benzoic acid, 2-hydroxy-5-methyl-, methyl ester",DTXSID0066822,22717-57-3,COC(=O)c1cc(C)ccc1O,d7dac68a63a16d89,1
pentyl formate,DTXSID2047698,638-49-3,CCCCCOC=O,6bffde5a43759a45,22
3-chloro-2-methylpropene,DTXSID1020279,563-47-3,C=C(C)CCl,c0bc3fda8ce19823,3
hexadecylbenzene,DTXSID4061707,1459-09-2,CCCCCCCCCCCCCCCCc1ccccc1,b49d52b6c90fde1c,6
"2,4-dimethylpentan-2-ol",DTXSID60211534,625-06-9,CC(C)CC(C)(C)O,6064df1e9f20fc7d,8
"1-chloro-2,2-dimethylpropane",DTXSID7061069,753-89-9,CC(C)(C)CCl,5ace3abae059388b,1
p-propyltoluene,DTXSID8061470,1074-55-1,CCCc1ccc(C)cc1,1f477bded18fbefb,6
3-phenoxypropionic acid,DTXSID10221921,7170-38-9,O=C(O)CCOc1ccccc1,696a72707f3fbec8,15
3-chloro-2-methylaniline,DTXSID3024815,87-60-5,Cc1c(N)cccc1Cl,f1a3f9cfc21770d5,1
butyl ether,DTXSID1022007,142-96-1,CCCCOCCCC,8b9cc9aa6b7720ff,22
"2,3-dichloroaniline",DTXSID8040696,608-27-5,Nc1cccc(Cl)c1Cl,ff11b77b06677412,1
"1,4-dichloro-2,5-dimethylbenzene",DTXSID5044780,1124-05-6,Cc1cc(Cl)c(C)cc1Cl,c5435d27dd06c034,1
diethylene glycol dibutyl ether,DTXSID8025046,112-73-2,CCCCOCCOCCOCCCC,a2645ed5001dc005,13
n-benzylidene-4-methylaniline,DTXSID10870953,2272-45-9,Cc1ccc(N=Cc2ccccc2)cc1,202879848717a514,6
propyleneimine,DTXSID8024286,75-55-8,CC1CN1,5380537b0a613368,2
1-bromobutane,DTXSID6021903,109-65-9,CCCCBr,cd8897c9772a3455,6
chlorodifluoroacetic acid,DTXSID8058792,76-04-0,O=C(O)C(F)(F)Cl,828ce2afdb377d7a,2
tert-butylcyclohexane,DTXSID80185642,3178-22-1,CC(C)(C)C1CCCCC1,b1812ffd364fb393,5
3-nitroacetophenone,DTXSID1025722,121-89-1,CC(=O)c1cccc([N+](=O)[O-])c1,83d16effb056b2d4,2
tridecylamine,DTXSID0022199,2869-34-3,CCCCCCCCCCCCCN,6a9f5159510a94b9,13
1-methylpiperazine,DTXSID4021898,109-01-3,CN1CCNCC1,6c65dd169409d9eb,1
"1,1-dicyclohexylpropane",DTXSID20203450,54934-91-7,CCC(C1CCCCC1)C1CCCCC1,366a9bb54e50e125,2
chloroacetamide,DTXSID9041570,79-07-2,NC(=O)CCl,e0b075f06a6e6842,1
"1,3-dimethyl-4-nitrobenzene",DTXSID2025135,89-87-2,Cc1ccc([N+](=O)[O-])c(C)c1,cc40ac5401abde5a,2
1-bromo-4-nitrobenzene,DTXSID7060415,586-78-7,O=[N+]([O-])c1ccc(Br)cc1,41455103e9188192,1
"cyclohexane, 1,1'-(1,4-butanediyl)bis-",DTXSID4074722,6165-44-2,C1CCC(CCCCC2CCCCC2)CC1,6bd2f27076905390,2
"hexane, 3,3,4-trimethyl-",DTXSID10871263,16747-31-2,CCC(C)C(C)(C)CC,8118b29759eb6719,11
"quinoxaline, 1,2,3,4-tetrahydro-",DTXSID8063048,3476-89-9,c1ccc2c(c1)NCCN2,a6aa0768e77bc5e9,2
nonylamine,DTXSID7021944,112-20-9,CCCCCCCCCN,aedf04a210eccfba,19
diketene,DTXSID9027289,674-82-8,C=C1CC(=O)O1,8baa995e210bd325,1
isoprene,DTXSID2020761,78-79-5,C=CC(=C)C,3e5e38bbef139f76,3
1-ethynylcyclohexanol,DTXSID0021757,78-27-3,C#CC1(O)CCCCC1,d5d3a179c8ae437b,2
"pyrimidine, 2,4-dichloro-5-methyl-",DTXSID9061962,1780-31-0,Cc1cnc(Cl)nc1Cl,e9ef7a10db91c74b,1
"1,2-dichloroethylene",DTXSID8024991,540-59-0,ClC=CCl,058d57a89c1a8cb6,2
"benzenethiol, 4-bromo-",DTXSID8059340,106-53-6,Sc1ccc(Br)cc1,2c499c0bf2ae1d5b,1
4-fluorobiphenyl,DTXSID00186111,324-74-3,Fc1ccc(-c2ccccc2)cc1,7e9446060656e31a,2
isobutylcyclohexane,DTXSID80168374,1678-98-4,CC(C)CC1CCCCC1,a5972435bb5dd9d5,5
cyclododecane,DTXSID9021552,294-62-2,C1CCCCCCCCCCC1,2db937103f5e4f91,7
"1-nitro-2,4-difluorobenzene",DTXSID0032869,446-35-5,O=[N+]([O-])c1ccc(F)cc1F,4b793daaff712242,2
"benzaldehyde, 2-hydroxy-4-methyl-",DTXSID2074407,698-27-1,Cc1ccc(C=O)c(O)c1,cfd9044d0e3ffbc3,1
2-methylpiperazine,DTXSID1021900,109-07-9,CC1CNCCN1,eb1d20408eb2edc8,2
"3-ethyl-2,4-dimethylpentane",DTXSID10147778,1068-87-7,CCC(C(C)C)C(C)C,fc9cfb9596dc8cc2,11
"1,3-dichloropropane",DTXSID6022004,142-28-9,ClCCCCl,25ef096562c6f739,5
"1,2,4-triethylbenzene",DTXSID9075034,877-44-1,CCc1ccc(CC)c(CC)c1,a999f86344ed7488,13
tetradecan-4-ol,DTXSID20937061,1653-33-4,CCCCCCCCCCC(O)CCC,5ca3cbd9b4557605,4
"1,3-benzenediamine",DTXSID4021137,108-45-2,Nc1cccc(N)c1,515292746af43397,1
3-chlorobenzotrichloride,DTXSID6062200,2136-81-4,Clc1cccc(C(Cl)(Cl)Cl)c1,787f0167da847606,2
"benzaldehyde, 2-bromo-",DTXSID8064430,6630-33-7,O=Cc1ccccc1Br,037b526da81f8673,2
"pyrimidine, 4,6-dimethyl-",DTXSID2061777,1558-17-4,Cc1cc(C)ncn1,d195d9a942146275,1
octanal,DTXSID3021643,124-13-0,CCCCCCCC=O,4adf239709713dd5,19
ethyl benzylcarbamate,DTXSID30180849,2621-78-5,CCOC(=O)NCc1ccccc1,15cb805817d75a05,6
2-pyridinepropanol,DTXSID6062672,2859-68-9,OCCCc1ccccn1,7686c72fba4c6404,10
ethanol,DTXSID9020584,64-17-5,CCO,6d200b6f6c9553c3,1
"1,4-dibromobutane",DTXSID5044364,110-52-1,BrCCCCBr,daafeb0d1618e3c7,10
"1,2-dichloro-1,3,3,3-tetrafluoroprop-1-ene",DTXSID90334563,431-53-8,FC(Cl)=C(Cl)C(F)(F)F,d1342ab3356f103a,3
"1,7-octadiene",DTXSID6063147,3710-30-3,C=CCCCCC=C,cc12b26964bde5c4,18
metconazole,DTXSID4034497,125116-23-6,CC1(C)CCC(Cc2ccc(Cl)cc2)C1(O)Cn1cncn1,ef48406d32517747,5
1-chloro-2-methoxyethane,DTXSID6060840,627-42-9,COCCCl,e2e719a00a3cc1d5,9
hexafluoroacetone,DTXSID9043778,684-16-2,O=C(C(F)(F)F)C(F)(F)F,95f8b390d2147f87,2
4-bromostyrene,DTXSID40174330,2039-82-9,C=Cc1ccc(Br)cc1,59fd90088d52b55c,1
hexyl acetate,DTXSID6022006,142-92-7,CCCCCCOC(C)=O,97d7dd6e9647f3b6,18
difluoroacetic acid,DTXSID2059932,381-73-7,O=C(O)C(F)F,345adda877a5df75,2
"1,3-dihydroxy-5-methylbenzene",DTXSID2060123,504-15-4,Cc1cc(O)cc(O)c1,c22665f6bab96ceb,2
2-chloropentane,DTXSID90870714,625-29-6,CCCC(C)Cl,082450e73edf5c13,15
"3,3'-dimethoxy-1,1'-biphenyl",DTXSID40210626,6161-50-8,COc1cccc(-c2cccc(OC)c2)c1,ffec1a6918752ef6,8
5-bromo-2-furaldehyde,DTXSID40344910,1899-24-7,O=Cc1ccc(Br)o1,6a7ccda86a586339,2
"1-phenyl-4,5-dihydro-1h-pyrazole",DTXSID30343412,936-53-8,C1=NN(c2ccccc2)CC1,b3f064c17cd55ef4,1
"2-methyl-2,4-pentanediol",DTXSID5021885,107-41-5,CC(O)CC(C)(C)O,acf42665c5f4a727,3
3-methyl-2-butanone,DTXSID0022062,563-80-4,CC(=O)C(C)C,c977b423dea8ed35,4
"1,2,3-trimethylcyclopentane",DTXSID40864648,2815-57-8,CC1CCC(C)C1C,cc1eb57059c22423,6
octanamide,DTXSID4060862,629-01-6,CCCCCCCC(N)=O,16b8bfd4d886b4e0,20
cyclohexanepropionic acid,DTXSID6061028,701-97-3,O=C(O)CCC1CCCCC1,59d51ff06d181494,4
"1,2,4,5-tetrakis(1-methylethyl)benzene",DTXSID90870739,635-11-0,CC(C)c1cc(C(C)C)c(C(C)C)cc1C(C)C,941de9a48858f345,5
"2,3-dihydroxybenzaldehyde",DTXSID90179411,24677-78-9,O=Cc1cccc(O)c1O,0e6ef648cc1a430e,1
,,,COC(=O)C=CC(=O)OC,f333e2fa020da716,3
4-prop-1-enylveratrole,DTXSID0052621,93-16-3,CC=Cc1ccc(OC)c(OC)c1,f01ad21c866cb952,7
cyclohexane,DTXSID4021923,110-82-7,C1CCCCC1,a8257dbcc37f9512,1
2-ketoisovaleric acid,DTXSID6061078,759-05-7,CC(C)C(=O)C(=O)O,8bdafba970b4e39d,7
,,,CC1CN(C)c2ccccc21,23b405745c17444d,4
"n,n-diethylnicotinamide",DTXSID9046524,59-26-7,CCN(CC)C(=O)c1cccnc1,adbd6ea95f122f59,11
methyl chlorocarbonate,DTXSID0024185,79-22-1,COC(=O)Cl,83d5b5a05da92473,1
"propane, 1,2-dibromo-2-methyl-",DTXSID60862262,594-34-3,CC(C)(Br)CBr,0b8c381d7c53d5e5,1
"1,7-heptanediol",DTXSID90212074,629-30-1,OCCCCCCCO,f9c233d5cd026209,9
triaziquone,DTXSID1021370,68-76-8,O=C1C=C(N2CC2)C(=O)C(N2CC2)=C1N1CC1,ca62e398acaa1f27,6
3-methoxypropionitrile,DTXSID3026851,110-67-8,COCCC#N,6cf2491bc7eb5a73,7
2-​hexanol,DTXSID30893088,626-93-7,CCCCC(C)O,bb59870c709d9a20,9
octahydro-1h-indene,DTXSID40870562,496-10-6,C1CCC2CCCC2C1,c5750caf1bb1b5db,3
p-isopropylstyrene,DTXSID40174552,2055-40-5,C=Cc1ccc(C(C)C)cc1,bb535b88ec0647cc,2
ethanolamine,DTXSID6022000,141-43-5,NCCO,1b2d8bff4479ef52,4
propenylbenzene,DTXSID2060919,637-50-3,CC=Cc1ccccc1,56df395367776a9b,3
methyl methanesulfonate,DTXSID7020845,66-27-3,COS(C)(=O)=O,a4e90a6a4f3d19b5,1
"2,4,4-trimethyl-2-pentene",DTXSID9026766,107-40-4,CC(C)=CC(C)(C)C,54569060121ae43f,2
"2,3,3-trimethylhexane",DTXSID30168288,16747-28-7,CCCC(C)(C)C(C)C,9021f28983275a3a,9
"benzene, 1,2-dichloro-4-(chloromethyl)-",DTXSID9059252,102-47-6,ClCc1ccc(Cl)c(Cl)c1,1cfe414997538b7d,2
1-phenylpyrrole,DTXSID60212905,635-90-5,c1ccc(-n2cccc2)cc1,25a98058896a2aaa,1
"phenol, 4-(1,1-dimethylethyl)-2,6-dimethyl-",DTXSID4061254,879-97-0,Cc1cc(C(C)(C)C)cc(C)c1O,6afaaebd40a36451,2
"phenol, 4-cyclohexyl-",DTXSID50862559,1131-60-8,Oc1ccc(C2CCCCC2)cc1,eb69c359d7ae94ba,1
decanoic acid,DTXSID9021554,334-48-5,CCCCCCCCCC(=O)O,e73a56617fbd2e09,21
triethanolamine,DTXSID9021392,102-71-6,OCCN(CCO)CCO,09c52eb4fe3eab22,1
n-butyl-1-butanamine,DTXSID7024952,111-92-2,CCCCNCCCC,0767091f5735f640,18
benzylidene diacetate,DTXSID60206824,581-55-5,CC(=O)OC(OC(C)=O)c1ccccc1,91d054fdf3c71914,7
"chrysene, octadecahydro-",DTXSID90870936,2090-14-4,C1CCC2C(C1)CCC1C3CCCCC3CCC21,fd88a8e79063a4da,2
4-methylorcinol,DTXSID40200663,527-55-9,Cc1cc(O)cc(O)c1C,e765a6cc081e7ae5,2
p-tolyl benzoate,DTXSID6060632,614-34-6,Cc1ccc(OC(=O)c2ccccc2)cc1,a64bbaafc0c455c4,4
"3,4-hexanedione",DTXSID3047681,4437-51-8,CCC(=O)C(=O)CC,83e58da4aa8d4469,5
"2,6-dimethylaniline",DTXSID8026307,87-62-7,Cc1cccc(C)c1N,a98d9720ce2f8c5a,1
"2,2-dimethylbutane",DTXSID4025111,75-83-2,CCC(C)(C)C,6239260fb698430e,1
n-undecylbenzene,DTXSID3029281,6742-54-7,CCCCCCCCCCCc1ccccc1,7e6187bdcbda9dea,17
nonanoyl chloride,DTXSID3042215,764-85-2,CCCCCCCCC(=O)Cl,055bc879b86b92f7,22
dimethyl phthalate,DTXSID3022455,131-11-3,COC(=O)c1ccccc1C(=O)OC,39fb84c705c35304,6
3-chloropropionitrile,DTXSID4030336,542-76-7,N#CCCCl,f72cd39285f1f52d,3
1-dodecanol,DTXSID5026918,112-53-8,CCCCCCCCCCCCO,29eed7f1ad6d53d7,10
tetrachloroethylene,DTXSID2021319,127-18-4,ClC(Cl)=C(Cl)Cl,b159d915f6c8a670,1
diethanolamine,DTXSID3021932,111-42-2,OCCNCCO,f8d4f47bf863173e,6
"propanoic acid, 2-methyl-, methyl ester",DTXSID5060275,547-63-7,COC(=O)C(C)C,84db53a5b79ca052,3
"2,6-di-tert-butylphenol",DTXSID6027052,128-39-2,CC(C)(C)c1cccc(C(C)(C)C)c1O,da04efd3b72aec76,2
"1,6-hexanediol",DTXSID1027265,629-11-8,OCCCCCCO,71c1dee9dd2d22a1,16
"benzene, 1-chloro-4-methoxy-",DTXSID1060764,623-12-1,COc1ccc(Cl)cc1,485a3e656ead05ee,1
"2,5-furandione",DTXSID7024166,108-31-6,O=C1C=CC(=O)O1,a8cc8bd6220ad051,1
3-methoxyaniline,DTXSID8024529,536-90-3,COc1cccc(N)c1,6f0acf424bec56f4,2
"2,5-dichlorobenzoic acid",DTXSID5024978,50-79-3,O=C(O)c1cc(Cl)ccc1Cl,e5300f043f84969a,4
2-cyclohexen-1-one,DTXSID1024881,930-68-7,O=C1C=CCCC1,78bc67ac5e7fb02a,2
"ethanedioic acid, dimethyl ester",DTXSID9060287,553-90-2,COC(=O)C(=O)OC,156204053dcdb333,3
n-decylbenzene,DTXSID5051529,104-72-3,CCCCCCCCCCc1ccccc1,26bd63c8551a79aa,12
"3,4-diaminotoluene",DTXSID9024930,496-72-0,Cc1ccc(N)c(N)c1,e01e1a00718d7bc6,2
tetrabromothiophene,DTXSID40192695,3958-03-0,Brc1sc(Br)c(Br)c1Br,7e1c2e2c67ae2f77,1
propanedinitrile,DTXSID6021907,109-77-3,N#CCC#N,913d3279ad47e4eb,1
o-terphenyl,DTXSID1049697,84-15-1,c1ccc(-c2ccccc2-c2ccccc2)cc1,dd8fcea41533b5da,2
beta-terpineol,DTXSID7041209,138-87-4,C=C(C)C1CCC(C)(O)CC1,feaae45af5d431ca,4
"2,3,4-trichlorotoluene",DTXSID60223778,7359-72-0,Cc1ccc(Cl)c(Cl)c1Cl,a319d0349902646e,1
"benzoic acid, 3-nitro-, ethyl ester",DTXSID0060692,618-98-4,CCOC(=O)c1cccc([N+](=O)[O-])c1,8e7044ba9de34b3a,6
"beta,beta'-dinaphthylamine",DTXSID80201255,532-18-3,c1ccc2cc(Nc3ccc4ccccc4c3)ccc2c1,2bc633980f642161,6
3-aminopropanol,DTXSID0059746,156-87-6,NCCCO,cb0c5fbe0d72387f,8
"2-butene, 2,3-dimethyl-",DTXSID2060339,563-79-1,CC(C)=C(C)C,2300b903e42ef9ab,2
butanoic anhydride,DTXSID8026729,106-31-0,CCCC(=O)OC(=O)CCC,9997d7b4972ec8e6,14
"1,1-dichlorotetrafluoroethane",DTXSID9027150,374-07-2,FC(F)(F)C(F)(Cl)Cl,9d894b148b1190cc,1
"1,2-dibromo-1-chloro-1,2,2-trifluoroethane",DTXSID60861891,354-51-8,FC(F)(Br)C(F)(Cl)Br,2a847a315650d470,6
"1,4-bis(bromomethyl)benzene",DTXSID6060767,623-24-5,BrCc1ccc(CBr)cc1,58bdc9821a29af0a,2
"2-ethyl-2-methylpropane-1,3-diol",DTXSID20227813,77-84-9,CCC(C)(CO)CO,808dc57ed886042b,13
,,,Oc1ccccn1,af55c4699263284b,1
2-ethylnaphthalene,DTXSID9061330,939-27-5,CCc1ccc2ccccc2c1,fe7787f01effd42b,2
toluene,DTXSID7021360,108-88-3,Cc1ccccc1,362ae0fac2b581ac,1
diethylenetriamine,DTXSID2025050,111-40-0,NCCNCCN,398c6b9c3ddf5492,7
"1,2-epoxybutane",DTXSID6020569,106-88-7,CCC1CO1,b88a3e5f927db678,6
triacetin,DTXSID3026691,102-76-1,CC(=O)OCC(COC(C)=O)OC(C)=O,f62a7f3ea7312a8d,17
2-methyl-2-butanol,DTXSID0041436,75-85-4,CCC(C)(C)O,7c17c3e49dea2a64,4
diethyl hexanedioate,DTXSID2021999,141-28-6,CCOC(=O)CCCCC(=O)OCC,6aee1f6dee443094,16
2-methylpentanedinitrile,DTXSID4025612,4553-62-2,CC(C#N)CCC#N,a9731ae80e28526c,10
3-methylbut-1-yne,DTXSID40208528,598-23-2,C#CC(C)C,ebe8ed5b512c1395,1
triethyl phosphate,DTXSID8026228,78-40-0,CCOP(=O)(OCC)OCC,e3a1b8c319344477,17
dimethachlor,DTXSID3058111,50563-36-5,COCCN(C(=O)CCl)c1c(C)cccc1C,b76488cb30dcf8f4,3
pseudopelletierine,DTXSID20870606,552-70-5,CN1C2CCCC1CC(=O)C2,419765de2141a26d,2
diethyl ether,DTXSID3021720,60-29-7,CCOCC,e91e6934ce2d2423,5
hexyl hexanoate,DTXSID3047552,6378-65-0,CCCCCCOC(=O)CCCCC,1c5bdd929add8e44,19
pentyl mercaptan,DTXSID9041605,110-66-7,CCCCCS,a2ecfce229ce5550,18
nonanal,DTXSID9021639,124-19-6,CCCCCCCCC=O,c1d5a7d1009aa6c4,20
fartox,DTXSID2021105,82-68-8,O=[N+]([O-])c1c(Cl)c(Cl)c(Cl)c(Cl)c1Cl,65ee9b87ed35d83b,1
4-acetylpyridine,DTXSID0022147,1122-54-9,CC(=O)c1ccncc1,e31b8f2c47aa07b3,1
tetrahydrofuran,DTXSID1021328,109-99-9,C1CCOC1,310c3285a824a8ea,2
o-xylene,DTXSID3021807,95-47-6,Cc1ccccc1C,9ee617980d7ea491,1
ethyl propionate,DTXSID1040110,105-37-3,CCOC(=O)CC,e14a1dda93a09fb3,9
methyl fluoroacetate,DTXSID3073185,453-18-9,COC(=O)CF,91d529d2aa6576bb,2
glutaric anhydride,DTXSID5044362,108-55-4,O=C1CCCC(=O)O1,61bd5f8ba13ffe90,1
p-cymene,DTXSID3026645,99-87-6,Cc1ccc(C(C)C)cc1,c69b2e6308b0c908,2
p-di-tert-butylbenzene,DTXSID4061410,1012-72-2,CC(C)(C)c1ccc(C(C)(C)C)cc1,26c1880cc338770e,2
2-ethylpyridine,DTXSID4021844,100-71-0,CCc1ccccn1,30a85b3206947fa5,2
4-benzylphenol,DTXSID9047962,101-53-1,Oc1ccc(Cc2ccccc2)cc1,262e08a3eb6b0540,5
valeronitrile,DTXSID3026275,110-59-8,CCCCC#N,3431ea0a244e1a5c,6
o-chloroanisole,DTXSID1061104,766-51-8,COc1ccccc1Cl,32cdd0f72029de35,1
"benzene, 1,1'-(1,4-butanediyl)bis- (9ci)",DTXSID60148492,1083-56-3,c1ccc(CCCCc2ccccc2)cc1,403762028f791576,11
1-nitrobutane,DTXSID8020967,627-05-4,CCCC[N+](=O)[O-],7ef3cd12f9d9b4ae,8
4-methylimidazole,DTXSID9025617,822-36-6,Cc1c[nH]cn1,feec9d7bc8785497,1
"1,1-difluoro-2,2-dichloroethylene",DTXSID6073150,79-35-6,FC(F)=C(Cl)Cl,b1aa8af7f0790f72,1
"benzenamine, 3-phenoxy-",DTXSID8063092,3586-12-7,Nc1cccc(Oc2ccccc2)c1,2007f38eab1dc417,4
"1,1,1-trichloro-2,2,3,3,3-pentafluoropropane",DTXSID20863351,4259-43-2,FC(F)(F)C(F)(F)C(Cl)(Cl)Cl,73cc7d4c9556f645,1
p-bromoclorobenzene,DTXSID4059338,106-39-8,Clc1ccc(Br)cc1,bcc2a8b16b34ce66,1
"thiophene, tetrahydro-3-methyl-, 1,1-dioxide",DTXSID40870789,872-93-5,CC1CCS(=O)(=O)C1,9a075aac619365f3,4
4-phenylbutyric acid,DTXSID2037631,1821-12-1,O=C(O)CCCc1ccccc1,601ac972658d30b8,13
"1,2,4-triacetoxybenzene",DTXSID60873914,613-03-6,CC(=O)Oc1ccc(OC(C)=O)c(OC(C)=O)c1,9ce03d10462b4d4e,9
"4,6-dinitro-o-cresol",DTXSID1022053,534-52-1,Cc1cc([N+](=O)[O-])cc([N+](=O)[O-])c1O,5847dcc3ccb51a60,1
cyclooctanone,DTXSID3060114,502-49-8,O=C1CCCCCCC1,ca59075a1305e58a,4
benzal chloride,DTXSID6025014,98-87-3,ClC(Cl)c1ccccc1,85c5842e67c98724,1
n-methylphthalimide,DTXSID5027198,550-44-7,CN1C(=O)c2ccccc2C1=O,3a678895e3f2fbca,1
"heptane, 1-fluoro-",DTXSID7060964,661-11-0,CCCCCCCF,e3d7422eabf77323,20
4-chloro-3-methylphenol,DTXSID4021717,59-50-7,Cc1cc(O)ccc1Cl,24fc505a2504d432,2
"benzonitrile, 2-(chloromethyl)- (9ci)",DTXSID70210098,612-13-5,N#Cc1ccccc1CCl,82c321f588bfe06d,2
"2,5-dinitrotoluene",DTXSID8027248,619-15-8,Cc1cc([N+](=O)[O-])ccc1[N+](=O)[O-],6d5e5eff4a84009f,2
"propane, 2-iodo-2-methyl-",DTXSID3060328,558-17-8,CC(C)(C)I,d62167a888c39841,1
octanophenone,DTXSID5061871,1674-37-9,CCCCCCCC(=O)c1ccccc1,9c9622162aa1e479,17
2-morpholinoethylamine,DTXSID4044408,2038-03-1,NCCN1CCOCC1,eddade70c3502469,5
pinacolyl alcohol,DTXSID10861947,464-07-3,CC(O)C(C)(C)C,df79f90136ded09a,4
"2,3-butanedione",DTXSID6021583,431-03-8,CC(=O)C(C)=O,de98d0f75f4144be,1
"n,n-diethylethanolamine",DTXSID5021837,100-37-8,CCN(CC)CCO,9c5bdceb70b037d7,6
bis-(2-chloroethyl)sulfide,DTXSID0037100,505-60-2,ClCCSCCCl,8fce3ed8d8696c58,10
1-nitro-3-(trifluoromethyl)benzene,DTXSID9025794,98-46-4,O=[N+]([O-])c1cccc(C(F)(F)F)c1,c3fc3bbe4b410a6f,2
"n,n-dimethylethylamine",DTXSID4027232,598-56-1,CCN(C)C,23c9541bbf839817,3
butyrophenone,DTXSID3047059,495-40-9,CCCC(=O)c1ccccc1,ed564edb2e1aa7dd,8
"propanamide, n,n-dimethyl-",DTXSID1061077,758-96-3,CCC(=O)N(C)C,1731740151d2e9ec,3
camphene,DTXSID8026488,79-92-5,C=C1C2CCC(C2)C1(C)C,5dd7b10106a0a18a,2
"isoquinoline, 3-methyl-",DTXSID2075180,1125-80-0,Cc1cc2ccccc2cn1,9d0cbea49debdd58,1
"1,4-diazabicyclo[2.2.2]octane",DTXSID0022016,280-57-9,C1CN2CCN1CC2,276c681d8e74b2f7,2
"3,5-dimethylpyridine",DTXSID5052254,591-22-0,Cc1cncc(C)c1,b94f0d09eaa5d91e,2
(1-bromopropan-2-yl)benzene,DTXSID50870876,1459-00-3,CC(CBr)c1ccccc1,350b72a2804f6e06,6
"1,4-cyclooctadiene",DTXSID50870836,1073-07-0,C1=CCCCC=CC1,979859651898d362,3
3-phenylprop-2-enal,DTXSID1024835,104-55-2,O=CC=Cc1ccccc1,feb3cd0f77615573,2
beta-propiolactone,DTXSID8021197,57-57-8,O=C1CCO1,95c25546c479ba66,1
1-(4-methylphenyl)-2-phenyldiazene,DTXSID90870815,949-87-1,Cc1ccc(N=Nc2ccccc2)cc1,4f119a2eeb40becf,5
"1-trifluoromethyl-2,3,4,5,6-pentafluorobenzene",DTXSID1059993,434-64-0,Fc1c(F)c(F)c(C(F)(F)F)c(F)c1F,be456c286d54247e,1
3-methylhexane,DTXSID3044334,589-34-4,CCCC(C)CC,a7992687f6c1128c,15
"1,1-dichloro-2-methoxy-2-oxoethane",DTXSID2059433,116-54-1,COC(=O)C(Cl)Cl,0416c59b9a6567b1,3
"n,n',n'-trimethylurea",DTXSID80212548,632-14-4,CNC(=O)N(C)C,a693b993c3471739,2
"6-tert-butyl-2,4-xylenol",DTXSID6041551,1879-09-0,Cc1cc(C)c(O)c(C(C)(C)C)c1,25cb615d029bc6b1,1
"1,2-dimethylhydrazine",DTXSID0041228,540-73-8,CNNC,a6350b917541d024,3
1-(cyclohex-1-en-1-yl)ethan-1-one,DTXSID50862478,932-66-1,CC(=O)C1=CCCCC1,063618d212b9f951,4
2-methylcyclopentanone,DTXSID50862554,1120-72-5,CC1CCCC1=O,b8e7c2bd5e9ceefa,4
5-nitro-2-furaldehyde,DTXSID30220097,698-63-5,O=Cc1ccc([N+](=O)[O-])o1,79b870cd406c3236,2
2-methoxy-6-(1-propenyl)phenol,DTXSID10870837,1076-55-7,CC=Cc1cccc(OC)c1O,70ca49cf6318f200,4
pyrrolidine,DTXSID3059559,123-75-1,C1CCNC1,bb1b65360b202a70,1
diethyl pimelate,DTXSID30174485,2050-20-6,CCOC(=O)CCCCCC(=O)OCC,2c6ebe78ae77e902,15
styrene,DTXSID2021284,100-42-5,C=Cc1ccccc1,6c8e3f29c6029cb8,1
1-(2-methoxyphenyl)ethan-1-ol,DTXSID90871221,13513-82-1,COc1ccccc1C(C)O,4246bc3d69e1b6ec,4
"2,2,2-trichloroacetamide",DTXSID5021671,594-65-0,NC(=O)C(Cl)(Cl)Cl,dc6eed1be8a5ae4b,1
o-(trifluoromethyl)aniline,DTXSID7058961,88-17-5,Nc1ccccc1C(F)(F)F,f06d9451cf3cb772,1
methyl 2-aminobenzoate,DTXSID6025567,134-20-3,COC(=O)c1ccccc1N,68fe0d948a9fbe2c,1
"1,1-diphenylethane",DTXSID6041218,612-00-0,CC(c1ccccc1)c1ccccc1,f0b2c0868dceb031,2
1-bromo-4-fluorobenzene,DTXSID4027153,460-00-4,Fc1ccc(Br)cc1,c9ec02fe7e42e9e1,1
tert-butylamine,DTXSID5024681,75-64-9,CC(C)(C)N,5c163097f4cc5a0f,1
nitrobenzene,DTXSID3020964,98-95-3,O=[N+]([O-])c1ccccc1,fcf24cbec3204596,1
"1,2-dibromo-3,4,5,6-tetrafluorobenzene",DTXSID50231968,827-08-7,Fc1c(F)c(F)c(Br)c(Br)c1F,73f1964c4cdfbe56,1
pebulate,DTXSID8021199,1114-71-2,CCCCN(CC)C(=O)SCCC,cc5d5ee7bfceee60,22
isobutyl salicylate,DTXSID3047186,87-19-4,CC(C)COC(=O)c1ccccc1O,9fe03b9164d2dd04,4
3-cyclohexene-1-carboxylic acid,DTXSID40871099,4771-80-6,O=C(O)C1CC=CCC1,5ab22a049e1b0f48,5
"3,5-dibromopyridine",DTXSID3073921,625-92-3,Brc1cncc(Br)c1,998d7e3b735b93b8,1
o-fluorophenatole,DTXSID7075345,451-80-9,CCOc1ccccc1F,ec7c9a8d0bbf44a6,5
"cyclopentane, chloro-",DTXSID7061306,930-28-9,ClC1CCCC1,e2a81a7a4d311730,2
"1,3-propanediol",DTXSID8041246,504-63-2,OCCCO,01e52659fecbc328,6
butanoic acid,DTXSID8021515,107-92-6,CCCC(=O)O,d624b738d1acadb3,6
dimethylaminoethanol,DTXSID2020505,108-01-0,CN(C)CCO,298a886f1790f04f,6
2-pentanyl acetate,DTXSID8052306,626-38-0,CCCC(C)OC(C)=O,6433a970105b618f,18
3-pentanol,DTXSID8060400,584-02-1,CCC(O)CC,04d073caa5a9191f,11
4-tert-butylcatechol,DTXSID5024687,98-29-3,CC(C)(C)c1ccc(O)c(O)c1,debc3b1cbd788a8b,4
"2,2-dimethylbutanoic acid",DTXSID0032811,595-37-9,CCC(C)(C)C(=O)O,4cc748e6327120f8,7
"ethane, 1-bromo-2-iodo-",DTXSID60207735,590-16-9,BrCCI,a16b40189e0d1b91,3
allyl bromide,DTXSID8024442,106-95-6,C=CCBr,d61b3c64a86bfb24,3
hexaethyldisiloxane,DTXSID1061362,994-49-0,CC[Si](CC)(CC)O[Si](CC)(CC)CC,3c0dd7b873a068d3,25
5-nonanone,DTXSID7022045,502-56-7,CCCCC(=O)CCCC,be43941992c73dd0,23
cyclohexyl acetate,DTXSID6052299,622-45-7,CC(=O)OC1CCCCC1,306dc4c5f7718434,3
3-hexenoic acid,DTXSID5063362,4219-24-3,CCC=CCC(=O)O,0337a5e13176c58b,11
trichlorofluoromethane,DTXSID5021384,75-69-4,FC(Cl)(Cl)Cl,df998004a9f4e4a5,1
n-cyclohexylformamide,DTXSID40227416,766-93-8,O=CNC1CCCCC1,57ca597b0fffd971,3
di-tert-butyl ether,DTXSID80210645,6163-66-2,CC(C)(C)OC(C)(C)C,a15904f75d740f82,2
"benzene, 1-ethyl-3-(1-methylethyl)-",DTXSID0074712,4920-99-4,CCc1cccc(C(C)C)c1,9f733cb2762dbcff,4
,,,N#CC=CC#N,3d7a38ab7d9b8792,2
"2,3-dichlorobutane",DTXSID8021565,7581-97-7,CC(Cl)C(C)Cl,655cd399d6ba8d03,7
7-methylquinoline,DTXSID5025657,612-60-2,Cc1ccc2cccnc2c1,5670fc36f65b6c96,1
"2,4-dichlorophenoxybutyric acid",DTXSID7024035,94-82-6,O=C(O)CCCOc1ccc(Cl)cc1Cl,90d8b8f0a86bdf7c,9
"benzene, (propylthio)- (9ci)",DTXSID60236328,874-79-3,CCCSc1ccccc1,1d24625dbf53a0f0,10
"1,5-pentanediol",DTXSID2041256,111-29-5,OCCCCCO,a114abb7dffd88b9,16
2-hydroxyphenylacetic acid,DTXSID1060633,614-75-5,O=C(O)Cc1ccccc1O,4dd4199534d6c4b8,6
phenylhydrazine,DTXSID8021147,100-63-0,NNc1ccccc1,789565fcb96e8bea,3
6-chlorothymol,DTXSID2041547,89-68-9,Cc1cc(O)c(C(C)C)cc1Cl,e30037bbb5b293d8,5
p-fluoroiodobenzene,DTXSID7059854,352-34-1,Fc1ccc(I)cc1,d8be5aff2bdd4b2f,1
divinylacetylene,DTXSID70231561,821-08-9,C=CC#CC=C,08f96601d0adcdb6,2
benzenepropanenitrile,DTXSID4060949,645-59-0,N#CCCc1ccccc1,09174d7869a64913,3
trimethoxymethane,DTXSID7027122,149-73-5,COC(OC)OC,db7acc25874cbb29,3
2-aminobenzenemethanol,DTXSID6063800,5344-90-1,Nc1ccccc1CO,75b14c97b76bcfc8,4
dimethylcarbamoyl chloride,DTXSID1020512,79-44-7,CN(C)C(=O)Cl,3a4e7043e2b774db,1
1-cyclohexenecarboxylic acid,DTXSID20212981,636-82-8,O=C(O)C1=CCCCC1,cf97890100098a35,4
4-isopropyl-o-cresol,DTXSID80169745,1740-97-2,Cc1cc(C(C)C)ccc1O,048245ccf6a9377b,4
butane,DTXSID7024665,106-97-8,CCCC,02d0bf4d52532098,3
"2,6-dimethyl-4-heptanol",DTXSID8026802,108-82-7,CC(C)CC(O)CC(C)C,cbad5cbc3125054e,6
"cyclohexane, 1,1'-(2-methyl-1,3-propanediyl)bis-",DTXSID60183020,2883-08-1,CC(CC1CCCCC1)CC1CCCCC1,fff8a5f57abf2e15,1
"ethanone, 1-(3-methyl-1-piperidinyl)-",DTXSID00871090,4593-16-2,CC(=O)N1CCCC(C)C1,b553187a9cae283d,3
"1,4-cyclohexadiene",DTXSID0060854,628-41-1,C1=CCC=CC1,7afd14f60fcee5f3,1
"1,1':3',1''-terphenyl, 5'-phenyl-",DTXSID9073917,612-71-5,c1ccc(-c2cc(-c3ccccc3)cc(-c3ccccc3)c2)cc1,afc80b1110657b93,4
2-butene,DTXSID1026748,107-01-7,CC=CC,e48ee5f714ba8c2f,2
"4,4'-dichlorobenzophenone",DTXSID3037626,90-98-2,O=C(c1ccc(Cl)cc1)c1ccc(Cl)cc1,f97ed5c2999af254,2
methyl ethyl ketone,DTXSID3021516,78-93-3,CCC(C)=O,488fe1b5f06adfdc,3
1-bromo-2-methylpropane,DTXSID1052539,78-77-3,CC(C)CBr,2c658c76270b7ec9,3
"2,2,4,6,6-pentamethylheptane",DTXSID0042034,13475-82-6,CC(CC(C)(C)C)CC(C)(C)C,21ef983f44a0b889,8
"1,1,1,2,2,3,3-heptachloropropane",DTXSID50208130,594-89-8,ClC(Cl)C(Cl)(Cl)C(Cl)(Cl)Cl,60061cda848abc47,3
"1,3-dimethoxybenzene",DTXSID2047060,151-10-0,COc1cccc(OC)c1,4ef41716240e2ff1,3
"butane, 1,1'-sulfonylbis-",DTXSID1060502,598-04-9,CCCCS(=O)(=O)CCCC,14e242e12451a6f6,22
dibutyl ethanedioate,DTXSID7041916,2050-60-4,CCCCOC(=O)C(=O)OCCCC,39c61c4e2dedc62f,21
2-bromochlorobenzene,DTXSID30870758,694-80-4,Clc1ccccc1Br,8291e909662ca4de,1
3-methylheptane,DTXSID90862250,589-81-1,CCCCC(C)CC,9b32ec09d60f043a,20
"1,2-dichloro-1,1,2,2-tetrafluoroethane",DTXSID8026434,76-14-2,FC(F)(Cl)C(F)(F)Cl,49e316d339bc53e5,3
"2,4-dinitrotoluene",DTXSID0020529,121-14-2,Cc1ccc([N+](=O)[O-])cc1[N+](=O)[O-],ae6b0a1b83d7a2a1,2
11h-benzo[a]fluorene,DTXSID3075204,238-84-6,c1ccc2c(c1)Cc1c-2ccc2ccccc12,2f85a4dc7235a311,1
ethyl(2-naphthyl)amine,DTXSID70179111,2437-03-8,CCNc1ccc2ccccc2c1,31b656aa06b75d13,6
dimethylbutadiene,DTXSID2022046,513-81-5,C=C(C)C(=C)C,35482156836f4c53,3
"1,2-dichlorohexafluorocyclopentene",DTXSID0061038,706-79-6,FC1(F)C(Cl)=C(Cl)C(F)(F)C1(F)F,9191b3cbb8a700b0,1
2-methylheptan-6-ol,DTXSID60871096,4730-22-7,CC(C)CCCC(C)O,ca11b32d208c1a94,21
ethyl isopropyl sulphide,DTXSID70199430,5145-99-3,CCSC(C)C,c9f9df902b9201a2,10
methyl cyanoacetate,DTXSID8033649,105-34-0,COC(=O)CC#N,17b148d862176304,3
2-methylcyclohexanol,DTXSID90862235,583-59-5,CC1CCCCC1O,8baca9cdbbaacc47,2
,,,CC1CCC(C)S1,7e3c975ace763ce6,6
"1,6-hexanediamine",DTXSID5024922,124-09-4,NCCCCCCN,0e963440441db9cd,20
halothane,DTXSID4025371,151-67-7,FC(F)(F)C(Cl)Br,b26c4981dc5a32f5,2
"1,1,2,2-tetrabromoethane",DTXSID1026083,79-27-6,BrC(Br)C(Br)Br,e7fd1c2423d2d486,3
4-ethyl-2-methoxyphenol,DTXSID0047038,2785-89-9,CCc1ccc(O)c(OC)c1,f24387bbf72e6ae1,2
methyl stearate,DTXSID2047640,112-61-8,CCCCCCCCCCCCCCCCCC(=O)OC,8d8c97721bede2ee,13
"benzene, 1,2-diiodo-",DTXSID0060648,615-42-9,Ic1ccccc1I,449fa24b7e23f502,1
6-methylpyridin-2-amine,DTXSID0044860,1824-81-3,Cc1cccc(N)n1,cb1d58468070dc51,1
2h-pyran-2-one,DTXSID50198441,504-31-4,O=c1cccco1,00ae54e5d891f991,1
"3,3-dimethylhexane",DTXSID2073194,563-16-6,CCCC(C)(C)CC,e71a278113296bed,12
4-methoxybenzenamine,DTXSID7024532,104-94-9,COc1ccc(N)cc1,329afb9f2e4fcc74,1
4-methylbenzyl alcohol,DTXSID5025574,589-18-4,Cc1ccc(CO)cc1,e8d6cdc628761ef3,2
"3,4-dimethylaniline",DTXSID3026308,95-64-7,Cc1ccc(N)cc1C,b9fd67e02d36dd09,1
4-heptanone,DTXSID6047650,123-19-3,CCCC(=O)CCC,0c28448877836b9f,15
"1,​3-​hexadiene",DTXSID00870644,592-48-3,C=CC=CCC,88aed65e25c9a2f8,5
2-chlorobenzonitrile,DTXSID5052593,873-32-5,N#Cc1ccccc1Cl,f28e180db9bec0d2,1
"pentane, 2,2,3,4-tetramethyl-",DTXSID30870854,1186-53-4,CC(C)C(C)C(C)(C)C,56b63277309c2ab1,4
succinonitrile,DTXSID9026059,110-61-2,N#CCCC#N,bcf0a699ac0a3edf,3
1-undecanethiol,DTXSID4074564,5332-52-5,CCCCCCCCCCCS,f2d69d0564622208,10
1-ethoxy-4-nitrobenzene,DTXSID7026655,100-29-8,CCOc1ccc([N+](=O)[O-])cc1,28726c6177faff93,3
"6-quinolinamine, n,n,2-trimethyl-",DTXSID6059075,92-99-9,Cc1ccc2cc(N(C)C)ccc2n1,901a782b34779525,1
8-methyl-8-azabicyclo(3.2.1)octan-3-one,DTXSID30862133,532-24-1,CN1C2CCC1CC(=O)C2,179230b25b484920,2
diisopropyl fluorophosphate,DTXSID1040667,55-91-4,CC(C)OP(=O)(F)OC(C)C,1177b45e758b476d,13
"2,2-dimethylheptane",DTXSID0061454,1071-26-7,CCCCCC(C)(C)C,86f2425688a7255f,14
3-methylcoumarin,DTXSID201031385,2445-82-1,Cc1cc2ccccc2oc1=O,310642839c018151,1
ethyl chloroformate,DTXSID1027186,541-41-3,CCOC(=O)Cl,eecce29a73b22478,3
"benzene, 1-ethyl-2-nitro-",DTXSID4073209,612-22-6,CCc1ccccc1[N+](=O)[O-],e4d814d3b03d5853,6
"1,4-dichlorobutane",DTXSID5021918,110-56-5,ClCCCCCl,be61e69e78671d6d,12
"cyclohexane, fluoro-",DTXSID5059907,372-46-3,FC1CCCCC1,d96550882db6bcb4,1
"1,1,3,3-tetramethyl-2-thiourea",DTXSID5026126,2782-91-4,CN(C)C(=S)N(C)C,84aa8a4c45eb1255,2
"propanoic acid, 2-oxo-, ethyl ester",DTXSID2060674,617-35-6,CCOC(=O)C(C)=O,a26f3ed9bf5332c4,5
trimellitic anhydride,DTXSID7026235,552-30-7,O=C(O)c1ccc2c(c1)C(=O)OC2=O,2bc0b2c7d3c44a50,2
"1,1,1-trichloroethane",DTXSID0021381,71-55-6,CC(Cl)(Cl)Cl,eb930b5c2e3f9795,1
trimethyl orthophosphate,DTXSID1021403,512-56-1,COP(=O)(OC)OC,f2a61ca9d769b0b0,6
2-furanacrylonitrile,DTXSID50871186,7187-01-1,N#CC=Cc1ccco1,1092102245b26f1f,4
benzo(f)quinoline,DTXSID2024585,85-02-9,c1ccc2c(c1)ccc1ncccc12,4e6a69912b53499e,1
methyl 10-undecenoate,DTXSID5046566,111-81-9,C=CCCCCCCCCC(=O)OC,1ff3d1ccac5bc38e,12
1h-pyrrole-2-carboxaldehyde,DTXSID3061392,1003-29-8,O=Cc1ccc[nH]1,2d1ae75437007465,1
"benzene, pentamethyl-",DTXSID6061024,700-12-9,Cc1cc(C)c(C)c(C)c1C,82e3f00afc1d6548,1
"4,4'-methylenebis(2-chloroaniline)",DTXSID5020865,101-14-4,Nc1ccc(Cc2ccc(N)c(Cl)c2)cc1Cl,830bbfe45ae68d52,6
1-docosene,DTXSID5029219,1599-67-3,C=CCCCCCCCCCCCCCCCCCCCC,e4cf825a7427c6c6,7
"4,6-dimethylresorcinol",DTXSID90870698,615-89-4,Cc1cc(C)c(O)cc1O,533599016c66cbe3,2
2-nitrobenzamide,DTXSID0025733,610-15-1,NC(=O)c1ccccc1[N+](=O)[O-],f3c28a33540e4e14,2
"1,1-dichloro-1-fluoroethane",DTXSID2020422,1717-00-6,CC(F)(Cl)Cl,ec17f245a5095f21,1
3-methylphenanthrene,DTXSID7052731,832-71-3,Cc1ccc2ccc3ccccc3c2c1,d65b7501b5b8af3f,1
4-(1-ethylpropyl)pyridine,DTXSID5067895,35182-51-5,CCC(CC)c1ccncc1,5d18bf08731b1990,6
indan-5-ol,DTXSID0051732,1470-94-6,Oc1ccc2c(c1)CCC2,b7ed133f73a2b18e,4
3-methyl-1-pentyn-3-ol,DTXSID5021756,77-75-8,C#CC(C)(O)CC,abe4bfc14c87ff67,8
"2,4-dimethylpent-1-ene",DTXSID00176653,2213-32-3,C=C(C)CC(C)C,2ca87faffa827494,6
"4-[cyclopropyl(hydroxy)methylidene]-3,5-dioxocyclohexane-1-carboxylic acid",DTXSID90559517,143294-89-7,O=C1CC(C(=O)O)CC(=O)C1=C(O)C1CC1,8e5177d16d3b9b34,8
"2-methyl-1,2,3,4-tetrahydronaphthalene",DTXSID90871044,3877-19-8,CC1CCc2ccccc2C1,5678adeb554ae01e,4
"3,4-dichlorobenzaldehyde",DTXSID0024971,6287-38-3,O=Cc1ccc(Cl)c(Cl)c1,2151810975946631,2
"1,1,1-trichloro-2-methyl-2-propanol",DTXSID1041217,57-15-8,CC(C)(O)C(Cl)(Cl)Cl,b722d78919e94949,2
2-phenylethyl acetate,DTXSID7044506,103-45-7,CC(=O)OCCc1ccccc1,5a0cde054486f149,7
"ethanone, 1-(4-bromophenyl)-",DTXSID4059203,99-90-1,CC(=O)c1ccc(Br)cc1,9093135b4731947d,1
di-tert-butyl ketone,DTXSID1061154,815-24-7,CC(C)(C)C(=O)C(C)(C)C,8f22eb5fd26d4a87,2
4-pyridinemethanamine,DTXSID0063153,3731-53-1,NCc1ccncc1,2c58714664af68a5,1
4-octylaniline,DTXSID6022266,16245-79-7,CCCCCCCCc1ccc(N)cc1,8b6aae03d97b7108,16
ethyl methyl ether,DTXSID5074557,540-67-0,CCOC,58caee39d3cce1ba,3
hexafluorobenzene,DTXSID5043924,392-56-3,Fc1c(F)c(F)c(F)c(F)c1F,ea3c85631014f8f2,1
hexanedioic acid,DTXSID7021605,124-04-9,O=C(O)CCCCC(=O)O,7eb7d6eead5c24ad,22
"4,4'-thiodianiline",DTXSID9021344,139-65-1,Nc1ccc(Sc2ccc(N)cc2)cc1,d87f0ea9d693373c,2
2-undecanone,DTXSID2021943,112-12-9,CCCCCCCCCC(C)=O,2084b8698eb2670c,17
"benzene, ethoxy-",DTXSID7059278,103-73-1,CCOc1ccccc1,c340d764a7fc01f6,3
"1,3-dibromopropane",DTXSID1021902,109-64-8,BrCCCBr,237d303538a6762e,5
"acridine, 9-phenyl-",DTXSID00870669,602-56-2,c1ccc(-c2c3ccccc3nc3ccccc23)cc1,159f1d085cb9726f,1
"2-butene, 2,3-dichloro-1,1,1,4,4,4-hexafluoro-",DTXSID5073161,303-04-8,FC(F)(F)C(Cl)=C(Cl)C(F)(F)F,eacf0ace3e00e696,4
"1,1'-bicyclohexyl",DTXSID8021802,92-51-3,C1CCC(C2CCCCC2)CC1,2fd26a7d784cdaf2,5
"3,5-dimethylcyclohexanol",DTXSID20871133,5441-52-1,CC1CC(C)CC(O)C1,57abba7d075621a3,3
pyrogallol,DTXSID6025983,87-66-1,Oc1cccc(O)c1O,dfb6dcb4616c8399,1
butyl lactate,DTXSID7042196,138-22-7,CCCCOC(=O)C(C)O,01c6da2e5fed9616,17
2-methyl-1-propanol,DTXSID0021759,78-83-1,CC(C)CO,8d2bb6d36beeab3a,4
cyclopropyl methyl ether,DTXSID30202313,540-47-6,COC1CC1,22382beb3d6ba128,2
1-octanol,DTXSID7021940,111-87-5,CCCCCCCCO,7d4c1b3a66cae9cc,9
"benzonitrile, 3-fluoro-",DTXSID0059954,403-54-3,N#Cc1cccc(F)c1,f864d01805a744c9,1
2-undecyne,DTXSID20208960,60212-29-5,CC#CCCCCCCCC,6d4529cc0067797a,16
,,,CC1(C)C2CCC1(C)C(Cl)C2,970a93781c29267d,4
2-bromobiphenyl,DTXSID0024638,2052-07-5,Brc1ccccc1-c1ccccc1,d7c445772d080450,1
"3,3,5-trimethylcyclohexanol",DTXSID9041815,116-02-9,CC1CC(O)CC(C)(C)C1,2d71d3f17b0fbdc0,3
allyl alcohol,DTXSID8020044,107-18-6,C=CCO,d76be5df71e6c322,4
4-fluorobenzaldehyde,DTXSID0038756,459-57-4,O=Cc1ccc(F)cc1,29335fa292cb9654,1
3-methylcyclohexene,DTXSID70862258,591-48-0,CC1C=CCCC1,d26fa7dcc0e6839c,4
"2,3,3-trimethyl-1-pentene",DTXSID90204570,560-23-6,C=C(C)C(C)(C)CC,43f0400a3b5aebe3,8
"1,1'-oxybis-2-propanol",DTXSID7026863,110-98-5,CC(O)COCC(C)O,2a9f68685ef8313c,14
1-chlorodecane,DTXSID5027352,1002-69-3,CCCCCCCCCCCl,549b51e5aeead2a9,17
1-phenylurea,DTXSID8042507,64-10-8,NC(=O)Nc1ccccc1,b6ce6f432bcd2ab4,1
"1,2-benzenediamine, 4-ethoxy-",DTXSID6061608,1197-37-1,CCOc1ccc(N)c(N)c1,55c9a6405990b829,8
"4-pyridinecarboxylic acid, ethyl ester",DTXSID6061789,1570-45-2,CCOC(=O)c1ccncc1,07746a28998eb735,3
1-chloronaphthalene,DTXSID2024791,90-13-1,Clc1cccc2ccccc12,905db053893d4b2a,1
3-tert-butylphenol,DTXSID9044825,585-34-2,CC(C)(C)c1cccc(O)c1,cc0331bdc59ac2f6,3
"2,2-dimethylpropane-1,3-diol",DTXSID8027036,126-30-7,CC(C)(CO)CO,8919933204a0ab37,4
fluorobenzene,DTXSID4025329,462-06-6,Fc1ccccc1,9d95e0bc7e5e333c,1
2-chlorobenzaldehyde,DTXSID5024764,89-98-5,O=Cc1ccccc1Cl,03ecbaf2a3338467,2
benz(a)anthracene,DTXSID5023902,56-55-3,c1ccc2cc3c(ccc4ccccc43)cc2c1,64ee060ce2adc6cd,1
"2-propanone, 1,1-diphenyl-",DTXSID8061137,781-35-1,CC(=O)C(c1ccccc1)c1ccccc1,2f6e5a37d08db01c,4
"1,2,4,5-tetramethylbenzene",DTXSID1029124,95-93-2,Cc1cc(C)c(C)cc1C,506627c43c11aed1,1
"1,2-dichloropropane",DTXSID0020448,78-87-5,CC(Cl)CCl,d79b6ac1726c5962,6
pyrimidine,DTXSID1051228,289-95-2,c1cncnc1,aa6c379db1dfd0c6,1
"2,4,6-trimethylquinoline",DTXSID50176961,2243-89-2,Cc1ccc2nc(C)cc(C)c2c1,28234e84eda69727,1
cyclohexaneethanol,DTXSID7063473,4442-79-9,OCCC1CCCCC1,b5ca9be0fe40c025,6
5-chlorovaleric acid,DTXSID60149767,1119-46-6,O=C(O)CCCCCl,64f0323877ddfc6a,20
dipropyl disulfide,DTXSID2022096,629-19-6,CCCSSCCC,3ad3b276a2e01d83,20
1h-2-benzopyran-1-one,DTXSID8060080,491-31-6,O=c1occc2ccccc12,3b7a40272021192d,1
phosphorous trichloride,DTXSID5029687,7719-12-2,ClP(Cl)Cl,2ccbe9c5fcc80d83,1
"cyclohexanol, 4-methyl-",DTXSID0060434,589-91-3,CC1CCC(O)CC1,ed5fafa42b103831,4
1-chlorobutane,DTXSID8020206,109-69-3,CCCCCl,1c9f25dd6ff77f67,8
heptadecanenitrile,DTXSID90873467,5399-02-0,CCCCCCCCCCCCCCCCC#N,e3066abf2ba54691,8
methylene iodide,DTXSID4058784,75-11-6,ICI,c4359957ecb47a05,1
"1,4-dichloro-2-nitrobenzene",DTXSID7052602,89-61-2,O=[N+]([O-])c1cc(Cl)ccc1Cl,22c2fe734cf7f4c2,2
o-chlorofluorobenzene,DTXSID8059841,348-51-6,Fc1ccccc1Cl,e21c43d9a169d7d2,1
"propane, 1,1,1,2-tetrachloro-",DTXSID10870776,812-03-3,CC(Cl)C(Cl)(Cl)Cl,b132747de8e51aeb,2
4-methyloxybenzyl chloride,DTXSID20231718,824-94-2,COc1ccc(CCl)cc1,179e3ba9e8370a63,2
2-nitroethanol,DTXSID8025751,625-48-9,O=[N+]([O-])CCO,0d105aecb4a3e726,4
hydrogen peroxide,DTXSID2020715,7722-84-1,OO,01120e823b5653d0,1
"1,2,2a,3,4,5-hexahydroacenaphthylene",DTXSID70871668,480-72-8,c1cc2c3c(c1)CCC3CCC2,47bdd890c63e75c1,4
pentyl propionate,DTXSID4041606,624-54-4,CCCCCOC(=O)CC,c1151db715f58d0d,23
2-fluorophenol,DTXSID0047745,367-12-4,Oc1ccccc1F,486b1ab0332b7c73,1
2-chloro-1-propene,DTXSID4040262,557-98-2,C=C(C)Cl,d1f106dbcb7f32d1,1
1-(piperidin-2-yl)propan-1-ol,DTXSID60871697,63401-12-7,CCC(O)C1CCCCN1,6b3de73beb530870,3
2-fluoronaphthalene,DTXSID80186033,323-09-1,Fc1ccc2ccccc2c1,a85b3199ae7f2841,1
n-ethylsuccinimide,DTXSID10177712,2314-78-5,CCN1C(=O)CCC1=O,b96e746d83c8f1e5,1
2-allylphenol,DTXSID3022164,1745-81-9,C=CCc1ccccc1O,c7aa354f2873ef16,12
"benzene, 2-chloro-1,4-dimethyl-",DTXSID9059125,95-72-7,Cc1ccc(C)c(Cl)c1,96b88dccb66f6dd1,1
methanol,DTXSID2021731,67-56-1,CO,fc1f53a73403b65b,1
methylhydrazine,DTXSID4020874,60-34-4,CNN,264e4fc38dc5be9d,1
dicumyl peroxide,DTXSID1025017,80-43-3,CC(C)(OOC(C)(C)c1ccccc1)c1ccccc1,efa9a85c26da09b7,7
"2,4-di-tert-butylphenol",DTXSID2026602,96-76-4,CC(C)(C)c1ccc(O)c(C(C)(C)C)c1,bfc0c1c3902d040f,3
2-iodobutane,DTXSID40858729,513-48-4,CCC(C)I,e88987e22704668c,6
dichloro(fluoro)acetonitrile,DTXSID60870509,353-82-2,N#CC(F)(Cl)Cl,948c0b29e0d326f1,1
diisobutyl adipate,DTXSID9036690,141-04-8,CC(C)COC(=O)CCCCC(=O)OCC(C)C,170f0b4b2fea6aae,21
bromoacetic acid,DTXSID7021495,79-08-3,O=C(O)CBr,8e1b18c56954d67f,1
benzyl cyanide,DTXSID2021492,140-29-4,N#CCc1ccccc1,a5a4174d70fa6d60,1
butyl acrylate,DTXSID6024676,141-32-2,C=CC(=O)OCCCC,43fecbed866a7e54,22
"benzene, 1-ethyl-4-(1-methylethyl)-",DTXSID00195001,4218-48-8,CCc1ccc(C(C)C)cc1,a201c093e9931b19,2
succinimide,DTXSID8051629,123-56-8,O=C1CCC(=O)N1,91f576e6eec748ae,1
propanal,DTXSID2021658,123-38-6,CCC=O,1ada1608a17a33dc,3
"propanoic acid, phenyl ester",DTXSID7060916,637-27-4,CCC(=O)Oc1ccccc1,18d6450874b7b629,6
"1,2,4-trimethyl-5-nitrobenzene",DTXSID70209866,610-91-3,Cc1cc(C)c([N+](=O)[O-])cc1C,3f056580425f1609,2
1-isopropyl-4-methylcyclohexane,DTXSID9025530,99-82-1,CC1CCC(C(C)C)CC1,1649d62b258e8188,5
"n,n,2-trimethylaniline",DTXSID8052279,609-72-3,Cc1ccccc1N(C)C,8bfaf89e8a999bd7,2
phenyl acetate,DTXSID3051626,122-79-2,CC(=O)Oc1ccccc1,da7b9f984bcd43d0,2
1-heptanethiol,DTXSID3061841,1639-09-4,CCCCCCCS,c057f8e0aa7dca04,20
dimethyl sulfoxide,DTXSID2021735,67-68-5,CS(C)=O,81de21a38a080dd2,1
pentafluoromethoxybenzene,DTXSID2059938,389-40-2,COc1c(F)c(F)c(F)c(F)c1F,ea374004e86a6a68,1
methoxyacetic acid,DTXSID1031591,625-45-6,COCC(=O)O,1816bc0320479015,6
ethyl methacrylate,DTXSID1025308,97-63-2,C=C(C)C(=O)OCC,f161357f632b7572,6
aniline,DTXSID8020090,62-53-3,Nc1ccccc1,b528215a101075fd,1
"2,3-butanediol",DTXSID8041321,513-85-9,CC(O)C(C)O,85cab11fd83ce4aa,10
hexamethylphosphoramide,DTXSID6020694,680-31-9,CN(C)P(=O)(N(C)C)N(C)C,07336b47f25423e5,6
1-chlorohexadecane,DTXSID3027580,4860-03-1,CCCCCCCCCCCCCCCCCl,1651c64e561ed1d3,8
3-aminoacetophenone,DTXSID0021830,99-03-6,CC(=O)c1cccc(N)c1,c0b8212ced4d144b,2
3-methylthiane,DTXSID50871121,5258-50-4,CC1CCCSC1,079792663ee308cd,2
nitrogen mustard,DTXSID2020975,51-75-2,CN(CCCl)CCCl,4d98207eb1f0dd4c,23
"2,2,3,3-tetramethylhexane",DTXSID00158934,13475-81-5,CCCC(C)(C)C(C)(C)C,7146cd4d0aa806da,7
1-octanamine,DTXSID8021939,111-86-4,CCCCCCCCN,44ab180bd7214e96,9
dodecamethylpentasiloxane,DTXSID1044803,141-63-9,C[Si](C)(C)O[Si](C)(C)O[Si](C)(C)O[Si](C)(C)O[Si](C)(C)C,46d715e9d694841e,6
"2,4,5-trimethylphenol",DTXSID2060094,496-78-6,Cc1cc(C)c(O)cc1C,e1c89f4b9f2c24dc,2
4-methylindole,DTXSID20167043,16096-32-5,Cc1cccc2[nH]ccc12,89f7787ebe98197a,1
hex-1-yn-3-ol,DTXSID4051536,105-31-7,C#CC(O)CCC,4207d152cd2e5411,11
nonyl acetate,DTXSID4047123,143-13-5,CCCCCCCCCOC(C)=O,4efdeba0d0e84e2f,22
methyl 2-phenoxyacetate,DTXSID2062161,2065-23-8,COC(=O)COc1ccccc1,826ba04f319814f9,4
"2,4,6-tricyano-1,3,5-triazine",DTXSID00274764,7615-57-8,N#Cc1nc(C#N)nc(C#N)n1,74c4ad10cd8f3c2f,1
4-tert-butylaniline,DTXSID0048181,769-92-6,CC(C)(C)c1ccc(N)cc1,6c266086da9a7929,1
"2,4,6-trimethyl-1,3,5-trithiane",DTXSID20863018,2765-04-0,CC1SC(C)SC(C)S1,b0d36e4896c93cc8,11
1-fluoropropane,DTXSID00196679,460-13-9,CCCF,7af14213116433c4,3
ethoxytriphenylsilane,DTXSID5061746,1516-80-9,CCO[Si](c1ccccc1)(c1ccccc1)c1ccccc1,135a2dd53a82f257,6
"3-butyn-2-amine, 2-methyl-",DTXSID1062752,2978-58-7,C#CC(C)(C)N,4745a8ded12641ce,1
"1,3-dichloropropene",DTXSID1022057,542-75-6,ClC=CCCl,28dcfd39aa433357,5
2-methyl-3-nitroaniline,DTXSID8025628,603-83-8,Cc1c(N)cccc1[N+](=O)[O-],4f93079a999200e6,2
"hexane, 3-ethyl-3-methyl-",DTXSID30184766,3074-76-8,CCCC(C)(CC)CC,3aac5fd79d749da0,13
"1,8,8-trimethyl-3-oxabicyclo[3.2.1]octane-2,4-dione",DTXSID90871781,76-32-4,CC12CCC(C(=O)OC1=O)C2(C)C,41360a3632bd8d2b,2
n-formylpiperidine,DTXSID8043941,2591-86-8,O=CN1CCCCC1,6aeb330a61f58785,2
octahydropentalene,DTXSID7075054,694-72-4,C1CC2CCCC2C1,77f0694c800545c8,3
"ethanol, 2,2,2-trichloro-1-ethoxy-",DTXSID90870577,515-83-3,CCOC(O)C(Cl)(Cl)Cl,99f7d63929c2ff67,6
3-ethyl-2-methylpentane,DTXSID40880424,609-26-7,CCC(CC)C(C)C,e5ee42e701b30ca0,11
propylamine,DTXSID6021878,107-10-8,CCCN,8d39b29a1203ad54,3
"1,8-dimethylnaphthalene",DTXSID6060347,569-41-5,Cc1cccc2cccc(C)c12,31e189dd161f18dc,1
"butane, 2-chloro-2-methyl-",DTXSID0060484,594-36-5,CCC(C)(C)Cl,0ece34a7a089601b,3
2-ethylhexyl acrylate,DTXSID9025297,103-11-7,C=CC(=O)OCC(CC)CCCC,c58bcb7ef4b87b84,10
"2,6-dinitrochlorobenzene",DTXSID3041378,606-21-3,O=[N+]([O-])c1cccc([N+](=O)[O-])c1Cl,ac5b097be1b2e901,3
ethyl 3-chloro-2-hydroxybenzoate,DTXSID40871433,56961-32-1,CCOC(=O)c1cccc(Cl)c1O,f3798a716dd3012b,3
methyl methacrylate,DTXSID2020844,80-62-6,C=C(C)C(=O)OC,9eadea1b60b8f759,2
"1,2,3,5-tetrafluorobenzene",DTXSID10178340,2367-82-0,Fc1cc(F)c(F)c(F)c1,147dc1d028a5e1ea,1
"3,4-dimethylbenzophenone",DTXSID90180401,2571-39-3,Cc1ccc(C(=O)c2ccccc2)cc1C,2aaef61472f71b95,4
,,,CC(C)CCCC(C)C1CCC2C3CC=C4CC(O)CCC4(C)C3CCC12C,0103eabcbae3cc63,6
phosgene,DTXSID0024260,75-44-5,O=C(Cl)Cl,67283c4c6cad35f7,1
2-aminobenzenethiol,DTXSID6051693,137-07-5,Nc1ccccc1S,0ee908042fc92938,2
styrylacetic acid,DTXSID70871865,2243-53-0,O=C(O)CC=Cc1ccccc1,d8e8332b37f9b966,7
4-methoxyphenylacetonitrile,DTXSID0051526,104-47-2,COc1ccc(CC#N)cc1,8bb82e7903d5e935,2
ethyl lactate,DTXSID6029127,97-64-3,CCOC(=O)C(C)O,e1d82867518e605d,9
"benzene, 1,2-dimethoxy-4-methyl-",DTXSID8060088,494-99-5,COc1ccc(C)cc1OC,96f0b12ad6b5d26e,4
"pentane, 1-iodo-",DTXSID1060849,628-17-1,CCCCCI,b30050e3b4034fa5,18
"4,5-dichlorophthalic anhydride",DTXSID10240970,942-06-3,O=C1OC(=O)c2cc(Cl)c(Cl)cc21,a56c669cbee9b2c9,1
ethylene glycol dimethyl ether,DTXSID0025286,110-71-4,COCCOC,9202d75d00eeb6cb,14
"1,2,3,5-tetramethylbenzene",DTXSID6026119,527-53-7,Cc1cc(C)c(C)c(C)c1,08f0448192ccfa90,2
diacetoxydimethylsilane,DTXSID20878844,2182-66-3,CC(=O)O[Si](C)(C)OC(C)=O,64bcc2ced79b703e,5
2-methylpropanoyl chloride,DTXSID0052542,79-30-1,CC(C)C(=O)Cl,2b97a2225dfd860a,3
"benzenemethanamine, 4-methyl-",DTXSID2059306,104-84-7,Cc1ccc(CN)cc1,e7bbf8cb852828a7,2
"n,n'-dimethylurea",DTXSID5025156,96-31-1,CNC(=O)NC,f6e6613304b81ae9,1
"2,4-dimethyl-3-phenylpentane",DTXSID70176180,21777-84-4,CC(C)C(c1ccccc1)C(C)C,0ebe07f2faa351b7,2
cyclohexaneacetic acid,DTXSID7063762,5292-21-7,O=C(O)CC1CCCCC1,dd558e7691481dc2,6
"1-pentanone, 1-phenyl-",DTXSID0061406,1009-14-9,CCCCC(=O)c1ccccc1,c890687d3862de9b,20
benzyl methyl ether,DTXSID5060227,538-86-3,COCc1ccccc1,3e689d23596f118b,3
1-chlorooctane,DTXSID0021543,111-85-3,CCCCCCCCCl,b93a3629810739f1,11
"1,1-dimethylphenylethanol",DTXSID1047601,100-86-7,CC(C)(O)Cc1ccccc1,3719750a699d5eb4,8
"2(1h)-quinolinone, 1-methyl-",DTXSID1060552,606-43-9,Cn1c(=O)ccc2ccccc21,203fc9ad775f0840,1
"2,6-dimethyl-2,4,6-octatriene",DTXSID4027288,673-84-7,CC=C(C)C=CC=C(C)C,e2d4fe8cb6eed69d,5
4-methyl-2-pentanol,DTXSID2026781,108-11-2,CC(C)CC(C)O,427388985bb51297,10
"1,1'-biphenyl, 4-iodo-",DTXSID7061807,1591-31-7,Ic1ccc(-c2ccccc2)cc1,26dafad583c608d4,2
"1,1'-biphenyl, 2,2'-dimethyl-",DTXSID7060540,605-39-0,Cc1ccccc1-c1ccccc1C,13cf5ca3de145429,2
octadec-9-en-1-ol,DTXSID30859280,593-47-5,CCCCCCCCC=CCCCCCCCCO,2b38889013b7de60,11
"thiophene, 2,5-dibromo-",DTXSID3062863,3141-27-3,Brc1ccc(Br)s1,57e51ce6f59b4276,1
"cyclohexane, dodecyl-",DTXSID3061974,1795-17-1,CCCCCCCCCCCCC1CCCCC1,5e9c1efb7d6d7849,2
1-octyne,DTXSID9060863,629-05-0,C#CCCCCCC,e59eb0eeec09d25b,21
2-methylpyrrole,DTXSID70212976,636-41-9,Cc1ccc[nH]1,6844f9f0863cc640,1
2-dodecanone,DTXSID4022236,6175-49-1,CCCCCCCCCCC(C)=O,5c47e32304eca300,20
"glycine, n-phenyl-, ethyl ester",DTXSID0062264,2216-92-4,CCOC(=O)CNc1ccccc1,a0c78f39aa5fd1f3,9
"acetamide, n-ethyl-n-phenyl-",DTXSID1060186,529-65-7,CCN(C(C)=O)c1ccccc1,51b4269d4cdb4718,6
4-methyl-2-tert-butylphenol,DTXSID2020212,2409-55-4,Cc1ccc(O)c(C(C)(C)C)c1,04e5eb75c5a9c999,1
"1,2-phenylenediamine",DTXSID3025881,95-54-5,Nc1ccccc1N,b9c69b32151f5052,2
ethylcyclopentane,DTXSID5075109,1640-89-7,CCC1CCCC1,66b890ab97213092,5
"2,2',3,3',4,4',5,5',6,6'-decabromodiphenyl ether",DTXSID9020376,1163-19-5,Brc1c(Br)c(Br)c(Oc2c(Br)c(Br)c(Br)c(Br)c2Br)c(Br)c1Br,a02ea0e88fd30e15,2
"4-piperidinol, 1-methyl-",DTXSID9059339,106-52-5,CN1CCC(O)CC1,5da09891e1f547a9,3
trimethyl isocyanurate,DTXSID9074856,827-16-7,Cn1c(=O)n(C)c(=O)n(C)c1=O,7b696b1499617362,1
1-benzylnaphthalene,DTXSID20870686,611-45-0,c1ccc(Cc2cccc3ccccc23)cc1,add2bb53469c624d,5
diethyl azelate,DTXSID4060783,624-17-9,CCOC(=O)CCCCCCCC(=O)OCC,a1bddfe36d4129de,1
4-iodophenetole,DTXSID40277739,699-08-1,CCOc1ccc(I)cc1,5d29267300c94905,3
"propane, 1,1'-thiobis[2-methyl-",DTXSID7060465,592-65-4,CC(C)CSCC(C)C,e065503fb31d0c42,13
"2,5-dimethylpyrazine",DTXSID6047652,123-32-0,Cc1cnc(C)cn1,6afd785c41743a4d,1
"1,2-ethanediol diacetate",DTXSID0026880,111-55-7,CC(=O)OCCOC(C)=O,bf6d12345fc814f4,9
bromoform,DTXSID1021374,75-25-2,BrC(Br)Br,b4eeee31caf50b75,1
butylamine,DTXSID1021904,109-73-9,CCCCN,e31aefd86752ea9e,8
piperonal,DTXSID7025924,120-57-0,O=Cc1ccc2c(c1)OCO2,2cbc22c46c2abffa,2
"1,1-dicyclohexylbutane",DTXSID20203379,54890-00-5,CCCC(C1CCCCC1)C1CCCCC1,9489068d2b515520,4
(o-chlorophenyl)acetonitrile,DTXSID40182773,2856-63-5,N#CCc1ccccc1Cl,69f4181d82d7837b,3
"benzene, 1-(1,1-dimethylethyl)-3-methyl-",DTXSID10148068,1075-38-3,Cc1cccc(C(C)(C)C)c1,268677598b919308,4
"1,8-octanediamine",DTXSID9073173,373-44-4,NCCCCCCCCN,c252828602587d5e,8
octanedioic acid,DTXSID8021644,505-48-6,O=C(O)CCCCCCC(=O)O,615b0fc31470dea7,19
4-methylhex-1-ene,DTXSID40863272,3769-23-1,C=CCC(C)CC,6182f95be583fba8,18
o-diethylbenzene,DTXSID6052742,135-01-3,CCc1ccccc1CC,18b3cfefba8cfe2e,6
2-tert-butyl-4-methoxyphenol,DTXSID7040788,121-00-6,COc1ccc(O)c(C(C)(C)C)c1,ec4154ac47c06e33,2
4-chloro-o-xylene,DTXSID50210470,615-60-1,Cc1ccc(Cl)cc1C,631b041ef032d3c3,1
"2,2-dimethoxypropane",DTXSID7026441,77-76-9,COC(C)(C)OC,4d8f9151d2d8f5f4,2
3-chlorodiphenylamine,DTXSID70143615,101-17-7,Clc1cccc(Nc2ccccc2)c1,4dd3be43d8025a81,4
pyrrole,DTXSID5021910,109-97-7,c1cc[nH]c1,5caf379212bdd23a,1
"1,7-diaminoheptane",DTXSID60214848,646-19-5,NCCCCCCCN,721ab93faaacef7b,18
3-bromopyridine,DTXSID9060819,626-55-1,Brc1cccnc1,5017f625d1dc79c7,1
"2,2'-thiobisethanol",DTXSID6026878,111-48-8,OCCSCCO,eaeddb3cb432ab31,16
2-bromopropane,DTXSID7030197,75-26-3,CC(C)Br,1031a8d451340e92,1
trifluoromethane,DTXSID0026410,75-46-7,FC(F)F,4e599da785f42c43,1
diethylamine,DTXSID6021909,109-89-7,CCNCC,0e745cf8c7704146,5
2-bromophenol,DTXSID8052641,95-56-7,Oc1ccccc1Br,8f60b0c43a1af6e9,1
4-ethoxyphenol,DTXSID3044251,622-62-8,CCOc1ccc(O)cc1,0e179f900a1f6e4b,5
2-nonanone,DTXSID2022125,821-55-6,CCCCCCCC(C)=O,6269d301c4dcc0a6,24
1-propanethiol,DTXSID5026750,107-03-9,CCCS,4a7cff5539b5aa18,5
"1h-indene, 2-methyl-",DTXSID00176173,2177-47-1,CC1=Cc2ccccc2C1,a402c49a4161a00d,1
3-(dimethylamino)propylamine,DTXSID5025102,109-55-7,CN(C)CCCN,c4cefbe60bd31c05,12
benzotrichloride,DTXSID1020148,98-07-7,ClC(Cl)(Cl)c1ccccc1,33e8f29f99f358e6,1
epichlorohydrin,DTXSID1020566,106-89-8,ClCC1CO1,5ee1aeba940c7da0,3
2-methylpropanoic acid,DTXSID4021636,79-31-2,CC(C)C(=O)O,439396188e5f945b,2
"2,4-pentadienenitrile",DTXSID8075099,1615-70-9,C=CC=CC#N,15e7bc984417d9ed,3
4-aminoacridine,DTXSID80206487,578-07-4,Nc1cccc2cc3ccccc3nc12,e2604d273952e460,1
"phosphine, triethyl-",DTXSID3060293,554-70-1,CCP(CC)CC,81300807ccf9ed95,6
"o-cresol, 4-bromo-",DTXSID80178291,2362-12-1,Cc1cc(Br)ccc1O,54341f1d8d3e8475,1
3-methylquinoline,DTXSID60210108,612-58-8,Cc1cnc2ccccc2c1,ce90bf83cf9fd3f3,1
"1-naphthylamine, 5,6,7,8-tetrahydro-",DTXSID70176701,2217-41-6,Nc1cccc2c1CCCC2,fa6aca6f6b54a261,2
"1,2-bis(2-chloroethoxy)ethane",DTXSID8047000,112-26-5,ClCCOCCOCCCl,5eeeff24f17787e4,19
1-methylcyclohexanol,DTXSID00207739,590-67-0,CC1(O)CCCCC1,4e5312e92f08934c,4
"1,8-dibromooctane",DTXSID5063520,4549-32-0,BrCCCCCCCCBr,6f9ad07498d0ef44,17
"2,6-dichlorobenzonitrile",DTXSID5032365,1194-65-6,N#Cc1c(Cl)cccc1Cl,7a6d95527f314666,1
4-chloropyridine,DTXSID0052671,626-61-9,Clc1ccncc1,094346aa29bf4932,1
nonane,DTXSID9025796,111-84-2,CCCCCCCCC,1fed080d4905848c,18
"3,4-xylenol, 6-tert-butyl-",DTXSID00162733,1445-23-4,Cc1cc(O)c(C(C)(C)C)cc1C,8e13b39a2807b25b,2
2-tetradecanol,DTXSID00871095,4706-81-4,CCCCCCCCCCCCC(C)O,d7ed083cf1ff9f34,9
chlorofluoromethane,DTXSID6020305,593-70-4,FCCl,d6b6c1ad152565b4,1
"n,n-dimethyldodecan-1-amine",DTXSID1026906,112-18-5,CCCCCCCCCCCCN(C)C,0853d951c7ec869d,11
cyclopentanone oxime,DTXSID0020363,1192-28-5,ON=C1CCCC1,f829dc9eae856943,2
"1-fluoro-2,4-dinitrobenzene",DTXSID8025331,70-34-8,O=[N+]([O-])c1ccc(F)c([N+](=O)[O-])c1,42aecfcfc479a6b1,2
1-phenylpropan-1-one,DTXSID2044470,93-55-0,CCC(=O)c1ccccc1,c8e8a93c7feb5aa1,3
chlorotrifluoromethane,DTXSID4052500,75-72-9,FC(F)(F)Cl,8ba4a94414cd50eb,1
4-phenylbutan-2-amine,DTXSID60871334,22374-89-6,CC(N)CCc1ccccc1,d95ee68a72cb5364,16
isobutyl acrylate,DTXSID1021873,106-63-8,C=CC(=O)OCC(C)C,e5d9bdd3e724b925,13
2-methylcyclohexanone,DTXSID6052245,583-60-8,CC1CCCCC1=O,87dc79cbb7aa85f4,4
2-ethylhexylamine,DTXSID4025298,104-75-6,CCCCC(CC)CN,74963a403b6cc8a3,17
1-iodohexane,DTXSID2049341,638-45-9,CCCCCCI,1baa76df47293076,19
"3-butenoic acid, 2,2-dimethyl-",DTXSID70145492,10276-09-2,C=CC(C)(C)C(=O)O,e30f041084b9b37f,5
"1,1,2-trimethylcyclopropane",DTXSID60871056,4127-45-1,CC1CC1(C)C,df1ac91abb28e57a,2
"2,5-dimethyl-2,4-hexadiene",DTXSID3022116,764-13-6,CC(C)=CC=C(C)C,1595f76b801d3bc6,3
4-morpholinepropanamine,DTXSID4041521,123-00-2,NCCCN1CCOCC1,cf899e79eff44342,3
trinitroglycerin,DTXSID1021407,55-63-0,O=[N+]([O-])OCC(CO[N+](=O)[O-])O[N+](=O)[O-],f7989f9d4e72906b,17
carbonic difluoride,DTXSID7059858,353-50-4,O=C(F)F,d82539c24f2cb690,1
"2,6-dichlorotoluene",DTXSID3040697,118-69-4,Cc1c(Cl)cccc1Cl,94dab1acb72305eb,1
2-acetylaminofluorene,DTXSID0039227,53-96-3,CC(=O)Nc1ccc2c(c1)Cc1ccccc1-2,e1787407232691c5,2
4-hydroxybenzenemethanol,DTXSID8073920,623-05-2,OCc1ccc(O)cc1,77c6a48a45d2796e,2
2-(2-ethoxyethoxy)ethyl acetate,DTXSID6026905,112-15-2,CCOCCOCCOC(C)=O,a50ff37b658f9ed4,3
"1,3-dichloropropanone",DTXSID2021577,534-07-6,O=C(CCl)CCl,affd5c6421a3f6bd,4
methyl bromide,DTXSID8020832,74-83-9,CBr,d00dc16761088045,1
chloroneb,DTXSID2024793,2675-77-6,COc1cc(Cl)c(OC)cc1Cl,3d30d3080e9c4f58,1
"propane, 2,2'-thiobis-",DTXSID0060808,625-80-9,CC(C)SC(C)C,0cccc87e3b90c1da,6
"4,4'-dimethyldiphenylamine",DTXSID5060726,620-93-9,Cc1ccc(Nc2ccc(C)cc2)cc1,c96dc470ed4679a6,5
1-methyl-2-(2-methylpropyl)benzene,DTXSID00871378,36301-29-8,Cc1ccccc1CC(C)C,438fd628fd5b8128,6
ethanedioyl dichloride,DTXSID3058822,79-37-8,O=C(Cl)C(=O)Cl,21e9529176408519,2
2-chlorobenzenemethanol,DTXSID2075132,17849-38-6,OCc1ccccc1Cl,f2607c684d559792,5
"1,2-diphenylpropane",DTXSID70871148,5814-85-7,CC(Cc1ccccc1)c1ccccc1,510fe90b3eed3117,6
morpholine,DTXSID2025688,110-91-8,C1COCCN1,db5ba3b6d45f7afe,1
(1-methyl-1-propen-1-yl)benzene,DTXSID40862407,2082-61-3,CC=C(C)c1ccccc1,377e82c618f8391b,4
"1,2,4-benzotriazene",DTXSID60180054,254-87-5,c1ccc2nncnc2c1,f83de4fb216ba097,1
di-tert-butyl peroxide,DTXSID2024955,110-05-4,CC(C)(C)OOC(C)(C)C,8688e32a00819947,2
"benzenethiol, pentafluoro-",DTXSID10227887,771-62-0,Fc1c(F)c(F)c(S)c(F)c1F,badf7afee2205e1f,1
2-methyl-1-butanol,DTXSID5027069,137-32-6,CCC(C)CO,73b36ac453d840da,15
3-dimethylaminopropionitrile,DTXSID0027432,1738-25-6,CN(C)CCC#N,26a84b8913099341,8
"2,3-dihydro-1h-indene",DTXSID4052132,496-11-7,c1ccc2c(c1)CCC2,ab28910a6a617b70,1
isoamyl formate,DTXSID00861734,110-45-2,CC(C)CCOC=O,2900a61a67e74785,13
dimethyl isophthalate,DTXSID8027402,1459-93-4,COC(=O)c1cccc(C(=O)OC)c1,b16e2f270ef19336,3
4-methyldecane,DTXSID40863035,2847-72-5,CCCCCCC(C)CCC,b77524afca35193f,13
3-chloro-2-butenoic acid,DTXSID301018720,55831-56-6,CC(Cl)=CC(=O)O,1c02da02320587f3,3
"benzoic acid, 2-hydroxy-3-methyl-, methyl ester",DTXSID1066869,23287-26-5,COC(=O)c1cccc(C)c1O,ffb086c71dfd996f,1
"1-chloro-2,4-dimethylbenzene",DTXSID50335157,95-66-9,Cc1ccc(Cl)c(C)c1,1fea5dd5d8f601c8,1
2-methoxy-4-methylphenol,DTXSID6047105,93-51-6,COc1cc(C)ccc1O,f0f30b14222dbd02,2
"1,1,2-trichloro-2-fluoroethane",DTXSID20861897,359-28-4,FC(Cl)C(Cl)Cl,9e22b0a956d26fec,6
ethyl diethanolamine,DTXSID8041955,139-87-7,CCN(CCO)CCO,e8bdf2372ad4557c,2
2-methyl-n-(2-methylpropyl)-1-propanamine,DTXSID5025079,110-96-3,CC(C)CNCC(C)C,03ca1c3e104aa82a,11
diphenyl oxide,DTXSID9021847,101-84-8,c1ccc(Oc2ccccc2)cc1,c5a9696766a2690c,2
hex-3-yne,DTXSID30239144,928-49-4,CCC#CCC,4cfe103f19e76987,1
"naphthalene, 1,4-dibromo-",DTXSID6058893,83-53-4,Brc1ccc(Br)c2ccccc12,1b3af702a3d293ee,1
3-ethylheptane,DTXSID50871242,15869-80-4,CCCCC(CC)CC,371ae317771e7217,18
methyl 2-methylbenzoate,DTXSID6048208,89-71-4,COC(=O)c1ccccc1C,a87c64218350a855,4
pentadecylbenzene,DTXSID5051860,2131-18-2,CCCCCCCCCCCCCCCc1ccccc1,bc6fa6c265bb482a,17
undec-9-en-1-ol,DTXSID80870465,112-46-9,CC=CCCCCCCCCO,752ed1d70aba7bfd,12
4-bromobenzylamine,DTXSID70192704,3959-07-7,NCc1ccc(Br)cc1,f5bd3e0179d65670,3
4-methylbenzenamine,DTXSID6021872,106-49-0,Cc1ccc(N)cc1,4aba7fccf484aa3d,1
"1,2-dimethoxy-4-(2-propen-1-yl)benzene",DTXSID5025607,93-15-2,C=CCc1ccc(OC)c(OC)c1,6ea9367c2c71aab2,13
"glycine, n,n-dimethyl-",DTXSID6074336,1118-68-9,CN(C)CC(=O)O,64e3ad2553b6a63b,5
"3,4-dichloro-1-butene",DTXSID8022113,760-23-6,C=CC(Cl)CCl,522e71d17ac3a7d2,9
2-butanethiol,DTXSID1041396,513-53-1,CCC(C)S,254604772de647c2,9
"2,6-dimethylcyclohexan-1-ol",DTXSID70871123,5337-72-4,CC1CCCC(C)C1O,75d71799ff39ac0b,4
"m-anisaldehyde, 6-hydroxy-",DTXSID40217478,672-13-9,COc1ccc(O)c(C=O)c1,8e4c5c396ac145a3,2
1-fluoronaphthalene,DTXSID7059808,321-38-0,Fc1cccc2ccccc12,7b829f79b11fa6d1,1
"carbamic acid, 2-methylpropyl ester",DTXSID6060262,543-28-2,CC(C)COC(N)=O,8d553618aa36e97e,7
2-hydroxy-2-methylpropanenitrile,DTXSID7025427,75-86-5,CC(C)(O)C#N,c83cfd9ff97aedec,1
formanilide,DTXSID3025338,103-70-8,O=CNc1ccccc1,96832729355a98a7,1
"ethane-1,2-dithiol",DTXSID9052187,540-63-6,SCCS,d6bc852497328a83,3
dimethyl itaconate,DTXSID80210701,617-52-7,C=C(CC(=O)OC)C(=O)OC,ed2fb0ba22ee2856,8
cyclooctene,DTXSID1061310,931-88-4,C1=CCCCCCC1,9d921d394c8883b8,2
methimazole,DTXSID4020820,60-56-0,Cn1cc[nH]c1=S,181ae3eb7b246880,1
2-bromostyrene,DTXSID8040777,2039-88-5,C=Cc1ccccc1Br,96dab08ed07351d8,2
bicyclo(3.3.1)nonane,DTXSID30182282,280-65-9,C1CC2CCCC(C1)C2,700240603e5a1753,1
"1,3-dimethyl-2-nitrobenzene",DTXSID7025134,81-20-9,Cc1cccc(C)c1[N+](=O)[O-],47082631b0e1e017,2
"1,3-propylene oxide",DTXSID8025969,503-30-0,C1COC1,9e5b97545cc2346a,1
"piperidine, 1,1'-(1,2-ethanediyl)bis-",DTXSID9062067,1932-04-3,C1CCN(CCN2CCCCC2)CC1,91325f3cf48e8334,3
heptadecylamine,DTXSID1063350,4200-95-7,CCCCCCCCCCCCCCCCCN,24e5a9dbf2831ebc,4
butyl methylcarbamate,DTXSID40277991,5461-30-3,CCCCOC(=O)NC,de1f8941dc999eb7,13
4h-pyran-4-one,DTXSID20148352,108-97-4,O=c1ccocc1,4a1ecd4b6179fc7e,1
5-decyne,DTXSID70173038,1942-46-7,CCCCC#CCCCC,5d429701e8bead2b,19
fluoroethane,DTXSID2059857,353-36-6,CCF,7406eb41066ad40d,1
"(1,1'-biphenyl)-2,2'-diol",DTXSID6051809,1806-29-7,Oc1ccccc1-c1ccccc1O,ca26fd7335e3dff9,7
,,,Cc1ccc2c(c1)CC=N2,a905d7c72a4b8255,2
dimethyl malonate,DTXSID4029145,108-59-8,COC(=O)CC(=O)OC,a3be4674559b8941,4
"3,4-dimethylpent-2-ene",DTXSID30871104,24910-63-2,CC=C(C)C(C)C,dd17142014c107fa,8
"1,4-diiodobenzene",DTXSID2022092,624-38-4,Ic1ccc(I)cc1,16a2f33c18f347c0,1
bromo(bromomethoxy)methane,DTXSID40537840,4497-29-4,BrCOCBr,1b44effe2f689dbb,2
2-propyltoluene,DTXSID4061466,1074-17-5,CCCc1ccccc1C,9cd61db9639836b7,6
allyl acetoacetate,DTXSID40149740,1118-84-9,C=CCOC(=O)CC(C)=O,3b50ead43f649d84,12
di(2-ethylhexyl) phthalate,DTXSID5020607,117-81-7,CCCCC(CC)COC(=O)c1ccccc1C(=O)OCC(CC)CCCC,6168b6f40f8dbc5c,12
"1,3-dimethyl-2-imidazolidinone",DTXSID1073153,80-73-9,CN1CCN(C)C1=O,09d99558d6d3643c,1
2-[2-(2-methoxyethoxy)ethoxy]ethanol,DTXSID5026912,112-35-6,COCCOCCOCCO,a4c40641681d83dc,8
nicotinyl alcohol,DTXSID6023367,100-55-0,OCc1cccnc1,536cea94fa3357ed,3
acetyl bromide,DTXSID5060140,506-96-7,CC(=O)Br,abf8c5692914cdf0,1
"2,6-dimethylpyridin-4-amine",DTXSID10188621,3512-80-9,Cc1cc(N)cc(C)n1,1f11bf3ee1d9200c,1
benzaldehyde n-phenylimine,DTXSID10870599,538-51-2,C(=Nc1ccccc1)c1ccccc1,6fa5bbec7499e96a,3
heptanophenone,DTXSID9048194,1671-75-6,CCCCCCC(=O)c1ccccc1,7f79444b926a0596,17
fluorine,DTXSID3024106,7782-41-4,FF,2b1162cdf7a683af,1
4-thiocresol,DTXSID5048188,106-45-6,Cc1ccc(S)cc1,0c37223f7f5efe8a,1
"1-butyne, 3-chloro-3-methyl-",DTXSID2061488,1111-97-3,C#CC(C)(C)Cl,7bc7b3d871055640,1
"2,8-dimethylquinoline",DTXSID80163349,1463-17-8,Cc1ccc2cccc(C)c2n1,4967e393b716bd7b,1
isopropyl disulfide,DTXSID6022216,4253-89-8,CC(C)SSC(C)C,0811678fc4fd303d,9
butan-2-yl acetate,DTXSID0047612,105-46-4,CCC(C)OC(C)=O,58ca047a37042167,14
"benzene, 1-methoxy-3-nitro-",DTXSID3060295,555-03-3,COc1cccc([N+](=O)[O-])c1,5f55f9107f5f3557,2
3-chlorobiphenyl,DTXSID1040299,2051-61-8,Clc1cccc(-c2ccccc2)c1,fc7949fd084b6c10,2
pentylbenzene,DTXSID6022054,538-68-1,CCCCCc1ccccc1,978596d77b02c3a9,15
"1,2,3,4,5,6-hexachlorocyclohexane",DTXSID7020687,608-73-1,ClC1C(Cl)C(Cl)C(Cl)C(Cl)C1Cl,6191debee280972e,6
diphenylcarbonate,DTXSID3020540,102-09-0,O=C(Oc1ccccc1)Oc1ccccc1,32c870631cf799c1,4
"benzene, octyl-",DTXSID2062240,2189-60-8,CCCCCCCCc1ccccc1,f9fb475d045f67ff,20
2-nitronaphthalene,DTXSID2073198,581-89-5,O=[N+]([O-])c1ccc2ccccc2c1,2f7a1e930a9a198a,1
"benzenethiol, 3-methyl-",DTXSID1059361,108-40-7,Cc1cccc(S)c1,d179cfbee3197289,2
"cyclohexane, tetradecyl-",DTXSID8061975,1795-18-2,CCCCCCCCCCCCCCC1CCCCC1,4ff64d920fcd06a9,5
methyl tetradecanoate,DTXSID5027019,124-10-7,CCCCCCCCCCCCCC(=O)OC,807a28394d3d3e39,8
"1,2-dicyclohexylethane",DTXSID70186860,3321-50-4,C1CCC(CCC2CCCCC2)CC1,bf6382828a3040a5,2
3-hydroxy-n-phenylaniline,DTXSID1025431,101-18-8,Oc1cccc(Nc2ccccc2)c1,e8ca17c3796c47fd,8
"9-octadecenoic acid, methyl ester",DTXSID9062435,2462-84-2,CCCCCCCCC=CCCCCCCCC(=O)OC,a5bca00410c7bd3d,1
"2,3-dichlorophenol",DTXSID7025001,576-24-9,Oc1cccc(Cl)c1Cl,6a6d21246bcf2f87,1
"1-propene, 3,3,3-trichloro-",DTXSID3062281,2233-00-3,C=CC(Cl)(Cl)Cl,77094b9ffe819fd3,1
1-bromo-2-naphthol,DTXSID20205919,573-97-7,Oc1ccc2ccccc2c1Br,736c2746158ef229,1
3-methyl-n-phenylaniline,DTXSID9044790,1205-64-7,Cc1cccc(Nc2ccccc2)c1,32b713a57a89aa06,4
"propane, 1,1,2,3,3-pentachloro-",DTXSID20164698,15104-61-7,ClC(Cl)C(Cl)C(Cl)Cl,d9d1ae5a3d06d653,5
1-chloro-2-nitrobenzene,DTXSID0020280,88-73-3,O=[N+]([O-])c1ccccc1Cl,5059dfff402c918a,2
"carbamic chloride, methylphenyl-",DTXSID7063396,4285-42-1,CN(C(=O)Cl)c1ccccc1,64ac18e9ab120b6d,4
1-chloropentane,DTXSID40870603,543-59-9,CCCCCCl,dfeff7f42991733b,14
"cyclohexane, octyl-",DTXSID3061972,1795-15-9,CCCCCCCCC1CCCCC1,df30ad06298e228c,4
"1,5-hexadiene",DTXSID4049323,592-42-7,C=CCCC=C,3b23a67dc188cc44,12
pentanamide,DTXSID3060827,626-97-1,CCCCC(N)=O,8b9b57c7174d87f2,12
triethylene glycol diacetate,DTXSID3026223,111-21-7,CC(=O)OCCOCCOCCOC(C)=O,a5b79852158740ff,6
imazalil,DTXSID8024151,35554-44-0,C=CCOC(Cn1ccnc1)c1ccc(Cl)cc1Cl,f0a405b5a69a9ec1,9
1-butene,DTXSID1026746,106-98-9,C=CCC,3971be993d1c66fa,3
tert-butyl glycidyl ether,DTXSID4024692,7665-72-7,CC(C)(C)OCC1CO1,b555181c303c8959,4
sparteine non-stereo,DTXSID00859156,NOCAS_859156,C1CCN2CC3CC(CN4CCCCC34)C2C1,98d4979f1be542c9,2
sulfonmethane,DTXSID3048574,115-24-2,CCS(=O)(=O)C(C)(C)S(=O)(=O)CC,bc47a0f3f8dbdbce,5
"1,4-dibromobenzene",DTXSID4024012,106-37-6,Brc1ccc(Br)cc1,7ce388bf218af64b,1
3-methyl-1-phenyl-1h-pyrazole,DTXSID40150179,1128-54-7,Cc1ccn(-c2ccccc2)n1,4972cf9e81842750,1
4'-acetylbiphenyl,DTXSID6052619,92-91-1,CC(=O)c1ccc(-c2ccccc2)cc1,b844b656e49937d1,2
"benzoic acid, 2,4-dimethyl-",DTXSID2060595,611-01-8,Cc1ccc(C(=O)O)c(C)c1,689d2312c8c2022f,3
"2,5-furandione, 3-chloro-",DTXSID9059127,96-02-6,O=C1C=C(Cl)C(=O)O1,89b4a237589ef6ec,1
2-furanpropionic acid,DTXSID70239446,935-13-7,O=C(O)CCc1ccco1,e4e0cbfba09beb14,10
"3,4-xylyl acetate",DTXSID10177136,22618-23-1,CC(=O)Oc1ccc(C)c(C)c1,b24924e98f8ef83f,4
beta-pinene,DTXSID7027049,127-91-3,C=C1CCC2CC1C2(C)C,acfbf75e54d343bb,2
methyl vinyl ketone,DTXSID3025671,78-94-4,C=CC(C)=O,38f249cbb106193c,2
"1,7-dimethylnaphthalene",DTXSID7073197,575-37-1,Cc1ccc2cccc(C)c2c1,03445802cb9f7fdb,1
2-ethylaniline,DTXSID0042242,578-54-1,CCc1ccccc1N,4e1a8439eec76440,3
ethyl isovalerate,DTXSID3047057,108-64-5,CCOC(=O)CC(C)C,226c1f82e76c419a,15
,,,CC1CCC2C1C1C(CCC2(C)O)C1(C)C,3c3e752336e9b466,1
"1,3-diphenylpropane",DTXSID80862527,1081-75-0,c1ccc(CCCc2ccccc2)cc1,e1f5aefa303ee488,6
"2,3-dimethylbutane",DTXSID9025112,79-29-8,CC(C)C(C)C,c920a67cee6e1108,3
pinane,DTXSID7025922,473-55-2,CC1CCC2CC1C2(C)C,7716e51610e5bb09,2
,,,Cc1cc(O)ccc1OP(=O)(Oc1cc(O)ccc1C)Oc1c(C)cccc1O,4a9248b1528e7fdc,15
"benzoic acid, 2-phenoxy-",DTXSID8062286,2243-42-7,O=C(O)c1ccccc1Oc1ccccc1,18fb5e576a29afb6,7
n-nitrosomorpholine,DTXSID4021056,59-89-2,O=NN1CCOCC1,2d132c329923f64c,2
"1,5-diphenyl-3-pentanone",DTXSID10202250,5396-91-8,O=C(CCc1ccccc1)CCc1ccccc1,3e542fd00ede750b,6
cyclopentane carboxylic acid,DTXSID70187610,3400-45-1,O=C(O)C1CCCC1,a9086b4138d021cb,5
undecanoic acid,DTXSID8021690,112-37-8,CCCCCCCCCCC(=O)O,ce1bdf8fa5c7f7a3,21
(+/-)-anabasine,DTXSID50859409,13078-04-1,c1cncc(C2CCCCN2)c1,39c659400144e0a1,2
tridecanenitrile,DTXSID8060876,629-60-7,CCCCCCCCCCCCC#N,a343244408147826,12
1-chloro-2-phenylethane,DTXSID3060748,622-24-2,ClCCc1ccccc1,2bed80a2e38d9a4d,3
n-ethyl-2-methylaniline,DTXSID1059107,94-68-8,CCNc1ccccc1C,683cd36e261119dd,3
allylbenzene,DTXSID00861855,300-57-2,C=CCc1ccccc1,6b18319a68c482df,3
hexadecamethylheptasiloxane,DTXSID8060242,541-01-5,C[Si](C)(C)O[Si](C)(C)O[Si](C)(C)O[Si](C)(C)O[Si](C)(C)O[Si](C)(C)O[Si](C)(C)C,8688b33d4c7eac5d,3
hexadecanenitrile,DTXSID5027271,629-79-8,CCCCCCCCCCCCCCCC#N,ec4f3c19752bf880,13
pentanedinitrile,DTXSID6060266,544-13-8,N#CCCCC#N,50d9348eaa1d25b8,5
"1,4-dibromo-2-butene",DTXSID90859544,6974-12-5,BrCC=CCBr,8c27439fa4df8970,5
triphosgene,DTXSID00865631,32315-10-9,O=C(OC(Cl)(Cl)Cl)OC(Cl)(Cl)Cl,9e97460c34378bd2,1
"quinoline, 8-chloro-",DTXSID9060601,611-33-6,Clc1cccc2cccnc12,410c6106527baa20,1
heptyl valerate,DTXSID2063898,5451-80-9,CCCCCCCOC(=O)CCCC,16b7f29d14ec1456,20
"n,n,n',n'-tetramethyl-p-phenylenediamine",DTXSID5026124,100-22-1,CN(C)c1ccc(N(C)C)cc1,b80a3e9491b99c51,1
di-tert-butyl sulphide,DTXSID5021887,107-47-1,CC(C)(C)SC(C)(C)C,1f30fda06c1ab6c2,2
hexamethyleneimine,DTXSID1026879,111-49-9,C1CCCNCC1,8327a0faca855c67,4
5-methyl-2-pyrrolidone,DTXSID50870457,108-27-0,CC1CCC(=O)N1,fb1c9d70c060b103,4
acrolein,DTXSID5020023,107-02-8,C=CC=O,cb419f498927e9d8,2
"2,4-dimethoxybenzaldehyde",DTXSID3022081,613-45-6,COc1ccc(C=O)c(OC)c1,1b3fba7e632247ff,3
8-methyl-1-nonanol,DTXSID3058660,55505-26-5,CC(C)CCCCCCCO,ce76f8c11524fbad,9
"benzene, 1-chloro-2-isocyanato-",DTXSID5062974,3320-83-0,O=C=Nc1ccccc1Cl,222a9af146292ffd,1
2-​butenedioic acid,DTXSID8048157,6915-18-0,O=C(O)C=CC(=O)O,6398bf889ae5a9e7,3
pendimethalin,DTXSID7024245,40487-42-1,CCC(CC)Nc1c([N+](=O)[O-])cc(C)c(C)c1[N+](=O)[O-],71ccd6772664b286,6
propane,DTXSID5026386,74-98-6,CCC,e459a71278048165,1
ethyl isobutyrylacetate,DTXSID00221758,7152-15-0,CCOC(=O)CC(=O)C(C)C,71f9ece4917d3555,12
"1,3,5-trimethylcyclohexane",DTXSID20862763,1839-63-0,CC1CC(C)CC(C)C1,81af8cfb51549d8e,2
3-propylphenol,DTXSID10211145,621-27-2,CCCc1cccc(O)c1,96c6ddecddca37c1,9
"benzeneacetic acid, .alpha.-ethyl-",DTXSID90861682,90-27-7,CCC(C(=O)O)c1ccccc1,66c3ca17899a8d58,9
1-bromotetradecane,DTXSID3038725,112-71-0,CCCCCCCCCCCCCCBr,af82b2c83b995269,12
butylbenzene,DTXSID6022472,104-51-8,CCCCc1ccccc1,55c3ed2d0870ce7b,8
o-vinyltoluene,DTXSID2060599,611-15-4,C=Cc1ccccc1C,948fd00eda68a4af,2
"naphthalene, 2-benzyl- (8ci)",DTXSID20210200,613-59-2,c1ccc(Cc2ccc3ccccc3c2)cc1,4e65651fe6f0bdce,4
propylcyclohexane,DTXSID4074699,1678-92-8,CCCC1CCCCC1,d183f032285d4114,5
"cyclohexanone, 2-(1-cyclohexen-1-yl)-",DTXSID30870879,1502-22-3,O=C1CCCCC1C1=CCCCC1,6ec194bd4b23df02,6
isopropyl carbamate,DTXSID9051795,1746-77-6,CC(C)OC(N)=O,e820d7f22253ac7e,2
sulfuryl fluoride,DTXSID9034945,2699-79-8,O=S(=O)(F)F,b95000837c469129,1
"1,1,1,2-tetrafluoroethane",DTXSID1021324,811-97-2,FCC(F)(F)F,8091d5c7f0b71a2d,1
4-(butan-2-yl)phenol,DTXSID7022332,99-71-8,CCC(C)c1ccc(O)cc1,9cfe5f677218e1f9,11
glycerol-2-nitrate,DTXSID80211031,620-12-2,O=[N+]([O-])OC(CO)CO,8da8b856433dea27,14
methyl perfluorobutanoate,DTXSID4059881,356-24-1,COC(=O)C(F)(F)C(F)(F)C(F)(F)F,4c874497da09a64c,6
methylenecyclohexane,DTXSID4061595,1192-37-6,C=C1CCCCC1,3b8cb168ea3d14ea,1
perflunafene,DTXSID0046511,306-94-5,FC1(F)C(F)(F)C(F)(F)C2(F)C(F)(F)C(F)(F)C(F)(F)C(F)(F)C2(F)C1(F)F,fcee8817e1804b05,5
6-amino-3-methylpyridine,DTXSID4029220,1603-41-4,Cc1ccc(N)nc1,6a2405626eb30f39,1
2-methoxyethanol,DTXSID5024182,109-86-4,COCCO,9747d1dd00616151,4
"1,2-diphenylethanone",DTXSID6044430,451-40-1,O=C(Cc1ccccc1)c1ccccc1,6e720242d17d6694,3
1-pentanol,DTXSID6021741,71-41-0,CCCCCO,c2c677d6a837e551,15
dicyclohexylamine,DTXSID6025018,101-83-7,C1CCC(NC2CCCCC2)CC1,0af7f800066c38b2,1
2-nitrophenol,DTXSID1021790,88-75-5,O=[N+]([O-])c1ccccc1O,80189c11997aa03f,1
1-fluoro-3-nitrobenzene,DTXSID20193201,402-67-5,O=[N+]([O-])c1cccc(F)c1,5dded80eef1b8c9a,1
3-methylbutyl acetate,DTXSID9025453,123-92-2,CC(=O)OCCC(C)C,74ef11f62b7f09be,12
"1,3,5-tribromobenzene",DTXSID3052307,626-39-1,Brc1cc(Br)cc(Br)c1,b465be65ab8253f3,1
"1,2,3,4,5-pentachloro-6-(dichloromethyl)benzene",DTXSID90520500,2136-95-0,Clc1c(Cl)c(Cl)c(C(Cl)Cl)c(Cl)c1Cl,d2854b0b3de7bcee,1
6-methylisoquinoline,DTXSID70195199,42398-73-2,Cc1ccc2cnccc2c1,71ddcf3629ebc4ce,1
m-hydroxynorephedrine,DTXSID50858992,7619-17-2,CC(N)C(O)c1cccc(O)c1,a37c96fb067c861c,15
cyclopropane carboxylic acid,DTXSID1040665,1759-53-1,O=C(O)C1CC1,de0c76f302e4dfe9,2
n-phenyl-2-naphthylamine,DTXSID4021131,135-88-6,c1ccc(Nc2ccc3ccccc3c2)cc1,f01e5ebf706e946f,4
1-heptanol,DTXSID8021937,111-70-6,CCCCCCCO,c888dae220e4582e,18
1-iodo-3-nitrobenzene,DTXSID5025449,645-00-1,O=[N+]([O-])c1cccc(I)c1,24901c17ef58ca7c,1
octyl phenyl ether,DTXSID1061994,1818-07-1,CCCCCCCCOc1ccccc1,46cc68afea47a243,18
methyl acetoacetate,DTXSID9026716,105-45-3,COC(=O)CC(C)=O,ed90e939d2c73156,4
2-butanol,DTXSID9021762,78-92-2,CCC(C)O,2f73cdcca3cf5f41,7
"2,2-dimethylcyclohexan-1-ol",DTXSID70870858,1193-46-0,CC1(C)CCCCC1O,0254863e4d67d065,6
2-methyldecane,DTXSID2058677,6975-98-0,CCCCCCCCC(C)C,c38ac44df0552ab1,14
"1,4-dichloro-2-butene",DTXSID9027310,764-41-0,ClCC=CCCl,268d3ca8ce8d797a,8
"cyclobutane, ethyl-",DTXSID5074711,4806-61-5,CCC1CCC1,db198ebdbeb518f9,3
bis{2-[di(propan-2-yl)amino]ethyl} methylphosphonite,DTXSID40872041,57856-12-9,CC(C)N(CCOP(C)OCCN(C(C)C)C(C)C)C(C)C,6347f267ca0a59e8,8
"1,3-butanediol",DTXSID8026773,107-88-0,CC(O)CCO,4e1e62a914394f1a,3
10-undecen-1-ol,DTXSID4059419,112-43-6,C=CCCCCCCCCCO,e889902f827b0121,13
bromotrifluoromethane,DTXSID5026415,75-63-8,FC(F)(F)Br,5146a19c506718fb,1
"cyclohexane, pentadecyl-",DTXSID1064081,6006-95-7,CCCCCCCCCCCCCCCC1CCCCC1,26b99c93fc34f856,3
"5-isopropyl-1,2,4-trimethylbenzene",DTXSID50144802,10222-95-4,Cc1cc(C)c(C(C)C)cc1C,dfdc4a73b2025476,1
"1,2-dihydronaphthalene",DTXSID30858713,447-53-0,C1=Cc2ccccc2CC1,1f82f578d62f2e0f,2
glycerol 1-monostearate,DTXSID7029160,123-94-4,CCCCCCCCCCCCCCCCCC(=O)OCC(O)CO,f4ac4ada392be915,6
2-phenylnaphthalene,DTXSID8060614,612-94-2,c1ccc(-c2ccc3ccccc3c2)cc1,68d850da277d4be7,2
"benzene, 1-bromo-2-iodo-",DTXSID1060394,583-55-1,Brc1ccccc1I,0c7a92a5c1014e85,1
1h-perfluoroethane,DTXSID1024251,354-33-6,FC(F)C(F)(F)F,4deb3d6c3e0b0db1,1
"carbonochloridic acid, trichloromethyl ester",DTXSID60862065,503-38-8,O=C(Cl)OC(Cl)(Cl)Cl,e1d8fd77f5fd73e8,1
"n,n-diisopropylaminoethanol",DTXSID6021822,96-80-0,CC(C)N(CCO)C(C)C,cdd0b9c8539c74a0,8
2-aminodiphenylamine,DTXSID0049315,534-85-0,Nc1ccccc1Nc1ccccc1,afd80e291e5362f7,4
,,,ClC=CBr,1f1f98cbd459e629,2
isodecyl octyl phthalate,DTXSID9061675,1330-96-7,CCCCCCCCOC(=O)c1ccccc1C(=O)OCCCCCCCC(C)C,ca383242ec22fd3b,5
"2,5-cyclohexadiene-1,4-dione, 2-methyl-5-(1-methylethyl)-",DTXSID9060079,490-91-5,CC1=CC(=O)C(C(C)C)=CC1=O,cc702af081014c69,3
biphenyl-2-yl methyl ether,DTXSID6052584,86-26-0,COc1ccccc1-c1ccccc1,7620f8a328feed5c,2
3-hexanone,DTXSID2021608,589-38-8,CCCC(=O)CC,a7a19fa3caecc1d2,15
"1,2-diphenylethanedione",DTXSID3044380,134-81-6,O=C(C(=O)c1ccccc1)c1ccccc1,817b2e67da43feed,2
"octane, 2,7-dimethyl-",DTXSID90147933,1072-16-8,CC(C)CCCCC(C)C,c107452101159437,17
"2,3,3-trimethylbut-1-ene",DTXSID80208123,594-56-9,C=C(C)C(C)(C)C,5d7545e2554efe5d,1
4'-fluoroacetophenone,DTXSID0059952,403-42-9,CC(=O)c1ccc(F)cc1,c371979e727f79a3,1
"dibutyl 1,2-benzenedicarboxylate",DTXSID2021781,84-74-2,CCCCOC(=O)c1ccccc1C(=O)OCCCC,f8afda55a88b5a2f,22
1-ethyl-2-methylcyclopentane,DTXSID20870803,3726-46-3,CCC1CCCC1C,6ddfb5de16c488ac,12
"4,4′-diamino-1,1′-biphenyl",DTXSID2020137,92-87-5,Nc1ccc(-c2ccc(N)cc2)cc1,69883aea8c461df2,2
trichloroethylene,DTXSID0021383,79-01-6,ClC=C(Cl)Cl,262e0d9a7fb6b281,1
bis(2-chloroethoxy)methane,DTXSID4023917,111-91-1,ClCCOCOCCCl,b1fb53ba9359f337,5
"2(1h)-pyridinone, 1-methyl-",DTXSID8061008,694-85-9,Cn1ccccc1=O,8443326f432dbf93,1
"1,1-ethanediol diacetate",DTXSID1027188,542-10-9,CC(=O)OC(C)OC(C)=O,05590b8be9a70eca,6
quinoxaline,DTXSID6049432,91-19-0,c1ccc2nccnc2c1,aa0ed7f06741bc51,1
heptyl propionate,DTXSID00176693,2216-81-1,CCCCCCCOC(=O)CC,b6e8efe4810004a4,17
"quinoline, 1,2,3,4-tetrahydro-6-methoxy-",DTXSID3059505,120-15-0,COc1ccc2c(c1)CCCN2,7653995d16a19160,4
"butane, 1-bromo-3-methyl-",DTXSID7059353,107-82-4,CC(C)CCBr,a60b3b3445756cd7,9
"2,4-dimethylbenzyl alcohol",DTXSID90167510,16308-92-2,Cc1ccc(CO)c(C)c1,7c5d7844305ee080,5
1-pentene,DTXSID7025849,109-67-1,C=CCCC,f04c8199678c1265,8
3-methyl-3-heptanol,DTXSID00871136,5582-82-1,CCCCC(C)(O)CC,b2004f7c2b403f7f,13
2-hexenoic acid,DTXSID5061588,1191-04-4,CCCC=CC(=O)O,7d0050fb8f53f213,10
"phenol, 2,3,4-trimethyl-",DTXSID80865331,526-85-2,Cc1ccc(O)c(C)c1C,768c5d42e83f23dd,3
gamma-terpinene,DTXSID6041210,99-85-4,CC1=CCC(C(C)C)=CC1,401c6daccfb0f3a1,2
"1h-imidazole, 2-phenyl-",DTXSID7060968,670-96-2,c1ccc(-c2ncc[nH]2)cc1,36c6ef74e481f5b2,1
"1,3-pentadiene",DTXSID3027160,504-60-9,C=CC=CC,c6899a40c13203e2,4
"2-bromo-1,1-dichloroethylene",DTXSID50207401,5870-61-1,ClC(Cl)=CBr,f7a51b1fef636b75,1
"2,4,6-tribromoanisole",DTXSID1060558,607-99-8,COc1c(Br)cc(Br)cc1Br,31b9450d5b523740,1
succinic anhydride,DTXSID7021287,108-30-5,O=C1CCC(=O)O1,1ba6dc49c1ad7811,1
benzo[h]quinoline,DTXSID1075199,230-27-3,c1ccc2c(c1)ccc1cccnc12,5a906314a811a55b,1
phthalide,DTXSID0052594,87-41-2,O=C1OCc2ccccc21,1ad184f292ffeb6e,1
kryptopyrrole,DTXSID20199647,517-22-6,CCc1c(C)c[nH]c1C,b1990e99616bbd00,2
"benzene, 1-(bromomethyl)-4-methyl-",DTXSID7059305,104-81-4,Cc1ccc(CBr)cc1,007630999365aefd,2
propyl carbamate,DTXSID7060833,627-12-3,CCCOC(N)=O,025c98149341eb44,6
2-methyl-1-pentene,DTXSID901017356,763-29-1,C=C(C)CCC,ee902df0512dc05e,7
"benzene, 1-chloro-3-ethyl-",DTXSID40211032,620-16-6,CCc1cccc(Cl)c1,a4f34115a864fc30,2
1-ethyl-2-methylbenzene,DTXSID2050403,611-14-3,CCc1ccccc1C,a0df5691f1f93a11,3
"silane, diethyldifluoro-",DTXSID60189325,358-06-5,CC[Si](F)(F)CC,9378427a76d54715,7
3-hydroxypropanenitrile,DTXSID1025433,109-78-4,N#CCCO,05ed2fc2dbab4375,3
"quinoline, decahydro-",DTXSID10871203,2051-28-7,C1CCC2NCCCC2C1,34706a5da678bd72,1
"benzene, 1-chloro-2-ethyl-",DTXSID40237474,89-96-3,CCc1ccccc1Cl,3fec1ac61ec964ae,3
"2,4-diaminotoluene",DTXSID4020402,95-80-7,Cc1ccc(N)cc1N,c14c079346b07f0a,1
nitroethane,DTXSID8020969,79-24-3,CC[N+](=O)[O-],333e52ca9647e93c,1
"2-hexyne, 5-methyl-",DTXSID30201785,53566-37-3,CC#CCC(C)C,304b2f324cc21bde,5
2-methyl-1-hexene,DTXSID9052505,6094-02-6,C=C(C)CCCC,b633d4276660d68e,13
ethyl oxanilate,DTXSID3074527,1457-85-8,CCOC(=O)C(=O)Nc1ccccc1,36e077bf92e65674,3
4-methyl-4-heptanol,DTXSID60208525,598-01-6,CCCC(C)(O)CCC,743e9f12f1f19dd7,9
"cyclohexanone, 2,2,6-trimethyl-",DTXSID20862925,2408-37-9,CC1CCCC(C)(C)C1=O,9b66a31e3d0b6d92,3
isopropyl ether,DTXSID4021890,108-20-3,CC(C)OC(C)C,4626ef1370a14f75,4
chloromethane,DTXSID0021541,74-87-3,CCl,6ab928aeaf981a5d,1
"1-(2,4,5-trimethylphenyl)ethan-1-one",DTXSID30174349,2040-07-5,CC(=O)c1cc(C)c(C)cc1C,a96a4a36bef6567d,4
n-benzyl-4-toluidine,DTXSID10202376,5405-15-2,Cc1ccc(NCc2ccccc2)cc1,5207427e93dac143,6
2-chlorobenzotrifluoride,DTXSID9024774,88-16-4,FC(F)(F)c1ccccc1Cl,23a1c21187baf621,1
2-chlorobutane,DTXSID9023966,78-86-4,CCC(C)Cl,6f925df622d2a69e,6
4-chloroquinoline,DTXSID40209979,611-35-8,Clc1ccnc2ccccc12,15c2d1cc5b03d965,1
3-methyl-butyraldehyde oxime,DTXSID30878759,626-90-4,CC(C)CC=NO,b5af34ff55fdef28,13
2-hydroxyethylhydrazine,DTXSID1020728,109-84-2,NNCCO,32fe2d97cf8cbbf3,5
"butane, 1,1'-thiobis[3-methyl-",DTXSID6060264,544-02-5,CC(C)CCSCCC(C)C,53ac764e57c86905,17
4-chloro-2-methylphenol,DTXSID5022510,1570-64-5,Cc1cc(Cl)ccc1O,b1ceef1800d54b46,2
"1,1'-biphenyl, 2,2',4,4'-tetramethyl-",DTXSID10334505,3976-36-1,Cc1ccc(-c2ccc(C)cc2C)c(C)c1,160f50e795d57db9,6
2-hexylnaphthalene,DTXSID20334334,2876-46-2,CCCCCCc1ccc2ccccc2c1,eb31537eed0c0ddf,19
pentatriacontane,DTXSID9074723,630-07-9,CCCCCCCCCCCCCCCCCCCCCCCCCCCCCCCCCCC,0f7603982fb4c719,5
3-ethylaniline,DTXSID1051434,587-02-0,CCc1cccc(N)c1,0cbce4b0d75ffa64,2
phthalazine,DTXSID9049407,253-52-1,c1ccc2cnncc2c1,3e88e93df8a06c61,1
2-decanone,DTXSID9022104,693-54-9,CCCCCCCCC(C)=O,cb9df7ca40a08b76,23
1-benzyl-4-ethylbenzene,DTXSID30211046,620-85-9,CCc1ccc(Cc2ccccc2)cc1,b79bc8aa3eb9906f,4
1-eicosyne,DTXSID70227303,765-27-5,C#CCCCCCCCCCCCCCCCCCC,c8002d4667fb0e37,4
"3,4-dichlorobenzyl alcohol",DTXSID70170966,1805-32-9,OCc1ccc(Cl)c(Cl)c1,a3a635a55e1e01e0,6
"2,2,4-trimethylhexane",DTXSID30868211,16747-26-5,CCC(C)CC(C)(C)C,dd853216c657bb85,11
gamma-caprolactone,DTXSID8041298,695-06-7,CCC1CCC(=O)O1,ab6f5f9ed6a85438,9
methylamine,DTXSID7025683,74-89-5,CN,a43bf3aaac766f0a,1
methyl toluene-4-sulfonate,DTXSID4052550,80-48-8,COS(=O)(=O)c1ccc(C)cc1,22677ec284848893,7
1-bromododecane,DTXSID2044395,143-15-7,CCCCCCCCCCCCBr,b3aa795da7033a4f,15
"heptane, 2-bromo-",DTXSID40870921,1974-04-5,CCCCCC(C)Br,48c6dcb19759f258,18
,,,ClC(=Cc1ccccc1)c1ccccc1,95125b37eccc9bfa,6
"2,2-dicyclohexylpropane",DTXSID10203449,54934-90-6,CC(C)(C1CCCCC1)C1CCCCC1,9dda354a866ce15c,1
"1,4-piperazinedicarboxylic acid, diethyl ester",DTXSID70203162,5470-28-0,CCOC(=O)N1CCN(C(=O)OCC)CC1,d041790a91de0c03,8
"1,2-dichloro-1,1,2-trifluoroethane",DTXSID1042021,354-23-4,FC(Cl)C(F)(F)Cl,27fe3585dba2387b,6
"1,1-dichloroethane",DTXSID1020437,75-34-3,CC(Cl)Cl,2d93b0a2f4401719,1
"phenol, 2,3,4,5-tetramethyl-",DTXSID4060074,488-70-0,Cc1cc(O)c(C)c(C)c1C,92075e4bc806eb7f,4
"pyrimidine, 2,4-dichloro-6-methyl-",DTXSID0063868,5424-21-5,Cc1cc(Cl)nc(Cl)n1,059584be77510f43,1
"1,3,5-triethylbenzene",DTXSID30881228,102-25-0,CCc1cc(CC)cc(CC)c1,e931951bd5272170,2
heptylbenzene,DTXSID3061477,1078-71-3,CCCCCCCc1ccccc1,a9aef1b5727fbdf5,19
hexyl butyrate,DTXSID8047559,2639-63-6,CCCCCCOC(=O)CCC,45a05b5cb9c52714,20
"2,5-diphenylfuran",DTXSID5022142,955-83-9,c1ccc(-c2ccc(-c3ccccc3)o2)cc1,7e029d3ecc36696d,1
ethyl salicylate,DTXSID1021958,118-61-6,CCOC(=O)c1ccccc1O,66b6e225e73a74de,2
"3,5-dichloroaniline",DTXSID7030307,626-43-7,Nc1cc(Cl)cc(Cl)c1,3881f7cfcc38d6bb,1
"thiophene, 2,5-dichloro-",DTXSID6062888,3172-52-9,Clc1ccc(Cl)s1,bae6744a446ffb64,1
methyl pentadecanoate,DTXSID4040769,7132-64-1,CCCCCCCCCCCCCCC(=O)OC,948d501046217495,17
lactonitrile,DTXSID6025432,78-97-7,CC(O)C#N,959db8e65cbda4c5,2
acetoin,DTXSID0024399,513-86-0,CC(=O)C(C)O,09ffdef1d5ab0584,4
"1,2,3-trimethylbenzene",DTXSID8047769,526-73-8,Cc1cccc(C)c1C,630faa81fb0ae9db,1
sulfuryl chloride,DTXSID6029707,7791-25-5,O=S(=O)(Cl)Cl,b408ef61a7abedb1,1
formamide,DTXSID8025337,75-12-7,NC=O,a7afd7a11b3cb7fe,1
3-octyne,DTXSID60871238,15232-76-5,CCC#CCCCC,0c3a3a1b815eee02,9
methoxyflurane,DTXSID7025556,76-38-0,COC(F)(F)C(Cl)Cl,b56ed0f897b2f6ac,3
2-methyl-1-pentanol,DTXSID9026714,105-30-6,CCCC(C)CO,88e3470d6903073f,13
heptyl acetate,DTXSID9047124,112-06-1,CCCCCCCOC(C)=O,4a17ef42b6a7d748,15
propyl sulfide,DTXSID3021934,111-47-7,CCCSCCC,9b753d4d21a26c65,18
"2,3-butanedione-2-oxime",DTXSID7024669,57-71-6,CC(=O)C(C)=NO,8e81e99e9024083b,3
2-acetyl-5-methylthiophene,DTXSID10159932,13679-74-8,CC(=O)c1ccc(C)s1,2dd8569d5795b68a,2
dichloroacetaldehyde,DTXSID3021560,79-02-7,O=CC(Cl)Cl,50551e83abc4eade,3
heptyl butyrate,DTXSID0042038,5870-93-9,CCCCCCCOC(=O)CCC,26e15ae67045d68b,22
4-chlorobenzyl chloride,DTXSID4051530,104-83-6,ClCc1ccc(Cl)cc1,1834b0672a76b7ab,1
octadecyl chloride,DTXSID3027536,3386-33-2,CCCCCCCCCCCCCCCCCCCl,57255ba8f82f70d2,1
,,,CN1C2CC3CC1C(O3)C2O,888bd74a5693a62d,6
2-methylpropanal,DTXSID9021635,78-84-2,CC(C)C=O,c5dc1d04827b1492,2
"2-butenoic acid, 3-methyl-, methyl ester",DTXSID1061283,924-50-5,COC(=O)C=C(C)C,a6999c1bacd7ff3c,2
,,,C#CC(C)C(C)C(C)C(C)C(O)C(O)CC,7518155fbc48ee56,6
dipentylamine,DTXSID4024931,2050-92-2,CCCCCNCCCCC,857218ccf96a9ad5,17
"2,2,4-trimethylcyclopentan-1-one",DTXSID60871359,28056-54-4,CC1CC(=O)C(C)(C)C1,a957f47952da7019,4
"2,4,5-trichlorotoluene",DTXSID8064434,6639-30-1,Cc1cc(Cl)c(Cl)cc1Cl,34c7c92568c9c37c,1
1-ethylcyclohexene,DTXSID60162971,1453-24-3,CCC1=CCCCC1,0ef1194137029532,6
"1-pentene, 4,4-dimethyl-",DTXSID6073235,762-62-9,C=CCC(C)(C)C,0b8429215bd8495f,2
"propane, 2-methyl-2-nitro-",DTXSID0060488,594-70-7,CC(C)(C)[N+](=O)[O-],1668d841ecbdfa62,1
4-methylhex-2-ene,DTXSID50871040,3404-55-5,CC=CC(C)CC,643859807c084551,9
2-chloroaniline,DTXSID2021810,95-51-2,Nc1ccccc1Cl,243a2eafa7699204,1
"silane, trichloro-2-propen-1-yl-",DTXSID3059347,107-37-9,C=CC[Si](Cl)(Cl)Cl,2856f91a39bef17c,2
"2,2,3,3-tetrafluoro-1-propanol",DTXSID8058796,76-37-9,OCC(F)(F)C(F)F,b5ea960de68767e7,8
"thiophene, 3-methyl-",DTXSID8060666,616-44-4,Cc1ccsc1,e024f0cb2270e797,1
chlorocyclohexane,DTXSID3052193,542-18-7,ClC1CCCCC1,d0026057231889d5,2
3-butenoic acid,DTXSID60211539,625-38-7,C=CCC(=O)O,da6a9967c5b79931,4
"2-propene-1,1-diol diacetate",DTXSID8041450,869-29-4,C=CC(OC(C)=O)OC(C)=O,6ec9e59dbf28dc74,11
(4-methoxyphenyl)methanol,DTXSID6044357,105-13-5,COc1ccc(CO)cc1,5383bd763a127e5d,3
pyridazine,DTXSID7059777,289-80-5,c1ccnnc1,7958f4e5800c0982,1
1-chloro-4-(trifluoromethyl)benzene,DTXSID7024821,98-56-6,FC(F)(F)c1ccc(Cl)cc1,7eda1b3b574a0c1b,1
"2,2,6,6-tetramethylpiperidin-4-amine",DTXSID3044388,36768-62-4,CC1(C)CC(N)CC(C)(C)N1,134cf13127ec3895,3
4-methoxybenzophenone,DTXSID00209995,611-94-9,COc1ccc(C(=O)c2ccccc2)cc1,a2ada4336e7b11a4,4
"2,2-difluoropropane",DTXSID60870529,420-45-1,CC(C)(F)F,c984809e97ac8faa,1
"1,2,3-propanetricarboxylic acid, 2-hydroxy-, trimethyl ester",DTXSID2061804,1587-20-8,COC(=O)CC(O)(CC(=O)OC)C(=O)OC,b0e78f23513665ed,9
trimethylamine,DTXSID2026238,75-50-3,CN(C)C,3f02ac0c362bf2ff,1
1-phenyleicosane,DTXSID50178703,2398-68-7,CCCCCCCCCCCCCCCCCCCCc1ccccc1,745cd5aea59d0c2b,3
4-aminoacetophenone,DTXSID6052669,99-92-3,CC(=O)c1ccc(N)cc1,403dcc3c17106b8e,1
2-chloroethyl vinyl ether,DTXSID0051570,110-75-8,C=COCCCl,eac16a0c455f0798,9
"2,5-dimethylfuran",DTXSID7022093,625-86-5,Cc1ccc(C)o1,2c2dbfb024801768,1
di(2-methoxyethyl) phthalate,DTXSID8025094,117-82-8,COCCOC(=O)c1ccccc1C(=O)OCCOC,df51fcd24bc16279,16
1-methylisoquinoline,DTXSID20870904,1721-93-3,Cc1nccc2ccccc12,8119707fb07176db,1
2-methylbutane,DTXSID8025468,78-78-4,CCC(C)C,df3e46666479d15f,3
2-hydroxyisobutyric acid,DTXSID4032954,594-61-6,CC(C)(O)C(=O)O,68413cba7e124f4a,1
"2,4-dichloroanisole",DTXSID4060286,553-82-2,COc1ccc(Cl)cc1Cl,11aed26be563cbcf,1
"2,4-dimethyl-3-(propan-2-yl)pentane",DTXSID30871220,13475-79-1,CC(C)C(C(C)C)C(C)C,c7b1c7946d9d3468,4
"2,3-epoxybutane",DTXSID5025239,3266-23-7,CC1OC1C,3bcf9cbfd8dab831,3
"1,3-propanedithiol",DTXSID0059376,109-80-8,SCCCS,5c6cdd6975ca4788,9
"2,4,6-tribromoaniline",DTXSID5051733,147-82-0,Nc1c(Br)cc(Br)cc1Br,0516b4e6c4924b82,1
"3,5-dichlorophenol",DTXSID2025006,591-35-5,Oc1cc(Cl)cc(Cl)c1,b559774edb228f25,1
2-acetamidobiphenyl,DTXSID6036837,2113-47-5,CC(=O)Nc1ccccc1-c1ccccc1,41ed8480dd1e522e,3
"2,4-diaminoanisole",DTXSID5041358,615-05-4,COc1ccc(N)cc1N,bbedb04159b51368,2
ethanamine,DTXSID8025678,75-04-7,CCN,ac9ee9f5bfa2e2d6,1
1-bromopentadecane,DTXSID8049339,629-72-1,CCCCCCCCCCCCCCCBr,46492690b9e35ce7,13
"1-chloro-1,1,2,2-tetrafluoroethane",DTXSID1042023,354-25-6,FC(F)C(F)(F)Cl,7fd5c8757a183a76,3
"benzenemethanol, 4-fluoro-",DTXSID4075409,459-56-3,OCc1ccc(F)cc1,55db843ce666a936,2
4-piperidineethanol,DTXSID8060749,622-26-4,OCCC1CCNCC1,705188ead811d178,2
"benzene, 2-bromo-1,4-dichloro-",DTXSID7075185,1435-50-3,Clc1ccc(Cl)c(Br)c1,520a18f614a69df4,1
"1,3-benzenedicarboxylic acid, diethyl ester",DTXSID5027277,636-53-3,CCOC(=O)c1cccc(C(=O)OCC)c1,6316bfb2e5607ba2,13
"3-chloro-1,5-dimethyl-1h-pyrazole",DTXSID80871396,51500-32-4,Cc1cc(Cl)nn1C,f31234900a21cede,1
octafluorocyclobutane,DTXSID9041811,115-25-3,FC1(F)C(F)(F)C(F)(F)C1(F)F,c4836f5e5b41b0d7,1
"1,2,3-trichloropentafluoropropane",DTXSID8058794,76-17-5,FC(F)(Cl)C(F)(Cl)C(F)(F)Cl,57801eab56f547dc,8
(2-methoxy-4-prop-2-enylphenyl) acetate,DTXSID5052624,93-28-7,C=CCc1ccc(OC(C)=O)c(OC)c1,74b65eae9286142c,9
1-decyne,DTXSID60870766,764-93-2,C#CCCCCCCCC,1a04b73b6bdc580b,18
2-hydroxyacetophenone,DTXSID7040285,118-93-4,CC(=O)c1ccccc1O,ef25bbe63d24340c,1
3-methyl-2-cyclohexen-1-one,DTXSID8035186,1193-18-6,CC1=CC(=O)CCC1,ca52ba5163f6be98,2
"alpha,alpha,alpha-trifluoro-m-tolunitrile",DTXSID4022026,368-77-4,N#Cc1cccc(C(F)(F)F)c1,aea8c8807d21dab1,2
2-methylpyridine,DTXSID9021899,109-06-8,Cc1ccccn1,cd8eac2b48ef1879,1
acetovanillone,DTXSID7060097,498-02-2,COc1cc(C(C)=O)ccc1O,7ce1332100681130,2
"2,2-dimethylbutanol",DTXSID00152139,1185-33-7,CCC(C)(C)CO,1801f0f5678cd002,11
methyl propyl ether,DTXSID0074558,557-17-5,CCCOC,9f3bb3d1b26ffde7,8
"pentane, 3-chloro-",DTXSID3060661,616-20-6,CCC(Cl)CC,cb5ceda8a8ab5cdb,7
"1,5-dichloropentane",DTXSID2022094,628-76-2,ClCCCCCCl,0665e10afc27b702,16
4-methylbenzeneacetaldehyde,DTXSID0051524,104-09-6,Cc1ccc(CC=O)cc1,9120636a1123848f,6
(+/-)-1-indanol,DTXSID10871162,6351-10-6,OC1CCc2ccccc21,c2246f0e861c0fc9,5
"2-furancarboxylic acid, ethyl ester",DTXSID0060640,614-99-3,CCOC(=O)c1ccco1,863f55445e99be20,6
"1,2-dichlorocyclohexane",DTXSID50859545,1121-21-7,ClC1CCCCC1Cl,8955177309ae8bdd,2
propyl ether,DTXSID8042343,111-43-3,CCCOCCC,691dbba917705658,13
bis(chloromethyl) ether,DTXSID8020173,542-88-1,ClCOCCl,93d9fb862079a4ba,2
"cyclohexanone, 3-methyl-",DTXSID50862256,591-24-2,CC1CCCC(=O)C1,306b119f41e034fc,4
"1,2-difluoro-1,1,2,2-tetrachloroethane",DTXSID5026091,76-12-0,FC(Cl)(Cl)C(F)(Cl)Cl,5bd982aa2242048f,3
2-propoxyethanol,DTXSID1027500,2807-30-9,CCCOCCO,452cf80d47012846,16
"2,4,6-trichloroanisole",DTXSID9073886,87-40-1,COc1c(Cl)cc(Cl)cc1Cl,3e6b073597048265,1
chloramine,DTXSID8023842,10599-90-3,NCl,cd3462b4140e4623,1
"1,2-benzenedicarboxylic acid, bis(2-ethoxyethyl) ester",DTXSID7060542,605-54-9,CCOCCOC(=O)c1ccccc1C(=O)OCCOCC,3055aaa66267e86e,11
ethyl cinnamate,DTXSID9022520,103-36-6,CCOC(=O)C=Cc1ccccc1,0350aea7565b7347,5
"2,3,6-trimethylphenol",DTXSID6022187,2416-94-6,Cc1ccc(C)c(O)c1C,661882910622be09,2
2-(2-nitrophenyl)ethanol,DTXSID2025763,15121-84-3,O=[N+]([O-])c1ccccc1CCO,6d0bb807e6cf789b,4
isovaleric acid,DTXSID5029182,503-74-2,CC(C)CC(=O)O,e8e6d670f98286ce,7
prenderol,DTXSID50150923,115-76-4,CCC(CC)(CO)CO,8bb622d91c747f29,9
"cyclohexane, (2-bromoethyl)-",DTXSID9075111,1647-26-3,BrCCC1CCCCC1,ae85734092b9a85e,5
acrylonitrile,DTXSID5020029,107-13-1,C=CC#N,509c8354fa6ff9d9,1
tert-butyl mercaptan,DTXSID0026418,75-66-1,CC(C)(C)S,c08b195ed14663ec,1
diethoxy(dimethyl)silane,DTXSID6052538,78-62-6,CCO[Si](C)(C)OCC,a15bf399744cf383,8
"n,n-dimethylformamide",DTXSID6020515,68-12-2,CN(C)C=O,1a308e23cadf038b,1
p-bromodiphenyl ether,DTXSID8023927,101-55-3,Brc1ccc(Oc2ccccc2)cc1,74770a37ab17c832,2
"1,2,3,4-tetrafluorobenzene",DTXSID60870605,551-62-2,Fc1ccc(F)c(F)c1F,e41713d65288578e,1
4-nitrobiphenyl,DTXSID9041522,92-93-3,O=[N+]([O-])c1ccc(-c2ccccc2)cc1,0ae2aeadafa61075,2
"benzoic acid, 3,4-dimethoxy-, ethyl ester",DTXSID80192598,3943-77-9,CCOC(=O)c1ccc(OC)c(OC)c1,580a7daa84b7e6c3,9
furfural,DTXSID1020647,98-01-1,O=Cc1ccco1,d3b386a81ffdba68,2
"1,2-dichloroethane",DTXSID6020438,107-06-2,ClCCCl,d76c0f4bcac3efc7,3
"n-phenyl-1,4-benzenediamine",DTXSID7025895,101-54-2,Nc1ccc(Nc2ccccc2)cc1,4b3d4f27f9bae9a6,2
butyl methacrylate,DTXSID4024696,97-88-1,C=C(C)C(=O)OCCCC,b37c7b4d9304c823,13
"1,1,3-trimethylcyclopentane",DTXSID30871083,4516-69-2,CC1CCC(C)(C)C1,8416a06579fd4520,6
pentylcyclohexane,DTXSID2063399,4292-92-6,CCCCCC1CCCCC1,895b10582aba6835,5
4-undecyne,DTXSID40208962,60212-31-9,CCCC#CCCCCCC,a40bdd6e1b72caa0,20
methyl 2-hydroxypropanoate,DTXSID0027197,547-64-8,COC(=O)C(C)O,12349fd0004249b5,4
ethyl formate,DTXSID6040117,109-94-4,CCOC=O,8acd1071a9075d21,3
2-tridecanone,DTXSID4022070,593-08-8,CCCCCCCCCCCC(C)=O,08c1fb1be1d3d0b4,13
tetrahydro-2h-pyran-2-one,DTXSID6044438,542-28-9,O=C1CCCCO1,29b45d18070de217,4
2-ethyl-6-methylaniline,DTXSID7027833,24549-06-2,CCc1cccc(C)c1N,e15fddedc6e837dc,3
"1,4-diethylbenzene",DTXSID4026711,105-05-5,CCc1ccc(CC)cc1,16aeea32bf505c5f,2
n-tridecylbenzene,DTXSID7040784,123-02-4,CCCCCCCCCCCCCc1ccccc1,30fd3aabc1a81fd3,14
2-chloro-4-methylquinoline,DTXSID00212808,634-47-9,Cc1cc(Cl)nc2ccccc12,7eedce825d09ae4e,1
2-nonanol,DTXSID60862323,628-99-9,CCCCCCCC(C)O,6079f6abfdebe147,10
vinyl propionate,DTXSID9051537,105-38-4,C=COC(=O)CC,4b3e5692e423f258,6
"penta-1,2-diene",DTXSID40870643,591-95-7,C=C=CCC,853a203447dbad70,3
2-vinylpyridine,DTXSID1026667,100-69-6,C=Cc1ccccn1,b07668e47a7be02d,2
3-​heptene,DTXSID10860874,592-78-9,CCC=CCCC,b2cbec6fe57df2a4,18
diethyl terephthalate,DTXSID8060909,636-09-9,CCOC(=O)c1ccc(C(=O)OCC)cc1,156a72adae20e425,11
oxyfluorfen,DTXSID7024241,42874-03-3,CCOc1cc(Oc2ccc(C(F)(F)F)cc2Cl)ccc1[N+](=O)[O-],fc1add3fa94bb2d4,17
p-methylacetophenone,DTXSID9044374,122-00-9,CC(=O)c1ccc(C)cc1,0a69f2b64486adea,2
"1-butene, 2-bromo-",DTXSID7066853,23074-36-4,C=C(Br)CC,e5b9ca5f38908de9,3
"benzeneacetic acid, ethyl ester",DTXSID6044353,101-97-3,CCOC(=O)Cc1ccccc1,30b77e9c54ce5190,6
diacetone alcohol,DTXSID6024917,123-42-2,CC(=O)CC(C)(C)O,3268157a5f49d959,6
4-pentenoic acid,DTXSID0044448,591-80-0,C=CCCC(=O)O,c9236e80a742bcdb,11
thiepane,DTXSID80197189,4753-80-4,C1CCCSCC1,958e2fd4e88cade2,4
"2,2,3,3-tetramethylbutane",DTXSID9073204,594-82-1,CC(C)(C)C(C)(C)C,166e00f52b5eee06,2
"benzene, 1-ethoxy-2-nitro-",DTXSID8060589,610-67-3,CCOc1ccccc1[N+](=O)[O-],fd52dd2af623e23f,4
"4-chloro-n,n-diethylaniline",DTXSID50870997,2873-89-4,CCN(CC)c1ccc(Cl)cc1,74007bb9f10c5b29,4
"2,2-dimethylpropanol",DTXSID9052501,75-84-3,CC(C)(C)CO,e9bb4e7d279821d0,1
"quinoline, 6-methoxy-",DTXSID9063746,5263-87-6,COc1ccc2ncccc2c1,7feaa1768c7a1d83,2
dibromodichloromethane,DTXSID4024014,594-18-3,ClC(Cl)(Br)Br,01fb8456ed69e36a,1
"n,n-dimethylbenzylamine",DTXSID8021854,103-83-3,CN(C)Cc1ccccc1,02cf441071293897,3
"benzeneacetic acid, .alpha.-ethyl-, methyl ester",DTXSID70870954,2294-71-5,CCC(C(=O)OC)c1ccccc1,c421d6503a253a27,11
n-benzoylpiperidine,DTXSID80228265,776-75-0,O=C(c1ccccc1)N1CCCCC1,d5d5bced6bab1aeb,3
"phenol, 2-(2-benzoxazolyl)-",DTXSID4061200,835-64-3,Oc1ccccc1-c1nc2ccccc2o1,10059447454a3efb,1
tributylamine,DTXSID4026183,102-82-9,CCCCN(CCCC)CCCC,ebd4a2a615575897,10
"thiophene, 2-iodo-",DTXSID0063026,3437-95-4,Ic1cccs1,543ee68cf57d8b40,1
"n,n,4-trimethylaniline",DTXSID0021832,99-97-8,Cc1ccc(N(C)C)cc1,847e3374995efee5,1
6-methylquinoline,DTXSID3020887,91-62-3,Cc1ccc2ncccc2c1,6c1083ec6a317749,1
c.i. disperse black 6,DTXSID3025091,119-90-4,COc1cc(-c2ccc(N)c(OC)c2)ccc1N,7f3dcf3b73f0fc58,4
phenylacetylene,DTXSID1060211,536-74-3,C#Cc1ccccc1,5927035a1fdd0dab,1
"1,1,2-trichloroethane",DTXSID5021380,79-00-5,ClCC(Cl)Cl,0501bbdfed20c44d,3
cyclopentene,DTXSID6029171,142-29-0,C1=CCCC1,4ee5a1e42ec94234,1
3-iodo-1-propene,DTXSID5060302,556-56-9,C=CCI,97bad9f2664524d6,2
2-octanone,DTXSID4021927,111-13-7,CCCCCCC(C)=O,e8f8a54a3687a949,21
"1,4-difluorobenzene",DTXSID1075432,540-36-3,Fc1ccc(F)cc1,01710b9741618133,1
1-nonanethiol,DTXSID9061704,1455-21-6,CCCCCCCCCS,c6b9181eca32dc60,14
2-butylpyridine,DTXSID00198597,5058-19-5,CCCCc1ccccn1,0e8b516f444a1855,14
1-chloro-4-ethylbenzene,DTXSID30211248,622-98-0,CCc1ccc(Cl)cc1,d65a7320629afdb6,1
3-methylanisole,DTXSID2051500,100-84-5,COc1cccc(C)c1,8bdaa04ef6131670,4
1-chlorononane,DTXSID3049255,2473-01-0,CCCCCCCCCCl,f438c371efb04845,21
"3-ethoxy-1,1'-biphenyl",DTXSID60323388,54852-73-2,CCOc1cccc(-c2ccccc2)c1,cf775d4d986aef85,9
n-methylcyclohexanamine,DTXSID3059216,100-60-7,CNC1CCCCC1,9a2294a7bc631562,5
flurprimidol,DTXSID3024108,56425-91-3,CC(C)C(O)(c1ccc(OC(F)(F)F)cc1)c1cncnc1,9fe27873d080b25c,11
"butanamide, n,n'-(3,3'-dimethyl[1,1'-biphenyl]-4,4'-diyl)bis[3-oxo-",DTXSID5059034,91-96-3,CC(=O)CC(=O)Nc1ccc(-c2ccc(NC(=O)CC(C)=O)c(C)c2)cc1C,96a647c912a0f9f1,13
"2,2,4-trimethyl-1,3-pentanediol",DTXSID8027113,144-19-4,CC(C)C(O)C(C)(C)CO,a5bc89d7753d91ef,7
"propanamide, 2-methyl-",DTXSID1060340,563-83-7,CC(C)C(N)=O,ac610fb4aabdc668,3
p-fluoroanisole,DTXSID3060033,459-60-9,COc1ccc(F)cc1,515629372b3b2a23,1
chloroprene,DTXSID5020316,126-99-8,C=CC(=C)Cl,f262c6a099bf5da0,3
"3,4-dibromothiophene",DTXSID50185336,3141-26-2,Brc1cscc1Br,bbffd7d65d1ba1d6,1
cyclohexanethiol,DTXSID2027416,1569-69-3,SC1CCCCC1,11c42ed27074d9c6,2
2-propylpyridine,DTXSID2060751,622-39-9,CCCc1ccccn1,3ec113f2aafbfe73,6
4-ethyltoluene,DTXSID9029194,622-96-8,CCc1ccc(C)cc1,3dd96bb8a5ac8a40,2
"2,2-dimethylpropanoic acid",DTXSID8026432,75-98-9,CC(C)(C)C(=O)O,6cfbb59e4f651703,1
phosphorus tribromide,DTXSID7064869,7789-60-8,BrP(Br)Br,0a5861f6ac9cb91b,1
"pentane, 1-fluoro-",DTXSID7060463,592-50-7,CCCCCF,4ec3c6031cc28d3c,13
"3,5-dimethyl-1,1'-biphenyl",DTXSID70168883,17057-88-4,Cc1cc(C)cc(-c2ccccc2)c1,2e6f8508c73e7dc1,6
3-(trifluoromethyl)aniline,DTXSID9024512,98-16-8,Nc1cccc(C(F)(F)F)c1,866bce962570e799,2
cyclohexanone oxime,DTXSID4021842,100-64-1,ON=C1CCCCC1,30a5ddba554031bb,2
(2-nitroethyl)benzene,DTXSID30210155,6125-24-2,O=[N+]([O-])CCc1ccccc1,de4d8a3ea6794bdc,3
"1,2-dibromotetrafluoroethane",DTXSID0041226,124-73-2,FC(F)(Br)C(F)(F)Br,707377b9fd2b20f8,3
t-butylchloride,DTXSID2023937,507-20-0,CC(C)(C)Cl,497b4bf47f4f332a,1
1-bromotridecane,DTXSID6049355,765-09-3,CCCCCCCCCCCCCBr,0d68792072cafc2a,14
1-phenylnaphthalene,DTXSID8060539,605-02-7,c1ccc(-c2cccc3ccccc23)cc1,3bc8f0a06b8e7b96,1
o-chlorocumene,DTXSID2062165,2077-13-6,CC(C)c1ccccc1Cl,233b3b721d8a86c8,2
"2-pentene, 4,4-dimethyl-",DTXSID5075078,26232-98-4,CC=CC(C)(C)C,c2824d5c40f22a77,1
4-phenoxybutyronitrile,DTXSID80176954,2243-43-8,N#CCCCOc1ccccc1,f281fb873dfd5cfd,15
2-(trifluoromethyl)phenol,DTXSID0074849,444-30-4,Oc1ccccc1C(F)(F)F,c18631aaa14df553,2
"naphthalene, 1,2,4,5,6,8-hexachloro-",DTXSID90238330,90948-28-0,Clc1cc(Cl)c2c(Cl)c(Cl)cc(Cl)c2c1Cl,1c489c7cb1c21cfe,2
"2,6-di-tert-butyl-4-ethylphenol",DTXSID0029262,4130-42-1,CCc1cc(C(C)(C)C)c(O)c(C(C)(C)C)c1,7fa6499b0869710e,4
"benzene, 1-iodo-4-nitro-",DTXSID7060914,636-98-6,O=[N+]([O-])c1ccc(I)cc1,ae186d75e63c0724,1
"1,2-dimethyl-3-nitrobenzene",DTXSID7025132,83-41-0,Cc1cccc([N+](=O)[O-])c1C,46b7bad36ccbe38d,2
2-methyl-3-buten-2-ol,DTXSID3047471,115-18-4,C=CC(C)(C)O,727a25b986b32705,3
4-bromo-2-chlorophenol,DTXSID30192745,3964-56-5,Oc1ccc(Br)cc1Cl,678bfec02e26758f,1
"heptane, 1-chloro-",DTXSID4060864,629-06-1,CCCCCCCCl,a030b6546907dd92,21
3-decanone,DTXSID2061303,928-80-3,CCCCCCCC(=O)CC,9ccc35eff063df2d,20
"1,8-nonadiyne",DTXSID7062374,2396-65-8,C#CCCCCCC#C,4f5cbd44a602f4bc,18
n-butylacetanilide,DTXSID2042197,91-49-6,CCCCN(C(C)=O)c1ccccc1,889b783f85414c7d,9
cyclopropyl methyl ketone,DTXSID9074854,765-43-5,CC(=O)C1CC1,b5b864c9556f4b65,1
1-piperidineethanol,DTXSID4062808,3040-44-6,OCCN1CCCCC1,f39fd9a670fbf3ca,4
perfluoropropane,DTXSID9052503,76-19-7,FC(F)(F)C(F)(F)C(F)(F)F,66519f93b2b0ec7b,1
6-methylquinoxaline,DTXSID00287490,6344-72-5,Cc1ccc2nccnc2c1,c9b8013674b26ce2,1
"phenol, 2,4-dichloro-3-methyl-",DTXSID8066264,17788-00-0,Cc1c(Cl)ccc(O)c1Cl,a20263f486676b27,1
4-vinylcyclohexene,DTXSID3021437,100-40-3,C=CC1CC=CCC1,828c9fb4ccf6186c,9
dimethyl sulfone,DTXSID4043937,67-71-0,CS(C)(=O)=O,abe6ee27b499a45a,1
"thiophene, 2-chloro-",DTXSID8059132,96-43-5,Clc1cccs1,fc011e4beb5fb4dc,1
vinyl isobutyl ether,DTXSID8029608,109-53-5,C=COCC(C)C,46fb610435f5cf36,8
"n,n-diphenylformamide",DTXSID9022077,607-00-1,O=CN(c1ccccc1)c1ccccc1,f7e915dd604d1e7e,2
4-octene,DTXSID70860875,592-99-4,CCCC=CCCC,ffba17c568d10605,18
"2,4,6-trichloro-m-cresol",DTXSID30203623,551-76-8,Cc1c(Cl)cc(Cl)c(O)c1Cl,c289dbcf8c1e810d,2
"1,2-dichloro-2-fluoropropane",DTXSID70870530,420-97-3,CC(F)(Cl)CCl,dc286e0906044178,6
chlorine,DTXSID1020273,7782-50-5,ClCl,4fed0dd4a263c859,1
"1-buten-3-yne, 2-methyl-",DTXSID20228648,78-80-8,C#CC(=C)C,1959186691dbf687,1
m-cresol,DTXSID6024200,108-39-4,Cc1cccc(O)c1,cdb995f899b2cf03,1
"2-nitro-1,1'-biphenyl",DTXSID9025746,86-00-0,O=[N+]([O-])c1ccccc1-c1ccccc1,3f6f57d76845c7af,2
3-octanone,DTXSID3041954,106-68-3,CCCCCC(=O)CC,edb68a3625b0da51,20
phenyl benzoate,DTXSID0048210,93-99-2,O=C(Oc1ccccc1)c1ccccc1,88bbdefa1b1cad9b,2
methyl chloroacetate,DTXSID9041576,96-34-4,COC(=O)CCl,61af73347ac2b803,3
4-methyloctane,DTXSID90862876,2216-34-4,CCCCC(C)CCC,21e11cfc62569d32,11
"1h-pyrrole, 1-(phenylmethyl)-",DTXSID3062150,2051-97-0,c1ccc(Cn2cccc2)cc1,f047a7619af60070,2
"1,2-diethoxybenzene",DTXSID6038798,2050-46-6,CCOc1ccccc1OCC,7978bca7aae05772,3
"nonane, 5-methyl-",DTXSID2065961,15869-85-9,CCCCC(C)CCCC,04fce3ecbc024e4b,14
"2-butanamine, 3,3-dimethyl-",DTXSID30871043,3850-30-4,CC(N)C(C)(C)C,dfc6f38e914fc972,3
hydrazine,DTXSID3020702,302-01-2,NN,5814b0c43e2dc778,1
1-iodododecane,DTXSID1049302,4292-19-7,CCCCCCCCCCCCI,7f1efe94328461a9,13
methyl 8-quinolyl ether,DTXSID00239656,938-33-0,COc1cccc2cccnc12,613d7e82f15ce7c8,2
3-bromo camphor,DTXSID10858711,76-29-9,CC12CCC(C(Br)C1=O)C2(C)C,cd10fe32e236b2b2,4
"1,2-dichloro-4-(trichloromethyl)benzene",DTXSID2025840,13014-24-9,Clc1ccc(C(Cl)(Cl)Cl)cc1Cl,1b8f0ba2526731d7,2
cyclohexanecarboxylic acid,DTXSID8059180,98-89-5,O=C(O)C1CCCCC1,8b369a65f4008249,4
,,,CCC(Br)=CBr,724c09da225c8f2a,5
"2,5-difluoronitrobenzene",DTXSID60189921,364-74-9,O=[N+]([O-])c1cc(F)ccc1F,d34e8cd06e48b429,2
"benzene, 2-iodo-1,3-dimethyl-",DTXSID5060560,608-28-6,Cc1cccc(C)c1I,04c345098af1e355,1
"hexane, 1,1'-oxybis-",DTXSID8059421,112-58-3,CCCCCCOCCCCCC,2ea5d87832334288,12
4-decanone,DTXSID40211451,624-16-8,CCCCCCC(=O)CCC,9581974973637afa,21
"anthracene, 9,10-dihydro-",DTXSID3075256,613-31-0,c1ccc2c(c1)Cc1ccccc1C2,0e6a377000cb0dca,1
cycloheptane,DTXSID0074269,291-64-5,C1CCCCCC1,0dafbfaf7703e1cb,2
4-bromobiphenyl,DTXSID4024640,92-66-0,Brc1ccc(-c2ccccc2)cc1,afd51ad2f4389ac3,2
perfluoropentane,DTXSID3046613,678-26-2,FC(F)(F)C(F)(F)C(F)(F)C(F)(F)C(F)(F)F,54a96cb2514b5b8b,5
allyl chloride,DTXSID4039231,107-05-1,C=CCCl,c16ad64dc698b042,2
5-aminoquinoline,DTXSID80209978,611-34-7,Nc1cccc2ncccc12,939c3066153db569,1
ethyl octanoate,DTXSID8051542,106-32-1,CCCCCCCC(=O)OCC,e672cff03c43d332,19
1-ethyl-1-methylcyclopropane,DTXSID90866359,53778-43-1,CCC1(C)CC1,c06ba94c733f7a31,3
3-butenylbenzene,DTXSID80227612,768-56-9,C=CCCc1ccccc1,5dac49833190cbf2,9
dl-coniine,DTXSID3046821,3238-60-6,CCCC1CCCCN1,69a6fc3ab2e5d40b,3
4-propylphenol,DTXSID9022100,645-56-7,CCCc1ccc(O)cc1,b7574789622992e4,6
3-(prop-2-en-1-ylsulfanyl)prop-1-ene,DTXSID6060470,592-88-1,C=CCSCC=C,9ce92ea0cfc2db6c,9
tetramethyl orthocarbonate,DTXSID70171695,1850-14-2,COC(OC)(OC)OC,e6b2b8b6e71d989c,4
5-chloro-2-methylaniline,DTXSID5020287,95-79-4,Cc1ccc(Cl)cc1N,b49707a343cd7a64,1
"5,6,7,8-tetrahydro-2-naphthalenol",DTXSID50870851,1125-78-6,Oc1ccc2c(c1)CCCC2,f1e99428255550ef,6
1-(2-hydroxyethyl)pyrrolidin-2-one,DTXSID7044922,3445-11-2,O=C1CCCN1CCO,3b18cf78ddc22c60,6
"2h-thiopyran, tetrahydro-4-methyl-",DTXSID60199560,5161-17-1,CC1CCSCC1,c904cf0616843e49,2
dimethyl tridecanedioate,DTXSID8061717,1472-87-3,COC(=O)CCCCCCCCCCCC(=O)OC,8c7e04ef3d2b2892,3
2-phenoxyethanol,DTXSID9021976,122-99-6,OCCOc1ccccc1,8bf6c6d793f46785,9
diethylene glycol dibenzoate,DTXSID0026967,120-55-8,O=C(OCCOCCOC(=O)c1ccccc1)c1ccccc1,5dbd7f8a1d9adb77,4
"3,7-dimethyl-3-octanol",DTXSID7029110,78-69-3,CCC(C)(O)CCCC(C)C,6998cb147d2f5939,13
1-tridecene,DTXSID3029235,2437-56-1,C=CCCCCCCCCCCC,37d3b4ac0b71a4ca,11
1-nitropropane,DTXSID1020980,108-03-2,CCC[N+](=O)[O-],1e745c5fdfe7356a,3
diethyl glutarate,DTXSID5061162,818-38-2,CCOC(=O)CCCC(=O)OCC,0d64149f5dd5b532,9
"(+/-)-1,2-propylene oxide",DTXSID5021207,75-56-9,CC1CO1,4804d4022b0ebc73,2
"1,2,4-trimethylbenzene",DTXSID6021402,95-63-6,Cc1ccc(C)c(C)c1,379b151aafe1832e,2
3-methylcarbazole,DTXSID90196805,4630-20-0,Cc1ccc2[nH]c3ccccc3c2c1,a55e925cbb909289,1
"1h-benzotriazole, 1-methyl-",DTXSID40158150,13351-73-0,Cn1nnc2ccccc21,91dc9dbbd8b16f3b,1
2-isopropylphenol,DTXSID2044391,88-69-7,CC(C)c1ccccc1O,d08f3aa14cd267eb,5
"2,2,6,6-tetramethyl-4-piperidone",DTXSID4041527,826-36-8,CC1(C)CC(=O)CC(C)(C)N1,b84558bad3781114,4
1-iodobutane,DTXSID70862157,542-69-8,CCCCI,6f0a9986ce54a123,9
3-nonanone,DTXSID1061289,925-78-0,CCCCCCC(=O)CC,417c128e30312db5,19
bromochlorodifluoromethane,DTXSID0027147,353-59-3,FC(F)(Cl)Br,3db7e68f70f3f966,1
,,,c1ccc2c(c1)NSN2,3639f4fea8d08b08,1
"1,2,4,5-tetrachlorobenzene",DTXSID7024320,95-94-3,Clc1cc(Cl)c(Cl)cc1Cl,7f39b245b0045d02,1
2-pentadecanone,DTXSID6062333,2345-28-0,CCCCCCCCCCCCCC(C)=O,2ec8a7a257f9f3a4,13
4-ethoxyaniline,DTXSID0025864,156-43-4,CCOc1ccc(N)cc1,f73e88f61aa1a5c9,3
"2,3-dimethylhex-2-ene",DTXSID60221638,7145-20-2,CCCC(C)=C(C)C,fefee8d0e5d47c43,6
"1,3,5-trichlorobenzene",DTXSID8026195,108-70-3,Clc1cc(Cl)cc(Cl)c1,ae075d1d2392b3e3,1
perfluorocyclohexane,DTXSID5075232,355-68-0,FC1(F)C(F)(F)C(F)(F)C(F)(F)C(F)(F)C1(F)F,0f29a1d65904fdf6,1
"quinoline, 6-bromo-",DTXSID5063788,5332-25-2,Brc1ccc2ncccc2c1,46f1281892fbea71,1
"thiazole, 4,5-dihydro-2-methyl-",DTXSID1062336,2346-00-1,CC1=NCCS1,7c0b4b0652f93311,1
"1,2,3,3,4,4,5,5-octachlorocyclopentene",DTXSID5061037,706-78-5,ClC1=C(Cl)C(Cl)(Cl)C(Cl)(Cl)C1(Cl)Cl,85ddaa4c3da90cbc,1
"piperidine, 4-methyl-",DTXSID8060820,626-58-4,CC1CCNCC1,d1e8229e29fbf5b6,2
"methanone, bis(4-methylphenyl)-",DTXSID9060603,611-97-2,Cc1ccc(C(=O)c2ccc(C)cc2)cc1,6520110a316e5c68,6
diphenylsulfone,DTXSID6041892,127-63-9,O=S(=O)(c1ccccc1)c1ccccc1,8ebbbc6dad1b3712,2
2-anisidine,DTXSID5023877,90-04-0,COc1ccccc1N,70476ff8c0404618,1
perfluoroheptane,DTXSID8052019,335-57-9,FC(F)(F)C(F)(F)C(F)(F)C(F)(F)C(F)(F)C(F)(F)C(F)(F)F,cd9e993706b6375a,12
benzoic anhydride,DTXSID1029122,93-97-0,O=C(OC(=O)c1ccccc1)c1ccccc1,29c35b014137f256,2
1-naphthalenecarbonitrile,DTXSID4058940,86-53-3,N#Cc1cccc2ccccc12,9cb09618932e1a32,1
"pyridine, 2,3,5-trichloro-",DTXSID40166952,16063-70-0,Clc1cnc(Cl)c(Cl)c1,7211eae9372167ab,1
"1,2-dichloro-1,1-difluoroethane",DTXSID5031393,1649-08-7,FC(F)(Cl)CCl,f3c58b33dd2221be,3
diphenyl disulfide,DTXSID6022131,882-33-7,c1ccc(SSc2ccccc2)cc1,a0b5e20e29192f34,2
isopropyl phenyl ether,DTXSID10181834,2741-16-4,CC(C)Oc1ccccc1,9747f76388271a15,2
"naphthalene, 1-iodo-",DTXSID3059004,90-14-2,Ic1cccc2ccccc12,7d63713ec8c72e78,1
octyl valerate,DTXSID00202926,5451-85-4,CCCCCCCCOC(=O)CCCC,ff3bed7e8ea9fd2a,18
"1,2-diphenyl-1-propene",DTXSID50871808,779-51-1,CC(=Cc1ccccc1)c1ccccc1,6a012c316f85f643,4
"benzaldehyde, oxime",DTXSID6061313,932-90-1,ON=Cc1ccccc1,90da08f0552cfbd9,2
"1,3-dichlorobenzene",DTXSID6022056,541-73-1,Clc1cccc(Cl)c1,472ebfb9978346a7,1
"2,6-diisopropylaniline",DTXSID5022279,24544-04-5,CC(C)c1cccc(C(C)C)c1N,4292b39c8d3f6916,4
p-fluorotoluene,DTXSID7059852,352-32-9,Cc1ccc(F)cc1,82b1c1ba30fbbe8e,1
2-[2-(2-ethoxyethoxy)ethoxy]ethanol,DTXSID3024368,112-50-5,CCOCCOCCOCCO,48602da0f5dcebb6,4
"2,2,4-trimethylpentan-3-ol",DTXSID60871117,5162-48-1,CC(C)C(O)C(C)(C)C,a3cb755f8d08a5e6,10
diethyl suberate,DTXSID90174486,2050-23-9,CCOC(=O)CCCCCCC(=O)OCC,9c5a705f6f7a8b49,17
3-methoxyacetophenone,DTXSID10207321,586-37-8,COc1cccc(C(C)=O)c1,2b0230883de76d75,4
4-aminophenylacetonitrile,DTXSID50188923,3544-25-0,N#CCc1ccc(N)cc1,c9119874498dbaea,1
4-hydroxy-2-methylacetophenone,DTXSID60236363,875-59-2,CC(=O)c1ccc(O)cc1C,660b9ac597196d24,7
ethyl silicon trichloride,DTXSID7026940,115-21-9,CC[Si](Cl)(Cl)Cl,02a7234f96a598f0,1
tetratriacontane,DTXSID7058622,14167-59-0,CCCCCCCCCCCCCCCCCCCCCCCCCCCCCCCCCC,760b91ffd418a1fb,9
1-methoxy-2-phenoxybenzene,DTXSID50871848,1695-04-1,COc1ccccc1Oc1ccccc1,2d78595b3894d87b,6
"benzene, 1-chloro-2-(trichloromethyl)-",DTXSID50871863,2136-89-2,Clc1ccccc1C(Cl)(Cl)Cl,604bf96a12a8968d,1
(1-methylethyl)cyclopentane,DTXSID90192029,3875-51-2,CC(C)C1CCCC1,f9c4e749624b2cde,4
"6-ethyl-1,2,3,4-tetrahydronaphthalene",DTXSID20177046,22531-20-0,CCc1ccc2c(c1)CCCC2,f2af36d2920ce5d6,8
"ethanone, 1-(2,5-dimethylphenyl)-",DTXSID6062202,2142-73-6,CC(=O)c1cc(C)ccc1C,8dc8f9536d8b1352,4
"2-bromo-1,1,1-trifluoroethane",DTXSID2074324,421-06-7,FC(F)(F)CBr,95f61f35a9f38938,1
"1,2-dimethylpropylamine",DTXSID4022074,598-74-3,CC(C)C(C)N,38ade00eed14dd85,7
"butane, 2,3-dibromo-",DTXSID70871128,5408-86-6,CC(Br)C(C)Br,26ee698643ba6bbc,5
hexafluorobutadiene,DTXSID4060991,685-63-2,FC(F)=C(F)C(F)=C(F)F,8db0673bc08d1dc6,1
o-cresol,DTXSID8021808,95-48-7,Cc1ccccc1O,ec4b9fc1ec335fb9,2
"2,2-dichloropropane",DTXSID7030060,594-20-7,CC(C)(Cl)Cl,3bc0a590dfce9c2a,1
benzotrifluoride,DTXSID2024589,98-08-8,FC(F)(F)c1ccccc1,c4b1b3b541fc6c5b,1
"1,2-dimethylcyclopentane",DTXSID80873330,2452-99-5,CC1CCCC1C,e7e252329c741798,7
hexanenitrile,DTXSID0060858,628-73-9,CCCCCC#N,abcb609771c78e0c,16
butylated hydroxytoluene,DTXSID2020216,128-37-0,Cc1cc(C(C)(C)C)c(O)c(C(C)(C)C)c1,78884355771e8716,3
diethylene glycol dimethyl ether,DTXSID1024621,111-96-6,COCCOCCOC,3a71bff64854dcd9,21
cyclooctanamine,DTXSID9063900,5452-37-9,NC1CCCCCCC1,a28f0f2e12553035,11
tridecane,DTXSID6027266,629-50-5,CCCCCCCCCCCCC,ff94e579d2f0612a,14
2-acetylfuran,DTXSID0051601,1192-62-7,CC(=O)c1ccco1,d70dcf897f3a2917,2
bromopentafluorobenzene,DTXSID3047136,344-04-7,Fc1c(F)c(F)c(Br)c(F)c1F,241838699b7c4376,1
"2,5-norbornadiene",DTXSID1059523,121-46-0,C1=CC2C=CC1C2,340f137c3bba3450,1
p-tolyl ether,DTXSID2061800,1579-40-4,Cc1ccc(Oc2ccc(C)cc2)cc1,bb52cc9495cc0aa1,6
"4,4'-propane-1,3-diyldipiperidine",DTXSID6044850,16898-52-5,C(CC1CCNCC1)CC1CCNCC1,8b41f17d18f9be12,2
"1,1,1,2,2,3,4,4,5,5,5-undecafluoro-3-(trifluoromethyl)pentane",DTXSID50235603,865-71-4,FC(F)(F)C(F)(F)C(F)(C(F)(F)F)C(F)(F)C(F)(F)F,4c76a2a598306f31,3
tetrahydrothiophene,DTXSID3047760,110-01-0,C1CCSC1,bd2162f582d8900d,2
(2-chloroethoxy)benzene,DTXSID6060761,622-86-6,ClCCOc1ccccc1,6206250dbbb3e48d,7
ethyl anthranilate,DTXSID6025272,87-25-2,CCOC(=O)c1ccccc1N,3d93dbb1378d57dc,3
retene,DTXSID7058701,483-65-8,Cc1cccc2c1ccc1cc(C(C)C)ccc12,980e01378c81d4f0,2
heptanal,DTXSID0021597,111-71-7,CCCCCCC=O,cf59b50578ea9e87,21
2-methyl-4-heptanol,DTXSID30871326,21570-35-4,CCCC(O)CC(C)C,c21db13322501c3e,12
3-diethylaminophenol,DTXSID9025037,91-68-9,CCN(CC)c1cccc(O)c1,dfeda26d0e5eabf9,10
butyraldehyde,DTXSID8021513,123-72-8,CCCC=O,d4d54c5a62c9417e,6
dipropylamine,DTXSID2025185,142-84-7,CCCNCCC,f354714d6d709df5,15
4-butylphenol,DTXSID3047425,1638-22-8,CCCCc1ccc(O)cc1,ce11efbfc239b8eb,12
1-octanethiol,DTXSID4026894,111-88-6,CCCCCCCCS,27a3b4fd5fbfcdbf,13
1-naphthaldehyde,DTXSID5058775,66-77-3,O=Cc1cccc2ccccc12,81561c8644041336,2
methyl octanoate,DTXSID2026864,111-11-5,CCCCCCCC(=O)OC,1044fafc9ec0bbc6,15
camphane,DTXSID60196832,464-15-3,CC12CCC(CC1)C2(C)C,20b53bc9cdffdfee,1
"ethanone, 1-(2-hydroxy-4-methylphenyl)-",DTXSID4064503,6921-64-8,CC(=O)c1ccc(C)cc1O,56e54c47d6856204,1
"formic acid, 2-methylpropyl ester",DTXSID7060257,542-55-2,CC(C)COC=O,0b1e8a8d6446fd0d,7
"1h-pyrrole, 2-phenyl- (9ci)",DTXSID40184510,3042-22-6,c1ccc(-c2ccc[nH]2)cc1,e6c4803f0ffefed2,2
"propanedioic acid, dibutyl ester",DTXSID30152288,1190-39-2,CCCCOC(=O)CC(=O)OCCCC,6427a7eaef0dcb16,22
"propanedinitrile, dimethyl-",DTXSID20223456,7321-55-3,CC(C)(C#N)C#N,380d1b07cf5fa015,1
3-ethyl-3-methylpentane,DTXSID9074690,1067-08-9,CCC(C)(CC)CC,c57f951078a47ddc,9
2-butanone oxime,DTXSID1021821,96-29-7,CCC(C)=NO,3fe00888ae02f755,5
"2,2-dimethyl-3-pentanol",DTXSID0032813,3970-62-5,CCC(O)C(C)(C)C,986b297b025245f7,4
2-(dimethylamino)ethyl methacrylate,DTXSID1027504,2867-47-2,C=C(C)C(=O)OCCN(C)C,a0d2f3cf002c86ec,18
"2,2'-dimethoxybiphenyl",DTXSID60346395,4877-93-4,COc1ccccc1-c1ccccc1OC,fbfe3b667ace9843,2
"2,6-diaminopyridine",DTXSID0040127,141-86-6,Nc1cccc(N)n1,fd6bea84c021f52b,1
4-chlorobenzoyl chloride,DTXSID4051619,122-01-0,O=C(Cl)c1ccc(Cl)cc1,9b746b9a8615a1e4,1
"2,2'-dinitrobiphenyl",DTXSID40179103,2436-96-6,O=[N+]([O-])c1ccccc1-c1ccccc1[N+](=O)[O-],1349c543c439ce0a,2
2-methyl-2-pentanol,DTXSID4060440,590-36-3,CCCC(C)(C)O,a518f9b03b927def,14
"piperidine, 1-acetyl-",DTXSID7060679,618-42-8,CC(=O)N1CCCCC1,801329d033f0f780,2
"1,3,5-trimethylbenzene",DTXSID6026797,108-67-8,Cc1cc(C)cc(C)c1,23db1e8d6312cbfc,1
bis(2-chloroethyl) carbonate,DTXSID50977859,623-97-2,O=C(OCCCl)OCCCl,c8e6979640b6c1a4,15
[(ethenyl)oxy]ethane,DTXSID3029609,109-92-2,C=COCC,2dff089e2ed55a20,5
pentafluorobenzene,DTXSID8059893,363-72-4,Fc1cc(F)c(F)c(F)c1F,7c30204b1c149c82,1
"1,1,2,2-tetrachloroethane",DTXSID7021318,79-34-5,ClC(Cl)C(Cl)Cl,f68b17ede5063f66,3
decyl acetate,DTXSID8047189,112-17-4,CCCCCCCCCCOC(C)=O,40ca5a04aa0dacde,14
"1,3,5-triazine",DTXSID7052785,290-87-9,c1ncncn1,b2fb6db69c08fdb7,1
p-bromobenzyl chloride,DTXSID20207630,589-17-3,ClCc1ccc(Br)cc1,2dd8e81651d1b41c,1
"1,4-diphenyl-1,3-butadiene",DTXSID1022132,886-65-7,C(C=Cc1ccccc1)=Cc1ccccc1,7c84105f51eec515,3
"2,5-furandione, 3,4-dimethyl-",DTXSID6061103,766-39-2,CC1=C(C)C(=O)OC1=O,19bb7be40f35d986,1
trimethylphenoxysilane,DTXSID9061758,1529-17-5,C[Si](C)(C)Oc1ccccc1,4556a5571a58db20,2
dichloromethane,DTXSID0020868,75-09-2,ClCCl,8e44972644fbc9f8,1
2-chloro-1-methyl-4-nitrobenzene,DTXSID3026984,121-86-8,Cc1ccc([N+](=O)[O-])cc1Cl,909497a9eb083aef,1
perfluorohexane,DTXSID7046548,355-42-0,FC(F)(F)C(F)(F)C(F)(F)C(F)(F)C(F)(F)C(F)(F)F,86fc723d1bb9c0d3,10
2-phenylpropan-2-ol,DTXSID3027247,617-94-7,CC(C)(O)c1ccccc1,8c41e6807964a90b,3
"2,5-hexanediol",DTXSID50871000,2935-44-6,CC(O)CCC(C)O,7a9a1931de8e86c7,7
benzyl acetate,DTXSID0020151,140-11-4,CC(=O)OCc1ccccc1,2adcd4d9a33419ad,3
1-hexadecene,DTXSID1027269,629-73-2,C=CCCCCCCCCCCCCCC,afcc5bbf435fde4a,10
"3-hexene, 2,2-dimethyl-",DTXSID9062853,3123-93-1,CCC=CC(C)(C)C,cb15c8ee9b43d526,3
ethyl 2-nitrobenzoate,DTXSID60209855,610-34-4,CCOC(=O)c1ccccc1[N+](=O)[O-],ddc07d84659fa06c,7
bis(2-ethylhexyl) terephthalate,DTXSID7027625,6422-86-2,CCCCC(CC)COC(=O)c1ccc(C(=O)OCC(CC)CCCC)cc1,98d1af819a0edb21,17
4-tert-butyltoluene,DTXSID1024704,98-51-1,Cc1ccc(C(C)(C)C)cc1,d61499bdb9d3d381,1
4-morpholinecarboxaldehyde,DTXSID7044427,4394-85-8,O=CN1CCOCC1,cf7023db70f07838,2
fluoromethane,DTXSID6060474,593-53-3,CF,bdee97915708b2b2,1
,,,CP(O)O,04d26b1ddd1ccefa,1
"2,4,6-trichloropyrimidine",DTXSID5049287,3764-01-0,Clc1cc(Cl)nc(Cl)n1,6472592f0b7ea329,1
dl-verbenone,DTXSID2048115,80-57-9,CC1=CC(=O)C2CC1C2(C)C,710dba7c47cd1cf7,2
2-ethyl-p-xylene,DTXSID0061951,1758-88-9,CCc1cc(C)ccc1C,6f27a06f7f4ef6fd,5
2-methyloctane,DTXSID30863125,3221-61-2,CCCCCCC(C)C,736955bd2d7e392f,15
pentadecane,DTXSID6027268,629-62-9,CCCCCCCCCCCCCCC,376f043fee525c87,13
7-methylbenzofuran,DTXSID60168892,17059-52-8,Cc1cccc2ccoc12,5c84abebfcd53a35,1
1-bromo-3-chloropropane,DTXSID1051565,109-70-6,ClCCCBr,1d996070afb7148e,6
n-cyclohexylaniline,DTXSID6061997,1821-36-9,c1ccc(NC2CCCCC2)cc1,65c790c1ab9c9d6c,4
2-chlorobenzothiazole,DTXSID2052289,615-20-3,Clc1nc2ccccc2s1,663adf33c8be0a1f,1
"benzoic acid, 3,4-dimethoxy-, methyl ester",DTXSID1062207,2150-38-1,COC(=O)c1ccc(OC)c(OC)c1,29799f0fbe443bde,4
m-cymene,DTXSID2060206,535-77-3,Cc1cccc(C(C)C)c1,68ce7975af818858,4
perfluorobut-2-ene,DTXSID3059890,360-89-4,FC(=C(F)C(F)(F)F)C(F)(F)F,978e65d6047b60c7,3
"2,4,6-trimethylstyrene",DTXSID20227691,769-25-5,C=Cc1c(C)cc(C)cc1C,5b4701393d600520,2
"2,5-furandione, 3-methyl-",DTXSID8060660,616-02-4,CC1=CC(=O)OC1=O,a876ac95431abda3,1
butyraldehyde oxime,DTXSID2024664,110-69-0,CCCC=NO,a2ed64d300ac1153,10
2-isopropylaminoethanol,DTXSID5059373,109-56-8,CC(C)NCCO,cd3c372b9db47237,9
,,,CC12CCC(C(=O)C1)C2(C)C,19cae256e54ecef5,2
n-undecylcyclopentane,DTXSID00218087,6785-23-5,CCCCCCCCCCCC1CCCC1,68ee768aafdac83f,9
methyl benzoate,DTXSID5025572,93-58-3,COC(=O)c1ccccc1,866b1698f52a5601,1
"anthracene, 9-phenyl-",DTXSID3075254,602-55-1,c1ccc(-c2c3ccccc3cc3ccccc23)cc1,0a4f1634bc912a06,1
glycidaldehyde,DTXSID9020665,765-34-4,O=CC1CO1,888916e6c69a8331,2
2-amino-3-methylpyridine,DTXSID3051759,1603-40-3,Cc1cccnc1N,b13d9cbce7296bf7,1
2-heptanol,DTXSID1047158,543-49-7,CCCCCC(C)O,f78238fe56249ad9,13
2-pentadecanol,DTXSID30870899,1653-34-5,CCCCCCCCCCCCCC(C)O,f23772b558116226,10
vinylcyclohexane,DTXSID90219725,695-12-5,C=CC1CCCCC1,83e27cee517ac7bd,4
,,,CC1=CC=NC1,df86eea860f01d47,1
trichloroacetyl chloride,DTXSID9034070,76-02-8,O=C(Cl)C(Cl)(Cl)Cl,5584c40cccd8d692,1
7-bromoquinoline,DTXSID40334593,4965-36-0,Brc1ccc2cccnc2c1,4f9d0b3739b5c3e0,1
cycloheptene,DTXSID4074560,628-92-2,C1=CCCCCC1,4300d373c913b4d4,2
"2,2-dimethylpropanal",DTXSID2060888,630-19-3,CC(C)(C)C=O,8bd1609393def204,1
chloropentafluorobenzene,DTXSID4059837,344-07-0,Fc1c(F)c(F)c(Cl)c(F)c1F,ebef8fcdd37c4889,1
trimethyl phosphine,DTXSID00208120,594-09-2,CP(C)C,7d194e239ec35f49,1
3-bromo-5-nitrotoluene,DTXSID00200482,52488-28-5,Cc1cc(Br)cc([N+](=O)[O-])c1,e1c48ca14d628d65,2
4-chloro-2-methylaniline,DTXSID1041508,95-69-2,Cc1cc(Cl)ccc1N,7f7e8a13e2633917,1
pentane-2-thiol,DTXSID00862827,2084-19-7,CCCC(C)S,98b9ca38405baf51,12
"pyrimidine, 4-methyl-",DTXSID5063027,3438-46-8,Cc1ccncn1,ad3ca4deb2a90a16,1
"1,2-dichloronaphthalene",DTXSID5062136,2050-69-3,Clc1ccc2ccccc2c1Cl,e7bcebc9984527ae,1
carbon tetrachloride,DTXSID8020250,56-23-5,ClC(Cl)(Cl)Cl,d15bfd936bda5ffb,1
"2,4-dibromophenol",DTXSID1052290,615-58-7,Oc1ccc(Br)cc1Br,5a4d2c7474fe4ac1,1
benzyl thiocyanate,DTXSID5020156,3012-37-1,N#CSCc1ccccc1,3c307173fc0a7ade,3
ethylene oxide,DTXSID0020600,75-21-8,C1CO1,d2de28e116c530ec,1
3-methylpiperidin-2-one,DTXSID70871042,3768-43-2,CC1CCCNC1=O,a7044c320ca08e33,6
dibutyl decanedioate,DTXSID1041847,109-43-3,CCCCOC(=O)CCCCCCCCC(=O)OCCCC,b834500a255053f5,21
"ethane-1,2-diyl dibutanoate",DTXSID90871589,105-72-6,CCCC(=O)OCCOC(=O)CCC,801d8ebb3dec876a,20
propyl octanoate,DTXSID9060782,624-13-5,CCCCCCCC(=O)OCCC,a4cb7351caf34423,18
2-fluoroacetic acid,DTXSID0041981,144-49-0,O=C(O)CF,8148593fae24dd55,2
2-fluorobenzaldehyde,DTXSID8022030,446-52-6,O=Cc1ccccc1F,bc63119d44b8b558,1
"1-heptanamine, n-heptyl-",DTXSID8062444,2470-68-0,CCCCCCCNCCCCCCC,d39f991d8f82d0b3,11
"cyclopentene, 4-methyl-",DTXSID30170043,1759-81-5,CC1CC=CC1,382b8ffd5f67940d,2
"benzene, 1-chloro-4-fluoro-",DTXSID2059853,352-33-0,Fc1ccc(Cl)cc1,f71d7d20189e1eea,1
o-fluoroiodobenzene,DTXSID3059842,348-52-7,Fc1ccccc1I,2a1bbd163b59c1d7,1
2-(2-butoxyethoxy)ethanol,DTXSID8021519,112-34-5,CCCCOCCOCCO,2eb6deca84c2c65b,6
acetylenedicarbonitrile,DTXSID50147919,1071-98-3,N#CC#CC#N,2de409a9b29cb490,1
"3,3-dimethylbutyne",DTXSID70238671,917-92-0,C#CC(C)(C)C,a8c6fcbc94287c55,1
hexanoyl chloride,DTXSID8059718,142-61-0,CCCCCC(=O)Cl,e41ef391c4d83710,19
methyl styryl ketone,DTXSID4025662,122-57-6,CC(=O)C=Cc1ccccc1,9ac05ae1f4f9197c,2
2-chlorobenzoic acid,DTXSID4024771,118-91-2,O=C(O)c1ccccc1Cl,9dadbdcedd9335f2,4
"2,5-dimethylhexane-2,5-diol",DTXSID0026830,110-03-2,CC(C)(O)CCC(C)(C)O,d855ad8f9eb8c45a,15
propylene carbonate,DTXSID2026789,108-32-7,CC1COC(=O)O1,3ff336be25c0c621,2
"2-pentenoic acid, 4-methyl-",DTXSID3065035,10321-71-8,CC(C)C=CC(=O)O,7d613d88901a2249,5
"benzene, 1,3-diiodo-",DTXSID9060811,626-00-6,Ic1cccc(I)c1,887dfa18ac9a1887,1
"formic acid, octyl ester",DTXSID4059417,112-32-3,CCCCCCCCOC=O,dcfa0b974127d255,17
"morpholine, 4,4'-(1,2-ethanediyl)bis-",DTXSID9061914,1723-94-0,C1CN(CCN2CCOCC2)CCO1,0c2ceaec89a93dc8,3
4-chlorobenzonitrile,DTXSID8044703,623-03-0,N#Cc1ccc(Cl)cc1,9399e4029b3bf05a,1
isobutyl acetate,DTXSID5026837,110-19-0,CC(=O)OCC(C)C,d3948b29448b3682,9
iodine,DTXSID7034672,7553-56-2,II,ebc0568184709c82,1
"2,2,2-trichloroethanol",DTXSID1021950,115-20-8,OCC(Cl)(Cl)Cl,50fcbc8c85cbb889,1
1-nitroethylene,DTXSID0075235,3638-64-0,C=C[N+](=O)[O-],e0707270541735f6,1
cyclohexyl methyl ether,DTXSID10239268,931-56-6,COC1CCCCC1,bfe7c7acee960344,3
benfluralin,DTXSID3023899,1861-40-1,CCCCN(CC)c1c([N+](=O)[O-])cc(C(F)(F)F)cc1[N+](=O)[O-],e18314c6dc9487d3,10
"benzonitrile, 4-(dimethylamino)-",DTXSID4073255,1197-19-9,CN(C)c1ccc(C#N)cc1,9ec83afac088896e,1
bicyclo[2.2.1]heptane,DTXSID4075376,279-23-2,C1CC2CCC1C2,8c01a0ab76f740f3,1
4-methylstyrene,DTXSID3020889,622-97-9,C=Cc1ccc(C)cc1,68835053da93cd9a,2
"1,2-dimethylnaphthalene",DTXSID1058717,573-98-8,Cc1ccc2ccccc2c1C,db2d48d39a12f630,1
cycloheptanone,DTXSID8060113,502-42-1,O=C1CCCCCC1,bbbba1b30e33a855,8
"n,n-dimethylaniline",DTXSID2020507,121-69-7,CN(C)c1ccccc1,9bce38d407c82835,1
"cyclopentene, 1-pentyl-",DTXSID60195562,4291-98-9,CCCCCC1=CCCC1,208b8dcae31a75b8,20
chlorthal-dimethyl,DTXSID0024000,1861-32-1,COC(=O)c1c(Cl)c(Cl)c(C(=O)OC)c(Cl)c1Cl,f7ae06d118be8bfa,2
"2,2,6-trimethylheptane",DTXSID50870856,1190-83-6,CC(C)CCCC(C)(C)C,a6ed6471175887e3,11
"2-butene-1,4-diol",DTXSID9026849,110-64-5,OCC=CCO,0bdd0f1bd9502a84,11
methyl acrylate,DTXSID0024183,96-33-3,C=CC(=O)OC,3a838352f73e8bfc,2
dibromomethane,DTXSID4021557,74-95-3,BrCBr,d0039354c60f7c1e,1
carbon tetrabromide,DTXSID8060327,558-13-4,BrC(Br)(Br)Br,f90be1326c89cac4,1
"3,6-dimethyl-3-octanol",DTXSID40861834,151-19-9,CCC(C)CCC(C)(O)CC,32f782bbc7d4cdf2,20
1-bromohexane,DTXSID4021929,111-25-1,CCCCCCBr,cadaf543404e988f,20
1-chloropropane,DTXSID3051462,540-54-5,CCCCl,bada08141f105af4,3
methyl thiocyanate,DTXSID5060304,556-64-9,CSC#N,18486c7913396882,1
2-chloroacetic anhydride,DTXSID701014649,541-88-8,O=C(CCl)OC(=O)CCl,a93761fd2472522d,8
"5,8a-dimethyl-3-methylidene-3a,5,6,7,8,8a,9,9a-octahydronaphtho[2,3-b]furan-2(3h)-one",DTXSID20871754,NOCAS_871754,C=C1C(=O)OC2CC3(C)CCCC(C)C3=CC12,94dbaf279091376c,9
n-amyl butyrate,DTXSID4041604,540-18-1,CCCCCOC(=O)CCC,f2a232b3e5908823,21
"disilane, hexamethyl-",DTXSID2061698,1450-14-2,C[Si](C)(C)[Si](C)(C)C,416df48508cad101,2
"2,5-dichlorobenzaldehyde",DTXSID30212992,6361-23-5,O=Cc1cc(Cl)ccc1Cl,bd5e78873284ba73,2
2-methoxy-5-methylaniline,DTXSID1020350,120-71-8,COc1ccc(C)cc1N,7dd04bff5e838e8a,1
decylcyclohexane,DTXSID8061973,1795-16-0,CCCCCCCCCCC1CCCCC1,d0da6ffe3144a05d,5
alpha-methylbenzyl alcohol,DTXSID1020859,98-85-1,CC(O)c1ccccc1,79e251dd6634ab57,3
1-undecene,DTXSID5061168,821-95-4,C=CCCCCCCCCC,65d2a6a45b5930a0,16
"butane, 1,2-dibromo-",DTXSID90870592,533-98-2,CCC(Br)CBr,db32cdc6a12cf346,6
dimethyl sulfide,DTXSID9026398,75-18-3,CSC,2bda03c22bcd39c5,1
"3,5-diethyltoluene",DTXSID0062133,2050-24-0,CCc1cc(C)cc(CC)c1,f642f6f4b2884c96,4
4-fluoro-2-nitrotoluene,DTXSID80196233,446-10-6,Cc1ccc(F)cc1[N+](=O)[O-],1e64b7e42c13c8fd,2
butyl phenyl ether,DTXSID0022149,1126-79-0,CCCCOc1ccccc1,2b1169f85a04cf42,12
2-methylpent-2-en-1-oic acid,DTXSID0051998,3142-72-1,CCC=C(C)C(=O)O,26543423137ea3c0,5
"1,4-butanediol",DTXSID2024666,110-63-4,OCCCCO,28a41548f21f1f81,9
"benzene, (methylthio)-",DTXSID8059217,100-68-5,CSc1ccccc1,835b13a491b6f76e,1
benzyl benzoate,DTXSID8029153,120-51-4,O=C(OCc1ccccc1)c1ccccc1,6e905325c31c334a,3
methyl isonicotinate,DTXSID9062433,2459-09-8,COC(=O)c1ccncc1,5a56c0b24bd5f8bc,1
bis(4-bromophenyl) sulphide,DTXSID40871019,3393-78-0,Brc1ccc(Sc2ccc(Br)cc2)cc1,ac680587f8ae17f7,2
"1,1,1-trimethylethane",DTXSID6029179,463-82-1,CC(C)(C)C,3d8c41c4374715c2,1
2-chloro-5-methylbenzenamine,DTXSID0074554,95-81-8,Cc1ccc(Cl)c(N)c1,5f379c2cb5f2998c,2
hexyl propanoate,DTXSID5047582,2445-76-3,CCCCCCOC(=O)CC,ac865ed63efcefbb,22
1-methoxy-4-methylbenzene,DTXSID9026710,104-93-8,COc1ccc(C)cc1,bd79223218842473,2
thiane,DTXSID60167108,1613-51-0,C1CCSCC1,44c3e628ac0e9e75,1
chloroethane,DTXSID1020302,75-00-3,CCCl,b65f6b1c3bf5ce16,1
heptadecan-1-ol,DTXSID3051460,1454-85-9,CCCCCCCCCCCCCCCCCO,22d874d052b47565,8
"2,4-dichlorotoluene",DTXSID5040702,95-73-8,Cc1ccc(Cl)cc1Cl,b085ce5cd02d5ac3,1
7-bromoheptanoic acid,DTXSID30184584,30515-28-7,O=C(O)CCCCCCBr,0a0bcef74a92dbc8,16
"2,2,3-trimethylbutane",DTXSID7060047,464-06-2,CC(C)C(C)(C)C,28b4453106d1312f,1
"ethanamine, n-ethyl-n-methyl-",DTXSID8060664,616-39-7,CCN(C)CC,4ab81fadeebdb4f7,7
"1,3-diaminopropane",DTXSID1021906,109-76-2,NCCCN,b2b8231537b6d27b,7
"2,3-dimethyl-2-pentene",DTXSID00147308,10574-37-5,CCC(C)=C(C)C,5675ec14227e5ddf,2
"1-octanamine, n-octyl-",DTXSID2061517,1120-48-5,CCCCCCCCNCCCCCCCC,3dab58bfe6547b9f,12
3-methyl-1-butene,DTXSID7060336,563-45-1,C=CC(C)C,632bd28e44a78d1f,2
5-methyl-2-hexanone,DTXSID5021914,110-12-3,CC(=O)CCC(C)C,ef63460f0b9e5a09,14
methyl 4-methylsalicylate,DTXSID40863434,4670-56-8,COC(=O)c1ccc(C)cc1O,abaa7b0afcc6bb33,1
methoxyethene,DTXSID4026761,107-25-5,C=COC,0348eb635827c8a0,2
"1,2-dibromo-3-chloropropane",DTXSID3020413,96-12-8,ClCC(Br)CBr,b0b62e2c3f7de338,9
"propanoic acid, octyl ester",DTXSID3059717,142-60-9,CCCCCCCCOC(=O)CC,6e0b9ecd94ce1762,17
2-methylbenzenethiol,DTXSID8047135,137-06-4,Cc1ccccc1S,25fdb77de1fa1911,2
"benzoic acid, 2,4,5-trimethoxy-",DTXSID4060076,490-64-2,COc1cc(OC)c(C(=O)O)cc1OC,91ace57d245baf9b,3
2-chlorobut-2-enedinitrile,DTXSID70871461,26459-70-1,N#CC=C(Cl)C#N,7a5b927e9d77a90c,2
"2,2'-bithiophene",DTXSID8060084,492-97-7,c1csc(-c2cccs2)c1,f99e104c9edd40c2,2
"1,1-dichloroethylene",DTXSID8021438,75-35-4,C=C(Cl)Cl,093b7bcaa07d87aa,1
"3-methyl-1,2-benzenediol",DTXSID9060071,488-17-5,Cc1cccc(O)c1O,853103865dad0c29,1
"benzoyl chloride, 3,4-dichloro-",DTXSID2062793,3024-72-4,O=C(Cl)c1ccc(Cl)c(Cl)c1,3aa704e6fcc17177,2
4'-methoxyacetophenone,DTXSID2044347,100-06-1,COc1ccc(C(C)=O)cc1,d7792e49f63340af,2
"1,2-dimethylcyclopropane",DTXSID00870801,2511-95-7,CC1CC1C,24d9de3de79c68f6,3
"2,4-hexadienoic acid, methyl ester",DTXSID30878956,1515-80-6,CC=CC=CC(=O)OC,a96303f1d8a70662,4
1-(4-chlorophenyl)ethanone,DTXSID1052668,99-91-2,CC(=O)c1ccc(Cl)cc1,15161bae028088d2,1
2-chloro-5-nitrobenzotrifluoride,DTXSID3061130,777-37-7,O=[N+]([O-])c1ccc(Cl)c(C(F)(F)F)c1,061649c79a2d8b2d,1
"cyclopentanol, 1-ethynyl-",DTXSID2066191,17356-19-3,C#CC1(O)CCCC1,16cdbe32bd50232d,4
"2,3,5-trimethylhexane",DTXSID70870833,1069-53-0,CC(C)CC(C)C(C)C,2e7176ace5442b19,9
"1,1-dimethoxyethane",DTXSID7027178,534-15-6,COC(C)OC,976db9a1bbba19c0,2
"1,2-epoxy-2,4,4-trimethylpentane",DTXSID90870451,107-48-2,CC(C)(C)CC1(C)CO1,99db4d7529b2ad70,6
"dibenz[a,h]anthracene",DTXSID9020409,53-70-3,c1ccc2c(c1)ccc1cc3c(ccc4ccccc43)cc12,68fa19c327415277,1
"4-chloro-1,2-diaminobenzene",DTXSID5020283,95-83-0,Nc1ccc(Cl)cc1N,9317e4aa95968210,2
"1,2-dichloro-1-fluoroethane",DTXSID50861926,430-57-9,FC(Cl)CCl,c41ca836434efa09,6
2-methylpentan-3-ol,DTXSID70870616,565-67-3,CCC(O)C(C)C,f008e668bcc474c7,12
"1,2,3,4-tetramethylbenzene",DTXSID4060072,488-23-3,Cc1ccc(C)c(C)c1C,9f2e87e83b5fc2a5,2
pentanal,DTXSID7021653,110-62-3,CCCCC=O,0bd00d7dbe31993d,13
"1,3-butadiyne",DTXSID8060036,460-12-8,C#CC#C,54dd529de7f91df7,1
"1,2-dichloro-1,2-difluoroethane",DTXSID70861928,431-06-1,FC(Cl)C(F)Cl,0c5b509a0339e2cd,7
"[1,1'-bicyclopentyl]-2-ol",DTXSID70871103,4884-25-7,OC1CCCC1C1CCCC1,b2cf1fdf695ef9c5,16
4-fluorophenol,DTXSID0052047,371-41-5,Oc1ccc(F)cc1,cd205797d7a8f4fd,1
"benzonitrile, 2,6-dimethoxy-",DTXSID70168702,16932-49-3,COc1cccc(OC)c1C#N,ce2040562bf00a20,1
3-methylthiolane,DTXSID20871097,4740-00-5,CC1CCSC1,6bbc3447ddbbe9a2,4
"methane, tetraphenyl-",DTXSID30212215,630-76-2,c1ccc(C(c2ccccc2)(c2ccccc2)c2ccccc2)cc1,9925c648e8592e50,5
triethylene glycol dimethyl ether,DTXSID8026224,112-49-2,COCCOCCOCCOC,de02c71b14183416,14
vx,DTXSID80866161,50782-69-9,CCOP(C)(=O)SCCN(C(C)C)C(C)C,97cc3a36b9d619ae,4
"1,4-dimethylnaphthalene",DTXSID8035423,571-58-4,Cc1ccc(C)c2ccccc12,199cf956ac4b07f0,1
"1-butanamine, 3-methyl-n-(3-methylbutyl)-",DTXSID1060263,544-00-3,CC(C)CCNCCC(C)C,19c437ab1b8f81b9,18
"2,6-dibromoaniline",DTXSID10209643,608-30-0,Nc1c(Br)cccc1Br,7161df3d502462a7,1
4-methyl-3-nitroanisole,DTXSID80169907,17484-36-5,COc1ccc(C)c([N+](=O)[O-])c1,890ed8868dc4b7c0,3
2-chloroacetaldehyde,DTXSID4020292,107-20-0,O=CCCl,8de7c7fa878b7660,3
"1,2-benzenedicarbonyl dichloride",DTXSID8038691,88-95-9,O=C(Cl)c1ccccc1C(=O)Cl,fb9a8e71166ef502,5
thietane,DTXSID7059773,287-27-4,C1CSC1,827ac816da7ff2bc,1
"2,3,5,6-tetrachloronitrobenzene",DTXSID0026098,117-18-0,O=[N+]([O-])c1c(Cl)c(Cl)cc(Cl)c1Cl,3e674c7c74262aa0,1
isopropyl formate,DTXSID2027258,625-55-8,CC(C)OC=O,e3cd00f76b8de678,3
2-methoxyethyl acetate,DTXSID2025553,110-49-6,COCCOC(C)=O,dc6f2f6ed3a2616a,13
"ethane, 1-chloro-2-ethoxy- (9ci)",DTXSID10211882,628-34-2,CCOCCCl,f7e22056a7c43924,15
"2,3,4-trimethylpentane",DTXSID6060343,565-75-3,CC(C)C(C)C(C)C,b351ee0b93a36861,7
2-methylfuran,DTXSID9025611,534-22-5,Cc1ccco1,1d47f2bbb98d3b10,1
"2,2,3,4,4-pentamethylpentane",DTXSID90871266,16747-45-8,CC(C(C)(C)C)C(C)(C)C,2bbdff2f9f6567e9,2
2-tetralone,DTXSID0060193,530-93-8,O=C1CCc2ccccc2C1,0ed46d444e2c3f38,2
"hexachloro-1,3-butadiene",DTXSID7020683,87-68-3,ClC(Cl)=C(Cl)C(Cl)=C(Cl)Cl,a426f594c0ae0b64,2
"2,6-dichlorophenol",DTXSID2025004,87-65-0,Oc1c(Cl)cccc1Cl,4a9b9b13c585545c,1
2-naphthylamine,DTXSID2020921,91-59-8,Nc1ccc2ccccc2c1,d4c7702067735c5b,1
1-nonadecene,DTXSID0066377,18435-45-5,C=CCCCCCCCCCCCCCCCCC,a452691338db6aa6,5
"2,4-dichlorophenetole",DTXSID60202205,5392-86-9,CCOc1ccc(Cl)cc1Cl,f6785d3cffce2f28,3
ethyleneimine,DTXSID8020599,151-56-4,C1CN1,aecb1d65f3086190,1
benzene,DTXSID3039242,71-43-2,c1ccccc1,f62eae5a4d3ea9b7,1
"propanoic acid, 2-methylpropyl ester",DTXSID8060240,540-42-1,CCC(=O)OCC(C)C,86f23c22265db167,15
benzothiophene,DTXSID2052736,95-15-8,c1ccc2sccc2c1,16f1ebcf060c5ce1,1
7-methyl-1-octanol,DTXSID2058675,2430-22-0,CC(C)CCCCCCO,651cccc3006474dd,12
"benzenamine, 4-bromo-2-methyl-",DTXSID6060399,583-75-5,Cc1cc(Br)ccc1N,406c61c567e83026,1
tetradecylbenzene,DTXSID1051729,1459-10-5,CCCCCCCCCCCCCCc1ccccc1,4c1dee447cecf776,9
"2',3',4'-trimethoxyacetophenone",DTXSID7022257,13909-73-4,COc1ccc(C(C)=O)c(OC)c1OC,f9b471fdd9ec6b59,5
n-isopropylaniline,DTXSID7025479,768-52-5,CC(C)Nc1ccccc1,a849dbba2e0ca300,2
"2,2,4,4,6,6,8-heptamethylnonane",DTXSID70871966,109485-61-2,CC(C)CC(C)(C)CC(C)(C)CC(C)(C)C,e8cb87648ec4a233,13
dimethyl succinate,DTXSID5025152,106-65-0,COC(=O)CCC(=O)OC,733c9c8678f5b9e5,11
1-methylcyclopent-1-ene,DTXSID50870755,693-89-0,CC1=CCCC1,34f031cb9e50fb17,1
"benzoyl chloride, 4-methoxy-",DTXSID9059204,100-07-2,COc1ccc(C(=O)Cl)cc1,9ac5ffb728b43548,2
2-naphthylacetonitrile,DTXSID90225942,7498-57-9,N#CCc1ccc2ccccc2c1,b498fe2b8c661072,2
o-phenoxytoluene,DTXSID10192965,3991-61-5,Cc1ccccc1Oc1ccccc1,0bd5ca76fc245329,2
dihexylamine,DTXSID1022009,143-16-8,CCCCCCNCCCCCC,0dcf2f6207697a7c,13
"benzene, hexyl-",DTXSID8061476,1077-16-3,CCCCCCc1ccccc1,c3892d44f179b939,15
"pentane, 2-iodo-",DTXSID00870740,637-97-8,CCCC(C)I,db1b6b41e0022f58,9
"pentane, 2-bromo-",DTXSID90870456,107-81-3,CCCC(C)Br,ff45cc35e938d14f,11
adipic acid monoethyl ester,DTXSID70862319,626-86-8,CCOC(=O)CCCCC(=O)O,1b27bd62fa5e9f2c,17
isobutylbenzene,DTXSID6027181,538-93-2,CC(C)Cc1ccccc1,3065f87750f7ef86,3
"benzenamine, 2-bromo-4-methyl-",DTXSID1060396,583-68-6,Cc1ccc(N)c(Br)c1,d7bcb65d221790d3,2
ethylpivalate,DTXSID4049294,3938-95-2,CCOC(=O)C(C)(C)C,8b775f348b3831e2,3
"1,4-hexadiene",DTXSID5027227,592-45-0,C=CCC=CC,2ac0cc0d79cbe53f,11
cyclopentanamine,DTXSID4061387,1003-03-8,NC1CCCC1,2675f76d0362336a,2
4-benzoylpyridine,DTXSID6022262,14548-46-0,O=C(c1ccccc1)c1ccncc1,784ee2c4e63bd192,2
"pentane, 2,2,4,4-tetramethyl- (8ci)(9ci)",DTXSID70147870,1070-87-7,CC(C)(C)CC(C)(C)C,3f91a6ccba65dc3e,2
phenethylamine,DTXSID5058773,64-04-0,NCCc1ccccc1,84885944e43487cd,8
"benzene, 1-bromo-4-methoxy-",DTXSID2059308,104-92-7,COc1ccc(Br)cc1,f5831a9490f0e3b2,1
n-amyl caproate,DTXSID0047581,540-07-8,CCCCCOC(=O)CCCCC,82d1f02b94c2ad29,23
"ethanone, 1-(2-thienyl)-",DTXSID2058960,88-15-3,CC(=O)c1cccs1,22250f9e483700c5,2
3-heptanone,DTXSID2047438,106-35-4,CCCCC(=O)CC,2ebafe74c6c050f9,20
5-tert-butyl-m-xylene,DTXSID2052659,98-19-1,Cc1cc(C)cc(C(C)(C)C)c1,fd62eada22e7d5f0,2
isovaleronitrile,DTXSID0021620,625-28-5,CC(C)CC#N,7921aee381063ec7,3
2-tert-butyl-6-methylphenol,DTXSID4047468,2219-82-1,Cc1cccc(C(C)(C)C)c1O,b25f0461cbff04b7,1
ethyl 1-naphthyl ether,DTXSID30201402,5328-01-8,CCOc1cccc2ccccc12,90e26b9770c48cb5,1
"2,6-toluenediamine",DTXSID4027319,823-40-5,Cc1c(N)cccc1N,f13c53f4a96ac163,1
benzyl ethyl ether,DTXSID4060230,539-30-0,CCOCc1ccccc1,23b47f40958d60cf,11
1-phenylnonadecane,DTXSID10880214,29136-19-4,CCCCCCCCCCCCCCCCCCCc1ccccc1,a41fa38ee517833d,9
n-methylformamide,DTXSID0025608,123-39-7,CNC=O,6154d14abb9d5e02,1
metolachlor,DTXSID4022448,51218-45-2,CCc1cccc(C)c1N(C(=O)CCl)C(C)COC,8d01d734b251bda3,10
4-amino-n-methylaniline,DTXSID80211354,623-09-6,CNc1ccc(N)cc1,ae7c0df09deccb2e,1
5-aminopentan-1-ol,DTXSID10179771,2508-29-4,NCCCCCO,aed815a2b9184850,9
"1,1,1,2-tetrachloro-2-fluoroethane",DTXSID6042020,354-11-0,FC(Cl)C(Cl)(Cl)Cl,bf698ae4f4449b8d,2
2-propenylphenol,DTXSID70871163,6380-21-8,CC=Cc1ccccc1O,e5aca3c10f0eb303,10
phenyl glycidyl ether,DTXSID8021145,122-60-1,c1ccc(OCC2CO2)cc1,0f437fe4eefdd931,9
"propane, 2-(methylthio)-",DTXSID40165809,1551-21-9,CSC(C)C,3da83862ee4d699a,3
dimethoxymethane,DTXSID1025564,109-87-5,COCOC,b3eb005fa00c49ff,2
,,,Cc1c(C)c(C)c(N)c(C)c1C,1245c71a80d104c4,1
"2,4-hexadiene",DTXSID5022069,592-46-1,CC=CC=CC,a6b18ae4902116f4,3
triethylamine,DTXSID3024366,121-44-8,CCN(CC)CC,6d70d82015b591ba,8
1-undecyne,DTXSID8062288,2243-98-3,C#CCCCCCCCCC,3d099ebb8b90eeb5,22
1-decanamine,DTXSID2022171,2016-57-1,CCCCCCCCCCN,6d082b60a9e7a4d5,11
"n,n-dimethyl-p-phenylenediamine",DTXSID6025149,99-98-9,CN(C)c1ccc(N)cc1,93c344e09e372953,1
"2,6-dimethyl-4h-pyran-4-one",DTXSID6074415,1004-36-0,Cc1cc(=O)cc(C)o1,f760a2c8fa651317,1
3-methylnonane,DTXSID70863649,5911-04-6,CCCCCCC(C)CC,094ecc579d173cc4,21
"[1,1'-biphenyl]-2-carboxylic acid",DTXSID30870814,947-84-2,O=C(O)c1ccccc1-c1ccccc1,4fb13ca777f61d77,4
hexafluoropropene,DTXSID2026949,116-15-4,FC(F)=C(F)C(F)(F)F,a4b69c9342c03fac,1
diisopropylamine,DTXSID9025085,108-18-9,CC(C)NC(C)C,2af1a3857a1ecf31,4
"indeno[1,2,3-cd]pyrene",DTXSID8024153,193-39-5,c1ccc2c(c1)-c1ccc3ccc4cccc5cc-2c1c3c45,00564ece4f77bead,1
"2,6-dimethylheptane",DTXSID70147931,1072-05-5,CC(C)CCCC(C)C,75a64440de7d441c,12
"2,4,6-trimethylaniline",DTXSID5043847,88-05-1,Cc1cc(C)c(N)c(C)c1,e373d85892aae349,1
diacetamide,DTXSID10211549,625-77-4,CC(=O)NC(C)=O,ce4915b28e7e813f,1
"propanedioic acid, oxo-, diethyl ester",DTXSID5060566,609-09-6,CCOC(=O)C(=O)C(=O)OCC,40df7baa85fb61a6,11
"benzene, 1,2,3,5-tetrabromo-",DTXSID8073924,634-89-9,Brc1cc(Br)c(Br)c(Br)c1,6d464fe887927389,1
isophorone,DTXSID8020759,78-59-1,CC1=CC(=O)CC(C)(C)C1,5c1ae7602ffbb430,2
"benzenemethanamine, 2-methyl-",DTXSID3059000,89-93-0,Cc1ccccc1CN,50268681338ce9bd,4
"ethanone, 2-(acetyloxy)-1-phenyl-",DTXSID20862889,2243-35-8,CC(=O)OCC(=O)c1ccccc1,4ff1e5b9038ba259,6
"1,2-dibromo-1,2-dichloroethane",DTXSID40870749,683-68-1,ClC(Br)C(Cl)Br,21d58c5f77711318,8
"1,2,3-trichlorobenzene",DTXSID8026193,87-61-6,Clc1cccc(Cl)c1Cl,c588a0cbe27cccf3,1
p-xylene,DTXSID2021868,106-42-3,Cc1ccc(C)cc1,e90b1535e99e770e,1
ethyl valerate,DTXSID6040161,539-82-2,CCCCC(=O)OCC,8900c0cbec745685,21
"piperazine, 2,5-dimethyl-",DTXSID70861721,106-55-8,CC1CNC(C)CN1,c93f0d253863c4e1,4
4-chlorobenzophenone,DTXSID2051687,134-85-0,O=C(c1ccccc1)c1ccc(Cl)cc1,9634377a5a6bf79c,2
"2,3-diphenylpropanol",DTXSID80871033,3536-29-6,OCC(Cc1ccccc1)c1ccccc1,3d5ad57b061cedcc,14
tricyclohexylmethane,DTXSID50167051,1610-24-8,C1CCC(C(C2CCCCC2)C2CCCCC2)CC1,4d08fa2f55cb6abc,2
4-methyl-2-pentanone,DTXSID5021889,108-10-1,CC(=O)CC(C)C,694e67a2b952c2af,6
trichloroacetonitrile,DTXSID0021672,545-06-2,N#CC(Cl)(Cl)Cl,78fe3d3472c5123f,1
1-chloro-2-bromoethane,DTXSID4024775,107-04-0,ClCCBr,a4973cbc6884f895,3
tetratetracontane,DTXSID5058640,7098-22-8,CCCCCCCCCCCCCCCCCCCCCCCCCCCCCCCCCCCCCCCCCCCC,2c8ad7a4d7a42ce9,1
"phenol, 4-(1,1-dimethylethyl)-2-methyl-",DTXSID5059163,98-27-1,Cc1cc(C(C)(C)C)ccc1O,706198fd77affd04,4
"n,n-dimethyl-p-bromoaniline",DTXSID2060414,586-77-6,CN(C)c1ccc(Br)cc1,83f0066f766ab427,1
"1,6-dimethylnaphthalene",DTXSID7022415,575-43-9,Cc1ccc2c(C)cccc2c1,03de1a2fd1c42d97,1
2-benzyltoluene,DTXSID40892047,713-36-0,Cc1ccccc1Cc1ccccc1,3009aaece3687e35,4
"2,2'-binaphthyl",DTXSID50210112,612-78-2,c1ccc2cc(-c3ccc4ccccc4c3)ccc2c1,d5c3f37ed9e59467,4
1-(2-naphthyl)propan-1-one,DTXSID90212498,6315-96-4,CCC(=O)c1ccc2ccccc2c1,ae6155c9aa83a974,6
caprylyl chloride,DTXSID9024724,111-64-8,CCCCCCCC(=O)Cl,f6e20305e7ce7102,17
tetraphenoxysilane,DTXSID0026129,1174-72-7,c1ccc(O[Si](Oc2ccccc2)(Oc2ccccc2)Oc2ccccc2)cc1,4624ec296cc22b0f,9
9-cycloheptadecen-1-one,DTXSID4075405,74244-64-7,O=C1CCCCCCCC=CCCCCCCC1,e609e20084a7e980,3
dibutyl butanedioate,DTXSID7021998,141-03-7,CCCCOC(=O)CCC(=O)OCCCC,7f5b7f002be3991b,21
hentriacontane,DTXSID0075443,630-04-6,CCCCCCCCCCCCCCCCCCCCCCCCCCCCCCC,e82038e05f4c3327,6
cumene,DTXSID1021827,98-82-8,CC(C)c1ccccc1,f2fa90468940efca,1
"2h-azepin-2-one, hexahydro-1-methyl-",DTXSID3074656,2556-73-2,CN1CCCCCC1=O,0275988d89ea951a,2
phenyl salicylate,DTXSID6021957,118-55-8,O=C(Oc1ccccc1)c1ccccc1O,27d6d926ededa087,1
"benzoic acid, 3-methyl-, methyl ester",DTXSID2059196,99-36-5,COC(=O)c1cccc(C)c1,b4fa9b7983313584,4
2-methyl-2-butene,DTXSID8027165,513-35-9,CC=C(C)C,bd573912d973fe93,1
"phenol, 2-(phenylmethyl)-",DTXSID0067428,28994-41-4,Oc1ccccc1Cc1ccccc1,472f80f33de9dafe,4
"cyclohexene, 4-methyl-",DTXSID10862257,591-47-9,CC1CC=CCC1,b55b9ff39de488b1,4
triphenylethylene,DTXSID3022320,58-72-0,C(=C(c1ccccc1)c1ccccc1)c1ccccc1,05357cc7f49c9360,2
3-fluoroaniline,DTXSID10190683,372-19-0,Nc1cccc(F)c1,2b540d2db3873a88,1
"2,2'-(oxybis(methylene))bisoxirane",DTXSID4051871,2238-07-5,C(OCC1CO1)C1CO1,875bed6b99b8ba0d,14
"pentane, 2,3-dimethyl-",DTXSID20862203,565-59-3,CCC(C)C(C)C,3b2c5d4c7d09f9eb,8
,,,CC(C)C(=O)Oc1ccccc1-c1ccccc1,8190a86d20b375d0,4
decahydroisoquinoline,DTXSID80902755,6329-61-9,C1CCC2CNCCC2C1,5140ec41d3e29aab,1
propylbenzene,DTXSID3042219,103-65-1,CCCc1ccccc1,b7e9289448c33228,3
d-glucitol,DTXSID5023588,50-70-4,OC[C@@H](O)[C@@H](O)[C@H](O)[C@@H](O)CO,d966e52c206dee89,3
4-methylheptane,DTXSID6060428,589-53-7,CCCC(C)CCC,564faff691414677,12
tetrachlorostannane,DTXSID1029679,7646-78-8,Cl[Sn](Cl)(Cl)Cl,99d5c6ab922f314e,1
"2,4,6-trimethylheptane",DTXSID30180763,2613-61-8,CC(C)CC(C)CC(C)C,0e555e54bc562518,9
salsalate,DTXSID1023572,552-94-3,O=C(Oc1ccccc1C(=O)O)c1ccccc1O,0073533beb36f90d,3
"benzene, 1,1'-cyclohexylidenebis[4-methoxy-",DTXSID80364233,898-55-5,COc1ccc(C2(c3ccc(OC)cc3)CCCCC2)cc1,d0faeee6c52775fc,5
acetaldehyde,DTXSID5039224,75-07-0,CC=O,a6e3cf76741ec563,1
trimethylborane,DTXSID90208038,593-90-8,CB(C)C,ddf281cfc263ac22,1
2-bromobutane,DTXSID7021499,78-76-2,CCC(C)Br,1f61abaf5e6f35f9,5
,,,CCC1(COC(C)=O)COC(c2ccccc2)OC1,4ca5ee60be297ab6,6
ethylcyclohexane,DTXSID1051779,1678-91-7,CCC1CCCCC1,5f26f18182e2283b,5
triethylborane,DTXSID2052653,97-94-9,CCB(CC)CC,d3b7c96cb6605bfd,7
trimethyl borate,DTXSID0037738,121-43-7,COB(OC)OC,bc49829dd622bf9d,6
"3,3'-[oxybis(ethane-2,1-diyloxy)]dipropan-1-amine",DTXSID6044565,4246-51-9,NCCCOCCOCCOCCCN,3a6fd1efb891dafd,11
"3,3-bis(4-methoxyphenyl)phthalide",DTXSID10281262,6315-80-6,COc1ccc(C2(c3ccc(OC)cc3)OC(=O)c3ccccc32)cc1,6430570989decee8,8
triethyl borate,DTXSID2041674,150-46-9,CCOB(OCC)OCC,d56dc0aba5ff0509,5
"borane, tripropyl-",DTXSID50149695,1116-61-6,CCCB(CCC)CCC,824273dfc68f9c1b,23
,,,Br[Al-]1(Br)[Br+][Al-](Br)(Br)[Br+]1,1503cd3837dd640e,1
,,,I[Al-]1(I)[I+][Al-](I)(I)[I+]1,596d260ac987168c,2
triphenylborane,DTXSID6027345,960-71-4,c1ccc(B(c2ccccc2)c2ccccc2)cc1,50d18f32c44721eb,11
,,,C[Al-]1(C)[CH3+][Al-](C)(C)[CH3+]1,c50e47542dcb9228,1
"boric acid (h3bo3), tripropyl ester",DTXSID4060995,688-71-1,CCCOB(OCCC)OCCC,a886ec74f586603b,13
,,,Cl[Ga-]1(Cl)[Cl+][Ga-](Cl)(Cl)[Cl+]1,063cccdd97431fa5,1
,,,Br[Ga-]1(Br)[Br+][Ga-](Br)(Br)[Br+]1,a76986e95b1454e9,1
trimethylgallium,DTXSID2061696,1445-79-0,C[Ga](C)C,0b032b897fa6b4ec,1
,,,I[Ga-]1(I)[I+][Ga-](I)(I)[I+]1,83f87a02c44c76fe,1
"arsine, trimethyl-",DTXSID4073203,593-88-4,C[As](C)C,c8a64f461d0d2f6c,1
"gallium, triethyl-",DTXSID1061497,1115-99-7,CC[Ga](CC)CC,3d2855de8a0c2500,8
tris(4-methylphenyl) phosphate,DTXSID5052676,78-32-0,Cc1ccc(OP(=O)(Oc2ccc(C)cc2)Oc2ccc(C)cc2)cc1,47815ed55a73059c,16
diisobutyl phthalate,DTXSID9022522,84-69-5,CC(C)COC(=O)c1ccccc1C(=O)OCC(C)C,c55ea797b38df509,23
triphenylarsine oxide,DTXSID1061570,1153-05-5,[O-][As+](c1ccccc1)(c1ccccc1)c1ccccc1,0b8dbb32408c9733,9
"arsine, triphenyl-",DTXSID4060529,603-32-7,c1ccc([As](c2ccccc2)c2ccccc2)cc1,ec66e56e6ff8e9ce,15
,,,CC[Al-]1(CC)[CH2+](C)[Al-](CC)(CC)[CH2+]1C,2a2745a2b1d09144,17
"2,5-selenophenedicarboxaldehyde",DTXSID50483945,13706-04-2,O=Cc1ccc(C=O)[se]1,fa31fd645d0635a7,2
,,,I[In-]1(I)[I+][In-](I)(I)[I+]1,b110eaa925a459df,1
trimethylindium,DTXSID90187490,3385-78-2,C[In](C)C,af2689599ee23745,1
"1,3,3,5-tetramethyl-1,1,5,5-tetraphenyltrisiloxane",DTXSID2052073,3982-82-9,C[Si](C)(O[Si](C)(c1ccccc1)c1ccccc1)O[Si](C)(c1ccccc1)c1ccccc1,a3fa0af999b6a413,8
"indium, triethyl-",DTXSID1061281,923-34-2,CC[In](CC)CC,1deb4312c7deffb6,9
,,,CC1(C)OB(/C=C2\CCC\C2=C/B2OC(C)(C)C(C)(C)O2)OC1(C)C,d5de1a810e73cc89,8
,,,O=C(/C=C\[As](c1ccccc1)c1ccccc1)c1ccccc1,c52207726245a4be,7
,,,CC1(C)OB(C#CCCC#CB2OC(C)(C)C(C)(C)O2)OC1(C)C,dc9dc5ccbb3c5220,14
,,,CC1(C)OB(C=C2CCC2=CB2OC(C)(C)C(C)(C)O2)OC1(C)C,9c16ab65c436851d,12
,,,O=C(/C=C\[As](c1ccccc1)c1ccccc1)c1ccc(Cl)cc1,51e1917b3854c469,4
,,,Cc1ccc(C(=O)/C=C\[As](c2ccccc2)c2ccccc2)cc1,a3d64e39610e2896,5
"stannane, dichlorodipropyl-",DTXSID20235776,867-36-7,CCC[Sn](Cl)(Cl)CCC,b067012eadb4a102,20
dipentyltin dichloride,DTXSID70149738,1118-42-9,CCCCC[Sn](Cl)(Cl)CCCCC,a46a923c9e28991f,16
,,,CC1(C)OB(c2c3c(c(B4OC(C)(C)C(C)(C)O4)p2-c2ccccc2)CCCC3)OC1(C)C,8a8766c474236b84,12
,,,CCCCCC[SnH2]CCCCCC,d09bdf53b5af5e81,14
dihexyltin dichloride,DTXSID80182035,2767-41-1,CCCCCC[Sn](Cl)(Cl)CCCCCC,d00d9aa116362046,21
,,,CC(C)(C)c1ccc([SnH2]c2ccc(C(C)(C)C)cc2)cc1,a17ffe6f16f3f1da,14
"trisiloxane, 1,3,5-trimethyl-1,1,3,5,5-pentaphenyl-",DTXSID7063007,3390-61-2,C[Si](O[Si](C)(c1ccccc1)c1ccccc1)(O[Si](C)(c1ccccc1)c1ccccc1)c1ccccc1,b31da593a48852fb,14
,,,Cl[Sn](Cl)(CCc1ccccc1)CCc1ccccc1,61e8a609cdbabd0e,7
,,,CCCCCCCC[SnH2]CCCCCCCC,0324d9d027183ee5,17
,,,CCCCOc1ccc([SnH2]c2ccc(OCCCC)cc2)cc1,e3fcfea47d02e7ce,21
,,,Cl[Sn](Cl)(CCCc1ccccc1)CCCc1ccccc1,6e83b8e0bed3ab0f,9
"stannane, dichlorodidodecyl-",DTXSID3064015,5827-58-7,CCCCCCCCCCCC[Sn](Cl)(Cl)CCCCCCCCCCCC,716f28b849a0446c,5
hexaphenylhexarsenane,DTXSID801103316,20738-31-2,c1ccc([As]2[As](c3ccccc3)[As](c3ccccc3)[As](c3ccccc3)[As](c3ccccc3)[As]2c2ccccc2)cc1,677a43ee71b5bd75,2
,,,Cl[Sn](Cl)(CCCOc1ccccc1)c1ccccc1,b3df61978d64c0ec,6
,,,Cl[Sn](Cl)(CCCCc1ccccc1)CCCCc1ccccc1,301abc98a91f8676,15
,,,FC(F)(F)c1cccc(OCCC[Sn](c2ccccc2)(c2ccccc2)c2ccccc2)c1,be2fa9737df058f0,1
,,,CCCCOc1ccc([SnH2]c2ccc(OCCCC)cc2CC)c(CC)c1,2342018179e25288,21
,,,CCCCCCCCCCCC[SnH2]CCCCCCCCCCCC,418e613eedc304b5,2
,,,Cl[Sn](CCCOc1ccccc1)(c1ccccc1)c1ccccc1,dac3748ccf3026e2,8
,,,Cc1cc(C)c([SnH2]c2c(C)cc(C)cc2C)c(C)c1,780dde66ad071423,6
triphenylstibine,DTXSID4052269,603-36-1,c1ccc([Sb](c2ccccc2)c2ccccc2)cc1,e4db20fb50e74923,14
,,,Cl[Sn](Cl)(CCCOc1ccc(-c2ccccc2)cc1)c1ccccc1,113da5565b4799d4,10
,,,Cl[Sn](CCCOc1ccc(-c2ccccc2)cc1)(c1ccccc1)c1ccccc1,36caafdb09e1e357,7
,,,C/C=C/C(=O)O[Sb](OC(=O)/C=C/C)(c1ccccc1)(c1ccccc1)c1ccccc1,3c1659c1b620be80,8
,,,O=C(O[Sb](c1ccccc1)(c1ccccc1)(c1ccccc1)c1ccccc1)c1ccccc1,f1e0429b8494298b,4
pentaphenylantimony,DTXSID60473337,2170-05-0,c1ccc([Sb](c2ccccc2)(c2ccccc2)(c2ccccc2)c2ccccc2)cc1,1f031d7b0e484585,5
,,,FC(F)(F)c1ccc([Sn](c2ccc(C(F)(F)F)cc2)(c2ccc(C(F)(F)F)cc2)c2ccc(C(F)(F)F)cc2)cc1,296606bcb3d78bec,25
,,,O=C(C#Cc1ccccc1)O[Sb](OC(=O)C#Cc1ccccc1)(c1ccccc1)(c1ccccc1)c1ccccc1,8c39dca19b68bfc3,7
bis(benzoyloxy)(triphenyl)-lambda~5~-stibane,DTXSID60586830,57997-56-5,O=C(O[Sb](OC(=O)c1ccccc1)(c1ccccc1)(c1ccccc1)c1ccccc1)c1ccccc1,a1a1bd1a1b34209c,5
,,,O=Cc1ccc(C=O)[te]1,cd69885dcbcd5ff6,1
,,,CCC(=O)O[Sb](OC(=O)CC)(c1ccccc1)(c1ccccc1)c1ccccc1,c363290b6fa46958,6
,,,c1c[te]c(-c2ccc[te]2)c1,e648b1aaef07722e,2
sucrose octabenzoate,DTXSID6051641,12738-64-6,O=C(OC[C@H]1O[C@@](COC(=O)c2ccccc2)(O[C@H]2O[C@H](COC(=O)c3ccccc3)[C@@H](OC(=O)c3ccccc3)[C@H](OC(=O)c3ccccc3)[C@H]2OC(=O)c2ccccc2)[C@@H](OC(=O)c2ccccc2)[C@@H]1OC(=O)c1ccccc1)c1ccccc1,71d219635a8c6892,2
,,,c1csc(-c2[te]c(-c3cccs3)c3c2CCCC3)c1,5bdd22286652d7a9,4
,,,CCOc1cc(/C=C/c2ccc[te]2)c(OCC)cc1/C=C/c1ccc[te]1,9e6665b0939a06b3,5
,,,CC1(C)OB(c2[te]c(B3OC(C)(C)C(C)(C)O3)c3c2CCC3)OC1(C)C,3abc4ab6056cc109,4
,,,Br[Te]1(Br)C(c2cccs2)=C2CCCCC2=C1c1cccs1,dd507a2f1efa8722,3
,,,CCCCCCc1ccc([Sn]2(c3ccc(CCCCCC)cc3)C(c3ccc(I)s3)=C3CCCCC3=C2c2ccc(I)s2)cc1,9df096e6ddfaf15a,8
"thiophene-2,5-dicarbaldehyde",DTXSID50343151,932-95-6,O=Cc1ccc(C=O)s1,ce4dc22fe4b480f6,3
bromine chloride,DTXSID4035259,13863-41-7,ClBr,9599bcab3d31a3db,1
hydrobromic acid,DTXSID0029713,10035-10-6,Br,689cc01c5e6a2a57,1
tin tetrabromide,DTXSID1064873,7789-67-5,Br[Sn](Br)(Br)Br,b52e8815ed330898,1
chlorosilane,DTXSID90884614,13465-78-6,[SiH3]Cl,4fc8922bd29c80c1,1
iodine chloride (icl),DTXSID1064879,7790-99-0,ClI,28eb3406aca9a284,1
nitrosyl chloride,DTXSID5051945,2696-92-6,O=NCl,48a9ae771a253c15,1
dichlorosilane,DTXSID1052082,4109-96-0,Cl[SiH2]Cl,4361cb7ec16eaaf7,1
dichlorine monoxide,DTXSID50893909,7791-21-1,ClOCl,8b72511d185261ce,1
sulphur dichloride,DTXSID4051538,10545-99-0,ClSCl,d0b4eb9dcc0600da,1
germanium tetrachloride,DTXSID1044350,10038-98-9,Cl[Ge](Cl)(Cl)Cl,931f6706e2d83e7d,1
hydrogen fluoride,DTXSID1049641,7664-39-3,F,2bfcf2d97052c6b0,1
hypofluorous acid,DTXSID10896951,14034-79-8,OF,949a284c901d3645,1
"silane, fluoro-",DTXSID90884513,13537-33-2,F[SiH3],bffcf5ba285f1d77,1
nitrosyl fluoride,DTXSID60228501,7789-25-5,O=NF,7465163792181aa9,1
oxygen difluoride,DTXSID20894009,7783-41-7,FOF,a92b4888a8958fdb,1
nitrogen trifluoride,DTXSID4040181,7783-54-2,FN(F)F,4ae90b2ff7d51497,1
nitrogen fluoride oxide,DTXSID90160687,13847-65-9,[O-][N+](F)(F)F,3eae51be0920621c,1
nitrogen fluoride (n2f4),DTXSID9064922,10036-47-2,FN(F)N(F)F,6c416a280476f2ac,2
sulfur tetrafluoride,DTXSID40893074,7783-60-0,FS(F)(F)F,77d72203ec667716,2
"silane, tetrafluoro-",DTXSID0064830,7783-61-1,F[Si](F)(F)F,c1e66c7233683afb,1
iodine pentafluoride,DTXSID2052524,7783-66-6,FI(F)(F)(F)F,38ed35a8fca4ebfe,1
,,,CCCCCCOc1ccc([Sn]2(c3ccc(OCCCCCC)cc3)C(c3ccc(I)s3)=C3CCCCC3=C2c2ccc(I)s2)cc1,89be16937e18e125,6
hydrogen iodide,DTXSID2044349,10034-85-2,I,09aeaefeb41d4e03,1
nitric acid,DTXSID5029685,7697-37-2,O=[N+]([O-])O,7b70c9b6ada00a21,1
hydrazoic acid,DTXSID20884425,7782-79-8,[N-]=[N+]=N,08e856538d7c51d4,1
hydrogen,DTXSID9029643,1333-74-0,[H][H],180dd26245ffff0d,1
sulfur fluoride (sf6),DTXSID8029656,2551-62-4,FS(F)(F)(F)(F)F,6492fb02fae6a307,6
hydrogen sulfide,DTXSID4024149,7783-06-4,S,406e17b63bb8307f,1
hydrogen selenide,DTXSID20872822,7783-07-5,[SeH2],62576bbd6108d4d8,1
ammonia,DTXSID0023872,7664-41-7,N,d21d9178bf0911eb,1
phosphine,DTXSID2021157,7803-51-2,P,0f07c5c959e1d1c9,1
silane,DTXSID6052534,7803-62-5,[SiH4],2acfdf552a9f5749,1
nitrogen,DTXSID4036304,7727-37-9,N#N,72a072df551d0bbb,1
nitrous oxide,DTXSID8021066,10024-97-2,N#[N+][O-],9fbc041c39480dab,1
disulfur monoxide,DTXSID90175054,20901-21-7,O=S=S,61d2bcc9b25b4cb5,1
"silylene, oxo-",DTXSID7064940,10097-28-6,[O+]#[Si-],89abc2e6fe5488cc,1
sulfur dioxide,DTXSID6029672,7446-09-5,O=S=O,010624b1e99e20b6,1
ozone,DTXSID0021098,10028-15-6,O=[O+][O-],a6c543aae08ec641,1
sulfur trioxide,DTXSID1029673,7446-11-9,O=S(=O)=O,7943271888801847,1
dibromodifluoromethane,DTXSID9058789,75-61-6,FC(F)(Br)Br,38fd372e65bb77ca,1
cyanogen chloride,DTXSID4021551,506-77-4,N#CCl,bafbbbea5601d98a,1
cyanogen fluoride,DTXSID20164330,1495-50-7,N#CF,f4d9e385cdf46c31,1
trifluoroiodomethane,DTXSID2062325,2314-97-8,FC(F)(F)I,ff1f023299c40cc8,1
hydrogen cyanide,DTXSID9024148,74-90-8,C#N,3e6b6f0fcc793009,1
isocyanic acid,DTXSID9073884,75-13-8,N=C=O,a7152c14ba68fc0d,1
bromochloromethane,DTXSID4021503,74-97-5,ClCBr,2ab59c7c3776c2fb,1
formaldehyde,DTXSID7020637,50-00-0,C=O,c320bfa0fe60f4ae,1
diazomethane,DTXSID0024008,334-88-3,C=[N+]=[N-],79785b5bf800fe17,1
formic acid,DTXSID2024115,64-18-6,O=CO,a71f7efa02281416,1
methyl azide,DTXSID50211462,624-90-8,CN=[N+]=[N-],799d7aa4bde967c9,1
methane,DTXSID8025545,74-82-8,C,659a93f4dc463c0b,1
methanethiol,DTXSID5026382,74-93-1,CS,c2c654c22db3f9df,1
carbon monoxide,DTXSID5027273,630-08-0,[C-]#[O+],7c98aff45ec7057b,1
carbonyl sulfide,DTXSID6023949,463-58-1,O=C=S,aa25880d9b5d18d6,1
carbon dioxide,DTXSID4027028,124-38-9,O=C=O,4f50a0ac58f338ab,1
carbon sulfide,DTXSID00183645,2944-05-0,[C-]#[S+],b13f7639620f7452,1
chlorotrifluoroethylene,DTXSID3026485,79-38-9,FC(F)=C(F)Cl,1a0be5cabf9b696b,1
"acetonitrile, trifluoro-",DTXSID1059862,353-85-5,N#CC(F)(F)F,9e74ec151680308a,1
monofluoroacetylene,DTXSID20911684,2713-09-9,C#CF,5ccfbf00224cbd83,1
"1,1,2-trifluoroethene",DTXSID4059887,359-11-5,FC=C(F)F,0f2967576ce28735,1
ethyne,DTXSID6026379,74-86-2,C#C,e60e4bac49fcdc76,1
"1,1,2-trichloro-1,2,2-trifluoroethane",DTXSID6021377,76-13-1,FC(F)(Cl)C(F)(Cl)Cl,483ccfad2ba99250,3
"(z)-1,2-dichloroethylene",DTXSID2024030,156-59-2,Cl/C=C\Cl,37bde8ea44515586,1
"(e)-1,2-dichloroethylene",DTXSID7024031,156-60-5,Cl/C=C/Cl,633a8f649b30aad5,1
vinylidene fluoride,DTXSID3021439,75-38-7,C=C(F)F,6dc8042b1f1ce4cd,1
"cis-1,2-difluoroethylene",DTXSID001313123,1630-77-9,F/C=C\F,5317e25b9d1cc9db,1
ketene,DTXSID1052113,463-51-4,C=C=O,171fe8731d3e9189,1
glyoxal,DTXSID5025364,107-22-2,O=CC=O,38bcc6eb0a0f90d7,1
vinyl bromide,DTXSID8021432,593-60-2,C=CBr,2ef6ee8a7223f429,1
acetyl chloride,DTXSID2023852,75-36-5,CC(=O)Cl,a3e9d08897080403,1
vinyl fluoride,DTXSID3021435,75-02-5,C=CF,532e8359e91ae6db,1
ethylene,DTXSID1026378,74-85-1,C=C,5d7edf909991258c,1
methyl formate,DTXSID5025609,107-31-3,COC=O,c418c1ec5a3edd81,1
bromoethane,DTXSID6020199,74-96-4,CCBr,14233642c731f940,1
"ethane, iodo-",DTXSID9058783,75-03-6,CCI,a9ef38783efb2880,1
ethane,DTXSID6026377,74-84-0,CC,eb8e392d4ed94883,1
cyanogen,DTXSID1023992,460-19-5,N#CC#N,46dda4d1854e90d6,1
"1,1-dimethylhydrazine",DTXSID1020516,57-14-7,CN(C)N,96576ef4988f5d26,1
propiolonitrile,DTXSID40147867,1070-71-9,C#CC#N,7d43fc904e54b4a3,1
"1,2-propadiene",DTXSID1029178,463-49-0,C=C=C,1ca963b3a26a1206,1
1-propyne,DTXSID0026387,74-99-7,C#CC,f33af65eb1574f80,1
cyclopropene,DTXSID20893759,2781-85-3,C1=CC1,4981f8b63fb30dc2,1
propionitrile,DTXSID1021879,107-12-0,CCC#N,777c3d684f198e45,1
1-buten-3-yne,DTXSID4029199,689-97-4,C#CC=C,9bd9a1a8fb856e87,1
furan,DTXSID6020646,110-00-9,c1ccoc1,13e4048ff2b1d29c,1
propionic acid,DTXSID8025961,79-09-4,CCC(=O)O,2db593198b8510f9,2
1-butyne,DTXSID4029141,107-00-6,C#CCC,539d7db4bb1f5f28,1
methacrylonitrile,DTXSID1024176,126-98-7,C=C(C)C#N,3bcb57489b23fe12,1
2-butyne,DTXSID3060116,503-17-3,CC#CC,ec8996ce143b415c,1
cyclobutene,DTXSID60231616,822-35-5,C1=CCC1,d03877f87a820049,1
cis-2-butene,DTXSID0027224,590-18-1,C/C=C\C,a88333351e025cf5,1
,,,O=C1OCCC[Te]CCCOC(=O)OCCC[Te]CCCO1,4d215c117614cf04,3
(e)-crotonaldehyde,DTXSID6020351,123-73-9,C/C=C/C=O,bebff370c1fd7bb5,2
(2e)-2-butene,DTXSID7027255,624-64-6,C/C=C/C,63f4723f32b073f7,1
isobutene,DTXSID9020748,115-11-7,C=C(C)C,824d6b88143cbd1a,1
"propane, 1-chloro-2-methyl-",DTXSID4060153,513-36-0,CC(C)CCl,fba9753255f58c20,3
methyl propanoate,DTXSID7027201,554-12-1,CCC(=O)OC,b0fb2958f5648f8f,3
tetramethylsilane,DTXSID9026423,75-76-3,C[Si](C)(C)C,4a97b8847ddfd501,1
tetramethyltin,DTXSID4052261,594-27-4,C[Sn](C)(C)C,82e6c583f3295f5f,1
isobutylamine,DTXSID9025459,78-81-9,CC(C)CN,428ecbe18bb4b720,3
"1,3-cyclopentadiene",DTXSID0027191,542-92-7,C1=CCC=C1,1ab5707956dedfb3,1
1-penten-3-yne,DTXSID00214847,646-05-9,C=CC#CC,1db6456dd3c0d9a9,2
2-butanamine,DTXSID4022284,13952-84-6,CCC(C)N,ad45ab5bb5466795,7
"(3e)-1,3-pentadiene",DTXSID50858710,2004-70-8,C=C/C=C/C,3446382ef07443ee,2
"(3z)-1,3-pentadiene",DTXSID60858741,1574-41-0,C=C/C=C\C,35e888e1b5b4c837,3
(2z)-2-pentene,DTXSID10891269,627-20-3,C/C=C\CC,e37c727ede4c03ce,2
"2,4-pentanedione",DTXSID4021979,123-54-6,CC(=O)CC(C)=O,854602030d0e78fc,2
(2e)-2-pentene,DTXSID50891268,646-04-8,C/C=C/CC,224519252fbd4038,3
,,,C(=C1\CCCC\C1=C/c1cccs1)\c1cccs1,1d4c098f11883e9c,9
2-methylbut-1-ene,DTXSID3052224,563-46-2,C=C(C)CC,2f3056ac55781e9a,3
cyclohexene,DTXSID9038717,110-83-8,C1=CCCCC1,86d87728ddd813d7,2
3-pentanone,DTXSID6021820,96-22-0,CCC(=O)CC,c64e27ec434c5ce3,5
m-fluorotoluene,DTXSID2059855,352-70-5,Cc1cccc(F)c1,a9aee0ae239af5f4,2
4-nitrotoluene,DTXSID5023792,99-99-0,Cc1ccc([N+](=O)[O-])cc1,81471e4608b59f73,1
"2,6-dimethylpyridine",DTXSID7051557,108-48-5,Cc1cccc(C)n1,51d3929e1ac8bba1,1
"trans-1,2-dimethylcyclopentane",DTXSID101015837,822-50-4,C[C@@H]1CCC[C@H]1C,28a2e18e6116712e,2
4-methyl-1-pentene,DTXSID3061001,691-37-2,C=CCC(C)C,14f97c21810e869f,8
azulene,DTXSID2059770,275-51-4,c1ccc2cccc-2cc1,38e982ae327880a0,1
2-methyl-3-pentanone,DTXSID2073196,565-69-5,CCC(=O)C(C)C,90ff781f0a7b8e21,7
"(4as,8as)-decahydronaphthalene",DTXSID00873337,493-01-6,C1CC[C@H]2CCCC[C@H]2C1,eed790a41a6d60f2,1
"2,4-dimethylpentan-3-one",DTXSID3038771,565-80-0,CC(C)C(=O)C(C)C,a00191a4f480ed5e,5
trans-decahydronaphthalene,DTXSID90883405,493-02-7,C1CC[C@H]2CCCC[C@@H]2C1,709598d1586c225c,2
"benzene, 1,1'-(1,2-ethynediyl)bis-",DTXSID4060109,501-65-5,C(#Cc1ccccc1)c1ccccc1,e9c207b2205cabad,1
(z)-dichloropropene,DTXSID1032305,10061-01-5,Cl/C=C\CCl,f26ca4abc8dd7476,2
sec-butylbenzene,DTXSID2022333,135-98-8,CCC(C)c1ccccc1,764a431ca8979cec,5
"ethanamine, n-methyl-",DTXSID8060793,624-78-2,CCNC,8c663d7351e2f07f,3
"2,5-dihydrofuran",DTXSID5051785,1708-29-8,C1=CCOC1,74a480a10a34420c,1
"1,2,3-trichloropropane",DTXSID9021390,96-18-4,ClCC(Cl)CCl,63c11d292fbdfcda,7
isobutane,DTXSID1026401,75-28-5,CC(C)C,18a9f8d4ee9ece8d,1
trans-stilbene,DTXSID4026050,103-30-0,C(=C/c1ccccc1)\c1ccccc1,a903fdeb9ec13192,3
"butane, 1-fluoro-",DTXSID4062351,2366-52-1,CCCCF,29ec02b5267959a6,8
"1,2,3,5-tetrachlorobenzene",DTXSID1026089,634-90-2,Clc1cc(Cl)c(Cl)c(Cl)c1,7b98af1cda4ae857,1
2-methyl-3-butanol,DTXSID20862268,598-75-4,CC(C)C(C)O,10bd508c4d50c7bc,7
5-hexyn-2-one,DTXSID50180189,2550-28-9,C#CCCC(C)=O,44668e17f37ec776,7
bromocyclohexane,DTXSID1044148,108-85-0,BrC1CCCCC1,71943554523f8104,2
1-nitropentane,DTXSID20211878,628-05-7,CCCCC[N+](=O)[O-],6b89d16c212d0e7a,13
m-bromobenzoic acid,DTXSID8060408,585-76-2,O=C(O)c1cccc(Br)c1,3c23a682edca73fd,2
2-bromobenzoic acid,DTXSID3038690,88-65-3,O=C(O)c1ccccc1Br,31bed0052d231c98,4
4-bromobenzoic acid,DTXSID7060413,586-76-5,O=C(O)c1ccc(Br)cc1,b1699d98dd0ecaba,1
"1,3,5-cycloheptatriene",DTXSID5073909,544-25-2,C1=CC=CCC=C1,0025696515f30b72,1
phenyl formate,DTXSID30171898,1864-94-4,O=COc1ccccc1,8dd5f8369a1ee46f,2
3-methylaniline,DTXSID1026792,108-44-1,Cc1cccc(N)c1,c026d6cbc17a0980,1
5-hexen-2-one,DTXSID0059372,109-49-9,C=CCCC(C)=O,d0a8c1a6b92bbe3f,16
1-decene,DTXSID8027329,872-05-9,C=CCCCCCCCC,46a9a525a8b011d3,20
"2,3-benzofuran",DTXSID6020141,271-89-6,c1ccc2occc2c1,400fc0e5273dee27,1
4-ethylphenol,DTXSID4021977,123-07-9,CCc1ccc(O)cc1,0e4eddf8f6cb65aa,2
4-heptanol,DTXSID1060429,589-55-9,CCCC(O)CCC,d6a063e6c51e899c,12
1-bromoheptane,DTXSID7022095,629-04-9,CCCCCCCBr,8aa8e5f214d619f3,15
"3,5-dimethylphenol",DTXSID1025148,108-68-9,Cc1cc(C)cc(O)c1,54c53790e00515fc,1
4-ethylaniline,DTXSID0022066,589-16-2,CCc1ccc(N)cc1,d36ae76d4d18ac5a,1
3-heptanol,DTXSID50862251,589-82-2,CCCCC(O)CC,d95af943e4713928,15
4-tolyl acetate,DTXSID0046567,140-39-6,CC(=O)Oc1ccc(C)cc1,2b08e9a692eeae18,4
(+/-)-2-phenylpropionic acid,DTXSID80862027,492-37-5,CC(C(=O)O)c1ccccc1,4bbbc4eb0f7adece,5
,,,O=C(O[Sb](c1ccccc1)(c1ccccc1)(c1ccccc1)c1ccccc1)C12CC3CC(CC(C3)C1)C2,6b7af600b07f7e19,7
2-chloronaphthalene,DTXSID8023971,91-58-7,Clc1ccc2ccccc2c1,8dd7fed7ae4262d6,1
octanenitrile,DTXSID1047655,124-12-9,CCCCCCCC#N,35599aed18042a1a,15
,,,O=C1OCCCC[Te]CCCCOC(=O)OCCCC[Te]CCCCO1,eca2168b4789ebcc,2
decachlorobiphenyl,DTXSID4047541,2051-24-3,Clc1c(Cl)c(Cl)c(-c2c(Cl)c(Cl)c(Cl)c(Cl)c2Cl)c(Cl)c1Cl,79031f8c5ad08741,1
"2,3,4,5-tetrachlorobiphenyl",DTXSID5074135,33284-53-6,Clc1cc(-c2ccccc2)c(Cl)c(Cl)c1Cl,bbe8836a4de083e9,1
"2,3,4,5,6-pentachlorobiphenyl",DTXSID40864820,18259-05-7,Clc1c(Cl)c(Cl)c(-c2ccccc2)c(Cl)c1Cl,df2c967d1cd67de0,1
4-octanol,DTXSID60870640,589-62-8,CCCCC(O)CCC,31b62ef21ded924f,16
"2,2′,3,3′,6,6′-hexachlorobiphenyl",DTXSID6073499,38411-22-2,Clc1ccc(Cl)c(-c2c(Cl)ccc(Cl)c2Cl)c1Cl,4cad8c39c011a7b5,2
"2,4,6-trichlorobiphenyl",DTXSID7073482,35693-92-6,Clc1cc(Cl)c(-c2ccccc2)c(Cl)c1,74a9d27208452dc0,1
"2,6-dichlorobiphenyl",DTXSID7038313,33146-45-1,Clc1cccc(Cl)c1-c1ccccc1,6771c0a37ad41105,1
"2,4,5-trichlorobiphenyl",DTXSID0073405,15862-07-4,Clc1cc(Cl)c(-c2ccccc2)cc1Cl,52073657158b0d46,2
"2,5-dichlorobiphenyl",DTXSID7073480,34883-39-1,Clc1ccc(Cl)c(-c2ccccc2)c1,c28bc8af40194b11,2
1-ethylnaphthalene,DTXSID10870852,1127-76-0,CCc1cccc2ccccc12,861c0a806ed9ebe1,3
1-methylfluorene,DTXSID4061919,1730-37-6,Cc1cccc2c1Cc1ccccc1-2,f7845bba1c04d1f8,1
9-methylanthracene,DTXSID3061134,779-02-2,Cc1c2ccccc2cc2ccccc12,8bd8b61696bfaa18,1
1-methyl phenanthrene,DTXSID6025648,832-69-9,Cc1cccc2c1ccc1ccccc12,b689864ecf7e6a38,1
4-phenylcyclohexanone,DTXSID80197644,4894-75-1,O=C1CCC(c2ccccc2)CC1,df1b73b0d071aebb,5
11h-benzo[b]fluorene,DTXSID1022477,243-17-4,c1ccc2c(c1)Cc1cc3ccccc3cc1-2,601bc655019be88a,1
benzyloxybenzene,DTXSID70870813,946-80-5,c1ccc(COc2ccccc2)cc1,0542e5871528dcde,5
"9,10-dimethylanthracene",DTXSID8073928,781-43-1,Cc1c2ccccc2c(C)c2ccccc12,a006d34e88f8e24a,2
naphthacene,DTXSID4059045,92-24-0,c1ccc2cc3cc4ccccc4cc3cc2c1,51fbc69b4f111783,1
antimony tribromide,DTXSID6064870,7789-61-9,Br[Sb](Br)Br,07e720ea4174520b,1
antimony trichloride,DTXSID4044161,10025-91-9,Cl[Sb](Cl)Cl,e6a1b2dfc2c031d8,1
arsenous trichloride,DTXSID3042556,7784-34-1,Cl[As](Cl)Cl,90da4c6b920f324b,1
arsine,DTXSID3023760,7784-42-1,[AsH3],4789fe6a7cbe5160,1
boron tribromide,DTXSID4065028,10294-33-4,BrB(Br)Br,3a8dff3c720dd72c,1
boron trichloride,DTXSID2041676,10294-34-5,ClB(Cl)Cl,caeadcf621ead9cc,1
boron trifluoride,DTXSID7041677,7637-07-2,FB(F)F,5682783e02644d24,1
chlorotrifluorosilane,DTXSID90161412,14049-36-6,F[Si](F)(F)Cl,6c03b43f6013483b,1
5-methyl-2-octanone,DTXSID4041444,58654-67-4,CCCC(C)CCC(C)=O,10efeb89b4bbc619,19
dibromosilane,DTXSID00929868,13768-94-0,Br[SiH2]Br,ff20f108892da4d4,1
benzo[a]pyrene,DTXSID2020139,50-32-8,c1ccc2c(c1)cc1ccc3cccc4ccc2c1c34,1eafcaa28e9a867e,1
difluorosilane,DTXSID20930037,13824-36-7,F[SiH2]F,4db8f1c2a2df7625,1
hydrochloric acid,DTXSID2020711,7647-01-0,Cl,8a5e7958e06ecfde,1
hydrogen sulfide (h2s2),DTXSID10158844,13465-07-1,SS,e50e4305784ae0a7,1
digermane,DTXSID801030397,13818-89-8,[GeH3][GeH3],ee05f3219ab1566b,1
hydrogen telluride,DTXSID20228446,7783-09-7,[TeH2],f8d2dc9c70ee8a68,1
nitrogen tetroxide,DTXSID00893116,10544-72-6,O=[N+]([O-])[N+](=O)[O-],eadc908d9ef2da4f,1
nitryl chloride,DTXSID601317066,13444-90-1,O=[N+]([O-])Cl,be7e9a12d1cb3d78,1
nitryl fluoride,DTXSID00143027,10022-50-1,O=[N+]([O-])F,0d512369e487eb6b,1
phosphoric tribromide,DTXSID2064868,7789-59-5,O=P(Br)(Br)Br,07b3bd5403ca96c3,1
phosphoric trichloride,DTXSID5029710,10025-87-3,O=P(Cl)(Cl)Cl,2019e057c3012586,1
stannane,DTXSID50894052,2406-52-2,[SnH4],ba7b7bafe4fd4fcb,1
selenium tetrafluoride,DTXSID50158848,13465-66-2,F[Se](F)(F)F,456950334befdd96,1
silicon tetrabromide,DTXSID6064872,7789-66-4,Br[Si](Br)(Br)Br,fd94e78909a01e72,1
"silane, tetraiodo-",DTXSID5065489,13465-84-4,I[Si](I)(I)I,dc4769adab105420,1
tin iodide (sni4),DTXSID6064876,7790-47-8,I[Sn](I)(I)I,6f55a02df71769df,1
tribromosilane,DTXSID50160668,7789-57-3,Br[SiH](Br)Br,1274281be6fd81f4,1
trichlorosilane,DTXSID4029301,10025-78-2,Cl[SiH](Cl)Cl,ddbabf16d2358799,1
diboron tetrafluoride,DTXSID80161143,13965-73-6,FB(F)B(F)F,f9c921a28319411f,2
trifluorosilane,DTXSID70928707,13465-71-9,F[SiH](F)F,2ad4cda0c771e148,1
trisilane,DTXSID80884426,7783-26-8,[SiH3][SiH2][SiH3],fb7eb388c748bcdf,1
,,,FC(F)(F)c1cc(C(F)(F)F)cc([Sn](c2cc(C(F)(F)F)cc(C(F)(F)F)c2)(c2cc(C(F)(F)F)cc(C(F)(F)F)c2)c2cc(C(F)(F)F)cc(C(F)(F)F)c2)c1,5e602fadf5492956,24
cyclododecanone,DTXSID3027322,830-13-7,O=C1CCCCCCCCCCC1,c0d97066f961c758,5
allyl acetate,DTXSID9024437,591-87-7,C=CCOC(C)=O,a558f75031a87b29,3
2-chloroethanol,DTXSID1021877,107-07-3,OCCCl,e2541248efcd11f0,4
"1,2-butanediol",DTXSID6040375,584-03-2,CCC(O)CO,3181f9d6e66c0ae7,8
"benzenemethanamine, n-phenyl-",DTXSID7059272,103-32-2,c1ccc(CNc2ccccc2)cc1,5b5097bcd078599d,3
chloropentafluoroethane,DTXSID3026435,76-15-3,FC(F)(F)C(F)(F)Cl,7b08f8461a4006e1,1
cyanocyclobutane,DTXSID30196086,4426-11-3,N#CC1CCC1,d7f444d7973fa39a,1
2-methoxybutane,DTXSID00871171,6795-87-5,CCC(C)OC,859dc43a7fc82543,11
cyclohexanecarbonitrile,DTXSID30227400,766-05-2,N#CC1CCCCC1,6f88944fc3d1ca7e,2
cyclopropanecarbonitrile,DTXSID1063936,5500-21-0,N#CC1CC1,ae6667a6a8128e5a,1
cyclopentanecarbonitrile,DTXSID70195331,4254-02-8,N#CC1CCCC1,0ebfe7eb22c91ffa,2
cyclopropylbenzene,DTXSID2074297,873-49-4,c1ccc(C2CC2)cc1,d5667537b5831fa2,2
"butane, 1-chloro-3-methyl-",DTXSID2059354,107-84-6,CC(C)CCCl,ae724c7206bc4c8b,9
1-ethoxybutane,DTXSID7052311,628-81-9,CCCCOCC,0fb2c53d0259233d,21
1-chlorohexane,DTXSID1060265,544-10-5,CCCCCCCl,edaaf353b5058bb3,18
,,,O=C(O[Sb](OC(=O)C12CC3CC(CC(C3)C1)C2)(c1ccccc1)(c1ccccc1)c1ccccc1)C12CC3CC(CC(C3)C1)C2,32844e38c8ec348a,5
"1,2-dichlorohexafluoropropane",DTXSID80862360,661-97-2,FC(F)(F)C(F)(Cl)C(F)(F)Cl,62131dc49e644640,6
"1,2-dichlorobutane",DTXSID8027244,616-21-7,CCC(Cl)CCl,a26922eb43921eb9,12
"1,2-dichloropentane",DTXSID40870901,1674-33-5,CCCC(Cl)CCl,cee3cc7fd6fbc868,13
"hexane, 1,2-dichloro-",DTXSID60870943,2162-92-7,CCCCC(Cl)CCl,ac281dad5096354b,13
bis(2-butyl) ether,DTXSID6027636,6863-58-7,CCC(C)OC(C)CC,bd34d840b6473826,18
diethoxymethane,DTXSID6052112,462-95-3,CCOCOCC,119c17202872d290,7
"thiophene, 2,3-dihydro-",DTXSID20149809,1120-59-8,C1=CSCC1,325829669637f600,2
"thiophene, 2,5-dihydro-",DTXSID10168943,1708-32-3,C1=CCSC1,c4597c46ddadd29a,1
"1-butene, 2,3-dimethyl-",DTXSID7073195,563-78-0,C=C(C)C(C)C,826ceb0d4890d659,3
"3,3-dimethyl-1-butene",DTXSID1027211,558-37-2,C=CC(C)(C)C,87fee32a83f5cf9b,1
dibutyl sulfide,DTXSID6022058,544-40-1,CCCCSCCCC,cb012e333dc0b9f5,23
decanenitrile,DTXSID9027449,1975-78-6,CCCCCCCCCC#N,920748a38fd3536d,19
"(z)-1,3-dimethylcyclohexane",DTXSID30858738,638-04-0,C[C@@H]1CCC[C@H](C)C1,92417a2e1698e5a1,1
"cis-1,4-dimethylcyclohexane",DTXSID301025608,624-29-3,C[C@H]1CC[C@@H](C)CC1,90e73697d983623d,1
methyl disulfide,DTXSID4025117,624-92-0,CSSC,58932abbb03ab633,2
ethylene glycol diethyl ether,DTXSID5025285,629-14-1,CCOCCOCC,cd1bd2649e685c64,22
"trans-1,4-dimethylcyclohexane",DTXSID401015836,2207-04-7,C[C@H]1CC[C@H](C)CC1,17fe9af777a870ba,1
diethylene glycol monomethyl ether,DTXSID3025049,111-77-3,COCCOCCO,23313a2e9b85b618,13
"oxetane, 3,3-dimethyl- (9ci)",DTXSID30219244,6921-35-3,CC1(C)COC1,ff5bf7a1a61f1aa9,1
"2,4-dimethylpentane",DTXSID2059358,108-08-7,CC(C)CC(C)C,f6e79ceef0239dda,6
diethyl propanedioate,DTXSID7021863,105-53-3,CCOC(=O)CC(=O)OCC,2ac5e7d7c938fb62,14
"propanenitrile, 2,2-dimethyl-",DTXSID7060887,630-18-2,CC(C)(C)C#N,de02e571e80df560,1
"2,3-dimethylpyridine",DTXSID6060395,583-61-9,Cc1cccnc1C,6d55e10186d5225b,1
tetradodecylstannane,DTXSID50206999,5827-56-5,CCCCCCCCCCCC[Sn](CCCCCCCCCCCC)(CCCCCCCCCCCC)CCCCCCCCCCCC,5a0188359603e01f,3
"2,4-dimethylpyridine",DTXSID2051556,108-47-4,Cc1ccnc(C)c1,21870e518e1099e7,1
"2,5-dimethylpyridine",DTXSID0060436,589-93-5,Cc1ccc(C)nc1,497a41cc7bd249f5,1
"3,4-dimethylpyridine",DTXSID1052244,583-58-4,Cc1ccncc1C,41a046d08bab58fb,1
"3,3-dimethylpentane",DTXSID0049319,562-49-2,CCC(C)(C)CC,1f61531f79a5778f,7
"2,4-dimethylhexane",DTXSID60873237,589-43-5,CCC(C)CC(C)C,2c8e66931f1e82db,13
dimethyl suberate,DTXSID3061926,1732-09-8,COC(=O)CCCCCCC(=O)OC,480533e8fbf9df5e,4
"acetamide, n-ethyl-",DTXSID5060803,625-50-3,CCNC(C)=O,a71c48e20f5c51e2,2
"3,4-dimethylhexane",DTXSID30862234,583-48-2,CCC(C)C(C)CC,3efe7f6a9fef0dc8,15
"2,4-dimethyloctane",DTXSID60871051,4032-94-4,CCCCC(C)CC(C)C,136b142ac6562b99,12
ethyl dichloroacetate,DTXSID7060205,535-15-9,CCOC(=O)C(Cl)Cl,5d6fc1db36bf4d5d,7
"formamide, n-ethyl-",DTXSID6060842,627-45-2,CCNC=O,78feee57bf237a86,2
,,,CCCCCCc1cc(C2=C3CCCCC3=C(c3cc(CCCCCC)c(I)s3)[Sn]2(c2ccc(C(F)(F)F)cc2)c2ccc(C(F)(F)F)cc2)sc1I,f1663417765d2581,6
ethyl butyrate,DTXSID6040111,105-54-4,CCCC(=O)OCC,e67291292281d250,14
2-ethyl-1-butanol,DTXSID2041416,97-95-0,CCC(CC)CO,b2ab423903df4126,13
1-ethoxy-2-methoxyethane,DTXSID40964490,500005-27-6,CCOCCOC,af4167a642c21fa5,20
"2-propanamine, n-ethyl-",DTXSID4066547,19961-27-4,CCNC(C)C,526ae56dfee1e29a,9
1-ethyl-1-methylcyclopentane,DTXSID80168293,16747-50-5,CCC1(C)CCCC1,4eabea21cd0091f3,6
linolenic acid,DTXSID7025506,463-40-1,CC/C=C\C/C=C\C/C=C\CCCCCCCC(=O)O,908b8c1633a5b992,12
ethyl trichloroacetate,DTXSID9060158,515-84-4,CCOC(=O)C(Cl)(Cl)Cl,309d9b5aab2f0113,3
"3-pentanol, 3-ethyl-",DTXSID9060497,597-49-9,CCC(O)(CC)CC,b358d638687adefa,7
2-fluorotoluene,DTXSID7021811,95-52-3,Cc1ccccc1F,3820742358f26332,1
furfuryl alcohol,DTXSID2025347,98-00-0,OCc1ccco1,b5bc95f98e2642fb,3
"1,2-dipropoxyethane",DTXSID70172223,18854-56-3,CCCOCCOCCC,9eb258a3f4a829fa,23
ethyl propyl sulfide,DTXSID3041958,4110-50-3,CCCSCC,dc5383cfa012abb8,16
3-ethylhexane,DTXSID6060713,619-99-8,CCCC(CC)CC,483b051cbef7639b,16
(2e)-2-heptene,DTXSID70881227,14686-13-6,C/C=C/CCCC,7da437d8c20f982a,11
perfluoroethane,DTXSID2041915,76-16-4,FC(F)(F)C(F)(F)F,c0cd6bc033c06382,2
(3z)-3-heptene,DTXSID801020796,7642-10-6,CC/C=C\CCC,46e390c4bee83937,10
"1,1,1,5,5,5-hexafluoro-2,4-pentanedione",DTXSID4061753,1522-22-1,O=C(CC(=O)C(F)(F)F)C(F)(F)F,e2da03a79eb044b7,4
(2e)-2-hexene,DTXSID90881224,4050-45-7,C/C=C/CCC,32d6cb04ba8db745,6
n-methylisopropylamine,DTXSID80871098,4747-21-1,CNC(C)C,4f2259eb7f43eacb,3
(3e)-3-hexene,DTXSID70891265,13269-52-8,CC/C=C/CC,23dc9665979ff7e6,6
"ether, isobutyl methyl",DTXSID70211540,625-44-5,COCC(C)C,8fd278495a8d74d2,6
cyclobutanecarboxylic acid methyl ester,DTXSID60227312,765-85-5,COC(=O)C1CCC1,b88cbec858ae4312,2
cis-2-methylcyclohexanol,DTXSID701032695,7443-70-1,C[C@H]1CCCC[C@H]1O,ffb558a286302d50,2
trans-2-methylcyclohexanol,DTXSID301032693,7443-52-9,C[C@@H]1CCCC[C@H]1O,30f05ff0a54a74c1,2
methyl pivalate,DTXSID4027234,598-98-1,COC(=O)C(C)(C)C,4e858099a2cd470b,1
methyl cyclopropanecarboxylate,DTXSID3051967,2868-37-3,COC(=O)C1CC1,d83d6100c74e6a37,2
n-undecyl cyanide,DTXSID1022188,2437-25-4,CCCCCCCCCCCC#N,ac9bab95dfc2e7db,17
1-dodecene,DTXSID5026914,112-41-4,C=CCCCCCCCCCC,2a04990cace9ac82,18
2-methylbutanoic acid,DTXSID5021621,116-53-0,CCC(C)C(=O)O,0749396a4abfaf75,11
ethyl hexanoate,DTXSID3021980,123-66-0,CCCCCC(=O)OCC,0e8a87607d765c9e,23
"octane, 1-fluoro-",DTXSID70196787,463-11-6,CCCCCCCCF,9a4f0f3655ddef94,21
2-methylhexane,DTXSID5052256,591-76-4,CCCCC(C)C,34489403aa7bc8aa,13
3-methyl-1-pentene,DTXSID20870762,760-20-3,C=CC(C)CC,fad04dc578e4c62b,10
2-methyl-2-pentene,DTXSID8073217,625-27-4,CCC=C(C)C,9d283b67e8c0a4f5,2
4-methylpentan-1-ol,DTXSID0044313,626-89-1,CC(C)CCCO,54fb1102788b3c6c,14
(e)-3-methylpent-2-ene,DTXSID00897275,616-12-6,C/C=C(\C)CC,c3c6fc258744180e,3
(2e)-4-methyl-2-pentene,DTXSID101015956,674-76-0,C/C=C/C(C)C,46be5254fc778514,3
5-methyl-3-hexanol,DTXSID801020891,623-55-2,CCC(O)CC(C)C,100bd736594e03ed,11
2-methylpropanenitrile,DTXSID5026461,78-82-0,CC(C)C#N,10e3315c29860cdb,1
4-methylthiazole,DTXSID5027300,693-95-8,Cc1cscn1,738b7872a173af49,1
2-methylquinoline,DTXSID3040271,91-63-4,Cc1ccc2ccccc2n1,82239fe41bd664bc,1
lepidine,DTXSID7047067,491-35-0,Cc1ccnc2ccccc12,38a47a132682dbc0,1
2-methylheptane,DTXSID2060460,592-27-8,CCCCCC(C)C,f6afd88075e6bc00,16
2-methylheptan-2-ol,DTXSID00211538,625-25-2,CCCCCC(C)(C)O,a0b1b58d8ef5ebc4,15
salicylaldehyde,DTXSID1021792,90-02-8,O=Cc1ccccc1O,a3ee57c8db5b8408,1
spiropentane,DTXSID10166181,157-40-4,C1CC12CC2,e181f0537eb695f5,1
propanoic anhydride,DTXSID1027007,123-62-6,CCC(=O)OC(=O)CC,08af6f310ec6580b,6
tetranitromethane,DTXSID5021334,509-14-8,O=[N+]([O-])C([N+](=O)[O-])([N+](=O)[O-])[N+](=O)[O-],ce4aff6c1423974f,4
methyl heptanoate,DTXSID3059345,106-73-0,CCCCCCC(=O)OC,b12c69f52ff4ff52,19
propylcyclopentane,DTXSID60174352,2040-96-2,CCCC1CCCC1,d36b117f3d2d10d3,10
"hexane, 2,2,5-trimethyl-",DTXSID0073326,3522-94-9,CC(C)CCC(C)(C)C,2110913485a14cfc,5
"ether, methyl pentyl",DTXSID40211890,628-80-8,CCCCCOC,dbab4e8f24c03c7c,22
"2,2,4-trimethylpentane",DTXSID7024370,540-84-1,CC(C)CC(C)(C)C,4a09b54d1028fef8,3
"2,3,6-trimethylpyridine",DTXSID5051731,1462-84-6,Cc1ccc(C)c(C)n1,66a9a5d5bcce969f,1
"2,2,4-trimethyl-3-pentanone",DTXSID70207281,5857-36-3,CC(C)C(=O)C(C)(C)C,17b81f266d058305,3
"3,5,5-trimethyl-1-hexanol",DTXSID7029661,3452-97-9,CC(CCO)CC(C)(C)C,882b1e0870d4ceba,7
3-methylbutyl 3-methylbutanoate,DTXSID8044757,659-70-1,CC(C)CCOC(=O)CC(C)C,8cb4512f0a3357c6,23
methyl dodecanoate,DTXSID5026889,111-82-0,CCCCCCCCCCCC(=O)OC,f096f1bc7da6b1a3,12
"1,4-benzenediamine",DTXSID9021138,106-50-3,Nc1ccc(N)cc1,8b45c0233d077b2e,1
barbital,DTXSID5022643,57-44-3,CCC1(CC)C(=O)NC(=O)NC1=O,102ae7aa11da0086,3
benzo[c]phenanthrene,DTXSID4075459,195-19-7,c1ccc2c(c1)ccc1ccc3ccccc3c12,191b996c99abccdf,2
benzo[e]pyrene,DTXSID3023764,192-97-2,c1ccc2c(c1)c1cccc3ccc4cccc2c4c31,cc39519b584f3715,1
chloroacetic acid,DTXSID4020901,79-11-8,O=C(O)CCl,9f76cf338eac616c,2
(2z)-2-butenoic acid,DTXSID70880977,503-64-0,C/C=C\C(=O)O,94eea807fc17aec6,2
4-chloroaniline,DTXSID9020295,106-47-8,Nc1ccc(Cl)cc1,d66ea5e0a37d7d7f,1
1-chloro-3-nitrobenzene,DTXSID4021971,121-73-3,O=[N+]([O-])c1cccc(Cl)c1,851464d5e8c1031b,1
cyanamide,DTXSID9034490,420-04-2,N#CN,03210ac70f9dc500,1
1-chloro-4-nitrobenzene,DTXSID5020281,100-00-5,O=[N+]([O-])c1ccc(Cl)cc1,ff8d383990d6ece2,1
"1,1-dimethylurea",DTXSID0060515,598-94-7,CN(C)C(N)=O,10d1e2dbf9818645,2
perfluorononane,DTXSID60334479,375-96-2,FC(F)(F)C(F)(F)C(F)(F)C(F)(F)C(F)(F)C(F)(F)C(F)(F)C(F)(F)C(F)(F)F,328399bc44f9670b,6
"2,4,7-trimethyloctane",DTXSID70558982,62016-38-0,CC(C)CCC(C)CC(C)C,227e4c893bae8afe,11
imidazole,DTXSID2029616,288-32-4,c1c[nH]cn1,70a2850b95d522ad,1
arachidonic acid,DTXSID4040420,506-32-1,CCCCC/C=C\C/C=C\C/C=C\C/C=C\CCCC(=O)O,a081125a62377da5,22
allobarbital,DTXSID9022572,52-43-7,C=CCC1(CC=C)C(=O)NC(=O)NC1=O,9b1ced9fecf6208c,9
methylurea,DTXSID5060510,598-50-5,CNC(N)=O,7dae6d0f0b1851ba,2
nitrosobenzene,DTXSID7060417,586-96-9,O=Nc1ccccc1,0edb1081b3fa419b,1
khellin,DTXSID9045267,82-02-0,COc1c2occc2c(OC)c2c(=O)cc(C)oc12,55758e4ef27baebf,2
paraldehyde,DTXSID9023419,123-63-7,CC1OC(C)OC(C)O1,0e81a333c3b8c77c,2
undecanenitrile,DTXSID3062289,2244-07-7,CCCCCCCCCCC#N,14496d4cc101a5b3,14
pentaerythritol,DTXSID2026943,115-77-5,OCC(CO)(CO)CO,1d1564acca512af5,5
pentafluorophenol,DTXSID9061120,771-61-9,Oc1c(F)c(F)c(F)c(F)c1F,0426bfa4b75dc165,1
perfluorooctane,DTXSID0059794,307-34-6,FC(F)(F)C(F)(F)C(F)(F)C(F)(F)C(F)(F)C(F)(F)C(F)(F)C(F)(F)F,1e57c7868c29b75e,15
"benzeneacetic acid, .alpha.-phenyl-",DTXSID0059453,117-34-0,O=C(O)C(c1ccccc1)c1ccccc1,688a46154d66e97a,4
decanedioic acid,DTXSID7026867,111-20-6,O=C(O)CCCCCCCCC(=O)O,4625ec0908f9ca56,1
butanedioic acid,DTXSID6023602,110-15-6,O=C(O)CCC(=O)O,ed7af28f42ae29c1,9
tributyl borate,DTXSID9026184,688-74-4,CCCCOB(OCCCC)OCCCC,bea99b95a53cf666,13
estradiol benzoate,DTXSID9022998,50-50-0,C[C@]12CC[C@@H]3c4ccc(OC(=O)c5ccccc5)cc4CC[C@H]3[C@@H]1CC[C@@H]2O,f9ea10622d0a2c19,4
perfluorotributylamine,DTXSID0027141,311-89-7,FC(F)(F)C(F)(F)C(F)(F)C(F)(F)N(C(F)(F)C(F)(F)C(F)(F)C(F)(F)F)C(F)(F)C(F)(F)C(F)(F)C(F)(F)F,b0a2b751eeb71d5f,2
"1,2,4,5-tetrafluorobenzene",DTXSID90186367,327-54-8,Fc1cc(F)c(F)cc1F,06e6ef2412f4da20,1
carbon tetrafluoride,DTXSID2041757,75-73-0,FC(F)(F)F,86ab1275a9fadbf9,1
1h-tetrazole,DTXSID5075280,288-94-8,c1nnn[nH]1,e1b6155684bf2610,1
thiourea,DTXSID9021348,62-56-6,NC(N)=S,b7899e29923b01d4,1
"2,2,3,3-tetramethylpentane",DTXSID60221779,7154-79-2,CCC(C)(C)C(C)(C)C,58feb5814b6ac9f9,5
"1,3,5-trinitrobenzene",DTXSID6021406,99-35-4,O=[N+]([O-])c1cc([N+](=O)[O-])cc([N+](=O)[O-])c1,f13ff75168e417c3,1
boric acid (h3bo3),DTXSID1020194,10043-35-3,OB(O)O,ab6ffdac4e15a280,1
,,,[BH3-]C#[O+],ffdcdbef57881c76,1
chlorine monofluoride,DTXSID50894057,7790-89-8,FCl,5273624aa631c3b0,1
"ethyne, chloro-",DTXSID5074719,593-63-5,C#CCl,5451d9449c8be612,1
,,,[SiH3][SiH3],df212b0e4a9a0afd,1
thiazyl fluoride,DTXSID00172170,18820-63-8,N#SF,3d751ea6eee72361,1
diphosphane,DTXSID40924074,12208-07-0,PP,a2f027bbfa3d983c,1
"3-penten-1-yne, (z)-",DTXSID30878774,1574-40-9,C#C/C=C\C,05443219e4d83272,1
"3-penten-1-yne, (e)-",DTXSID90878775,2004-69-5,C#C/C=C/C,52c34a7de11d8f34,1
fluorine dioxide,DTXSID70228451,7783-44-0,FOOF,f5e72aa02bd61a21,2
(3e)-3-pentenenitrile,DTXSID901019314,16529-66-1,C/C=C/CC#N,3e206c662a9b575f,3
(2z)-4-methylpent-2-ene,DTXSID90880651,691-38-3,C/C=C\C(C)C,d1873eb901d84f7d,1
sulfamethoxypyridazine,DTXSID5023611,80-35-3,COc1ccc(NS(=O)(=O)c2ccc(N)cc2)nn1,4cd0d5a2f750b476,6
cis-3-methyl-2-pentene,DTXSID10883604,922-62-3,C/C=C(/C)CC,dc7cf3533b59402d,2
phosphorus trifluoride,DTXSID6064826,7783-55-3,FP(F)F,89fbfb2bda8dd0c6,1
carbonyl selenide,DTXSID80166855,1603-84-5,O=C=[Se],0bcb29ba4d3c36d5,1
(3z)-3-hexene,DTXSID30891266,7642-09-3,CC/C=C\CC,640d217508da9ce0,3
(2z)-2-hexene,DTXSID801015840,7688-21-3,C/C=C\CCC,e3d930468c19cda5,6
antimony trihydride,DTXSID601014341,7803-52-3,[SbH3],2f31325ae3b678ec,1
arsenous trifluoride,DTXSID9064841,7784-35-2,F[As](F)F,838bbf8adae26d17,1
dichloro(difluoro)silane,DTXSID90548406,18356-71-3,F[Si](F)(Cl)Cl,cd047dbad065f6bb,1
iodine monofluoride,DTXSID50160764,13873-84-2,FI,24bf0fd84e7e0559,1
pentafluorophosphorane,DTXSID9064760,7647-19-0,FP(F)(F)(F)F,2c46b3b1b53094ed,3
d-camphor,DTXSID4024721,464-49-3,CC1(C)[C@@H]2CC[C@@]1(C)C(=O)C2,5296f2b8fce1ddcf,1
isopropyl tert-butyl ether,DTXSID10186667,33021-02-2,CC(C)COC(C)(C)C,15a654b256d26b8a,4
phosphorothioic trichloride,DTXSID3063253,3982-91-0,S=P(Cl)(Cl)Cl,0c2e2b194d81b1c7,1
[(ethoxymethoxy)methoxy]ethane,DTXSID20871138,5648-29-3,CCOCOCOCC,3e50edbf7b76b60d,3
carbon selenide (cse2),DTXSID1060138,506-80-9,[Se]=C=[Se],6f0675feda96596d,1
arsenic pentafluoride,DTXSID4064842,7784-36-3,F[As](F)(F)(F)F,ce40d6d5757920f8,1
propan-2-yl benzoate,DTXSID9044746,939-48-0,CC(C)OC(=O)c1ccccc1,56aaf3675871ae19,3
pentafluoromethylbenzene,DTXSID0061119,771-56-2,Cc1c(F)c(F)c(F)c(F)c1F,e361ca0636c1d481,1
,,,F[Sn](F)(F)F,d696df76e6fdde10,1
iodine bromide (ibr),DTXSID2064862,7789-33-5,BrI,ea5b8f33d1644b2c,1
,,,[GeH3][GeH2][GeH3],4f6d494a09c6588e,1
azoxybenzene,DTXSID0024555,495-48-7,[O-][N+](=Nc1ccccc1)c1ccccc1,d0621a39c9a36492,1
3-methylcholanthrene,DTXSID0020862,56-49-5,Cc1ccc2cc3c(ccc4ccccc43)c3c2c1CC3,253de55cf704437b,1
"2,2',4,5'-tetrachlorobiphenyl",DTXSID8073508,41464-40-8,Clc1ccc(-c2cc(Cl)ccc2Cl)c(Cl)c1,7c02b7ed36cd275a,2
arsenous tribromide,DTXSID4064840,7784-33-0,Br[As](Br)Br,e464fbc07ed4cbab,1
"4,4'-dimethylbiphenyl",DTXSID30210195,613-33-2,Cc1ccc(-c2ccc(C)cc2)cc1,68fceb6f619b7ea2,4
"borane, triiodo-",DTXSID0065519,13517-10-7,IB(I)I,602a6ea4c07a0b11,1
"germane, tetrabromo-",DTXSID2065468,13450-92-5,Br[Ge](Br)(Br)Br,a14917bcfe60b08b,1
"2,2',4,4',6,6'-hexachlorobiphenyl",DTXSID3040302,33979-03-2,Clc1cc(Cl)c(-c2c(Cl)cc(Cl)cc2Cl)c(Cl)c1,3f1e56df2099ec09,1
phosphorous triiodide,DTXSID1065475,13455-01-1,IP(I)I,9d93f2fccc5551c1,1
"2,2',3,3',4,4',6-heptachlorobiphenyl",DTXSID4073540,52663-71-5,Clc1ccc(-c2c(Cl)cc(Cl)c(Cl)c2Cl)c(Cl)c1Cl,58b867c8326c0cdd,2
arsenous triiodide,DTXSID9064843,7784-45-4,I[As](I)I,bb7844d03279e122,1
"2,2',3,3',5,5',6,6'-octachlorobiphenyl",DTXSID0074132,2136-99-4,Clc1cc(Cl)c(Cl)c(-c2c(Cl)c(Cl)cc(Cl)c2Cl)c1Cl,0af9bacb251615de,1
"germane, tetraiodo-",DTXSID7065469,13450-95-8,I[Ge](I)(I)I,fbacc920636b6996,1
antimony iodide (sbi3),DTXSID1064875,7790-44-5,I[Sb](I)I,887ff9c3ba0c2b66,1
"2,2',3,3',4,5,5',6,6'-nonachlorobiphenyl",DTXSID6074170,52663-77-1,Clc1cc(Cl)c(Cl)c(-c2c(Cl)c(Cl)c(Cl)c(Cl)c2Cl)c1Cl,1383f48abdab58d4,1
17alpha-ethinylestradiol,DTXSID5020576,57-63-6,C#C[C@]1(O)CC[C@H]2[C@@H]3CCc4cc(O)ccc4[C@H]3CC[C@@]21C,f26618ced3d9b1a0,4
di-iso-amyl ether,DTXSID8052198,544-01-4,CC(C)CCOCCC(C)C,f3c8bbf00340664a,21
,,,CCCCCCc1cc(C2=C3CCCCC3=C(c3cc(CCCCCC)c(I)s3)[Sn]2(c2cc(C(F)(F)F)cc(C(F)(F)F)c2)c2cc(C(F)(F)F)cc(C(F)(F)F)c2)sc1I,92f5701dff748bbe,7
,,,CCCCCCOc1ccc([Sn](c2ccc(OCCCCCC)cc2)(c2ccc(OCCCCCC)cc2)c2ccc(OCCCCCC)cc2)cc1,6d4b64281e9976bb,9
tetracontane,DTXSID2063341,4181-95-7,CCCCCCCCCCCCCCCCCCCCCCCCCCCCCCCCCCCCCCCC,7b90cd61e0fedfc0,4
pentacontane,DTXSID70216171,6596-40-3,CCCCCCCCCCCCCCCCCCCCCCCCCCCCCCCCCCCCCCCCCCCCCCCCCC,0a1c194ae24ba935,2
hexatetracontane,DTXSID50334943,7098-24-0,CCCCCCCCCCCCCCCCCCCCCCCCCCCCCCCCCCCCCCCCCCCCCC,3416669a8920423d,9
hexacontane,DTXSID00227472,7667-80-3,CCCCCCCCCCCCCCCCCCCCCCCCCCCCCCCCCCCCCCCCCCCCCCCCCCCCCCCCCCCC,a8ae571d39fda0ee,5
bromine monofluoride,DTXSID60160735,13863-59-7,FBr,8ce5588969fba6b6,1
,,,[SiH3]Br,de9a8ea92ef5a671,1
nitrosyl bromide ((no)br),DTXSID90158701,13444-87-6,O=NBr,00b6fc318da2860d,1
"acetylene, bromo-",DTXSID30208032,593-61-3,C#CBr,51d2d702448e2b9f,1
thiirene,DTXSID00420123,157-20-0,C1=CS1,7c5dbaca90c8f731,1
phosphoric trifluoride,DTXSID1065504,13478-20-1,O=P(F)(F)F,972bc801878bade5,1
"ethene, 2-chloro-1,1-difluoro-",DTXSID3073898,359-10-4,FC(F)=CCl,d19b20547db234e7,1
"(e)-4,4-dimethylpent-2-ene",DTXSID201015935,690-08-4,C/C=C/C(C)(C)C,191df3c230446429,1
"2,4-dimethylpent-2-ene",DTXSID70211545,625-65-0,CC(C)=CC(C)C,cf08e625e12f7942,1
"(+/-)-trans-1,3-dimethylcyclohexane",DTXSID70858737,2207-03-6,C[C@@H]1CCC[C@@H](C)C1,70d831b5ba84d119,1
"(z)-4,4-dimethylpent-2-ene",DTXSID30896837,762-63-0,C/C=C\C(C)(C)C,077ce88b6870daa0,2
"1,trans-2-dimethylcyclohexane",DTXSID30858753,6876-23-9,C[C@@H]1CCCC[C@H]1C,deb8546828036466,2
"cyclopentane, 1,3-dimethyl-, (1r,3s)-rel-",DTXSID50883860,2532-58-3,C[C@@H]1CC[C@H](C)C1,90dbd2e749e6b2dd,1
1-methylbicyclo[3.1.0]hexane,DTXSID10963531,4625-24-5,CC12CCCC1C2,d1a22cdc99d7ad59,4
"propane, 2-methyl-2-(methylthio)-",DTXSID20210644,6163-64-0,CSC(C)(C)C,4e0fa22bf0f19de8,1
"2,2-dimethylpropanethiol",DTXSID90168426,1679-08-9,CC(C)(C)CS,8cd9c50a923f70c0,1
(z)-3-methyl-3-hexene,DTXSID20880765,4914-89-0,CC/C=C(/C)CC,962e3d65cc7d971f,4
phosphorous chloride difluoride,DTXSID50931835,14335-40-1,FP(F)Cl,968b832d45adc9be,1
"propane, 1-(methylthio)-",DTXSID9073969,3877-15-4,CCCSC,d7b4e6cb2690ad30,8
"propane, 2-ethoxy-",DTXSID5060805,625-54-7,CCOC(C)C,cf8d4633a0ec23e8,7
(3e)-3-methyl-3-hexene,DTXSID80873234,3899-36-3,CC/C=C(\C)CC,d892cbd472b7b405,6
dicyclopropylketone,DTXSID70149910,1121-37-5,O=C(C1CC1)C1CC1,6e9f85b5648d2027,2
"(z)-1,2-dimethylcyclohexane",DTXSID80858743,2207-01-4,C[C@@H]1CCCC[C@@H]1C,48d0322bf78809ed,2
"propane, 1-ethoxy-",DTXSID5075286,628-32-0,CCCOCC,df632d4ec70b6b8c,11
"(e)-2,2-dimethyl 3-hexene",DTXSID40896843,690-93-7,CC/C=C/C(C)(C)C,ec58ef11695b3232,3
2-ethyl-3-methylbut-1-ene,DTXSID40223771,7357-93-9,C=C(CC)C(C)C,fa3ba1effe346e0f,10
methyl n-butyl ether,DTXSID5074559,628-28-4,CCCCOC,020e4c541a2cb410,14
"3-pentanone, 2,2-dimethyl-",DTXSID10204971,564-04-5,CCC(=O)C(C)(C)C,99ffccd0f392d8e2,4
"3-hexene, 2,2-dimethyl-, (z)-",DTXSID50880935,690-92-6,CC/C=C\C(C)(C)C,eed89ae55ea5cee1,5
"2-butanethiol, 3-methyl-",DTXSID40862826,2084-18-6,CC(C)C(C)S,216dfbfbe55807e2,10
"butane, 1-(methylthio)-",DTXSID0060852,628-29-5,CCCCSC,6a6658f8037bc577,13
(2z)-heptene,DTXSID60896845,6443-92-1,C/C=C\CCCC,8e4c1b2f5e235ffd,14
phosphorous dichloride fluoride (9ci),DTXSID70166006,15597-63-4,FP(Cl)Cl,5be6e4775e08a482,1
"2-butanethiol, 2,3-dimethyl-",DTXSID10167673,1639-01-6,CC(C)C(C)(C)S,735afa3e652472d4,4
hydroxylamine,DTXSID7041043,7803-49-8,NO,670b759010630b97,1
thiocyanic acid,DTXSID7047221,463-56-9,N#CS,75d1ac5cae88fa21,1
carbamodithioic acid,DTXSID90208119,594-07-0,NC(=S)S,8554b0d01589153a,1
(3e)-3-heptene,DTXSID40873235,14686-14-7,CC/C=C/CCC,0b6a9b3c35bac3d4,15
methoxyamine,DTXSID8043862,67-62-9,CON,1bc43d851d28ada0,1
guanidine,DTXSID0023117,113-00-8,N=C(N)N,677c066fba4ac89a,1
n-isopropylpropylamine,DTXSID20176377,21968-17-2,CCCNC(C)C,ae0898d1c4c91cd6,13
glyoxylic acid,DTXSID5021594,298-12-4,O=CC(=O)O,572583fb7630cd65,2
dichloroacetic acid,DTXSID2020428,79-43-6,O=C(O)C(Cl)Cl,81114998f67b5a38,3
oxalic acid,DTXSID0025816,144-62-7,O=C(O)C(=O)O,47ea78e8319d1e93,3
"1h-1,2,3-triazole",DTXSID30870495,288-36-8,c1cn[nH]n1,4ed6ae53e039cd44,1
"1h-1,2,4-triazole",DTXSID6027131,288-88-0,c1nc[nH]n1,f759005c44a05670,1
aminoacetonitrile,DTXSID90202314,540-61-4,N#CCN,55bc8711de784e5f,1
iodoacetic acid,DTXSID5025445,64-69-7,O=C(O)CI,e2e63272880f677f,3
2-nitroaceticacid,DTXSID5058519,625-75-2,O=C(O)C[N+](=O)[O-],6f9d33d05ad393ce,2
ethanethioic acid,DTXSID5060142,507-09-5,CC(O)=S,9aa0459cbb82d78f,1
acetohydroxamic acid,DTXSID7022546,546-88-3,CC(=O)NO,d0d12a1e44dae896,1
thioglycolic acid,DTXSID8026141,68-11-1,O=C(O)CS,9ebd3cd4e8e84690,1
glycolic acid,DTXSID0025363,79-14-1,O=C(O)CO,360d1d6680290dc8,2
dimethylarsinic acid,DTXSID7020508,75-60-5,C[As](C)(=O)O,73adf7347d0acbd5,1
2-mercaptoethanol,DTXSID4026343,60-24-2,OCCS,28e86f6ab4b4a2d3,4
imidodicarbonimidic diamide,DTXSID7074664,56-03-1,N=C(N)NC(=N)N,e60517284c1790bb,3
2-propynoic acid,DTXSID6060050,471-25-0,C#CC(=O)O,c99179acbdbd4128,1
cyanoacetic acid,DTXSID0027149,372-09-8,N#CCC(=O)O,50dc629ebfc2ddcd,1
2-aminothiazole,DTXSID5024508,96-50-4,Nc1nccs1,7de06b0eac609caf,1
cyanuric acid,DTXSID7024873,108-80-5,Oc1nc(O)nc(O)n1,c05da8720d6a9936,2
pyruvic acid,DTXSID2021650,127-17-3,CC(=O)C(=O)O,4dea1fba376a1d73,3
propanedioic acid,DTXSID7021659,141-82-2,O=C(O)CC(=O)O,4a90b3b1b049e2f9,3
,,,CCC/N=N/CCC,94e0dde06775be87,13
tartronic acid,DTXSID6075358,80-69-3,O=C(O)C(O)C(=O)O,85e661468d294975,4
2-chloropropanoic acid,DTXSID0021545,598-78-7,CC(Cl)C(=O)O,d412ffb7f801ca4d,2
"propanoic acid, 3-bromo-",DTXSID9060443,590-92-1,O=C(O)CCBr,5363baf6fe92024a,5
etidronic acid,DTXSID6023028,2809-21-4,CC(O)(P(=O)(O)O)P(=O)(O)O,ab34aed5df0077b7,3
melamine,DTXSID6020802,108-78-1,Nc1nc(N)nc(N)n1,62f388e9bd24e126,1
1-((1-methylethyl)thio)propane,DTXSID10198200,5008-73-1,CCCSC(C)C,00e4254ce916bb86,15
3-chloropropanoic acid,DTXSID5021546,107-94-8,O=C(O)CCCl,5ab7e9162948d335,5
azetidine,DTXSID8060117,503-29-7,C1CNC1,e1f5ec60869cca83,1
aminopropionitrile,DTXSID6048418,151-18-8,N#CCCN,c42f2bac4a8dbbbf,5
3-hydroxypropionic acid,DTXSID50198305,503-66-2,O=C(O)CCO,614d465d04923a75,2
2-methylhexan-2-ol,DTXSID30870713,625-23-0,CCCCC(C)(C)O,19832e64d9878557,15
(methylthio)acetic acid,DTXSID10179195,2444-37-3,CSCC(=O)O,2aa5cf8fee87c9e0,4
l-​alanine,DTXSID20873899,56-41-7,C[C@H](N)C(=O)O,170bbd0ba7d4d06d,3
"n,n-dimethyl-methanamine-n-oxide",DTXSID8049678,1184-78-7,C[N+](C)(C)[O-],6d3c51d9d4774674,1
n-methylglycine,DTXSID1047025,107-97-1,CNCC(=O)O,9fb32d44234304dc,4
flucytosine,DTXSID3023059,2022-85-7,Nc1nc(=O)[nH]cc1F,a83764b48b20748a,1
"pentane, 1-(methylthio)-",DTXSID00169762,1741-83-9,CCCCCSC,4b95e27404238a98,19
beta-alanine,DTXSID0030823,107-95-9,NCCC(=O)O,1f0a800999c3df57,6
barbituric acid,DTXSID8020129,67-52-7,O=C1CC(=O)NC(=O)N1,a48aa28e6a2c44d6,1
"hexane, 1-methoxy-",DTXSID3063594,4747-07-3,CCCCCCOC,f33b46ff9c4e5605,19
2-pyrimidinamine,DTXSID70870459,109-12-6,Nc1ncccn1,65f5334ea09ca23f,1
glyceric acid,DTXSID80861979,473-81-4,O=C(O)C(O)CO,a0885e8a6ae1af99,8
4-aminopyrimidine,DTXSID10207841,591-54-8,Nc1ccncn1,0279c3b795945877,1
n-(aminoiminomethyl)glycine,DTXSID50861885,352-97-6,N=C(N)NCC(=O)O,9fec56141b629c15,4
1-methylimidazole,DTXSID6052291,616-47-7,Cn1ccnc1,02a3ccdc631ec0ee,1
6-azathymine,DTXSID70239325,932-53-6,Cc1n[nH]c(=O)[nH]c1=O,43f784c019794821,1
fumaric acid,DTXSID3021518,110-17-8,O=C(O)/C=C/C(=O)O,a8df28c09f1c5054,3
"ether, ethyl pentyl",DTXSID90170822,17952-11-3,CCCCCOCC,bec0e7b1cdfe4457,20
2-methoxyethylamine,DTXSID1021908,109-85-3,COCCN,7a8bae417292c101,9
1-(ethylsulfanyl)butane,DTXSID80862340,638-46-0,CCCCSCC,9e89452161859ee9,19
l-cysteine,DTXSID8022876,52-90-4,N[C@@H](CS)C(=O)O,54b630c828c7c064,9
acetoacetic acid,DTXSID00202441,541-50-4,CC(=O)CC(=O)O,aa29b18ea731eca2,4
2-oxobutyric acid,DTXSID9060524,600-18-0,CCC(=O)C(=O)O,2be7e5f0ebd3a8ef,6
methylmalonic acid,DTXSID00199549,516-05-2,CC(C(=O)O)C(=O)O,283a34754548e806,6
2-oxobutanedioic acid,DTXSID8021646,328-42-7,O=C(O)CC(=O)C(=O)O,33972a09b9085031,8
l-tartaric acid,DTXSID8023632,87-69-4,O=C(O)[C@H](O)[C@@H](O)C(=O)O,bc4741a5b7083bcc,4
allantoin,DTXSID3020043,97-59-6,NC(=O)NC1NC(=O)NC1=O,1ce8a77ab475d027,6
meso-tartaric acid,DTXSID60883336,147-73-9,O=C(O)[C@@H](O)[C@@H](O)C(=O)O,84019d9bb1c561b7,6
"2,4,6-pyrimidinetriamine",DTXSID3061394,1004-38-2,Nc1cc(N)nc(N)n1,2828064c35c649c0,1
aceturic acid,DTXSID2043793,543-24-8,CC(=O)NCC(=O)O,99b96408f3e0de5f,4
"butane, 1-propoxy-",DTXSID60184754,3073-92-5,CCCCOCCC,deca266905db10a3,24
creatinine,DTXSID8045987,60-27-5,CN1CC(=O)NC1=N,024bff0bfac908e9,2
"butanoic acid, 3-chloro-",DTXSID90883783,1951-12-8,CC(Cl)CC(=O)O,cbd7cc102a545dcb,9
2-chlorobutanoic acid,DTXSID70961912,4170-24-5,CCC(Cl)C(=O)O,826682af0e870845,10
malic acid,DTXSID0027640,6915-15-7,O=C(O)CC(O)C(=O)O,9b33c002b67f4260,11
dihydroxytartaric acid,DTXSID10226895,76-30-2,O=C(O)C(O)(O)C(O)(O)C(=O)O,2ee5e65ee26c7008,5
2-methylalanine,DTXSID0058772,62-57-7,CC(C)(N)C(=O)O,6d5d5a58c2ab8bc9,3
l-aspartic acid,DTXSID7022621,56-84-8,N[C@@H](CC(=O)O)C(=O)O,7d527204fda62b5d,8
2-chloropyridine,DTXSID8024810,109-09-1,Clc1ccccn1,0917749fcd49f101,1
4-chlorobutyric acid,DTXSID8060828,627-00-9,O=C(O)CCCCl,87564eedd293ab63,14
l-homoserine,DTXSID5075159,672-15-1,N[C@@H](CCO)C(=O)O,2f34c13b76ea2268,3
3-chloropyridine,DTXSID3052309,626-60-8,Clc1cccnc1,41ddbfaa16815b38,1
"pyridine, 2-fluoro-",DTXSID70190689,372-48-5,Fc1ccccn1,a4b269ec6822d422,1
iminodiacetic acid,DTXSID2027098,142-73-4,O=C(O)CNCC(=O)O,0bcca516b12542ee,10
"pyridine, 4-nitro-",DTXSID2074453,1122-61-8,O=[N+]([O-])c1ccncc1,7cb8e8c84893334c,1
purine,DTXSID5074470,120-73-0,c1ncc2nc[nH]c2n1,65343bdcbcf023dc,1
hypoxanthine,DTXSID8045983,68-94-0,O=c1nc[nH]c2nc[nH]c12,a2d23408430e45a5,1
allopurinol,DTXSID4022573,315-30-0,O=c1nc[nH]c2[nH]ncc12,a64300d158ebebef,1
6-mercaptopurine,DTXSID0020810,50-44-2,S=c1[nH]cnc2[nH]cnc12,3e26ff278a5a2334,1
uric acid,DTXSID3042508,69-93-2,O=c1[nH]c(=O)c2[nH]c(=O)[nH]c2[nH]1,0917e7d6cf49dfd2,1
l-asparagine,DTXSID10883220,70-47-3,NC(=O)C[C@H](N)C(=O)O,f6cd2d76fedb63a0,8
2-thiophenecarboxylic acid,DTXSID2060177,527-72-0,O=C(O)c1cccs1,85f6b2a5dec62985,2
3-thiophenecarboxylic acid,DTXSID40236745,88-13-1,O=C(O)c1ccsc1,55f409a76d18a781,2
2-furancarboxylic acid,DTXSID6041420,88-14-2,O=C(O)c1ccco1,30c104532dfc2a6f,2
2(1h)-pyridinone,DTXSID2051716,142-08-5,O=c1cccc[nH]1,20ff12f3afe214ba,1
3-furoic acid,DTXSID50197611,488-93-7,O=C(O)c1ccoc1,49dfcd5e5b6eadd9,2
3-pyridinol,DTXSID1051563,109-00-2,Oc1cccnc1,a5e16037c9fb476f,1
"pyridine, 1-oxide",DTXSID3061007,694-59-7,[O-][n+]1ccccc1,910f4d1b739b1f88,1
2-methylpyrazine,DTXSID4047620,109-08-0,Cc1cnccn1,6a6ee60f3bd9bb19,1
adenine,DTXSID6022557,73-24-5,Nc1ncnc2[nH]cnc12,0e13d1443ed03db1,1
pyrazinamide,DTXSID9021215,98-96-4,NC(=O)c1cnccn1,e10a9572e5ca33e5,1
thymine,DTXSID4052342,65-71-4,Cc1c[nH]c(=O)[nH]c1=O,24af2b9dc3358a71,1
2-pyrrolecarboxylic acid,DTXSID50212813,634-97-9,O=C(O)c1ccc[nH]1,8bc5c6f31389a111,2
ethoxyacetic acid,DTXSID7031294,627-03-2,CCOCC(=O)O,699689410084e052,14
dimethadione,DTXSID2020478,695-53-4,CC1(C)OC(=O)NC1=O,f26b9be953a6e833,1
4-hydroxybutyric acid,DTXSID2074740,591-81-1,O=C(O)CCCO,684efeaa87ac736d,15
creatine,DTXSID1040451,57-00-1,CN(CC(=O)O)C(=N)N,fbfc4b74f37c5493,10
trans-3-pentenoic acid,DTXSID20902436,NOCAS_902436,C/C=C/CC(=O)O,4517b1e8960fec32,3
putrescine,DTXSID4041107,110-60-1,NCCCCN,a16d395dfed4136b,14
"2,4-diaminobutyric acid",DTXSID80862749,305-62-4,NCCC(N)C(=O)O,b41fd1978d47b90d,12
dimethylmalonic acid,DTXSID5060489,595-46-0,CC(C)(C(=O)O)C(=O)O,34272f6f8d533fa5,5
"(2s,4s,5r)-oxane-2,4,5-triol",DTXSID00331583,36792-85-5,O[C@@H]1C[C@H](O)[C@H](O)CO1,c5ae678d18ac150f,1
l-proline,DTXSID5044021,147-85-3,O=C(O)[C@@H]1CCCN1,a5428b2907a3649d,4
erythritol,DTXSID6043919,149-32-6,OC[C@@H](O)[C@@H](O)CO,89589447de512349,16
4-methylmorpholine,DTXSID9029146,109-02-4,CN1CCOCC1,4ed07f53f2266e64,2
l-glutamic acid,DTXSID5020659,56-86-0,N[C@@H](CCC(=O)O)C(=O)O,0590f207f4458260,5
azaserine,DTXSID9020118,115-02-6,[N-]=[N+]=CC(=O)OC[C@H](N)C(=O)O,f2bf8a6926da8d3e,5
betaine,DTXSID8022666,107-43-7,C[N+](C)(C)CC(=O)[O-],fdffb1e1289edb83,1
l-valine,DTXSID40883233,72-18-4,CC(C)[C@H](N)C(=O)O,e7fe6886b0f8c9b7,8
alpha-ketoglutaric acid,DTXSID5033179,328-50-7,O=C(O)CCC(=O)C(=O)O,1b9db22e1bb581f2,13
tetramethylurea,DTXSID1060893,632-22-4,CN(C)C(=O)N(C)C,6caae5dba7dfe51b,2
"glycine, n-propyl-",DTXSID90328826,25303-14-4,CCCNCC(=O)O,55b41769e3b50d61,6
"2,2-dimethyl-1-propylamine",DTXSID4022232,5813-64-9,CC(C)(C)CN,0be466682e529b68,1
pteridine,DTXSID60238347,91-18-9,c1cnc2ncncc2n1,5f5e8cfad6646cb0,1
"3,5-dibromoaniline",DTXSID40278120,626-40-4,Nc1cc(Br)cc(Br)c1,44248fdd024f1b17,1
l-norvaline,DTXSID701018015,6600-40-4,CCC[C@H](N)C(=O)O,9072fd2b19c28fe5,10
2-iodophenol,DTXSID5052175,533-58-4,Oc1ccccc1I,e7df89756745ed50,2
l-ribose,DTXSID80947085,24259-59-4,O=C[C@@H](O)[C@@H](O)[C@@H](O)CO,72b664faf1c75a7a,9
methylsuccinic acid,DTXSID9025663,498-21-5,CC(CC(=O)O)C(=O)O,ec3272d573dc1fee,17
4-iodophenol,DTXSID4052186,540-38-5,Oc1ccc(I)cc1,11cbc3ad71af171a,1
2-pyridinecarboxaldehyde,DTXSID1061522,1121-60-4,O=Cc1ccccn1,10953756ed130e89,1
3-iodophenol,DTXSID3052305,626-02-8,Oc1cccc(I)c1,3ce173a998de2472,2
"1,2,3-benzotriazole",DTXSID6020147,95-14-7,c1ccc2[nH]nnc2c1,a2b9cf9448e817bd,1
m-bromoaniline,DTXSID4060448,591-19-5,Nc1cccc(Br)c1,9d9676493c77d715,1
2-amino-4-hydroxypteridine,DTXSID40176894,2236-60-4,Nc1nc(=O)c2nccnc2[nH]1,146512aaa221e098,1
4-bromoaniline,DTXSID7021867,106-40-1,Nc1ccc(Br)cc1,f4f4c753a0935864,1
xanthopterin,DTXSID70152282,119-44-8,Nc1nc(=O)c2[nH]c(=O)cnc2[nH]1,47f773627f3e6ad0,1
o-fluoroaniline,DTXSID8059843,348-54-9,Nc1ccccc1F,cb4e6205a19d1af8,1
4-fluoroaniline,DTXSID9022027,371-40-4,Nc1ccc(F)cc1,16b6d6b7d8823237,1
o-iodoaniline,DTXSID5060649,615-43-0,Nc1ccccc1I,e012147aff9f6c07,1
m-iodoaniline,DTXSID4060812,626-01-7,Nc1cccc(I)c1,169c392eca51f9fc,1
"benzenamine, 4-iodo-",DTXSID9060239,540-37-4,Nc1ccc(I)cc1,c4336bec36cd992d,1
benzenesulfonic acid,DTXSID9024568,98-11-3,O=S(=O)(O)c1ccccc1,6e96fc9d6065c2c0,1
l-methionine,DTXSID5040548,63-68-3,CSCC[C@H](N)C(=O)O,4cdf767933694c6d,5
3-pentanamine,DTXSID8060662,616-24-0,CCC(N)CC,0930b0fa81401af8,8
benzenesulfinic acid,DTXSID90210797,618-41-7,O=S(O)c1ccccc1,a84f4f0aa9c85214,2
l-glutamine,DTXSID1023100,56-85-9,NC(=O)CC[C@H](N)C(=O)O,9493b4adbdd98937,14
2-methoxypyridine,DTXSID60862722,1628-89-3,COc1ccccn1,3a6018e31e022831,1
3-aminophenol,DTXSID3024497,591-27-5,Nc1cccc(O)c1,1a544dfc493dd34e,1
2-aminophenol,DTXSID8024498,95-55-6,Nc1ccccc1O,927b7321fd532feb,2
4-methoxypyridine,DTXSID10211029,620-08-6,COc1ccncc1,e18392c62a4851c3,1
3-methoxypyridine,DTXSID60223238,7295-76-3,COc1cccnc1,23e5e1ad6283f77d,2
"boronic acid, phenyl-",DTXSID9059179,98-80-6,OB(O)c1ccccc1,036e0d2e3cbf97f3,2
4-hydroxyphenylsulfonic acid,DTXSID1046421,98-67-9,O=S(=O)(O)c1ccc(O)cc1,5cce4120f0c1eec5,3
3-methyl-1-butanamine,DTXSID7059355,107-85-7,CC(C)CCN,992d4c406016e228,11
kojic acid,DTXSID2040236,501-30-4,O=c1cc(CO)occ1O,1701b4b01c3b5d11,4
"2,2-dimethyl-1,3-dioxane-4,6-dione",DTXSID7051846,2033-24-1,CC1(C)OC(=O)CC(=O)O1,cd1c2187b40ed3f2,1
orthanilic acid,DTXSID1024463,88-21-1,Nc1ccccc1S(=O)(=O)O,7550b7d55611f8fe,2
4-aminobenzenesulfonic acid,DTXSID6024464,121-57-3,Nc1ccc(S(=O)(=O)O)cc1,b41113a231bcf44d,2
"1,3-cyclohexanedione",DTXSID1044433,504-02-9,O=C1CCCC(=O)C1,55b89ea8d79beb93,2
m-phenolsulfonic acid,DTXSID8060406,585-38-6,O=S(=O)(O)c1cccc(O)c1,8cfb4259db3b0f1f,5
3-aminobenzenesulfonic acid,DTXSID6024462,121-47-1,Nc1cccc(S(=O)(=O)O)c1,17c760ce4ae22a4d,4
"2,4-hexadienoic acid",DTXSID20859193,22500-92-1,CC=CC=CC(=O)O,ef8d15d369d1ecde,5
l-ornithine,DTXSID00883219,70-26-8,NCCC[C@H](N)C(=O)O,a9e33aee56b640c5,11
5-aminovaleric acid,DTXSID70216212,660-88-8,NCCCCC(=O)O,9a1fdcfdfc303b4c,18
trans-aconitic acid,DTXSID1048706,4023-65-8,O=C(O)/C=C(\CC(=O)O)C(=O)O,cad2eef0438398de,8
l-histidine,DTXSID9023126,71-00-1,N[C@@H](Cc1cnc[nH]1)C(=O)O,741866c0143a8191,5
2-piperidinecarboxylic acid,DTXSID40862144,535-75-1,O=C(O)C1CCCCN1,9053d012e31c4f74,7
alpha-d-glucopyranose,DTXSID30197710,492-62-6,OC[C@H]1O[C@H](O)[C@H](O)[C@@H](O)[C@@H]1O,3f10cd6b78c7b474,5
nitrilotriacetic acid,DTXSID6020939,139-13-9,O=C(O)CN(CC(=O)O)CC(=O)O,e70f3864605afcec,6
citric acid,DTXSID3020332,77-92-9,O=C(O)CC(O)(CC(=O)O)C(=O)O,5bada154fb68bf30,9
glycyl-glycyl-glycine,DTXSID80204140,556-33-2,NCC(=O)NCC(=O)NCC(=O)O,90d8b0d95c43178d,6
d-mannose,DTXSID5040463,3458-28-4,O=C[C@@H](O)[C@@H](O)[C@H](O)[C@H](O)CO,0731df0019587864,6
"cis-1,2-cyclohexanediamine",DTXSID501311027,1436-59-5,N[C@@H]1CCCC[C@@H]1N,539e432f3f5f1d39,2
"trans-1,2-diaminocyclohexane",DTXSID60883654,1121-22-8,N[C@@H]1CCCC[C@H]1N,d9e0daccc2cf4559,2
"n,n-(2-dihydroxyethyl)glycine",DTXSID3041669,150-25-4,O=C(O)CN(CCO)CCO,4f37abdadaec2099,3
bromoxynil,DTXSID3022162,1689-84-5,N#Cc1cc(Br)c(O)c(Br)c1,403e86e825070858,1
l-cystine,DTXSID2046418,56-89-3,N[C@@H](CSSC[C@H](N)C(=O)O)C(=O)O,063a522b5f8e1314,3
pentafluorobenzoic acid,DTXSID4060527,602-94-8,O=C(O)c1c(F)c(F)c(F)c(F)c1F,fb716cb5ecc371eb,2
isocitric acid,DTXSID10415742,6061-97-8,O=C(O)C[C@H](C(=O)O)[C@@H](O)C(=O)O,a2e0654ccc9beb31,12
hexamethyldisilazane,DTXSID2025395,999-97-3,C[Si](C)(C)N[Si](C)(C)C,6c079d94d34d77c9,2
4-chlorobenzoic acid,DTXSID9024772,74-11-3,O=C(O)c1ccc(Cl)cc1,5e6ed7b08bbf4ae4,1
"2,4,6-trinitrobenzoic acid",DTXSID70861781,129-66-8,O=C(O)c1c([N+](=O)[O-])cc([N+](=O)[O-])cc1[N+](=O)[O-],f99cfc567c138567,1
3-chlorobenzoic acid,DTXSID9024770,535-80-8,O=C(O)c1cccc(Cl)c1,aa3e5ad469ff060b,2
citrulline,DTXSID80883373,372-75-8,NC(=O)NCCC[C@H](N)C(=O)O,54fda225ea856d13,2
l-norleucine,DTXSID70883362,327-57-1,CCCC[C@H](N)C(=O)O,66ae68e02ce8fdf3,13
"benzoic acid, 4-fluoro-",DTXSID9060023,456-22-4,O=C(O)c1ccc(F)cc1,2b6fab8bf7dd6f79,1
"benzoic acid, 2-fluoro-",DTXSID1060001,445-29-4,O=C(O)c1ccccc1F,62561b7e5c4b5069,2
"benzoic acid, 3-fluoro-",DTXSID4060020,455-38-9,O=C(O)c1cccc(F)c1,120544c2b6570684,2
"benzoic acid, 4-iodo-",DTXSID20862304,619-58-9,O=C(O)c1ccc(I)cc1,bb9e68d88423d14a,1
2-hydroxybenzonitrile,DTXSID3041661,611-20-1,N#Cc1ccccc1O,8aa4d5fca1e8cf0e,1
"benzoic acid, 2,4-dinitro-",DTXSID3060584,610-30-0,O=C(O)c1ccc([N+](=O)[O-])cc1[N+](=O)[O-],60bc35aa1c573ba2,2
"benzoic acid, 3-iodo-",DTXSID6060682,618-51-9,O=C(O)c1cccc(I)c1,c2adb94576d4b91a,2
m-hydroxybenzonitrile,DTXSID10236272,873-62-1,N#Cc1cccc(O)c1,8802885d831f6eb1,1
4-hydroxybenzonitrile,DTXSID9052509,767-00-0,N#Cc1ccc(O)cc1,c814e7b2d8f17cda,1
3-methylglutaric acid,DTXSID50211649,626-51-7,CC(CC(=O)O)CC(=O)O,1df5b515e9947225,19
saccharin,DTXSID5021251,81-07-2,O=C1NS(=O)(=O)c2ccccc21,b7938de9e732273e,1
"benzoic acid, 2-iodo-",DTXSID6058976,88-67-5,O=C(O)c1ccccc1I,4090da760092e512,4
triclopyr,DTXSID0032497,55335-06-3,O=C(O)COc1nc(Cl)c(Cl)cc1Cl,dbe8d50ccc5584e7,4
4-(trifluoromethyl)aniline,DTXSID5060013,455-14-1,Nc1ccc(C(F)(F)F)cc1,809123a7356193ae,1
"2,6-pyridinedicarboxylic acid",DTXSID7022043,499-83-2,O=C(O)c1cccc(C(=O)O)n1,3838ff43b7161bed,2
"benzonitrile, 4-amino-",DTXSID0061240,873-74-5,N#Cc1ccc(N)cc1,c12154a382709bc1,1
gamma-carboxyglutamic acid,DTXSID301314132,53861-57-7,N[C@@H](CC(C(=O)O)C(=O)O)C(=O)O,5283a2062622488b,14
"pyridine-3,5-dicarboxylic acid",DTXSID10198149,499-81-0,O=C(O)c1cncc(C(=O)O)c1,deb95f17d4f74d19,3
"2,4-pyridinedicarboxylic acid",DTXSID9060104,499-80-9,O=C(O)c1ccnc(C(=O)O)c1,84b70e40380cff4d,4
"2,4-dihydroxybenzoic acid",DTXSID0025074,89-86-1,O=C(O)c1ccc(O)cc1O,d805f0b0cd74aa9c,2
quinolinic acid,DTXSID8041327,89-00-9,O=C(O)c1cccnc1C(=O)O,9ac75e2741e6fe1e,4
"benzoic acid, 2,4,6-trihydroxy-",DTXSID1058890,83-30-7,O=C(O)c1c(O)cc(O)cc1O,8b207d40c6100a44,2
gallic acid,DTXSID0020650,149-91-7,O=C(O)c1cc(O)c(O)c(O)c1,88e45eab778ed055,2
4-(methylthio)phenol,DTXSID3051547,1073-72-9,CSc1ccc(O)cc1,a2b9da3de5a93a0e,2
2-(methylthio)aniline,DTXSID80183986,2987-53-3,CSc1ccccc1N,7a776a8f41b27742,2
"3,5-dihydroxybenzoic acid",DTXSID8059184,99-10-5,O=C(O)c1cc(O)cc(O)c1,eb94285ad86281c2,4
4-cyanobenzoic acid,DTXSID9041659,619-65-8,N#Cc1ccc(C(=O)O)cc1,e376d139d2db68f4,1
cinnoline,DTXSID60179943,253-66-7,c1ccc2nnccc2c1,ba0f2a4946157287,1
l-arginine,DTXSID6041056,74-79-3,N=C(N)NCCC[C@H](N)C(=O)O,be36d427a3972d71,6
3-cyanobenzoic acid,DTXSID00172074,1877-72-1,N#Cc1cccc(C(=O)O)c1,c9dd28964231b500,2
"piperidine, 1-ethyl-",DTXSID1061102,766-09-6,CCN1CCCCC1,25916efc749be315,3
4-carboxybenzaldehyde,DTXSID3027249,619-66-9,O=Cc1ccc(C(=O)O)cc1,2d506c934becf0ec,2
chlorothiazide,DTXSID0022800,58-94-6,NS(=O)(=O)c1cc2c(cc1Cl)N=CNS2(=O)=O,d7f429dbae6bc905,4
methyl alpha-d-glucopyranoside,DTXSID7026605,97-30-3,CO[C@H]1O[C@H](CO)[C@@H](O)[C@H](O)[C@H]1O,bc3a20365c7fde08,1
p-chlorophenylacetic acid,DTXSID7062031,1878-66-6,O=C(O)Cc1ccc(Cl)cc1,e9323056730113d6,1
"benzoic acid, 3-formyl-",DTXSID0060696,619-21-6,O=Cc1cccc(C(=O)O)c1,ac277880f0b6eabd,4
terephthalic acid,DTXSID6026080,100-21-0,O=C(O)c1ccc(C(=O)O)cc1,c3ab7f8f001ee90a,2
"1,3-benzenedicarboxylic acid",DTXSID3021485,121-91-5,O=C(O)c1cccc(C(=O)O)c1,84ffe6cb7916fa48,3
3-chlorophenylacetic acid,DTXSID5075151,1878-65-5,O=C(O)Cc1cccc(Cl)c1,c72323f8ddd486e0,2
l-​lysine,DTXSID6023232,56-87-1,NCCCC[C@H](N)C(=O)O,f1f564453693b4fb,15
4-nitrophenylacetic acid,DTXSID6059289,104-03-0,O=C(O)Cc1ccc([N+](=O)[O-])cc1,8172a052f21df3e6,1
"1h-benzimidazole, 2-methyl-",DTXSID5060641,615-15-6,Cc1nc2ccccc2[nH]1,ad8e59db483f7ca1,1
"acetic acid, (m-nitrophenyl)-",DTXSID60172075,1877-73-2,O=C(O)Cc1cccc([N+](=O)[O-])c1,30a0d220350cee7c,2
"benzoic acid, 2-(methylamino)-",DTXSID6059491,119-68-6,CNc1ccccc1C(=O)O,6e3e8ceb0afb88cc,1
4-hydroxyacetophenone,DTXSID0029133,99-93-4,CC(=O)c1ccc(O)cc1,a3d654982df601fc,2
"n,n-dimethyl-3-chloroaniline",DTXSID8064488,6848-13-1,CN(C)c1cccc(Cl)c1,c5f78ad13ae3ab08,1
hydrochlorothiazide,DTXSID2020713,58-93-5,NS(=O)(=O)c1cc2c(cc1Cl)NCNS2(=O)=O,1bd057312a12d538,6
"benzoic acid, 4-(methylamino)-",DTXSID8065117,10541-83-0,CNc1ccc(C(=O)O)cc1,88a859b90062dd34,2
2-nitrophenylacetic acid,DTXSID0063157,3740-52-1,O=C(O)Cc1ccccc1[N+](=O)[O-],b58b4a15b95e1bdc,4
"benzenamine, 4-chloro-n,n-dimethyl-",DTXSID50220099,698-69-1,CN(C)c1ccc(Cl)cc1,9cbc48af3e847b48,1
3-(methylamino)benzoic acid,DTXSID10300806,51524-84-6,CNc1cccc(C(=O)O)c1,185a5520b62562b5,4
2-chlorophenoxyacetic acid,DTXSID00210324,614-61-9,O=C(O)COc1ccccc1Cl,251b7871d3544922,6
2-ethoxyaniline,DTXSID5025863,94-70-2,CCOc1ccccc1N,16cdf998e29a27db,3
n-phenylglycine,DTXSID2047016,103-01-5,O=C(O)CNc1ccccc1,01984602dfb649fc,6
"5,5-dimethyl-1,3-cyclohexanedione",DTXSID8021987,126-81-8,CC1(C)CC(=O)CC(=O)C1,64ca3bf6f166ba0b,1
3-chlorophenoxyacetic acid,DTXSID90207526,588-32-9,O=C(O)COc1cccc(Cl)c1,1cc0d56560a6796b,10
2-aminoheptane,DTXSID6048468,123-82-0,CCCCCC(C)N,e7b8d994b13a8f81,15
3-ethoxyaniline,DTXSID0025862,621-33-0,CCOc1cccc(N)c1,9953dc7d576586c9,6
heptanedioic acid,DTXSID5021598,111-16-0,O=C(O)CCCCCC(=O)O,477eb0090bea3022,17
tropine,DTXSID2049399,120-29-6,CN1[C@@H]2CC[C@H]1C[C@@H](O)C2,febf924b9a1b7aa8,4
tyramine,DTXSID2043874,51-67-2,NCCc1ccc(O)cc1,8487c2006e826969,12
metyridine,DTXSID5057624,114-91-0,COCCc1ccccn1,95ffcb089462f30e,12
"quinoline, 3-bromo-",DTXSID0063787,5332-24-1,Brc1cnc2ccccc2c1,77960f7b39e44f33,1
2-butylpropanedioic acid,DTXSID10870594,534-59-8,CCCCC(C(=O)O)C(=O)O,7de91990ad5a3eca,20
"2,2,4-trimethylpiperidine",DTXSID40615950,101257-71-0,CC1CCNC(C)(C)C1,2985e2fad9793a7f,2
7-isoquinolinol,DTXSID90901678,7651-83-4,Oc1ccc2ccncc2c1,68ae5f43d6c8e6d7,1
3-aminoquinoline,DTXSID8060379,580-17-6,Nc1cnc2ccccc2c1,032d2c1efba200dd,1
6-hydroxyquinoline,DTXSID40206726,580-16-5,Oc1ccc2ncccc2c1,1de8d7e7bf75b81f,2
d-coniine,DTXSID8041795,458-88-8,CCC[C@H]1CCCCN1,259de87857a42373,4
2-ethylbenzimidazole,DTXSID60171664,1848-84-6,CCc1nc2ccccc2[nH]1,a69a5a5872efe93a,2
"benzenepropanoic acid, 4-chloro-",DTXSID90174022,2019-34-3,O=C(O)CCc1ccc(Cl)cc1,62479b3b745968ca,5
"benzenepropanoic acid, 4-nitro-",DTXSID90168103,16642-79-8,O=C(O)CCc1ccc([N+](=O)[O-])cc1,63c4d0dac0332773,5
"3,5-dimethylbenzoic acid",DTXSID4060101,499-06-9,Cc1cc(C)cc(C(=O)O)c1,43899e6bf019a537,2
(rs)-homocystine,DTXSID90861945,462-10-2,NC(CCSSCCC(N)C(=O)O)C(=O)O,9c6069117d7b59bd,3
valproic acid,DTXSID6023733,99-66-1,CCCC(CCC)C(=O)O,767ceb24d2cec96f,12
"benzoic acid, 4-(dimethylamino)-",DTXSID7060708,619-84-1,CN(C)c1ccc(C(=O)O)cc1,8157679ed67aa27a,1
hippuric acid,DTXSID9046073,495-69-2,O=C(O)CNC(=O)c1ccccc1,29d36d1ce5db5fda,7
"benzenepropanoic acid, 3-chloro-",DTXSID00176032,21640-48-2,O=C(O)CCc1cccc(Cl)c1,01be099cd8626890,9
hydrocinnamic acid,DTXSID2047064,501-52-0,O=C(O)CCc1ccccc1,750adb04822fe8ed,5
(r)-lipoic acid,DTXSID20152651,1200-22-2,O=C(O)CCCC[C@@H]1CCSS1,5cd7105f1dd37a1e,14
"piperidine, 2,2,6,6-tetramethyl-",DTXSID0061113,768-66-1,CC1(C)CCCC(C)(C)N1,ebed4f34ddc9ba5a,1
n-allylaniline,DTXSID5022065,589-09-3,C=CCNc1ccccc1,4683168257742d97,8
3-(2-nitrophenyl)propionic acid,DTXSID00173824,2001-32-3,O=C(O)CCc1ccccc1[N+](=O)[O-],ae7c7deb431a7d0a,10
"3,5-diiodo-l-tyrosine",DTXSID0048680,300-39-0,N[C@@H](Cc1cc(I)c(O)c(I)c1)C(=O)O,069a1106bb979c1a,9
"benzenepropanoic acid, 2-chloro-",DTXSID80167741,1643-28-3,O=C(O)CCc1ccccc1Cl,743f03a2488698ad,15
8-quinolinecarboxylic acid,DTXSID40235334,86-59-9,O=C(O)c1cccc2cccnc12,5c464ee4d83f58dc,4
l-tyrosine,DTXSID1023730,60-18-4,N[C@@H](Cc1ccc(O)cc1)C(=O)O,96960bc54fe79780,8
metharbital,DTXSID6023280,50-11-3,CCC1(CC)C(=O)NC(=O)N(C)C1=O,4d67180e288061af,5
t-butylaniline,DTXSID20291812,937-33-7,CC(C)(C)Nc1ccccc1,28ebe5698e23014a,1
"3,5-dibromo-l-tyrosine",DTXSID401015579,300-38-9,N[C@@H](Cc1cc(Br)c(O)c(Br)c1)C(=O)O,3f9c7696aeb72ee0,12
pempidine,DTXSID7046962,79-55-0,CN1C(C)(C)CCCC1(C)C,1b3c420e60e5929e,1
2-bornylamine,DTXSID30947530,464-42-6,CC1(C)[C@@H]2CC[C@@]1(C)[C@@H](N)C2,32aa3179ffcc7f2d,2
perimidine,DTXSID70174343,204-02-4,C1=Nc2cccc3cccc(c23)N1,5407fd108ba111af,1
levodopa,DTXSID9023209,59-92-7,N[C@@H](Cc1ccc(O)c(O)c1)C(=O)O,eeb843f3c3c0e09b,10
"n,n-diethylaniline",DTXSID8021800,91-66-7,CCN(CC)c1ccccc1,c20bba915245d69a,4
2-naphthalenecarboxylic acid,DTXSID1059078,93-09-4,O=C(O)c1ccc2ccccc2c1,b5f1f745c6d6cc18,2
cytidine,DTXSID60891552,65-46-3,Nc1ccn([C@@H]2O[C@H](CO)[C@@H](O)[C@H]2O)c(=O)n1,3c2eb431484a0386,7
(2s)-2-(3-aminopropanamido)-3-(1h-imidazol-4-yl)propanoic acid,DTXSID80879594,305-84-0,NCCC(=O)N[C@@H](Cc1cnc[nH]1)C(=O)O,6d8c52c0d2d33d8a,5
cytisine,DTXSID00883395,485-35-8,O=c1cccc2n1C[C@@H]1CNC[C@H]2C1,bfa3b6e20e0c0a68,2
"2-(1,1-dimethylethyl)benzoic acid",DTXSID50901593,1077-58-3,CC(C)(C)c1ccccc1C(=O)O,06ce8b338971b62d,4
4-tert-butylbenzoic acid,DTXSID0040703,98-73-7,CC(C)(C)c1ccc(C(=O)O)cc1,224004c839bfc368,2
tryptamine,DTXSID2075340,61-54-1,NCCc1c[nH]c2ccccc12,1f243b7a23307ccb,14
m-tert-butylbenzoic acid,DTXSID30225941,7498-54-6,CC(C)(C)c1cccc(C(=O)O)c1,515f5ebdd0ae1746,4
captopril,DTXSID1037197,62571-86-2,C[C@H](CS)C(=O)N1CCC[C@H]1C(=O)O,387ff2a19c6bcd79,12
didanosine,DTXSID6022927,69655-05-6,O=c1[nH]cnc2c1ncn2[C@H]1CC[C@@H](CO)O1,629fee4e88813f50,7
hydrastinine,DTXSID3048073,6592-85-4,CN1CCc2cc3c(cc2C1O)OCO3,cd3df42981c71e01,8
adenosine,DTXSID1022558,58-61-7,Nc1ncnc2c1ncn2[C@@H]1O[C@H](CO)[C@@H](O)[C@H]1O,275423aecaaf8bc7,7
2-phenylphenol,DTXSID2021151,90-43-7,Oc1ccccc1-c1ccccc1,a438d1ed1a1d14c5,4
"benzenamine, n,n-diethyl-2-methyl-",DTXSID6060553,606-46-2,CCN(CC)c1ccccc1C,22e95fa8e66b747b,8
glutathione,DTXSID6023101,70-18-8,N[C@@H](CCC(=O)N[C@@H](CS)C(=O)NCC(=O)O)C(=O)O,dbb8d644c03283e0,5
3-phenylphenol,DTXSID2022462,580-51-8,Oc1cccc(-c2ccccc2)c1,04189b54a4b43b61,4
3-aminobiphenyl,DTXSID2036825,2243-47-2,Nc1cccc(-c2ccccc2)c1,dfb0b46057850046,2
4-biphenylamine,DTXSID5020071,92-67-1,Nc1ccc(-c2ccccc2)cc1,c5797bd054f822a3,2
"pyridine, 2-(phenylmethyl)-",DTXSID5059240,101-82-6,c1ccc(Cc2ccccn2)cc1,6641fa7a9daa3ad4,2
tetrodotoxin,DTXSID10881342,4368-28-9,NC1=N[C@H](O)[C@H]2[C@H]3O[C@]4(O)O[C@@H](C(O)[C@@]2(N1)[C@@H]4O)[C@]3(O)CO,b2186b53bf060be3,3
iopanoic acid,DTXSID6023159,96-83-3,CCC(Cc1c(I)cc(I)c(N)c1I)C(=O)O,9ebb506708d5bd69,11
c.i. solvent yellow 1,DTXSID6024460,60-09-3,Nc1ccc(N=Nc2ccccc2)cc1,6b1870c65c82231b,3
pilocarpine,DTXSID1021162,92-13-7,CC[C@@H]1C(=O)OC[C@@H]1Cc1cncn1C,d3bf6a7805885515,9
9-aminoacridine,DTXSID2024456,90-45-9,Nc1c2ccccc2nc2ccccc12,466201aad14637e8,1
bithionol,DTXSID9021342,97-18-7,Oc1c(Cl)cc(Cl)cc1Sc1cc(Cl)cc(Cl)c1O,7428550f1eaff000,7
proflavin,DTXSID9043776,92-62-6,Nc1ccc2cc3ccc(N)cc3nc2c1,f254e896d6ce108e,1
mefluidide,DTXSID7034709,53780-34-0,CC(=O)Nc1cc(NS(=O)(=O)C(F)(F)F)c(C)cc1C,94847181043f42f9,12
amobarbital,DTXSID9020081,57-43-2,CCC1(CCC(C)C)C(=O)NC(=O)NC1=O,2d144c31e952c01e,9
"benzoic acid, 4-phenoxy-",DTXSID6062258,2215-77-2,O=C(O)c1ccc(Oc2ccccc2)cc1,1255210558d2d69e,4
"benzenamine, 4-(phenylmethyl)-",DTXSID50150423,1135-12-2,Nc1ccc(Cc2ccccc2)cc1,9d5a8f8ebea32f73,2
pentostatin,DTXSID2023436,53910-25-1,OC[C@H]1O[C@@H](n2cnc3c2NC=NC[C@H]3O)C[C@@H]1O,a6d5eb0bf339654d,8
3-phenoxybenzoic acid,DTXSID1038321,3739-38-6,O=C(O)c1cccc(Oc2ccccc2)c1,712a75752035ff35,8
"2,6-di-tert-butylpyridine",DTXSID80207217,585-48-8,CC(C)(C)c1cccc(C(C)(C)C)n1,5e59c749f3d7227d,3
iocetamic acid,DTXSID2023149,16034-77-8,CC(=O)N(CC(C)C(=O)O)c1c(I)cc(I)c(N)c1I,e00e08508655e086,6
ketamine,DTXSID8023187,6740-88-1,CNC1(c2ccccc2Cl)CCCCC1=O,35423d9d312b67fb,5
sulfacytine,DTXSID6023606,17784-12-2,CCn1ccc(NS(=O)(=O)c2ccc(N)cc2)nc1=O,d5beccb4e085370d,9
agaritine,DTXSID9020661,2757-90-6,N[C@@H](CCC(=O)NNc1ccc(CO)cc1)C(=O)O,4effd684c0b2a5ca,5
alpha-maltose,DTXSID20196313,4482-75-1,OC[C@H]1O[C@H](O[C@H]2[C@H](O)[C@@H](O)[C@@H](O)O[C@@H]2CO)[C@H](O)[C@@H](O)[C@@H]1O,655c54477880ee74,4
imazapyr,DTXSID8034665,81334-34-1,CC(C)C1(C)N=C(c2ncccc2C(=O)O)NC1=O,8b25ec0ee89be10a,10
tropacocaine,DTXSID601016911,537-26-8,CN1[C@@H]2CC[C@H]1C[C@H](OC(=O)c1ccccc1)C2,2c10aa1730598bb9,6
chlordiazepoxide,DTXSID4046022,58-25-3,CNC1=Nc2ccc(Cl)cc2C(c2ccccc2)=[N+]([O-])C1,abe83971a059d7e4,2
perfluidone,DTXSID3042267,37924-13-3,Cc1cc(S(=O)(=O)c2ccccc2)ccc1NS(=O)(=O)C(F)(F)F,5806b9e17745697c,9
methyl red,DTXSID1042154,493-52-7,CN(C)c1ccc(/N=N/c2ccccc2C(=O)O)cc1,de9c93d6406755ec,10
sparteine,DTXSID4023591,90-39-1,C1CCN2C[C@@H]3C[C@@H](CN4CCCC[C@@H]34)[C@H]2C1,234bd3da739ba991,5
levothyroxine,DTXSID8023214,51-48-9,N[C@@H](Cc1cc(I)c(Oc2cc(I)c(O)c(I)c2)c(I)c1)C(=O)O,0079496983d71e48,8
lysergic acid,DTXSID60904515,82-58-6,CN1C[C@H](C(=O)O)C=C2c3cccc4[nH]cc(c34)C[C@H]21,c0a3a1020f6b394a,7
ethacrynic acid,DTXSID3025257,58-54-8,C=C(CC)C(=O)c1ccc(OCC(=O)O)c(Cl)c1Cl,2f599fa0d3ef3896,20
physostigmine,DTXSID3023471,57-47-6,CNC(=O)Oc1ccc2c(c1)[C@]1(C)CCN(C)[C@@H]1N2C,9a9e0d1880d719e7,7
morphine,DTXSID9023336,57-27-2,CN1CC[C@]23c4c5ccc(O)c4O[C@H]2[C@@H](O)C=C[C@H]3[C@H]1C5,6e7a952ba6830cc3,3
cephalexin,DTXSID9022780,15686-71-2,CC1=C(C(=O)O)N2C(=O)[C@@H](NC(=O)[C@H](N)c3ccccc3)[C@H]2SC1,8a65f3aee1f0e0f9,7
hexadecylamine,DTXSID7025390,143-27-1,CCCCCCCCCCCCCCCCN,286830b07517c65c,6
hyoscyamine,DTXSID80889335,101-31-5,CN1[C@@H]2CC[C@H]1C[C@@H](OC(=O)[C@H](CO)c1ccccc1)C2,2ed82b0ddfe651e1,2
mycophenolic acid,DTXSID4041070,24280-93-1,COc1c(C)c2c(c(O)c1C/C=C(\C)CCC(=O)O)C(=O)OC2,61b381631733d70e,3
riboflavin,DTXSID8021777,83-88-5,Cc1cc2nc3c(=O)[nH]c(=O)nc-3n(C[C@H](O)[C@H](O)[C@H](O)CO)c2cc1C,111c9b756229d163,2
cephradine,DTXSID4022785,38821-53-3,CC1=C(C(=O)O)N2C(=O)[C@@H](NC(=O)[C@H](N)C3=CCC=CC3)[C@H]2SC1,308d32603e9e0f82,6
bromophenol blue,DTXSID6041682,115-39-9,O=S1(=O)OC(c2cc(Br)c(O)c(Br)c2)(c2cc(Br)c(O)c(Br)c2)c2ccccc21,8bd1a0d8d7f4b45c,4
imazethapyr,DTXSID3024287,81335-77-5,CCc1cnc(C2=NC(C)(C(C)C)C(=O)N2)c(C(=O)O)c1,7b5db2a4986e97e0,17
1-octadecanamine,DTXSID1025801,124-30-1,CCCCCCCCCCCCCCCCCCN,dc395bbad8c102b1,3
gibberellic acid,DTXSID0020656,77-06-5,C=C1C[C@]23C[C@@]1(O)CC[C@H]2[C@@]12C=C[C@H](O)[C@@](C)(C(=O)O1)[C@H]2[C@@H]3C(=O)O,8ec86ce2a62b9e10,3
thebaine,DTXSID7046099,115-37-7,COC1=CC=C2[C@H]3Cc4ccc(OC)c5c4[C@@]2(CCN3C)[C@H]1O5,460120d555ceda80,4
phenolphthalein,DTXSID0021125,77-09-8,O=C1OC(c2ccc(O)cc2)(c2ccc(O)cc2)c2ccccc21,18e24365dcff04bc,4
phenol red,DTXSID8022408,143-74-8,O=S1(=O)OC(c2ccc(O)cc2)(c2ccc(O)cc2)c2ccccc21,a758dce257975f7d,8
dibenzepin,DTXSID7022916,4498-32-2,CN(C)CCN1C(=O)c2ccccc2N(C)c2ccccc21,3da6743c25cbc4b0,11
ergometrine,DTXSID8046323,60-79-7,C[C@@H](CO)NC(=O)[C@@H]1C=C2c3cccc4[nH]cc(c34)C[C@H]2N(C)C1,5f919c3690280c50,3
cephaloridine,DTXSID9022782,50-59-9,O=C(Cc1cccs1)N[C@@H]1C(=O)N2C(C(=O)[O-])=C(C[n+]3ccccc3)CS[C@H]12,7128c148d6114e16,4
ergometrinine,DTXSID90893241,479-00-5,C[C@@H](CO)NC(=O)[C@H]1C=C2c3cccc4[nH]cc(c34)C[C@H]2N(C)C1,7763499e1ac30101,4
strychnine,DTXSID6023600,57-24-9,O=C1C[C@@H]2OCC=C3CN4CC[C@]56c7ccccc7N1[C@H]5[C@H]2[C@H]3C[C@H]46,588de879536f1e20,3
atisine,DTXSID50963611,466-43-3,C=C1[C@H]2CC[C@@]3(CC[C@@H]4[C@@]5(C)CCC[C@@]4(C4OCCN4C5)[C@@H]3C2)[C@@H]1O,1360558765eea8ef,2
bromcresol green,DTXSID9044459,76-60-8,Cc1c(C2(c3cc(Br)c(O)c(Br)c3C)OS(=O)(=O)c3ccccc32)cc(Br)c(O)c1Br,2da53bcd32b8ad4c,6
hydrastine,DTXSID9025409,118-08-1,COc1ccc2c(c1OC)C(=O)O[C@@H]2[C@H]1c2cc3c(cc2CCN1C)OCO3,d7d48055514a205e,5
bromcresol purple,DTXSID3059428,115-40-2,Cc1cc(C2(c3cc(C)c(O)c(Br)c3)OS(=O)(=O)c3ccccc32)cc(Br)c1O,ab427fe558d31c80,7
folinic acid,DTXSID0048216,58-05-9,Nc1nc(=O)c2c([nH]1)NCC(CNc1ccc(C(=O)N[C@@H](CCC(=O)O)C(=O)O)cc1)N2C=O,79d5a9d838fc68b4,1
brucine,DTXSID2024662,357-57-3,COc1cc2c(cc1OC)[C@@]13CCN4CC5=CCO[C@H]6CC(=O)N2[C@H]1[C@H]6[C@H]5C[C@H]43,f672cc49b2945e9f,4
quinine,DTXSID0044280,130-95-0,C=C[C@H]1C[N@]2CC[C@H]1C[C@H]2[C@H](O)c1ccnc2ccc(OC)cc12,6f4e89103a500281,9
benzpiperylon,DTXSID90201044,53-89-4,CN1CCC(n2[nH]c(-c3ccccc3)c(Cc3ccccc3)c2=O)CC1,ccdc86141ecaec95,6
deoxycholic acid,DTXSID0042662,83-44-3,C[C@H](CCC(=O)O)[C@H]1CC[C@H]2[C@@H]3CC[C@@H]4C[C@H](O)CC[C@]4(C)[C@H]3C[C@H](O)[C@]12C,79d89bfa6b0d47d6,3
cholic acid,DTXSID6040660,81-25-4,C[C@H](CCC(=O)O)[C@H]1CC[C@H]2[C@@H]3[C@H](O)C[C@@H]4C[C@H](O)CC[C@]4(C)[C@H]3C[C@H](O)[C@]12C,0219bd0e6d2130f0,2
oleanolic acid,DTXSID50858790,508-02-1,CC1(C)CC[C@]2(C(=O)O)CC[C@]3(C)C(=CC[C@@H]4[C@@]5(C)CC[C@H](O)C(C)(C)[C@@H]5CC[C@]43C)[C@@H]2C1,0bc9b28778c0b2c3,3
aconine,DTXSID501026571,509-20-6,CCN1C[C@]2(COC)[C@H](O)C[C@H](OC)C34C1C([C@H](OC)[C@@H]32)[C@@]1(O)[C@@H](O)[C@H](OC)[C@@]2(O)C[C@@H]4[C@@H]1C2O,cd17541992ba7029,6
taurocholic acid,DTXSID00883259,81-24-3,C[C@H](CCC(=O)NCCS(=O)(=O)O)[C@H]1CC[C@H]2[C@@H]3[C@H](O)C[C@@H]4C[C@H](O)CC[C@]4(C)[C@H]3C[C@H](O)[C@]12C,be7ca98d70f60bbd,1
levocarnitine,DTXSID4023208,541-15-1,C[N+](C)(C)C[C@H](O)CC(=O)[O-],2872e13b4adb60ed,1
4-cyanobutanoic acid,DTXSID40192453,39201-33-7,N#CCCCC(=O)O,1cdd7920d3c4c862,13
glycocholic acid,DTXSID2047436,475-31-0,C[C@H](CCC(=O)NCC(=O)O)[C@H]1CC[C@H]2[C@@H]3[C@H](O)C[C@@H]4C[C@H](O)CC[C@]4(C)[C@H]3C[C@H](O)[C@]12C,288c43ff03d17573,5
l-serine,DTXSID60883230,56-45-1,N[C@@H](CO)C(=O)O,bd206d40cd05880e,6
bromadiolone,DTXSID9032589,28772-56-7,O=c1oc2ccccc2c(O)c1C(CC(O)c1ccc(-c2ccc(Br)cc2)cc1)c1ccccc1,95f172093687c27d,6
l-threonine,DTXSID2046412,72-19-5,C[C@@H](O)[C@H](N)C(=O)O,a514f4305ffaf380,9
l-isoleucine,DTXSID1047441,73-32-5,CC[C@H](C)[C@H](N)C(=O)O,0f9d55b5af3d2a1c,11
d-mannitol,DTXSID1023235,69-65-8,OC[C@@H](O)[C@@H](O)[C@H](O)[C@H](O)CO,7fbd4a640bb34766,3
bromothymol blue,DTXSID3058799,76-59-5,Cc1c(C2(c3cc(C(C)C)c(O)c(Br)c3C)OS(=O)(=O)c3ccccc32)cc(C(C)C)c(O)c1Br,1258d72dadf40c40,9
ephedrine,DTXSID20891194,321-98-2,CN[C@H](C)[C@@H](O)c1ccccc1,b9b928c740fb0c7c,5
3-iodo-l-tyrosine,DTXSID1075353,70-78-0,N[C@@H](Cc1ccc(O)c(I)c1)C(=O)O,4f164ffde95d7d78,11
novobiocin,DTXSID3041083,303-81-1,CO[C@@H]1[C@@H](OC(N)=O)[C@@H](O)[C@H](Oc2ccc3c(O)c(NC(=O)c4ccc(O)c(CC=C(C)C)c4)c(=O)oc3c2C)OC1(C)C,410a18d5815b205e,2
4-morpholineethanesulfonic acid,DTXSID4063454,4432-31-9,O=S(=O)(O)CCN1CCOCC1,160a82c0738b3733,2
lisinopril,DTXSID6040537,76547-98-3,NCCCC[C@H](N[C@@H](CCc1ccccc1)C(=O)O)C(=O)N1CCC[C@H]1C(=O)O,98f7fdfc3026ad3d,7
veratridine,DTXSID2058467,71-62-5,COc1ccc(C(=O)O[C@H]2CC[C@@]3(C)[C@@H]4CC[C@H]5[C@]6(O)C[C@H](O)[C@@]7(O)[C@@H](CN8C[C@@H](C)CC[C@H]8[C@@]7(C)O)[C@]6(O)C[C@@]53O[C@]24O)cc1OC,5a5fe73e7d7bf881,2
"1(3h)-isobenzofuranone, 3,3-bis(4-hydroxy-3-methylphenyl)-",DTXSID9060491,596-27-0,Cc1cc(C2(c3ccc(O)c(C)c3)OC(=O)c3ccccc32)ccc1O,37e70763c046cb3c,13
n-(2-acetamido)iminodiacetic acid,DTXSID4067191,26239-55-4,NC(=O)CN(CC(=O)O)CC(=O)O,6cc391b74bc146c1,10
ethyl 1-{2-[(oxolan-2-yl)methoxy]ethyl}-4-phenylpiperidine-4-carboxylate,DTXSID10862914,2385-81-1,CCOC(=O)C1(c2ccccc2)CCN(CCOCC2CCCO2)CC1,62560dcca167f60e,4
noscapine,DTXSID4023385,128-62-1,COc1ccc2c(c1OC)C(=O)O[C@@H]2[C@H]1c2c(cc3c(c2OC)OCO3)CCN1C,bcd82d10bee7ceb8,5
2-hydroxy-3-morpholinopropanesulfonic acid,DTXSID40887352,68399-77-9,O=S(=O)(O)CC(O)CN1CCOCC1,7c35ca30e3d8592a,3
4-morpholinepropanesulfonic acid,DTXSID4044371,1132-61-2,O=S(=O)(O)CCCN1CCOCC1,d90c0dc9f54ac788,1
"ethanesulfonic acid, 2-[bis(2-hydroxyethyl)amino]-",DTXSID8064985,10191-18-1,O=S(=O)(O)CCN(CCO)CCO,fe3e69b34bc35505,1
"glycine, n-[2-hydroxy-1,1-bis(hydroxymethyl)ethyl]-",DTXSID1063982,5704-04-1,O=C(O)CNC(CO)(CO)CO,9b159db9d24ff444,5
"l-alanine, 3-sulfo-",DTXSID7075424,498-40-8,N[C@@H](CS(=O)(=O)O)C(=O)O,811a68be2b6a1765,7
n6-acetyl-l-lysine,DTXSID90862371,692-04-6,CC(=O)NCCCC[C@H](N)C(=O)O,929d05757433389a,2
3-(cyclohexylamino)-1-propanesulfonic acid,DTXSID3061554,1135-40-6,O=S(=O)(O)CCCNC1CCCCC1,662e5ff19c0155d0,2
tes,DTXSID3064643,7365-44-8,O=S(=O)(O)CCNC(CO)(CO)CO,3512ca73aca8b187,6
dexfosfoserine,DTXSID1046348,407-41-0,N[C@@H](COP(=O)(O)O)C(=O)O,0e573ec087a77667,2
homocysteine,DTXSID3041039,6027-13-0,N[C@@H](CCS)C(=O)O,a14b27df890c9e58,12
aconitine,DTXSID4046319,302-27-2,CCN1C[C@]2(COC)[C@H](O)C[C@H](OC)C34C1C([C@H](OC)[C@@H]32)[C@]1(OC(C)=O)[C@@H]2[C@H]4C[C@@](O)([C@H]2OC(=O)c2ccccc2)[C@@H](OC)[C@@H]1O,6ea9facbe41b4ded,6
ethionine,DTXSID5020578,13073-35-3,CCSCC[C@H](N)C(=O)O,e029cf23fe22f27b,13
cresol red,DTXSID8061929,1733-12-6,Cc1cc(C2(c3ccc(O)c(C)c3)OS(=O)(=O)c3ccccc32)ccc1O,3ff938e7cb6283f4,18
5-hydroxylysine,DTXSID40862588,6000-08-4,NCC(O)CCC(N)C(=O)O,2109fba75a6dae6a,16
vinblastine,DTXSID8021430,865-21-4,CC[C@]1(O)C[C@@H]2C[N@@](CCc3c([nH]c4ccccc34)[C@@](C(=O)OC)(c3cc4c(cc3OC)N(C)[C@H]3[C@@](O)(C(=O)OC)[C@H](OC(C)=O)[C@]5(CC)C=CCN6CC[C@]43[C@@H]65)C2)C1,dfded2f54d390b55,2
rifampicin,DTXSID6021244,13292-46-1,CO[C@H]1/C=C/O[C@@]2(C)Oc3c(C)c(O)c4c(O)c(c(/C=N/N5CCN(C)CC5)c(O)c4c3C2=O)NC(=O)/C(C)=C\C=C\[C@H](C)[C@H](O)[C@@H](C)[C@@H](O)[C@@H](C)[C@H](OC(C)=O)[C@@H]1C,63b91c786cdf9d1a,1
vincristine,DTXSID1032278,57-22-7,CC[C@]1(O)C[C@H]2C[N@](CCc3c([nH]c4ccccc34)[C@@](C(=O)OC)(c3cc4c(cc3OC)N(C=O)[C@H]3[C@@](O)(C(=O)OC)[C@H](OC(C)=O)[C@]5(CC)C=CCN6CC[C@]43[C@@H]65)C2)C1,e36381ec56d3a374,5
"furan, 2,3-dihydro-",DTXSID9061594,1191-99-7,C1=COCC1,26a338f7aa2d9e2e,1
methyl tert-butyl ether,DTXSID3020833,1634-04-4,COC(C)(C)C,fae9ce79d1ce4f17,1
pent-2-yne,DTXSID80211758,627-21-4,CC#CCC,42ae1217ffb31303,2
"1,3-cyclohexadiene",DTXSID30862259,592-57-4,C1=CCCC=C1,8e85e7b8765972d2,2
"3,4-dihydro-2h-pyran",DTXSID6041426,110-87-2,C1=COCCC1,c3ca2d5e64c1be27,2
4-methyl-2-pentyne,DTXSID30175230,21020-27-9,CC#CC(C)C,248acc9fa057d9b8,2
"carbonic acid, ethyl methyl ester",DTXSID6074592,623-53-0,CCOC(=O)OC,b0141ee0511a4b01,3
2-methyltetrahydrofuran,DTXSID9030258,96-47-9,CC1CCCO1,b751b2b2a8f5ca2f,3
"1-propanethiol, 2-methyl-",DTXSID9060156,513-44-0,CC(C)CS,4a121c32e78c25c1,4
"1,4-oxathiane",DTXSID0065985,15980-15-1,C1CSCCO1,7ca7a55b92431f0e,1
dimethyl sulfite,DTXSID3060665,616-42-2,COS(=O)OC,b0962053a8cb39e4,3
2-hexyne,DTXSID9074725,764-35-2,CC#CCCC,821717943c917c23,5
"1-propene, 3-(methylthio)-",DTXSID9064976,10152-76-8,C=CCSC,1959f28bb56a66b6,7
alpha-angelica lactone,DTXSID7047693,591-12-8,CC1=CCC(=O)O1,7a61fec4f3e9ec5c,1
glycol sulfite,DTXSID4020668,3741-38-6,O=S1OCCO1,d1e2e311aa82da1a,2
2-methoxyoxane,DTXSID90984305,6581-66-4,COC1CCCCO1,e2640a513dbf5c21,3
2-furylmethanethiol,DTXSID7052654,98-02-2,SCc1ccco1,6c78c31554e4f711,5
4-tert-butylpyridine,DTXSID20192855,3978-81-2,CC(C)(C)c1ccncc1,1ed1222147825e6c,1
hept-2-yne,DTXSID90149770,1119-65-9,CC#CCCCC,da23ba70b9a173c2,8
"1-hexyne, 5-methyl-",DTXSID80176499,2203-80-7,C#CCCC(C)C,2047aa3d823a1312,9
2-ethoxythiazole,DTXSID00166130,15679-19-3,CCOc1nccs1,33f99d255a6f0324,5
tetrahydro-2-methyl-3-furanthiol,DTXSID10866614,57124-87-5,CC1OCCC1S,f17e32fee9efab28,8
furfuryl acetate,DTXSID7025346,623-17-6,CC(=O)OCc1ccco1,51e07f904e5c4c8c,2
2(5h)-furanone,DTXSID7075422,497-23-4,O=C1C=CCO1,a16a370d19cc4571,1
"furan, 2-[(methylthio)methyl]-",DTXSID7061693,1438-91-1,CSCc1ccco1,916c4d31f403255b,6
cyclohexanemethanol,DTXSID3059212,100-49-2,OCC1CCCCC1,532c0e5c077b951b,2
oct-2-yne,DTXSID10182366,2809-67-8,CC#CCCCCC,e3d2131957f4b0e4,14
hexanal,DTXSID2021604,66-25-1,CCCCCC=O,a30ea7a14553e515,18
"benzenethiol, 2,6-dimethyl-",DTXSID8059477,118-72-9,Cc1cccc(C)c1S,83b3efa81026c1ef,1
ethyl acetoacetate,DTXSID2027092,141-97-9,CCOC(=O)CC(C)=O,dbbc0a9b4348ea3f,7
dl-carvone,DTXSID8047426,99-49-0,C=C(C)C1CC=C(C)C(=O)C1,d7ac65bd1a9d9ab1,11
"benzene, 1-ethenyl-4-methoxy-",DTXSID7073222,637-69-4,C=Cc1ccc(OC)cc1,80110c4cd7b49ed4,2
(z)-3-hexen-1-ol,DTXSID6022137,928-96-1,CC/C=C\CCO,508202904ce973d8,14
methyl 3-(methylthio)propionate,DTXSID0047402,13532-18-8,COC(=O)CCSC,0aa4235f51951597,11
6-methyl-5-hepten-2-one,DTXSID5021629,110-93-0,CC(=O)CCC=C(C)C,10f9bd56efebfec8,11
isopentylbenzene,DTXSID30174465,2049-94-7,CC(C)CCc1ccccc1,fa3b8d9b0e358d0d,8
4-pentanolide,DTXSID0047618,108-29-2,CC1CCC(=O)O1,17d84085ec5efb31,4
beta-ocimene,DTXSID70274135,13877-91-3,C=CC(C)=CCC=C(C)C,27064d31f228b98f,13
"6,6-dimethylbicyclo[3.1.1]hept-2-ene-2-carbaldehyde",DTXSID60865112,NOCAS_865112,CC1(C)C2CC=C(C=O)C1C2,4cd7a9aefda2bc33,4
10-pinen-3-ol,DTXSID30863660,5947-36-4,C=C1C(O)CC2CC1C2(C)C,f219d775695cb7fb,4
pentyl acetate,DTXSID1027263,628-63-7,CCCCCOC(C)=O,fdbc236263b7edd4,18
1-nonyne,DTXSID4063036,3452-09-3,C#CCCCCCCC,3d3d3e4a5bd9ddcc,18
"bicyclo[2.2.1]heptan-2-one, 1,3,3-trimethyl-, (1r,4s)-",DTXSID30884431,7787-20-4,CC1(C)C(=O)[C@]2(C)CC[C@H]1C2,3e4b33d94cfd4cad,1
(ethylthio)benzene,DTXSID60211236,622-38-8,CCSc1ccccc1,e44d2752c2cc8f81,4
"1-(2,4-dimethylphenyl)ethanone",DTXSID9058997,89-74-7,CC(=O)c1ccc(C)cc1C,3d88321b579202a9,7
2-acetyl-1-methylpyrrole,DTXSID6022139,932-16-1,CC(=O)c1cccn1C,00ee0a555bc8313a,1
"bicyclo[3.1.1]hept-2-ene-2-methanol, 6,6-dimethyl-",DTXSID00862089,515-00-4,CC1(C)C2CC=C(CO)C1C2,6b6172414c2b5afc,7
"2,6-dimethylhept-5-enal",DTXSID8044753,106-72-9,CC(C)=CCCC(C)C=O,e908c8f5433e027b,7
"6,7-dihydro-5-methyl-5h-cyclopentapyrazine",DTXSID7047196,23747-48-0,CC1CCc2nccnc21,6cc6eaf234fd9f5e,4
menthofuran,DTXSID9025534,494-90-6,Cc1coc2c1CCC(C)C2,a339110218c6f85c,4
(oxan-2-yl)methanol,DTXSID40870441,100-72-1,OCC1CCCCO1,ff02b6f5a092765c,2
furfuryl propionate,DTXSID50862312,623-19-8,CCC(=O)OCc1ccco1,1a7dff3a223527ad,9
"2-methyl-4-propyl-1,3-oxathiane",DTXSID9047706,67715-80-4,CCCC1CCOC(C)S1,e53bc0fadd9134a9,7
3-butylpyridine,DTXSID9060231,539-32-2,CCCCc1cccnc1,f44d7b089d1b2591,13
2-pentylpyridine,DTXSID9062308,2294-76-0,CCCCCc1ccccn1,ee1c34432a1fc029,20
p-ethylacetophenone,DTXSID5061326,937-30-4,CCc1ccc(C(C)=O)cc1,8d15058a0eb92ffd,2
ethyl 3-(methylthio)propionate,DTXSID2065414,13327-56-5,CCOC(=O)CCSC,ab2c1d73e19a6513,16
3-methoxybenzaldehyde,DTXSID5044447,591-31-1,COc1cccc(C=O)c1,e0d5b1726e530f13,4
"(6,6-dimethylbicyclo[3.1.1]hept-2-en-2-yl)methyl acetate",DTXSID20862526,35670-93-0,CC(=O)OCC1=CCC2CC1C2(C)C,4b4434e5a1085f90,10
6-methyloxan-2-one,DTXSID30862431,823-22-3,CC1CCCC(=O)O1,252530fe69fdff61,6
(-)bornyl acetate,DTXSID3052228,5655-61-8,CC(=O)O[C@@H]1C[C@@H]2CC[C@@]1(C)C2(C)C,6e8cb09ca0da6e11,2
2-(2-ethoxyethoxy)ethanol,DTXSID2021941,111-90-0,CCOCCOCCO,507ff58bdaac1c00,13
methyl phenylacetate,DTXSID1044352,101-41-7,COC(=O)Cc1ccccc1,13e86f13be66b8e0,3
"furan, 2-[(methyldithio)methyl]-",DTXSID9069186,57500-00-2,CSSCc1ccco1,3892f6024230297c,8
furfuryl butyrate,DTXSID60211357,623-21-2,CCCC(=O)OCc1ccco1,747012f4be154011,15
(z)-non-6-enal,DTXSID4051879,2277-19-2,CC/C=C\CCCCC=O,dec15340af406149,19
beta-ionone,DTXSID4021769,79-77-6,CC(=O)/C=C/C1=C(C)CCCC1(C)C,05ffe1cf495e126b,8
3-decen-2-one,DTXSID60864286,10519-33-2,CCCCCCC=CC(C)=O,566e96658b0cd1a9,15
gamma-heptalactone,DTXSID5047611,105-21-5,CCCC1CCC(=O)O1,b53da1b76316d387,13
citronellal,DTXSID3041790,106-23-0,CC(C)=CCCC(C)CC=O,a49a417e0c44236c,21
linalyl formate,DTXSID2047642,115-99-1,C=CC(C)(CCC=C(C)C)OC=O,5304bc9caa2d18d4,17
"2-ethyl-1,3,3-trimethylbicyclo[2.2.1]heptan-2-ol",DTXSID301014528,18368-91-7,CCC1(O)C2(C)CCC(C2)C1(C)C,8182558d24e95c52,7
"pentanoic acid, 2-furanylmethyl ester",DTXSID8067993,36701-01-6,CCCCC(=O)OCc1ccco1,85c852633dc3cf1e,17
nerolidol,DTXSID3022247,7212-44-4,C=CC(C)(O)CCC=C(C)CCC=C(C)C,aa1e636959af8fe0,1
"(2e)-3,7-dimethylocta-2,6-dienal",DTXSID20881217,141-27-5,CC(C)=CCC/C(C)=C/C=O,9bf5ce64059572cf,17
geraniol,DTXSID8026727,106-24-1,CC(C)=CCC/C(C)=C/CO,808b2601b62e8859,14
caprolactone,DTXSID4027159,502-44-3,O=C1CCCCCO1,bfe7ef9602274b3a,2
ethyl acetate,DTXSID1022001,141-78-6,CCOC(C)=O,f38cded1e718ea76,3
4-hydroxyoctanoic acid lactone,DTXSID1047609,104-50-7,CCCCC1CCC(=O)O1,aaa1a4f2d3c71113,22
cyclobutanol,DTXSID5062712,2919-23-5,OC1CCC1,31a16fd4451fdc2a,1
1-(2-pyridyl)-1-ethanone,DTXSID7024409,1122-62-9,CC(=O)c1ccccn1,7255cb22856c774c,1
"2,4-dimethyl-1h-pyrrole",DTXSID80211551,625-82-1,Cc1c[nH]c(C)c1,0dd1069222f573c2,1
"1,1-dimethylcyclohexane",DTXSID1074832,590-66-9,CC1(C)CCCCC1,7af7b52eea8b4117,1
3-methyl-2-cyclopenten-1-one,DTXSID1062629,2758-18-1,CC1=CC(=O)CC1,376facfdf3ebdede,1
3-methylcyclopentanone,DTXSID201023930,1757-42-2,CC1CCC(=O)C1,dabd70ba763d95e8,4
linalyl acetate,DTXSID7026946,115-95-7,C=CC(C)(CCC=C(C)C)OC(C)=O,5127f5e9ec335749,18
decanal,DTXSID4021553,112-31-2,CCCCCCCCCC=O,26b2928f166353e8,21
2-isopropyl-5-methylanisole,DTXSID5047617,1076-56-8,COc1cc(C)ccc1C(C)C,4e15c0010fbc72fe,2
4-ethylanisole,DTXSID80164795,1515-95-3,CCc1ccc(OC)cc1,1183aab7402713b4,2
"thiophene, tetrahydro-, 1-oxide",DTXSID6061814,1600-44-8,O=S1CCCC1,48181b080d4c9d90,2
"thiazole, 5-methyl-",DTXSID80189347,3581-89-3,Cc1cncs1,068666c1f76729aa,1
,,,C=C1CCC=C(C)CC[C@@H]2[C@@H]1CC2(C)C,6d4ce23c3a000945,4
"formic acid, cyclohexyl ester",DTXSID2063426,4351-54-6,O=COC1CCCCC1,09db5f503caffd19,4
1-phenoxy-2-propanol,DTXSID9027312,770-35-4,CC(O)COc1ccccc1,a1c325a82826086b,13
4-phenylbutan-2-ol,DTXSID60862904,2344-70-9,CC(O)CCc1ccccc1,aaaff80ddab0435f,18
alpha-farnesene,DTXSID4047202,502-61-4,C=C/C(C)=C/C/C=C(\C)CCC=C(C)C,5e7e4aeb59978fcc,8
gamma-nonanolactone,DTXSID0034229,104-61-0,CCCCCC1CCC(=O)O1,e526f3fbbe9932a3,19
methyl (methylthio)acetate,DTXSID20168090,16630-66-3,COC(=O)CSC,985da662ea11b665,2
methyl levulinate,DTXSID80211455,624-45-3,COC(=O)CCC(C)=O,578bf0eede82e5de,7
"sulfurous acid, diethyl ester",DTXSID0060777,623-81-4,CCOS(=O)OCC,bb9ae0098c8e5252,10
1-penten-3-ol,DTXSID70862293,616-25-1,C=CC(O)CC,de06559b378a4197,10
"furan, 2-(diethoxymethyl)-",DTXSID10864418,13529-27-6,CCOC(OCC)c1ccco1,f0096daca4ef3899,8
geranyl acetate,DTXSID0020654,105-87-3,CC(=O)OC/C=C(\C)CCC=C(C)C,5129a89bcae1035e,12
alpha-terpinyl acetate,DTXSID2026496,80-26-2,CC(=O)OC(C)(C)C1CC=C(C)CC1,7a99aa11f5b2d16a,10
ethyl tiglate,DTXSID8047688,5837-78-5,C/C=C(\C)C(=O)OCC,45e0aa26866edae2,6
"2-methyl-1,3-dioxolane",DTXSID7060095,497-26-7,CC1OCCO1,fed48a28ecad2564,1
"2-ethyl-4,5-dimethyl-1,3-oxazole",DTXSID3068885,53833-30-0,CCc1nc(C)c(C)o1,27473390af1167e9,2
"3-acetyl-2,5-dimethylthiophene",DTXSID40179946,2530-10-1,CC(=O)c1cc(C)sc1C,566f1167f9bed6d9,1
4-mercapto-4-methylpentan-2-one,DTXSID8051839,19872-52-7,CC(=O)CC(C)(C)S,1de6aac7e7a648fa,13
1-hepten-3-ol,DTXSID20863472,4938-52-7,C=CC(O)CCCC,62200a6cdfed448d,18
"4-hepten-1-ol, (4z)-",DTXSID30884234,6191-71-5,CC/C=C\CCCO,5cfc4c2d97389945,12
methyl cyclohexanecarboxylate,DTXSID9074303,4630-82-4,COC(=O)C1CCCCC1,1a734daa46e8cfcf,4
"4-pentenoic acid, 2-methyl-, ethyl ester",DTXSID00866320,53399-81-8,C=CCC(C)C(=O)OCC,7257d9f5ecf1beac,18
3-oxobutan-2-yl acetate,DTXSID60964154,4906-24-5,CC(=O)OC(C)C(C)=O,b1df475446d17db6,7
,,,CC(=O)/C=C/C=C(C)C,151b0b1b3c578eb9,2
"2-hepten-4-one, 5-methyl-",DTXSID90868631,81925-81-7,CC=CC(=O)C(C)CC,f195153091dcdd17,15
"1,3-dioxolane, 4-methyl-2-(2-methylpropyl)-",DTXSID50864836,18433-93-7,CC(C)CC1OCC(C)O1,9358e2feca81be22,19
ethyl 3-hydroxybutyrate,DTXSID6025305,5405-41-4,CCOC(=O)CC(C)O,7418b4a3088f206a,6
(3e)-1-(1-ethoxyethoxy)-3-hexene,DTXSID20886409,60763-40-8,CC/C=C/CCOC(C)OCC,45e2715845fff79b,9
isopropyl 2-methylbutyrate,DTXSID3047550,66576-71-4,CCC(C)C(=O)OC(C)C,67211fc420a472b3,17
(e)-2-pentenal,DTXSID80858788,1576-87-0,CC/C=C/C=O,8fff9e4488229f7e,6
"3,7-dimethylocta-1,6-dien-3-yl propanoate",DTXSID1047574,144-39-8,C=CC(C)(CCC=C(C)C)OC(=O)CC,412e51779bcbf13b,20
carbon disulfide,DTXSID6023947,75-15-0,S=C=S,1754b828c6590bb1,1
"propanethioic acid, s-(2-furanylmethyl) ester",DTXSID3069300,59020-85-8,CCC(=O)SCc1ccco1,17cd1f4b4d9da285,10
,,,IC[IH2],e55bf227cf864a40,1
chloroiodomethane,DTXSID50208034,593-71-5,ClCI,97bc5f192124e4a3,1
"2-furanmethanamine, tetrahydro-",DTXSID40863454,4795-29-3,NCC1CCCO1,2d8da14257d83132,7
(3z)-hex-3-en-1-yl formate,DTXSID1047572,33467-73-1,CC/C=C\CCOC=O,6bc2f5994bb821e8,16
(3z)-hex-3-en-1-yl 2-methylpropanoate,DTXSID0047585,41519-23-7,CC/C=C\CCOC(=O)C(C)C,84768f7f39615785,20
"3,5-dimethylanisole",DTXSID40236326,874-63-5,COc1cc(C)cc(C)c1,d5d7179b241c3157,1
isopentyl isobutyrate,DTXSID0062131,2050-01-3,CC(C)CCOC(=O)C(C)C,f0da1bf97c0ad397,19
"cyclopentane, methoxy-",DTXSID2074958,5614-37-9,COC1CCCC1,6bf2fbf15dfc7aee,4
2-(5-methylfuran-2-yl)butanal,DTXSID20275677,123821-11-4,CCC(C=O)c1ccc(C)o1,ae62839dc8780027,13
tert-butyl alcohol,DTXSID8020204,75-65-0,CC(C)(C)O,f7ead4190a9f264d,1
"2-methoxy-1,3-dioxolane",DTXSID80173362,19693-75-5,COC1OCCO1,c00b4ca7fdffe929,4
tert-butyl acetate,DTXSID1022055,540-88-5,CC(=O)OC(C)(C)C,eff3b55bf304eef7,1
1-methoxy-2-(propan-2-yl)benzene,DTXSID90951956,2944-47-0,COc1ccccc1C(C)C,992104a4240aeeb6,2
gamma-butyrolactone,DTXSID6020224,96-48-0,O=C1CCCO1,b076537231f87c90,2
"butanoic acid, 3-methyl-, 2-methylpropyl ester",DTXSID5060431,589-59-3,CC(C)COC(=O)CC(C)C,c6758533a7bc0856,19
ethyl 3-hexenoate,DTXSID2062377,2396-83-0,CCC=CCC(=O)OCC,83b2d698a350ade5,19
1-methyl-2-oxopropyl butanoate,DTXSID601305714,84642-61-5,CCCC(=O)OC(C)C(C)=O,25895ca25ebd7122,16
1h-indene,DTXSID8042052,95-13-6,C1=Cc2ccccc2C1,75bb76ddb4aa9b89,1
acetophenone,DTXSID6021828,98-86-2,CC(=O)c1ccccc1,9cb10b5011a6403e,1
"naphthalene, 1-bromo-",DTXSID30861681,90-11-9,Brc1cccc2ccccc12,91fbb99c11470798,1
ethyl benzoate,DTXSID3038696,93-89-0,CCOC(=O)c1ccccc1,8458b16b50b43709,3
dibenzyl ether,DTXSID5025819,103-50-4,c1ccc(COCc2ccccc2)cc1,bf49f15566f61c0e,6
"3,3'-oxybis-1-propanol",DTXSID10862919,2396-61-4,OCCCOCCCO,2af85d1582f2a4a1,3
tetrahydrofurfuryl alcohol,DTXSID1029128,97-99-4,OCC1CCCO1,5972802bb90e0ec3,6
2-(1-methylethyl)-5-methylhex-2-enal,DTXSID5067891,35158-25-9,CC(C)CC=C(C=O)C(C)C,1607fdf038a4df23,23
2-methylcyclopent-2-en-1-one,DTXSID00870846,1120-73-6,CC1=CCCC1=O,4786b307b6eb501f,1
cyclopent-2-en-1-one,DTXSID60870802,930-30-3,O=C1C=CCC1,02c165bfd128e06c,1
1-(dimethylamino)pyrrole,DTXSID00341506,78307-76-3,CN(C)n1cccc1,7a4cbff6a3619664,1
"1h-pyrrole, 2-ethyl-",DTXSID20165807,1551-06-0,CCc1ccc[nH]1,d6fbef37898f582f,2
"1h-pyrazole, 1-methyl-",DTXSID40239231,930-36-9,Cn1cccn1,53f7906c7ca74c32,1
3-methylthiophene-2-carbaldehyde,DTXSID80207070,5834-16-2,Cc1ccsc1C=O,aa553ed9347eba7a,2
"thiophene, 3-methoxy-",DTXSID40170014,17573-92-1,COc1ccsc1,000c4642ce386f6e,2
"3(2h)-thiophenone, dihydro-",DTXSID9061388,1003-04-9,O=C1CCSC1,9e35a2a3ee27177f,2
diphenyl sulfide,DTXSID8044383,139-66-2,c1ccc(Sc2ccccc2)cc1,091cb8993d626bf6,2
"1,5-dimethyl-1,2,3,4-tetrahydronaphthalene",DTXSID10871324,21564-91-0,Cc1cccc2c1CCCC2C,0100ecc94fde51e9,4
dichloromethyl methyl ether,DTXSID2063636,4885-02-3,COC(Cl)Cl,bd13e30def3a34e3,1
"4-methyl-1,3,2lambda~4~-dioxathiolan-2-one",DTXSID80932956,1469-73-4,CC1COS(=O)O1,98b0ab70d7c8ce2c,8
"octane, 1,8-diiodo-",DTXSID8067020,24772-63-2,ICCCCCCCCI,2072f225478dbfff,17
2-pentanone,DTXSID0021888,107-87-9,CCCC(C)=O,7c1cad97b444b5e9,7
2-chlorophenol,DTXSID5021544,95-57-8,Oc1ccccc1Cl,a31aeea117ea925c,1
"benzene, 1-chloro-3-methoxy-",DTXSID7062667,2845-89-8,COc1cccc(Cl)c1,e4c948c931249a58,2
methyl (e)-cinnamate,DTXSID5044314,1754-62-7,COC(=O)/C=C/c1ccccc1,b403adbc46e0f388,2
thiazole,DTXSID2059776,288-47-1,c1cscn1,3f82c04661363ee6,1
"1,3-dithiolane",DTXSID90197473,4829-04-3,C1CSCS1,b67c6cffe512b913,2
oxazole,DTXSID70182983,288-42-6,c1cocn1,493b8495241d0bcd,1
isoxazole,DTXSID7059775,288-14-2,c1cnoc1,46cb3f9617394ca3,1
thiazolidine,DTXSID10198447,504-78-9,C1CSCN1,1e4c67b857a622cd,1
benzoxazole,DTXSID8059768,273-53-0,c1ccc2ocnc2c1,a79c020ea5134cfd,1
butyl benzoate,DTXSID8040694,136-60-7,CCCCOC(=O)c1ccccc1,b209744319043283,13
thiamorpholine,DTXSID80153826,123-90-0,C1CSCCN1,dec57d830670a1d4,1
cyclopentanethiol,DTXSID1047108,1679-07-8,SC1CCCC1,229f55aee5324cd1,3
"1,8-octanedithiol",DTXSID8047474,1191-62-4,SCCCCCCCCS,b96342ca30c048c8,17
(+/-)-alpha-methylbenzyl acetate,DTXSID6041636,93-92-5,CC(=O)OC(C)c1ccccc1,db630b5a9e2b582d,6
1-methoxy-2-propyl acetate,DTXSID1026796,108-65-6,COCC(C)OC(C)=O,1d252902a4718049,16
"2,5-dimethyl-3(2h)-furanone",DTXSID40864502,14400-67-0,CC1=CC(=O)C(C)O1,f402a840cea3ad47,2
3-methyl-2-pentanone,DTXSID4021634,565-61-7,CCC(C)C(C)=O,baaf4e6422351408,12
5-methyl-2-furancarboxaldehyde,DTXSID1060714,620-02-0,Cc1ccc(C=O)o1,dcf8abb14a4053d9,2
"2-propanone, 1-phenoxy-",DTXSID3060740,621-87-4,CC(=O)COc1ccccc1,e7c3de3cfc8ea940,3
2-chloropropane,DTXSID6047739,75-29-6,CC(C)Cl,85cf69a7f46aa6f7,1
2-methyltetrahydrofuran-3-one,DTXSID9047677,3188-00-9,CC1OCCC1=O,a9c0a77e77821efe,4
"butanoic acid, 3-methyl-, hexyl ester",DTXSID4064921,10032-13-0,CCCCCCOC(=O)CC(C)C,eec00efdd4a068b5,20
hydratropaldehyde,DTXSID0052629,93-53-8,CC(C=O)c1ccccc1,aca3078c2b4295ef,6
2-(chloromethyl)oxane,DTXSID90864835,18420-41-2,ClCC1CCCCO1,34f4e5bc99884d25,7
"furan, 2-(chloromethyl)tetrahydro-",DTXSID40883930,3003-84-7,ClCC1CCCO1,ca87e7229e775fc1,11
2-chlorostyrene,DTXSID3024811,2039-87-4,C=Cc1ccccc1Cl,2fe812667b762ebe,2
"1,4-pentadiene, 3-methyl-",DTXSID6061496,1115-08-8,C=CC(C)C=C,eba8303453e41c9d,7
m-chlorostyrene,DTXSID8073130,2039-85-2,C=Cc1cccc(Cl)c1,87c0cd9adddef89b,2
vinylcyclopentane,DTXSID70190861,3742-34-5,C=CC1CCCC1,ffd4f94195fb7ad4,6
"ethanone, 1-(2-chlorophenyl)-",DTXSID1062201,2142-68-9,CC(=O)c1ccccc1Cl,d10653d545bcb796,2
"1-butanethiol, 3-methyl-",DTXSID3060247,541-31-1,CC(C)CCS,98a71756d5a8cde2,11
2-heptanone,DTXSID5021916,110-43-0,CCCCCC(C)=O,f23598071e82bfa7,17
3-ethyltoluene,DTXSID6050386,620-14-4,CCc1cccc(C)c1,4a4e9d9534ca2153,4
cyclopentane,DTXSID6024886,287-92-3,C1CCCC1,b9f3d1d7f0c69ef4,1
"benzenamine, n-sulfinyl-",DTXSID0061533,1122-83-4,O=S=Nc1ccccc1,823ad9e8f99a14b5,1
"cyclopentene, 1-chloro-",DTXSID70239229,930-29-0,ClC1=CCCC1,7cdfc3b60ec65a23,2
"1,6-heptadiene",DTXSID2062828,3070-53-9,C=CCCCC=C,ce544b929943cafd,11
"benzene, 1-methyl-4-(2-propenyl)-",DTXSID4062983,3333-13-9,C=CCc1ccc(C)cc1,102bfb640da00928,6
1-(2-methylphenyl)ethanone,DTXSID501015360,577-16-2,CC(=O)c1ccccc1C,e4891939eddef6ce,4
"3,4-dihydro-5-methyl-2h-pyrrole",DTXSID30236173,872-32-2,CC1=NCCC1,84bf0bee7e9d25fb,1
allylcyclopentane,DTXSID20188733,3524-75-2,C=CCC1CCCC1,813d5a21788c81d9,9
2-tert-butylfuran,DTXSID50220675,7040-43-9,CC(C)(C)c1ccco1,eecf0f5614a64d3b,1
"2,3-dimethylfuran",DTXSID301027759,14920-89-9,Cc1ccoc1C,18f746b3437a0693,1
2-ethylfuran,DTXSID7062906,3208-16-0,CCc1ccco1,56caabf5f3ec5761,2
"2,3-dihydro-5-methylfuran",DTXSID10164066,1487-15-6,CC1=CCCO1,29442e4f07d36a6c,1
2-methoxyfuran,DTXSID00180078,25414-22-6,COc1ccco1,0536dc9b36c95e0a,2
5-methyl-2-furylmethylketone,DTXSID70152409,1193-79-9,CC(=O)c1ccc(C)o1,159c04170a15d029,2
5-methyl-2-thiophenecarboxaldehyde,DTXSID0047169,13679-70-4,Cc1ccc(C=O)s1,093fd35a8a16987a,2
thiophene-2-carbaldehyde,DTXSID7052656,98-03-3,O=Cc1cccs1,cdb0f46a1f09b8be,2
2-ethylthiophene,DTXSID90862452,872-55-9,CCc1cccs1,b5412c62f2822cea,2
"trisulfide, dimethyl",DTXSID9063118,3658-80-8,CSSSC,5e32f8dc7297b4af,3
"benzenamine, 4-(methylthio)-",DTXSID7059309,104-96-1,CSc1ccc(N)cc1,721f36a76c0c9130,2
"furan, tetrahydro-​2,​5-​dimethyl-",DTXSID10862510,1003-38-9,CC1CCC(C)O1,804fd9799d5854c3,6
"bicyclo[3.1.1]hept-2-ene-2-ethanol, 6,6-dimethyl-",DTXSID10861780,128-50-7,CC1(C)C2CC=C(CCO)C1C2,375cc1ba00e78cb5,9
s-methyl thiobutyrate,DTXSID5047669,2432-51-1,CCCC(=O)SC,3a99184e92d60ad8,7
n-tert-butylmaleimide,DTXSID60349124,4144-22-3,CC(C)(C)N1C(=O)C=CC1=O,554896180b20b232,1
4-methylpent-3-en-2-one,DTXSID1029170,141-79-7,CC(=O)C=C(C)C,e0343b89d47141a1,1
"benzene, 1-ethynyl-4-methyl- (9ci)",DTXSID30227420,766-97-2,C#Cc1ccc(C)cc1,eb1c7882c8c9c673,1
"1,3-benzodioxolane",DTXSID9051951,274-09-9,c1ccc2c(c1)OCO2,90bf076cf55422fc,1
"1,3-dihydroisobenzofuran",DTXSID60197920,496-14-0,c1ccc2c(c1)COC2,0a1027b7ca291554,1
benzyl methacrylate,DTXSID0022193,2495-37-6,C=C(C)C(=O)OCc1ccccc1,f4a7d3478b1cf67a,6
"3-furanol, tetrahydro-",DTXSID20868947,453-20-3,OC1CCOC1,651a7756ba44174f,3
n-boc-pyrrole,DTXSID30349196,5176-27-2,CC(C)(C)OC(=O)n1cccc1,bd4aca384c3860d4,1
alpha-methylstyrene,DTXSID9025661,98-83-9,C=C(C)c1ccccc1,455abf9284fa89e8,2
4-butylphenylacetylene,DTXSID40379404,79887-09-5,C#Cc1ccc(CCCC)cc1,09edbc9f21d45202,9
"n,n-diethylhydroxylamine",DTXSID2027543,3710-84-7,CCN(O)CC,a93ae2b11702667d,8
2-thiophenethiol,DTXSID40228362,7774-74-5,Sc1cccs1,262c3bfcf2a7f636,2
3-furanmethanol,DTXSID70196045,4412-91-3,OCc1ccoc1,b8063f29fb63bbb1,5
tetrahydrofurfuryl propionate,DTXSID90862336,637-65-0,CCC(=O)OCC1CCCO1,367940bfddaa9043,22
2(5h)-thiophenone,DTXSID50187193,3354-32-3,O=C1C=CCS1,92562bfc64dbd002,1
2-thienylmethanol,DTXSID50212979,636-72-6,OCc1cccs1,d0ef42fe9929602c,4
"2(3h)-thiophenone, dihydro-",DTXSID3061390,1003-10-7,O=C1CCCS1,16612af048e113f3,2
alpha-terpinene,DTXSID9041237,99-86-5,CC1=CC=C(C(C)C)CC1,0fb63404caecd805,6
2-(thiophen-2-yl)ethan-1-amine,DTXSID60952773,30433-91-1,NCCc1cccs1,a2b8ec48ff5e0e70,12
"furan, 2-methyl-5-(methylthio)-",DTXSID9065578,13678-59-6,CSc1ccc(C)o1,575907acbd53f0cf,2
"3,4-dihydro-2-methoxy-2h-pyran",DTXSID9027570,4454-05-1,COC1CCC=CO1,2e73225506c44785,4
s-furfuryl thioacetate,DTXSID5047661,13678-68-7,CC(=O)SCc1ccco1,000c57a9d174d597,4
(3z)-3-hexenyl acetate,DTXSID0041484,3681-71-8,CC/C=C\CCOC(C)=O,ba955b289ab355b8,14
cyclohexanaecarboxaldehyde,DTXSID40174375,2043-61-0,O=CC1CCCCC1,48565b51a72160c8,3
4-isopropenylcyclohex-1-en-1-ylmethanol,DTXSID4052180,536-59-4,C=C(C)C1CC=C(CO)CC1,baff8732774e91f8,20
pentan-2-ol,DTXSID3052721,6032-29-7,CCCC(C)O,80859831621de200,10
benzenethiol,DTXSID7026811,108-98-5,Sc1ccccc1,c900b39fcf61e573,1
cyclopentanecarbaldehyde,DTXSID10236176,872-53-7,O=CC1CCCC1,eec9bef90fd9cd70,5
methallylcyclopentane,DTXSID20338413,219726-61-1,C=C(C)CC1CCCC1,9eeba8b051f28948,12
2-methylbutanal,DTXSID2021818,96-17-3,CCC(C)C=O,43bf626add330ec9,14
"2-ethyl-4-methyl-1,3-dioxolane",DTXSID20863376,4359-46-0,CCC1OCC(C)O1,673503f68ed881cc,12
heptane,DTXSID6024127,142-82-5,CCCCCCC,473f936f91bd6532,11
4-tert-butylbenzenethiol,DTXSID9048196,2396-68-1,CC(C)(C)c1ccc(S)cc1,c9a1c2eccb02b6f0,2
"butanoic acid, 3-oxo-, 1-methylethyl ester",DTXSID7060253,542-08-5,CC(=O)CC(=O)OC(C)C,e91f12692b33a2ab,10
ethyl p-tolylacetate,DTXSID20161445,14062-19-2,CCOC(=O)Cc1ccc(C)cc1,da7ee48cffea5d5b,8
2-pentylfuran,DTXSID9047679,3777-69-3,CCCCCc1ccco1,d0920104e29294f4,20
phenethyl mercaptan,DTXSID60196039,4410-99-5,SCCc1ccccc1,83fd1ca21a40ef39,9
"silane, tetraethyl-",DTXSID1060891,631-36-7,CC[Si](CC)(CC)CC,f7fc9dc50151c1d7,9
tetrahydrofurfuryl methacrylate,DTXSID0022191,2455-24-5,C=C(C)C(=O)OCC1CCCO1,8bb4a160b88e4001,17
dicyclohexyl disulfide,DTXSID4047628,2550-40-5,C1CCC(SSC2CCCCC2)CC1,62dae15b1016aa98,1
1-hexanethiol,DTXSID0051574,111-31-9,CCCCCCS,3833c9aff7728ec6,14
"1,6-hexane dithiol",DTXSID60152317,1191-43-1,SCCCCCCS,f96b4d0eab9b3fc4,16
tetraethyl orthosilicate,DTXSID6026450,78-10-4,CCO[Si](OCC)(OCC)OCC,e28c092e922ac3a3,4
zopiclone,DTXSID4041155,43200-80-2,CN1CCN(C(=O)OC2c3nccnc3C(=O)N2c2ccc(Cl)cn2)CC1,b82d61a7dd59eb6f,4
"2,2-dichloro-n-[2-hydroxy-1-(hydroxymethyl)-2-[4-(methylsulfonyl)phenyl]ethyl]acetamide",DTXSID10860157,7780-07-6,CS(=O)(=O)c1ccc(C(O)C(CO)NC(=O)C(Cl)Cl)cc1,c70c85a43cff8b6c,12
3-methylindole,DTXSID8021775,83-34-1,Cc1c[nH]c2ccccc12,337fc46bab7ad105,1
tetramethylpyrazine,DTXSID6047070,1124-11-4,Cc1nc(C)c(C)nc1C,58e05817e2cfbda4,1
miconazole,DTXSID6023319,22916-47-8,Clc1ccc(COC(Cn2ccnc2)c2ccc(Cl)cc2Cl)c(Cl)c1,6e2fc25fa27ad939,4
2-aminobenzamide,DTXSID2021789,88-68-6,NC(=O)c1ccccc1N,038b51e5b2329f53,2
niacinamide,DTXSID2020929,98-92-0,NC(=O)c1cccnc1,85d4b42011069498,4
clotrimazole,DTXSID7029871,23593-75-1,Clc1ccccc1C(c1ccccc1)(c1ccccc1)n1ccnc1,65a67e21b21d5d85,12
3-nitroaniline,DTXSID6025725,99-09-2,Nc1cccc([N+](=O)[O-])c1,37f0df63198945ea,1
haloperidol,DTXSID4034150,52-86-8,O=C(CCCN1CCC(O)(c2ccc(Cl)cc2)CC1)c1ccc(F)cc1,6f65fddddd17d80d,8
flavanone,DTXSID9022318,487-26-3,O=C1CC(c2ccccc2)Oc2ccccc21,f7efca0df88263bd,4
picric acid,DTXSID4025909,88-89-1,O=[N+]([O-])c1cc([N+](=O)[O-])c(O)c([N+](=O)[O-])c1,2c8d457b7d3d2b4f,2
"1-chloro-2,4-dinitrobenzene",DTXSID6020278,97-00-7,O=[N+]([O-])c1ccc(Cl)c([N+](=O)[O-])c1,08152dfefb054e73,2
"2,4-dinitrophenol",DTXSID0020523,51-28-5,O=[N+]([O-])c1ccc(O)c([N+](=O)[O-])c1,264a15b6e14daec0,1
2-nitrodiphenylamine,DTXSID4025749,119-75-5,O=[N+]([O-])c1ccccc1Nc1ccccc1,98c70bae975aabb8,2
aripiprazole,DTXSID3046083,129722-12-9,O=C1CCc2ccc(OCCCCN3CCN(c4cccc(Cl)c4Cl)CC3)cc2N1,21527e9cc89dd34d,6
4-hydroxyazobenzene,DTXSID3022160,1689-82-3,Oc1ccc(N=Nc2ccccc2)cc1,32c379c5228d0ad0,6
quetiapine,DTXSID9023546,111974-69-7,OCCOCCN1CCN(C2=Nc3ccccc3Sc3ccccc32)CC1,f4311a683c12101a,2
,,,Oc1ccccc1C=NCCN=Cc1ccccc1O,e7d870248aa645e0,3
phenazine,DTXSID2059069,92-82-0,c1ccc2nc3ccccc3nc2c1,d3ee5533c7dfd1e0,1
"1,10-phenanthroline",DTXSID1025857,66-71-7,c1cnc2c(c1)ccc1cccnc12,dc6777ff9496c54b,1
"1,7-phenanthroline",DTXSID50870492,230-46-6,c1cnc2c(c1)ccc1ncccc12,1810714b21fe382d,1
"4,5-dihydro-2-mercaptoimidazole",DTXSID5020601,96-45-7,S=C1NCCN1,c796a04b91d317cb,1
benzylamine,DTXSID5021839,100-46-9,NCc1ccccc1,4fce8c8e87d618fd,3
2-benzylpiperidine,DTXSID40871372,32838-55-4,c1ccc(CC2CCCCN2)cc1,dcede82015ac51bb,5
4-amino-2-methylquinoline,DTXSID50216477,6628-04-2,Cc1cc(N)c2ccccc2n1,46731e075fff1996,1
dehydrothio-4-toluidine,DTXSID5024502,92-36-4,Cc1ccc2nc(-c3ccc(N)cc3)sc2c1,02c1c2a1ae9e367d,1
1-phenylimidazole,DTXSID10221885,7164-98-9,c1ccc(-n2ccnc2)cc1,f74150ba307d372d,1
sulfacetamide,DTXSID8026060,144-80-9,CC(=O)NS(=O)(=O)c1ccc(N)cc1,6530a683662d13f3,2
cysteamine,DTXSID3022875,60-23-1,NCCS,63dbe1c97d26fc42,4
l-taurine,DTXSID3021304,107-35-7,NCCS(=O)(=O)O,0cb2a76700118a4d,5
acetazolamide,DTXSID7022544,59-66-5,CC(=O)Nc1nnc(S(N)(=O)=O)s1,25a8ad7b5438bb07,2
4-aminobutanoic acid,DTXSID6035106,56-12-2,NCCCC(=O)O,f3fd055ea6888b06,16
aminolevulinic acid,DTXSID8048490,106-60-5,NCC(=O)CCC(=O)O,d12c17d581301c71,12
methazolamide,DTXSID1023281,554-57-4,CC(=O)N=c1sc(S(N)(=O)=O)nn1C,011765943e1cf8e9,7
benzimidazole,DTXSID8024573,51-17-2,c1ccc2[nH]cnc2c1,7edec1bdc885f5f6,1
aminocaproic acid,DTXSID0020070,60-32-2,NCCCCCC(=O)O,4d1b8aa99e9d9bc5,23
arecoline,DTXSID3022617,63-75-2,COC(=O)C1=CCCN(C)C1,6ec75f3438a10112,8
isoproterenol,DTXSID4023175,7683-59-2,CC(C)NCC(O)c1ccc(O)c(O)c1,1e58db1736aac768,6
phenanthridine,DTXSID3074288,229-87-8,c1ccc2c(c1)cnc1ccccc12,2e68485f94cd4cc6,1
2-phenylbenzimidazole,DTXSID5052460,716-79-0,c1ccc(-c2nc3ccccc3[nH]2)cc1,b7763f4f017081bc,1
nizatidine,DTXSID5023376,76963-41-2,CNC(=C[N+](=O)[O-])NCCSCc1csc(CN(C)C)n1,483eca6fb0d752e2,5
harmaline,DTXSID8041038,304-21-2,COc1ccc2c3c([nH]c2c1)C(C)=NCC3,5a320fa9f39ea3bd,4
cinnarizine,DTXSID3022821,298-57-7,C(=Cc1ccccc1)CN1CCN(C(c2ccccc2)c2ccccc2)CC1,106a4bc3af78aaa8,4
paclitaxel,DTXSID9023413,33069-62-4,CC(=O)O[C@H]1C(=O)[C@@]2(C)[C@H]([C@H](OC(=O)c3ccccc3)[C@]3(O)C[C@H](OC(=O)[C@H](O)[C@@H](NC(=O)c4ccccc4)c4ccccc4)C(C)=C1C3(C)C)[C@]1(OC(C)=O)CO[C@@H]1C[C@@H]2O,0761e4369ab888a9,3
rosuvastatin,DTXSID8048492,287714-41-4,CC(C)c1nc(N(C)S(C)(=O)=O)nc(-c2ccc(F)cc2)c1/C=C/[C@@H](O)C[C@@H](O)CC(=O)O,df20dd737aa3c5f5,3
,,,CC(OC1OCCN(Cc2n[nH]c(=O)[nH]2)C1c1ccc(F)cc1)c1cc(C(F)(F)F)cc(C(F)(F)F)c1,522d2ef767a55e91,9
,,,CC1=C(CC(=O)O)c2cc(F)ccc2C1=Cc1ccc(S(C)=O)cc1,c0d01374906055c9,17
,,,CCCCc1nc(Cl)c(CO)n1Cc1ccc(-c2ccccc2-c2nn[nH]n2)cc1,158ab4a6c9af14e8,12
ethylparaben,DTXSID9022528,120-47-8,CCOC(=O)c1ccc(O)cc1,0c9c74a57a93e130,6
nitrendipine,DTXSID0023373,39562-70-4,CCOC(=O)C1=C(C)NC(C)=C(C(=O)OC)C1c1cccc([N+](=O)[O-])c1,1a1ef7b1c96d8259,11
methylparaben,DTXSID4022529,99-76-3,COC(=O)c1ccc(O)cc1,372291c92e6f8599,2
(2e)-3-(4-hydroxy-3-methoxyphenyl)-2-propenoic acid,DTXSID70892035,537-98-4,COc1cc(/C=C/C(=O)O)ccc1O,36f5753c8a78278d,3
ferulic acid,DTXSID5040673,1135-24-6,COc1cc(C=CC(=O)O)ccc1O,b0f44051b390b1d5,4
tangeretin,DTXSID30197417,481-53-8,COc1ccc(-c2cc(=O)c3c(OC)c(OC)c(OC)c(OC)c3o2)cc1,9be1d062e0e578f4,18
,,,COc1ccc2nc(S(=O)Cc3ncc(C)c(OC)c3C)[nH]c2c1,abb0db7cb7b68056,9
nimesulide,DTXSID3037250,51803-78-2,CS(=O)(=O)Nc1ccc([N+](=O)[O-])cc1Oc1ccccc1,0397e5af5e5b05ad,9
4-aminopyridine,DTXSID0023870,504-24-5,Nc1ccncc1,887e8dfa0cd5e954,1
(e)-chalcone,DTXSID20873536,614-47-1,O=C(/C=C/c1ccccc1)c1ccccc1,727f6dadfa1f8ff4,4
trans-caffeic acid,DTXSID901316055,501-16-6,O=C(O)/C=C/c1ccc(O)c(O)c1,6bc93e2cba68493f,8
benzoic acid,DTXSID6020143,65-85-0,O=C(O)c1ccccc1,14b1659b67961720,1
uracil,DTXSID4021424,66-22-8,O=c1cc[nH]c(=O)[nH]1,9bf20afae904b938,1
umbelliferone,DTXSID5052626,93-35-6,O=c1ccc2ccc(O)cc2o1,d30b01740dd39399,2
flavone,DTXSID2022048,525-82-6,O=c1cc(-c2ccccc2)oc2ccccc12,589a7724f684c149,2
coumarin,DTXSID7020348,91-64-5,O=c1ccc2ccccc2o1,d1dfdff621508ade,1
quercetin,DTXSID4021218,117-39-5,O=c1c(O)c(-c2ccc(O)c(O)c2)oc2cc(O)cc(O)c12,7ce8166b97b78ac2,8
pyridine,DTXSID9021924,110-86-1,c1ccncc1,5a6227f02839f844,1
3-pyridinamine,DTXSID9047461,462-08-8,Nc1cccnc1,848ae6e8175e1710,1
4-methylpyridine,DTXSID4021892,108-89-4,Cc1ccncc1,c6e8d6fa2962e4bb,1
1-benzylimidazole,DTXSID60195183,4238-71-5,c1ccc(Cn2ccnc2)cc1,668d5db664bd9105,2
"pyridine, 4-(phenylmethyl)-",DTXSID5062188,2116-65-6,c1ccc(Cc2ccncc2)cc1,8399dd0976d3154e,2
4-ethylpyridine,DTXSID60873555,536-75-4,CCc1ccncc1,580d6ded81f05ea0,1
propofol,DTXSID6023523,2078-54-8,CC(C)c1cccc(C(C)C)c1O,b4ea3998301821b1,5
4-phenylpyridine,DTXSID5022140,939-23-1,c1ccc(-c2ccncc2)cc1,810fcb449dd4790a,2
3-phenylpyridine,DTXSID0061404,1008-88-4,c1ccc(-c2cccnc2)cc1,da2a0f764836c89e,2
chalcone,DTXSID8022531,94-41-7,O=C(C=Cc1ccccc1)c1ccccc1,066d415675e5833d,6
2-(methylamino)-1-phenyl-1-propanol,DTXSID70858959,53214-57-6,CNC(C)C(O)c1ccccc1,98049133db5a317c,9
amphetamine,DTXSID4022600,300-62-9,CC(N)Cc1ccccc1,5611835368d14109,12
sulfadiazine,DTXSID7044130,68-35-9,Nc1ccc(S(=O)(=O)Nc2ncccn2)cc1,ae155811933d4884,2
indomethacin,DTXSID9020740,53-86-1,COc1ccc2c(c1)c(CC(=O)O)c(C)n2C(=O)c1ccc(Cl)cc1,e9f9a018dbafe610,13
4-pyridinol,DTXSID2052310,626-64-2,Oc1ccncc1,d0db6f893af8cc85,1
isonicotinic acid,DTXSID8020757,55-22-1,O=C(O)c1ccncc1,0baca74fad2f4c86,1
dopamine,DTXSID6022420,51-61-6,NCCc1ccc(O)c(O)c1,9efa661a91ea31ec,11
carbendazim,DTXSID4024729,10605-21-7,COC(=O)Nc1nc2ccccc2[nH]1,a1d644b4c3b90d35,1
emetine,DTXSID5022980,483-18-1,CC[C@H]1CN2CCc3cc(OC)c(OC)cc3[C@@H]2C[C@@H]1C[C@H]1NCCc2cc(OC)c(OC)cc21,06fef3c2b311c299,3
etoposide,DTXSID5023035,33419-42-0,COc1cc([C@@H]2c3cc4c(cc3[C@@H](O[C@@H]3O[C@@H]5CO[C@@H](C)O[C@H]5[C@H](O)[C@H]3O)[C@H]3COC(=O)[C@H]23)OCO4)cc(OC)c1O,9d31573ce777b45a,5
teniposide,DTXSID8023638,29767-20-2,COc1cc([C@@H]2c3cc4c(cc3[C@@H](O[C@@H]3O[C@@H]5CO[C@@H](c6cccs6)O[C@H]5[C@H](O)[C@H]3O)[C@H]3COC(=O)[C@H]23)OCO4)cc(OC)c1O,9b704d74679aae87,8
lidocaine,DTXSID1045166,137-58-6,CCN(CC)CC(=O)Nc1c(C)cccc1C,79012357b58cc86a,14
sulfanilamide,DTXSID4023622,63-74-1,Nc1ccc(S(N)(=O)=O)cc1,9ab0fe7c1c4c33e7,1
"5,5-diphenylhydantoin",DTXSID8020541,57-41-0,O=C1NC(=O)C(c2ccccc2)(c2ccccc2)N1,1d42f2bfd6cf8fb4,2
nitrofurantoin,DTXSID7020972,67-20-9,O=C1CN(N=Cc2ccc([N+](=O)[O-])o2)C(=O)N1,fd42381edb51c9e9,4
atenolol,DTXSID2022628,29122-68-7,CC(C)NCC(O)COc1ccc(CC(N)=O)cc1,c68932d1346eaf70,16
palbociclib,DTXSID40972590,571190-30-2,CC(=O)c1c(C)c2cnc(Nc3ccc(N4CCNCC4)cn3)nc2n(C2CCCC2)c1=O,10f3bc6e051fd9ee,13
cyproheptadine,DTXSID8022872,129-03-3,CN1CCC(=C2c3ccccc3C=Cc3ccccc32)CC1,6fe9118ec6166701,3
nabumetone,DTXSID4045472,42924-53-8,COc1ccc2cc(CCC(C)=O)ccc2c1,edfd6ca70d9b4a34,15
carvedilol,DTXSID8022747,72956-09-3,COc1ccccc1OCCNCC(O)COc1cccc2[nH]c3ccccc3c12,5d1d89b1e20deb25,3
sulfamerazine,DTXSID0023612,127-79-7,Cc1ccnc(NS(=O)(=O)c2ccc(N)cc2)n1,72128ffda7f2a162,4
"4,4'-(1h-1,2,4-triazol-1-ylmethylene)dibenzonitrile",DTXSID4023202,112809-51-5,N#Cc1ccc(C(c2ccc(C#N)cc2)n2cncn2)cc1,6a60d7903a0430f8,4
salicylamide,DTXSID3021726,65-45-2,NC(=O)c1ccccc1O,d109ae3dedb3c333,2
oxcarbazepine,DTXSID0045703,28721-07-5,NC(=O)N1c2ccccc2CC(=O)c2ccccc21,f1867f35b017ad79,4
l-tryptophan,DTXSID5021419,73-22-3,N[C@@H](Cc1c[nH]c2ccccc12)C(=O)O,02e02e902373bd9f,11
sulfathiazole,DTXSID8026068,72-14-0,Nc1ccc(S(=O)(=O)Nc2nccs2)cc1,aa168c18214a4011,6
sitagliptin,DTXSID70197572,486460-32-6,N[C@@H](CC(=O)N1CCn2c(nnc2C(F)(F)F)C1)Cc1cc(F)c(F)cc1F,f01d843dd2b73c51,9
chloramphenicol,DTXSID7020265,56-75-7,O=C(N[C@H](CO)[C@H](O)c1ccc([N+](=O)[O-])cc1)C(Cl)Cl,6d1239b4b4b36cb4,2
niflumic acid,DTXSID1023368,4394-00-7,O=C(O)c1cccnc1Nc1cccc(C(F)(F)F)c1,0e3a780116b55194,5
4-nitrophenol,DTXSID0021834,100-02-7,O=[N+]([O-])c1ccc(O)cc1,097e86f1647b189b,1
1-hydroxyxanthone,DTXSID30222157,719-41-5,O=c1c2ccccc2oc2cccc(O)c12,6e8705b3cd985a62,1
naphthalene,DTXSID8020913,91-20-3,c1ccc2ccccc2c1,8e6a76b878f52ea5,1
4-phenylpiperidine,DTXSID40227890,771-99-3,c1ccc(C2CCNCC2)cc1,57cee079562b488c,2
"3,3-dimethylindolin-2-one",DTXSID20310375,19155-24-9,CC1(C)C(=O)Nc2ccccc21,f9ea5b0d7756a45a,1
indazole,DTXSID4075374,271-44-3,c1ccc2[nH]ncc2c1,928780c4ee394244,1
3-methyl-1-phenyl-1h-pyrazol-5-amine,DTXSID6044517,1131-18-6,Cc1cc(N)n(-c2ccccc2)n1,9f2b71b1821207b6,2
n-acetyl-o-toluidine,DTXSID1024413,120-66-1,CC(=O)Nc1ccccc1C,8ac5140b80c90723,3
"acetamide, n-methyl-n-phenyl-",DTXSID8060373,579-10-2,CC(=O)N(C)c1ccccc1,3f412f594fb636e1,4
2-phenylquinoline,DTXSID30210115,612-96-4,c1ccc(-c2ccc3ccccc3n2)cc1,ef53244d71b6220b,2
quinazoline,DTXSID7075214,253-82-7,c1ccc2ncncc2c1,157312fe2558f5ba,1
4-methylcatechol,DTXSID5020861,452-86-8,Cc1ccc(O)c(O)c1,a7b3e8dd02aced24,1
isoquinoline,DTXSID2047644,119-65-3,c1ccc2cnccc2c1,a084878a53f6ef1b,1
2-nitrobenzenamine,DTXSID1025726,88-74-4,Nc1ccccc1[N+](=O)[O-],d953ad56edf104c6,1
2(1h)-quinolinone,DTXSID1058769,59-31-4,O=c1ccc2ccccc2[nH]1,9e7bf532469f922a,1
4-hydroxyquinoline,DTXSID50209980,611-36-9,Oc1ccnc2ccccc12,25233f8105db58a6,2
2-quinolinamine,DTXSID2060381,580-22-3,Nc1ccc2ccccc2n1,4be4a26643577a8d,1
tolazamide,DTXSID3021358,1156-19-0,Cc1ccc(S(=O)(=O)NC(=O)NN2CCCCCC2)cc1,7a8fb3fbcec3e7a7,3
gatifloxacin,DTXSID5045704,112811-59-3,COc1c(N2CCNC(C)C2)c(F)cc2c(=O)c(C(=O)O)cn(C3CC3)c12,d93399fefd76c018,5
methocarbamol,DTXSID6023286,532-03-6,COc1ccccc1OCC(O)COC(N)=O,a63f0536dad0ac63,6
isoniazid,DTXSID8020755,54-85-3,NNC(=O)c1ccncc1,59fe3864574b9ee8,2
6-(trifluoromethoxy)-2-benzothiazolamine,DTXSID3045192,1744-22-5,Nc1nc2ccc(OC(F)(F)F)cc2s1,e821267d6022dc7c,2
quinoline,DTXSID1021798,91-22-5,c1ccc2ncccc2c1,1f1c3f4f78ae6dc6,1
[5-ethenyl-1-azabicyclo[2.2.2]octan-2-yl](6-methoxyquinolin-4-yl)methanol,DTXSID40903283,936694-43-8,C=CC1CN2CCC1CC2C(O)c1ccnc2ccc(OC)cc12,8dd2dd81d4e80f85,7
warfarin,DTXSID5023742,81-81-2,CC(=O)CC(c1ccccc1)c1c(O)c2ccccc2oc1=O,e8e98f44c24c35ee,5
ketoprofen,DTXSID6020771,22071-15-4,CC(C(=O)O)c1cccc(C(=O)c2ccccc2)c1,b28a3c08f1aa671b,15
ofloxacin,DTXSID3041085,82419-36-1,CC1COc2c(N3CCN(C)CC3)c(F)cc3c(=O)c(C(=O)O)cn1c23,ee28c2f4622bbe11,5
norfloxacin,DTXSID7037680,70458-96-7,CCn1cc(C(=O)O)c(=O)c2cc(F)c(N3CCNCC3)cc21,ada9014c17d63e31,5
4-dimethylaminoantipyrine,DTXSID7020504,58-15-1,Cc1c(N(C)C)c(=O)n(-c2ccccc2)n1C,ad9d4eee26ef5496,4
(+/-)-verapamil,DTXSID9041152,52-53-9,COc1ccc(CCN(C)CCCC(C#N)(c2ccc(OC)c(OC)c2)C(C)C)cc1OC,86f816dc467d4c8a,7
caffeine,DTXSID0020232,58-08-2,Cn1c(=O)c2c(ncn2C)n(C)c1=O,b55adc0f1c7f07e7,1
lamotrigine,DTXSID2023195,84057-84-1,Nc1nnc(-c2cccc(Cl)c2Cl)c(N)n1,2d71d1df148b588b,2
diflunisal,DTXSID5022932,22494-42-4,O=C(O)c1cc(-c2ccc(F)cc2F)ccc1O,bd48fca18cb2e1ae,4
salicylic acid,DTXSID7026368,69-72-7,O=C(O)c1ccccc1O,8d139426bf2180fa,1
ciprofloxacin,DTXSID8022824,85721-33-1,O=C(O)c1cn(C2CC2)c2cc(N3CCNCC3)c(F)cc2c1=O,2dd5e79069ee92ee,6
chrysin,DTXSID1022396,480-40-0,O=c1cc(-c2ccccc2)oc2cc(O)cc(O)c12,8763eacdc343a781,4
1-naphthol,DTXSID6021793,90-15-3,Oc1cccc2ccccc12,4146e1cc689c3315,2
dl-nicotine,DTXSID3048154,22083-74-5,CN1CCCC1c1cccnc1,8fd1cebab70a99ce,6
colchicine,DTXSID5024845,64-86-8,COc1cc2c(c(OC)c1OC)-c1ccc(OC)c(=O)cc1[C@@H](NC(C)=O)CC2,c7d33dfa36b1c6cb,9
pindolol,DTXSID8023476,13523-86-9,CC(C)NCC(O)COc1cccc2[nH]ccc12,be5b89a4c0ec4100,13
phenazone,DTXSID6021117,60-80-0,Cc1cc(=O)n(-c2ccccc2)n1C,f914e44559c216d2,2
phenobarbital,DTXSID5021122,50-06-6,CCC1(c2ccccc2)C(=O)NC(=O)NC1=O,0342ff0dbcfdd704,3
n-acetylaminobenzene,DTXSID2022543,103-84-4,CC(=O)Nc1ccccc1,ce7633958403db41,1
bisacodyl,DTXSID1022681,603-50-9,CC(=O)Oc1ccc(C(c2ccc(OC(C)=O)cc2)c2ccccn2)cc1,a18a432b2d5d4baf,11
enrofloxacin,DTXSID1045619,93106-60-6,CCN1CCN(c2cc3c(cc2F)c(=O)c(C(=O)O)cn3C2CC2)CC1,9ca68aebef695115,4
atropine,DTXSID4020113,51-55-8,CN1[C@@H]2CC[C@H]1C[C@@H](OC(=O)C(CO)c1ccccc1)C2,6dc8379934412892,5
theophylline,DTXSID5021336,58-55-9,Cn1c(=O)c2[nH]cnc2n(C)c1=O,f8d8afa9b43f20df,1
benzamide,DTXSID0021709,55-21-0,NC(=O)c1ccccc1,1f6c03dbadba2e95,2
p-aminosalicylic acid,DTXSID2022591,65-49-6,Nc1ccc(C(=O)O)c(O)c1,601dc7be2f822ad0,1
4-aminobenzoic acid,DTXSID6024466,150-13-0,Nc1ccc(C(=O)O)cc1,769b6ea3ea3f6402,1
"benzoic acid, 3-amino-",DTXSID3059183,99-05-8,Nc1cccc(C(=O)O)c1,b36528e763684905,2
nicotinic acid,DTXSID1020932,59-67-6,O=C(O)c1cccnc1,d5a715173096ca35,2
xanthone,DTXSID6021795,90-47-1,O=c1c2ccccc2oc2ccccc12,98b41371a9e689a5,1
9h-xanthene,DTXSID1059070,92-83-1,c1ccc2c(c1)Cc1ccccc1O2,59f7c83f11c58b7d,1
phenothiazine,DTXSID5021126,92-84-2,c1ccc2c(c1)Nc1ccccc1S2,143bca39533583a4,1
succinanil,DTXSID60232108,83-25-0,O=C1CCC(=O)N1c1ccccc1,7dd6cd1595546a75,2
carbaryl,DTXSID9020247,63-25-2,CNC(=O)Oc1cccc2ccccc12,10f4c460a3d17c77,2
cytosine,DTXSID4044456,71-30-7,Nc1ccnc(=O)[nH]1,83b5643f0d275d28,1
histamine,DTXSID4023125,51-45-6,NCCc1cnc[nH]1,2b177350f7ad76f4,8
picolinic acid,DTXSID7031903,98-98-6,O=C(O)c1ccccn1,7fbaa31453eb0254,2
phenyl biguanide,DTXSID90144508,102-02-3,N=C(N)NC(=N)Nc1ccccc1,1d713d3449184a32,8
hydroflumethiazide,DTXSID3023132,135-09-1,NS(=O)(=O)c1cc2c(cc1C(F)(F)F)NCNS2(=O)=O,e1e89f61c4960678,8
norepinephrine,DTXSID5023378,51-41-2,NC[C@H](O)c1ccc(O)c(O)c1,4201246142fafad5,10
indole-3-acetic acid,DTXSID5020738,87-51-4,O=C(O)Cc1c[nH]c2ccccc12,0efa85da46e3abbc,4
apomorphine,DTXSID8022614,58-00-4,CN1CCc2cccc3c2[C@H]1Cc1ccc(O)c(O)c1-3,2bf3eaf2459fd9b6,5
protriptyline,DTXSID0023535,438-60-8,CNCCCC1c2ccccc2C=Cc2ccccc21,5b9f0aff7dc3cefb,15
droperidol,DTXSID6022973,548-73-2,O=C(CCCN1CC=C(n2c(=O)[nH]c3ccccc32)CC1)c1ccc(F)cc1,248c289bb4736ec1,5
propranolol,DTXSID6023525,525-66-6,CC(C)NCC(O)COc1cccc2ccccc12,8e625015307f9c4a,18
piroxicam,DTXSID5021170,36322-90-4,CN1C(C(=O)Nc2ccccn2)=C(O)c2ccccc2S1(=O)=O,915b6a7f47e0dd20,1
"2,2-dichloro-n-[2-hydroxy-1-(hydroxymethyl)-2-(4-nitrophenyl)ethyl]acetamide",DTXSID70859002,579-51-1,O=C(NC(CO)C(O)c1ccc([N+](=O)[O-])cc1)C(Cl)Cl,d6dce33571ee449b,11
serotonin,DTXSID8075330,50-67-9,NCCc1c[nH]c2ccc(O)cc12,18546d9712f6430a,14
nadolol,DTXSID3023342,42200-33-9,CC(C)(C)NCC(O)COc1cccc2c1CC(O)C(O)C2,5566668b086fdd2d,10
amitriptyline,DTXSID7022594,50-48-6,CN(C)CCC=C1c2ccccc2CCc2ccccc21,b822046eb719ccad,10
ipriflavone,DTXSID5040679,35212-22-7,CC(C)Oc1ccc2c(=O)c(-c3ccccc3)coc2c1,1db7c9546651d0b7,6
"4-butyl-1,2-diphenyl-3,5-pyrazolidinedione",DTXSID9021136,50-33-9,CCCCC1C(=O)N(c2ccccc2)N(c2ccccc2)C1=O,7dd1ea114f2ed6bb,21
,,,CCN(CC)CCNC(=O)c1c(C)[nH]c(/C=C2\C(=O)Nc3ccc(F)cc32)c1C,24a119682825a442,11
benzocaine,DTXSID8021804,94-09-7,CCOC(=O)c1ccc(N)cc1,e93d2f298e800841,3
repaglinide,DTXSID3023552,135062-02-1,CCOc1cc(CC(=O)N[C@@H](CC(C)C)c2ccccc2N2CCCCC2)ccc1C(=O)O,8581d940de137a28,4
nimodipine,DTXSID5023370,66085-59-4,COCCOC(=O)C1=C(C)NC(C)=C(C(=O)OC(C)C)C1c1cccc([N+](=O)[O-])c1,3f70528a51ed5a11,5
sulfadimethoxine,DTXSID1023607,122-11-2,COc1cc(NS(=O)(=O)c2ccc(N)cc2)nc(OC)n1,5e690a454ece0885,10
levofloxacin,DTXSID0041060,100986-85-4,C[C@H]1COc2c(N3CCN(C)CC3)c(F)cc3c(=O)c(C(=O)O)cn1c23,db0e3f52b09e368b,4
azathioprine,DTXSID4020119,446-86-6,Cn1cnc([N+](=O)[O-])c1Sc1ncnc2nc[nH]c12,fe623984451e3b5d,2
minoxidil,DTXSID9040685,38304-91-5,Nc1cc(N2CCCCC2)nc(N)[n+]1[O-],db255da855fa40ce,2
triamterene,DTXSID6021373,396-01-0,Nc1nc(N)c2nc(-c3ccccc3)c(N)nc2n1,e3dd25149c43d9e0,2
flufenamic acid,DTXSID7023063,530-78-9,O=C(O)c1ccccc1Nc1cccc(C(F)(F)F)c1,720dfc51a6cd0a6e,4
benzoin,DTXSID1020144,119-53-9,O=C(c1ccccc1)C(O)c1ccccc1,ff259c129d85c7c0,2
clonazepam,DTXSID1022845,1622-61-3,O=C1CN=C(c2ccccc2Cl)c2cc([N+](=O)[O-])ccc2N1,5df10c6297010cbe,4
diphenylamine,DTXSID4021975,122-39-4,c1ccc(Nc2ccccc2)cc1,aeab38c126beb8d2,2
n-phenylbenzamide,DTXSID9059096,93-98-1,O=C(Nc1ccccc1)c1ccccc1,d552e01847375fab,2
harmine,DTXSID30196066,442-51-3,COc1ccc2c(c1)[nH]c1c(C)nccc12,90b265326da7db1c,2
nifedipine,DTXSID2025715,21829-25-4,COC(=O)C1=C(C)NC(C)=C(C(=O)OC)C1c1ccccc1[N+](=O)[O-],1445c9055d2f3eec,3
celecoxib,DTXSID0022777,169590-42-5,Cc1ccc(-c2cc(C(F)(F)F)nn2-c2ccc(S(N)(=O)=O)cc2)cc1,35f954845436902f,5
lansoprazole,DTXSID4023200,103577-45-3,Cc1c(OCC(F)(F)F)ccnc1CS(=O)c1nc2ccccc2[nH]1,8492e78572e2b130,12
papaverine,DTXSID4023418,58-74-2,COc1ccc(Cc2nccc3cc(OC)c(OC)cc23)cc1OC,1a60bbbb9c1c6786,13
etravirine,DTXSID30181412,269055-15-4,Cc1cc(C#N)cc(C)c1Oc1nc(Nc2ccc(C#N)cc2)nc(N)c1Br,82e630393f2864df,2
ibrutinib,DTXSID60893450,936563-96-1,C=CC(=O)N1CCC[C@@H](n2nc(-c3ccc(Oc4ccccc4)cc3)c3c(N)ncnc32)C1,d5b52046d17b1a74,2
"(3r,5s)-fluvastatin",DTXSID201020962,155229-75-7,CC(C)n1c(/C=C/[C@@H](O)C[C@@H](O)CC(=O)O)c(-c2ccc(F)cc2)c2ccccc21,5a372b1d22147479,1
amiodarone,DTXSID7022592,1951-25-3,CCCCc1oc2ccccc2c1C(=O)c1cc(I)c(OCCN(CC)CC)c(I)c1,8b4167efd59d2de0,7
reserpine,DTXSID7021237,50-55-5,COC(=O)[C@H]1[C@H]2C[C@@H]3c4[nH]c5cc(OC)ccc5c4CCN3C[C@H]2C[C@@H](OC(=O)c2cc(OC)c(OC)c(OC)c2)[C@@H]1OC,6fc48f9722bf1037,5
methylphenidate,DTXSID5023299,113-45-1,COC(=O)C(c1ccccc1)C1CCCCN1,39029e4d8974a6bf,6
ziprasidone,DTXSID4023753,146939-27-7,O=C1Cc2cc(CCN3CCN(c4nsc5ccccc45)CC3)c(Cl)cc2N1,f3a6994949e17c1d,3
(+)-(s)-naproxen,DTXSID4040686,22204-53-1,COc1ccc2cc([C@H](C)C(=O)O)ccc2c1,e89d7f4e9a2b0abb,8
florfenicol,DTXSID9045500,73231-34-2,CS(=O)(=O)c1ccc([C@@H](O)[C@@H](CF)NC(=O)C(Cl)Cl)cc1,79af5b2af76677b5,3
gemfibrozil,DTXSID0020652,25812-30-0,Cc1ccc(C)c(OCCCC(C)(C)C(=O)O)c1,e170e5a7b29cdf03,16
febuxostat,DTXSID8048650,144060-53-7,Cc1nc(-c2ccc(OCC(C)C)c(C#N)c2)sc1C(=O)O,6fee156505caee9e,12
phenacetin,DTXSID1021116,62-44-2,CCOc1ccc(NC(C)=O)cc1,4c7ed3fecd9e75a7,6
flurbiprofen,DTXSID0037231,5104-49-4,CC(C(=O)O)c1ccc(-c2ccccc2)c(F)c1,d47634796ffbdc17,14
fenoprofen,DTXSID9023045,29679-58-1,CC(C(=O)O)c1cccc(Oc2ccccc2)c1,86548b24f0ac3541,14
flutamide,DTXSID7032004,13311-84-7,CC(C)C(=O)Nc1ccc([N+](=O)[O-])c(C(F)(F)F)c1,9ec2955beffe9aa4,10
carbamazepine,DTXSID4022731,298-46-4,NC(=O)N1c2ccccc2C=Cc2ccccc21,7065dfc9f3adb9b9,2
sulfapyridine,DTXSID3026067,144-83-2,Nc1ccc(S(=O)(=O)Nc2ccccn2)cc1,8f6de7938df865ef,4
sulfisoxazole,DTXSID6021292,127-69-5,Cc1noc(NS(=O)(=O)c2ccc(N)cc2)c1C,ed90dff07aab0f4d,6
tolbutamide,DTXSID8021359,64-77-7,CCCCNC(=O)NS(=O)(=O)c1ccc(C)cc1,07d4f412e9b6833a,16
glybenclamide,DTXSID0037237,10238-21-8,COc1ccc(Cl)cc1C(=O)NCCc1ccc(S(=O)(=O)NC(=O)NC2CCCCC2)cc1,ecbf36aa8ca9aad4,3
acetaminophen,DTXSID2020006,103-90-2,CC(=O)Nc1ccc(O)cc1,21a422d2e73cf006,2
mefenamic acid,DTXSID5023243,61-68-7,Cc1cccc(Nc2ccccc2C(=O)O)c1C,0cbde54579b155e8,4
imatinib,DTXSID3037125,152459-95-5,Cc1ccc(NC(=O)c2ccc(CN3CCN(C)CC3)cc2)cc1Nc1nccc(-c2cccnc2)n1,0484ccec1e8e552c,5
raloxifene,DTXSID3023550,84449-90-1,O=C(c1ccc(OCCN2CCCCC2)cc1)c1c(-c2ccc(O)cc2)sc2cc(O)ccc12,cd1305e14523dd5d,2
sulfamethoxazole,DTXSID8026064,723-46-6,Cc1cc(NS(=O)(=O)c2ccc(N)cc2)no1,72eaec9ef571d24c,4
trimethoprim,DTXSID3023712,738-70-5,COc1cc(Cc2cnc(N)nc2N)cc(OC)c1OC,9dc2e397f63f71e4,5
4-tert-butylthiazole,DTXSID90342365,6081-24-9,CC(C)(C)c1cscn1,de6ce1b498a6f707,2
glycyl-l-leucine,DTXSID601017040,869-19-2,CC(C)C[C@H](NC(=O)CN)C(=O)O,c3cec37f63693a9c,7
2-isobutylthiazole,DTXSID5025653,18640-74-9,CC(C)Cc1nccs1,73ea73ca6261c2d2,6
2-isopropylthiazole,DTXSID90166129,15679-10-4,CC(C)c1nccs1,f85c747d5e812301,2
"1,3-propanediol, 2-amino-2-methyl-",DTXSID7059430,115-69-5,CC(N)(CO)CO,fb4fcb262163610f,1
"1,2-diaminopropane",DTXSID4021761,78-90-0,CC(N)CN,8c8473a3419aa82c,4
triisopropanolamine,DTXSID5021415,122-20-3,CC(O)CN(CC(C)O)CC(C)O,cb229331f5812ff2,9
,,,CC(O)CNCCO,6daa2547a7152e74,7
,,,CC1=NCC(C)S1,24e3fac7e124bb22,2
alpha-aminobutyric acid,DTXSID90862679,2835-81-6,CCC(N)C(=O)O,64d120671da32710,11
,,,CCC(N)CCCCCCCCC(=O)O,1c99f3b4b4187b1b,5
"butane-1,2-diamine",DTXSID10963197,4426-48-6,CCC(N)CN,fcff65ef80bb14da,11
,,,CCC1=NC(CC)CS1,1ed3c6ebc1bb891f,11
"2-ethyl-5-methyl-4,5-dihydro-1,3-thiazole",DTXSID00940078,18640-75-0,CCC1=NCC(C)S1,2b287c7a79df9f14,4
,,,CCC1CSC(C(C)C)=N1,70d94afb95814ad8,14
"thiazole, 4-ethyl-4,5-dihydro-2-methyl-",DTXSID10884055,4293-61-2,CCC1CSC(C)=N1,472501b4fabbc2a1,6
"thiazole, 2-propyl-",DTXSID7066229,17626-75-4,CCCc1nccs1,a64cc8a416d967f9,6
2-(ethylamino)ethanol,DTXSID9021922,110-73-6,CCNCCO,4514b782573c0d35,8
4-ethylthiazole,DTXSID80276847,17626-72-1,CCc1cscn1,740af8e0ccb8e12b,2
"n,n-dimethyl-4-nitrosoaniline",DTXSID7025138,138-89-6,CN(C)c1ccc(N=O)cc1,20b43fadd7cd0266,1
"n,n-dimethyl-4-nitroaniline",DTXSID4059209,100-23-2,CN(C)c1ccc([N+](=O)[O-])cc1,01738f98e8351e39,1
,,,CN(C)c1ccc([N+](C)(C)C)cc1,b9fda3ddc6f84ae3,1
3-(dimethylamino)benzonitrile,DTXSID90392623,38803-30-4,CN(C)c1cccc(C#N)c1,f859895e0f94240d,1
,,,CN(C)c1cccc([N+](C)(C)C)c1,ab2c09cf91085909,2
methyl quinoline-2-carboxylate,DTXSID20329609,19575-07-6,COC(=O)c1ccc2ccccc2n1,12d0a0d063345d8f,2
"3,5-dimethoxyaniline",DTXSID0065018,10272-07-8,COc1cc(N)cc(OC)c1,5f5021fed512c190,3
"n,n-dimethyl-4-anisidine",DTXSID50220377,701-56-4,COc1ccc(N(C)C)cc1,45954e8fd440799d,1
glycyl-l-alanine,DTXSID501316691,3695-73-6,C[C@H](NC(=O)CN)C(=O)O,9e63e75ed462277d,8
,,,C[C@H](O)[C@H](N)C(=O)O,f7332517445871dc,5
4-(trimethylazaniumyl)benzoate,DTXSID20343582,33046-28-5,C[N+](C)(C)c1ccc(C(=O)[O-])cc1,46da8cea93b3c64a,1
,,,C[N+](C)(C)c1ccc(N)cc1,b951274de21ae98a,1
,,,C[N+](C)(C)c1cccc(C(=O)O)c1,8be29254f5c59d48,4
,,,C[N+](C)(C)c1cccc(N)c1,08f1481097e01163,2
4-methyl-2-nitroaniline,DTXSID2025632,89-62-3,Cc1ccc(N)c([N+](=O)[O-])c1,8b1b5623a4556bd7,1
4-methyl-3-nitroaniline,DTXSID7025633,119-32-4,Cc1ccc(N)cc1[N+](=O)[O-],b6f9a7217dc80620,2
c.i. azoic diazo component 12,DTXSID4020959,99-55-8,Cc1ccc([N+](=O)[O-])cc1N,0aca9a56871a7ae2,1
"2,4-dimethyl-1h-imidazole",DTXSID40239236,930-62-1,Cc1cnc(C)[nH]1,68ca74b71e644abe,1
2-methylimidazole,DTXSID4022107,693-98-1,Cc1ncc[nH]1,2dbfff7c689fd994,1
tromethamine,DTXSID2023723,77-86-1,NC(CO)(CO)CO,4dbf7be7517ee620,10
,,,NC(N)=NCCC[C@H](N)C(=O)O,f3152ee43eaa6258,2
"glycine, glycyl-",DTXSID90862194,556-50-3,NCC(=O)NCC(=O)O,cd89f4e98e49677a,10
glycyl-l-asparagine,DTXSID801315509,1999-33-3,NCC(=O)N[C@@H](CC(N)=O)C(=O)O,b2d43ef85ac62bd6,13
"l-serine, n-glycyl-",DTXSID501315712,7361-43-5,NCC(=O)N[C@@H](CO)C(=O)O,999bdb8e44187a61,7
,,,NCCOS(=O)(=O)[O-],72f312c03c6c9976,3
,,,NCCc1c[nH]cn1,a79f1f5d0912ded0,7
"2,6-dichloroaniline",DTXSID5044449,608-31-1,Nc1c(Cl)cccc1Cl,f760cf3a9c0d99db,1
"2,5-dichloroaniline",DTXSID6024967,95-82-9,Nc1cc(Cl)ccc1Cl,06cdb13cd3f209dc,1
"3,5-diiodoaniline",DTXSID50478250,35122-96-4,Nc1cc(I)cc(I)c1,5a47bcf431a01fc2,1
"2,4-dibromoaniline",DTXSID4060654,615-57-6,Nc1ccc(Br)cc1Br,bd752be44e9c8ccb,1
"4,4'-diaminobenzophenone",DTXSID20209997,611-98-3,Nc1ccc(C(=O)c2ccc(N)cc2)cc1,76b01786c96acbd8,2
"methanone, (4-aminophenyl)phenyl-",DTXSID8061557,1137-41-3,Nc1ccc(C(=O)c2ccccc2)cc1,a255ed55ee80af85,2
,,,OCC(CO)(CO)NCC(O)O,f173e4a601b5c9e6,12
,,,OCCNCC(O)O,0ab9c4bb7ef60af1,14
,,,OCc1c[nH]cn1,4695d1f2a4fd28bc,3
,,,c1ccc(-c2c[nH]cn2)cc1,164dac5e6182c889,1
